date,source,category_l1,category_l2,keyword,ratio,rescaled,batch_id,gender,age_group,cid,is_anchor
2023-01-01,naver_datalab_keyword,패션의류,,코트,11.01151,0.7688968367131759,kw_b01,,,50000000,False
2023-01-01,naver_datalab_keyword,패션의류,,패딩,10.59165,0.7395794201315813,kw_b01,,,50000000,False
2023-01-01,naver_datalab_keyword,패션의류,,패션_앵커,14.32118,1.0,kw_b01,,,50000000,True
2023-01-01,naver_datalab_keyword,패션의류,,히트텍,8.41563,0.5876352367612167,kw_b01,,,50000000,False
2023-01-01,naver_datalab_keyword,패션의류,,가디건,4.38306,0.30605438937294277,kw_b02,,,50000000,False
2023-01-01,naver_datalab_keyword,패션의류,,반팔,0.82513,0.057616062363576186,kw_b02,,,50000000,False
2023-01-01,naver_datalab_keyword,패션의류,,자켓,1.38009,0.09636705913898157,kw_b02,,,50000000,False
2023-01-01,naver_datalab_keyword,패션의류,,패션_앵커,14.32118,1.0,kw_b02,,,50000000,True
2023-01-02,naver_datalab_keyword,패션의류,,코트,10.05129,0.7464747519682495,kw_b01,,,50000000,False
2023-01-02,naver_datalab_keyword,패션의류,,패딩,9.09837,0.6757046597068995,kw_b01,,,50000000,False
2023-01-02,naver_datalab_keyword,패션의류,,패션_앵커,13.46501,1.0,kw_b01,,,50000000,True
2023-01-02,naver_datalab_keyword,패션의류,,히트텍,6.20858,0.4610898915039796,kw_b01,,,50000000,False
2023-01-02,naver_datalab_keyword,패션의류,,가디건,3.74413,0.27806366278227795,kw_b02,,,50000000,False
2023-01-02,naver_datalab_keyword,패션의류,,반팔,0.65718,0.04880649921537377,kw_b02,,,50000000,False
2023-01-02,naver_datalab_keyword,패션의류,,자켓,1.28698,0.09557957996317865,kw_b02,,,50000000,False
2023-01-02,naver_datalab_keyword,패션의류,,패션_앵커,13.46501,1.0,kw_b02,,,50000000,True
2023-01-03,naver_datalab_keyword,패션의류,,코트,10.65371,0.7664826310049009,kw_b01,,,50000000,False
2023-01-03,naver_datalab_keyword,패션의류,,패딩,9.55658,0.6875494622820422,kw_b01,,,50000000,False
2023-01-03,naver_datalab_keyword,패션의류,,패션_앵커,13.89948,1.0,kw_b01,,,50000000,True
2023-01-03,naver_datalab_keyword,패션의류,,히트텍,6.50614,0.46808513699793086,kw_b01,,,50000000,False
2023-01-03,naver_datalab_keyword,패션의류,,가디건,4.12384,0.2966902358937169,kw_b02,,,50000000,False
2023-01-03,naver_datalab_keyword,패션의류,,반팔,0.9949,0.07157821731460458,kw_b02,,,50000000,False
2023-01-03,naver_datalab_keyword,패션의류,,자켓,1.08983,0.07840796921899237,kw_b02,,,50000000,False
2023-01-03,naver_datalab_keyword,패션의류,,패션_앵커,13.89948,1.0,kw_b02,,,50000000,True
2023-01-04,naver_datalab_keyword,패션의류,,목도리,0.00182,0.00014091562638157319,kw_b01,,,50000000,False
2023-01-04,naver_datalab_keyword,패션의류,,코트,10.15717,0.7864307542934746,kw_b01,,,50000000,False
2023-01-04,naver_datalab_keyword,패션의류,,패딩,8.71136,0.6744872258436162,kw_b01,,,50000000,False
2023-01-04,naver_datalab_keyword,패션의류,,패션_앵커,12.91553,1.0,kw_b01,,,50000000,True
2023-01-04,naver_datalab_keyword,패션의류,,히트텍,6.59924,0.510953867166117,kw_b01,,,50000000,False
2023-01-04,naver_datalab_keyword,패션의류,,가디건,3.97415,0.3077032069144665,kw_b02,,,50000000,False
2023-01-04,naver_datalab_keyword,패션의류,,반팔,1.19753,0.0927201593740249,kw_b02,,,50000000,False
2023-01-04,naver_datalab_keyword,패션의류,,자켓,0.84338,0.06529968185587429,kw_b02,,,50000000,False
2023-01-04,naver_datalab_keyword,패션의류,,패션_앵커,12.91553,1.0,kw_b02,,,50000000,True
2023-01-05,naver_datalab_keyword,패션의류,,목도리,0.00365,0.0002606483789099042,kw_b01,,,50000000,False
2023-01-05,naver_datalab_keyword,패션의류,,코트,9.90343,0.7072090342870446,kw_b01,,,50000000,False
2023-01-05,naver_datalab_keyword,패션의류,,패딩,8.15093,0.5820621071529057,kw_b01,,,50000000,False
2023-01-05,naver_datalab_keyword,패션의류,,패션_앵커,14.00354,1.0,kw_b01,,,50000000,True
2023-01-05,naver_datalab_keyword,패션의류,,히트텍,5.91467,0.4223696293937105,kw_b01,,,50000000,False
2023-01-05,naver_datalab_keyword,패션의류,,가디건,3.75873,0.26841284418082856,kw_b02,,,50000000,False
2023-01-05,naver_datalab_keyword,패션의류,,반팔,1.09165,0.07795528844849231,kw_b02,,,50000000,False
2023-01-05,naver_datalab_keyword,패션의류,,자켓,1.10078,0.07860726644834093,kw_b02,,,50000000,False
2023-01-05,naver_datalab_keyword,패션의류,,패션_앵커,14.00354,1.0,kw_b02,,,50000000,True
2023-01-06,naver_datalab_keyword,패션의류,,코트,9.35212,0.6809782893625449,kw_b01,,,50000000,False
2023-01-06,naver_datalab_keyword,패션의류,,패딩,7.29294,0.5310382892460404,kw_b01,,,50000000,False
2023-01-06,naver_datalab_keyword,패션의류,,패션_앵커,13.73336,1.0,kw_b01,,,50000000,True
2023-01-06,naver_datalab_keyword,패션의류,,히트텍,2.8478,0.20736367502199024,kw_b01,,,50000000,False
2023-01-06,naver_datalab_keyword,패션의류,,가디건,3.55975,0.25920459377748784,kw_b02,,,50000000,False
2023-01-06,naver_datalab_keyword,패션의류,,반팔,0.89815,0.0653991448560294,kw_b02,,,50000000,False
2023-01-06,naver_datalab_keyword,패션의류,,자켓,1.19023,0.08666706472414616,kw_b02,,,50000000,False
2023-01-06,naver_datalab_keyword,패션의류,,패션_앵커,13.73336,1.0,kw_b02,,,50000000,True
2023-01-07,naver_datalab_keyword,패션의류,,코트,12.48288,0.7788156123990284,kw_b01,,,50000000,False
2023-01-07,naver_datalab_keyword,패션의류,,패딩,7.75479,0.48382677097559706,kw_b01,,,50000000,False
2023-01-07,naver_datalab_keyword,패션의류,,패션_앵커,16.02803,1.0,kw_b01,,,50000000,True
2023-01-07,naver_datalab_keyword,패션의류,,히트텍,2.88431,0.17995411787973942,kw_b01,,,50000000,False
2023-01-07,naver_datalab_keyword,패션의류,,가디건,4.71531,0.29419148828645814,kw_b02,,,50000000,False
2023-01-07,naver_datalab_keyword,패션의류,,반팔,0.76854,0.0479497480351609,kw_b02,,,50000000,False
2023-01-07,naver_datalab_keyword,패션의류,,자켓,1.33445,0.08325726867244446,kw_b02,,,50000000,False
2023-01-07,naver_datalab_keyword,패션의류,,패션_앵커,16.02803,1.0,kw_b02,,,50000000,True
2023-01-08,naver_datalab_keyword,패션의류,,코트,13.38104,0.7165902381004658,kw_b01,,,50000000,False
2023-01-08,naver_datalab_keyword,패션의류,,패딩,9.78659,0.5240978921138894,kw_b01,,,50000000,False
2023-01-08,naver_datalab_keyword,패션의류,,패션_앵커,18.67321,1.0,kw_b01,,,50000000,True
2023-01-08,naver_datalab_keyword,패션의류,,히트텍,3.12528,0.16736704615864118,kw_b01,,,50000000,False
2023-01-08,naver_datalab_keyword,패션의류,,가디건,5.74307,0.3075566546940778,kw_b02,,,50000000,False
2023-01-08,naver_datalab_keyword,패션의류,,반팔,0.72473,0.03881121671099934,kw_b02,,,50000000,False
2023-01-08,naver_datalab_keyword,패션의류,,자켓,1.58272,0.08475886042089174,kw_b02,,,50000000,False
2023-01-08,naver_datalab_keyword,패션의류,,패션_앵커,18.67321,1.0,kw_b02,,,50000000,True
2023-01-09,naver_datalab_keyword,패션의류,,코트,10.87095,0.6773202890478096,kw_b01,,,50000000,False
2023-01-09,naver_datalab_keyword,패션의류,,패딩,7.12864,0.44415368530972704,kw_b01,,,50000000,False
2023-01-09,naver_datalab_keyword,패션의류,,패션_앵커,16.04994,1.0,kw_b01,,,50000000,True
2023-01-09,naver_datalab_keyword,패션의류,,히트텍,3.08512,0.19222003322130798,kw_b01,,,50000000,False
2023-01-09,naver_datalab_keyword,패션의류,,가디건,4.5291,0.2821879707961525,kw_b02,,,50000000,False
2023-01-09,naver_datalab_keyword,패션의류,,반팔,0.8014,0.04993165083483178,kw_b02,,,50000000,False
2023-01-09,naver_datalab_keyword,패션의류,,자켓,1.6028,0.09986330166966356,kw_b02,,,50000000,False
2023-01-09,naver_datalab_keyword,패션의류,,패션_앵커,16.04994,1.0,kw_b02,,,50000000,True
2023-01-10,naver_datalab_keyword,패션의류,,코트,10.67927,0.6141086736128564,kw_b01,,,50000000,False
2023-01-10,naver_datalab_keyword,패션의류,,패딩,6.06801,0.3489393537732025,kw_b01,,,50000000,False
2023-01-10,naver_datalab_keyword,패션의류,,패션_앵커,17.38987,1.0,kw_b01,,,50000000,True
2023-01-10,naver_datalab_keyword,패션의류,,히트텍,2.8405,0.16334222164973058,kw_b01,,,50000000,False
2023-01-10,naver_datalab_keyword,패션의류,,가디건,4.82301,0.27734594910715266,kw_b02,,,50000000,False
2023-01-10,naver_datalab_keyword,패션의류,,반팔,0.78679,0.04524415651180831,kw_b02,,,50000000,False
2023-01-10,naver_datalab_keyword,패션의류,,자켓,1.54621,0.08891440821581761,kw_b02,,,50000000,False
2023-01-10,naver_datalab_keyword,패션의류,,패션_앵커,17.38987,1.0,kw_b02,,,50000000,True
2023-01-11,naver_datalab_keyword,패션의류,,목도리,0.00182,0.00011692014354196084,kw_b01,,,50000000,False
2023-01-11,naver_datalab_keyword,패션의류,,코트,11.04255,0.7093936983897141,kw_b01,,,50000000,False
2023-01-11,naver_datalab_keyword,패션의류,,패딩,5.69561,0.3658964498675976,kw_b01,,,50000000,False
2023-01-11,naver_datalab_keyword,패션의류,,패션_앵커,15.56618,1.0,kw_b01,,,50000000,True
2023-01-11,naver_datalab_keyword,패션의류,,히트텍,3.034,0.19490973379467538,kw_b01,,,50000000,False
2023-01-11,naver_datalab_keyword,패션의류,,가디건,5.60068,0.3597979722706534,kw_b02,,,50000000,False
2023-01-11,naver_datalab_keyword,패션의류,,반팔,0.80505,0.051717890966184385,kw_b02,,,50000000,False
2023-01-11,naver_datalab_keyword,패션의류,,자켓,1.67582,0.10765775546730155,kw_b02,,,50000000,False
2023-01-11,naver_datalab_keyword,패션의류,,패션_앵커,15.56618,1.0,kw_b02,,,50000000,True
2023-01-12,naver_datalab_keyword,패션의류,,코트,11.17399,0.7235226662747096,kw_b01,,,50000000,False
2023-01-12,naver_datalab_keyword,패션의류,,패딩,5.12605,0.3319148633082252,kw_b01,,,50000000,False
2023-01-12,naver_datalab_keyword,패션의류,,패션_앵커,15.44387,1.0,kw_b01,,,50000000,True
2023-01-12,naver_datalab_keyword,패션의류,,히트텍,2.68716,0.1739952486002537,kw_b01,,,50000000,False
2023-01-12,naver_datalab_keyword,패션의류,,가디건,5.67553,0.3674940283750122,kw_b02,,,50000000,False
2023-01-12,naver_datalab_keyword,패션의류,,반팔,0.84521,0.05472786289964886,kw_b02,,,50000000,False
2023-01-12,naver_datalab_keyword,패션의류,,자켓,1.54621,0.10011804036164511,kw_b02,,,50000000,False
2023-01-12,naver_datalab_keyword,패션의류,,패션_앵커,15.44387,1.0,kw_b02,,,50000000,True
2023-01-13,naver_datalab_keyword,패션의류,,코트,10.00748,0.6531632549166011,kw_b01,,,50000000,False
2023-01-13,naver_datalab_keyword,패션의류,,패딩,4.59117,0.2996542127564034,kw_b01,,,50000000,False
2023-01-13,naver_datalab_keyword,패션의류,,패션_앵커,15.32156,1.0,kw_b01,,,50000000,True
2023-01-13,naver_datalab_keyword,패션의류,,히트텍,2.48452,0.16215842251050153,kw_b01,,,50000000,False
2023-01-13,naver_datalab_keyword,패션의류,,가디건,4.00335,0.26128866773357284,kw_b02,,,50000000,False
2023-01-13,naver_datalab_keyword,패션의류,,반팔,0.66813,0.04360717838131365,kw_b02,,,50000000,False
2023-01-13,naver_datalab_keyword,패션의류,,자켓,1.86385,0.12164883993535906,kw_b02,,,50000000,False
2023-01-13,naver_datalab_keyword,패션의류,,패션_앵커,15.32156,1.0,kw_b02,,,50000000,True
2023-01-14,naver_datalab_keyword,패션의류,,코트,13.05427,0.7867752885104495,kw_b01,,,50000000,False
2023-01-14,naver_datalab_keyword,패션의류,,패딩,4.62586,0.2787986104247076,kw_b01,,,50000000,False
2023-01-14,naver_datalab_keyword,패션의류,,패션_앵커,16.59212,1.0,kw_b01,,,50000000,True
2023-01-14,naver_datalab_keyword,패션의류,,히트텍,1.96973,0.11871478750153687,kw_b01,,,50000000,False
2023-01-14,naver_datalab_keyword,패션의류,,가디건,7.19436,0.43360101060021256,kw_b02,,,50000000,False
2023-01-14,naver_datalab_keyword,패션의류,,반팔,0.49654,0.02992625414956015,kw_b02,,,50000000,False
2023-01-14,naver_datalab_keyword,패션의류,,자켓,2.60866,0.15722282625728357,kw_b02,,,50000000,False
2023-01-14,naver_datalab_keyword,패션의류,,패션_앵커,16.59212,1.0,kw_b02,,,50000000,True
2023-01-15,naver_datalab_keyword,패션의류,,코트,14.08751,0.7350222528318229,kw_b01,,,50000000,False
2023-01-15,naver_datalab_keyword,패션의류,,패딩,6.10635,0.3186015934384147,kw_b01,,,50000000,False
2023-01-15,naver_datalab_keyword,패션의류,,패션_앵커,19.1661,1.0,kw_b01,,,50000000,True
2023-01-15,naver_datalab_keyword,패션의류,,히트텍,1.87663,0.0979140252842258,kw_b01,,,50000000,False
2023-01-15,naver_datalab_keyword,패션의류,,가디건,6.28708,0.32803126353300877,kw_b02,,,50000000,False
2023-01-15,naver_datalab_keyword,패션의류,,반팔,0.38518,0.020096941996545985,kw_b02,,,50000000,False
2023-01-15,naver_datalab_keyword,패션의류,,자켓,1.96608,0.10258111978962857,kw_b02,,,50000000,False
2023-01-15,naver_datalab_keyword,패션의류,,패션_앵커,19.1661,1.0,kw_b02,,,50000000,True
2023-01-16,naver_datalab_keyword,패션의류,,코트,8.24038,0.4974650975505803,kw_b01,,,50000000,False
2023-01-16,naver_datalab_keyword,패션의류,,패딩,5.35241,0.323120676811106,kw_b01,,,50000000,False
2023-01-16,naver_datalab_keyword,패션의류,,패션_앵커,16.56474,1.0,kw_b01,,,50000000,True
2023-01-16,naver_datalab_keyword,패션의류,,히트텍,2.22165,0.13411921949876665,kw_b01,,,50000000,False
2023-01-16,naver_datalab_keyword,패션의류,,가디건,4.69705,0.2835571219349051,kw_b02,,,50000000,False
2023-01-16,naver_datalab_keyword,패션의류,,반팔,0.32859,0.01983671340449654,kw_b02,,,50000000,False
2023-01-16,naver_datalab_keyword,패션의류,,자켓,1.89306,0.11428250609427011,kw_b02,,,50000000,False
2023-01-16,naver_datalab_keyword,패션의류,,패션_앵커,16.56474,1.0,kw_b02,,,50000000,True
2023-01-17,naver_datalab_keyword,패션의류,,목도리,0.00182,0.0001086150860386646,kw_b01,,,50000000,False
2023-01-17,naver_datalab_keyword,패션의류,,코트,8.25498,0.4926458038172832,kw_b01,,,50000000,False
2023-01-17,naver_datalab_keyword,패션의류,,패딩,5.91832,0.3531971626397524,kw_b01,,,50000000,False
2023-01-17,naver_datalab_keyword,패션의류,,패션_앵커,16.75642,1.0,kw_b01,,,50000000,True
2023-01-17,naver_datalab_keyword,패션의류,,히트텍,1.88028,0.11221251317405509,kw_b01,,,50000000,False
2023-01-17,naver_datalab_keyword,패션의류,,가디건,4.23885,0.252968712887359,kw_b02,,,50000000,False
2023-01-17,naver_datalab_keyword,패션의류,,반팔,0.39066,0.023314049182343248,kw_b02,,,50000000,False
2023-01-17,naver_datalab_keyword,패션의류,,자켓,1.83099,0.10927095405820575,kw_b02,,,50000000,False
2023-01-17,naver_datalab_keyword,패션의류,,패션_앵커,16.75642,1.0,kw_b02,,,50000000,True
2023-01-18,naver_datalab_keyword,패션의류,,코트,8.13085,0.48907427257055347,kw_b01,,,50000000,False
2023-01-18,naver_datalab_keyword,패션의류,,패딩,5.11692,0.3077850319218429,kw_b01,,,50000000,False
2023-01-18,naver_datalab_keyword,패션의류,,패션_앵커,16.62498,1.0,kw_b01,,,50000000,True
2023-01-18,naver_datalab_keyword,패션의류,,히트텍,2.11394,0.1271544386820315,kw_b01,,,50000000,False
2023-01-18,naver_datalab_keyword,패션의류,,가디건,4.91976,0.29592576953476035,kw_b02,,,50000000,False
2023-01-18,naver_datalab_keyword,패션의류,,반팔,0.48558,0.029207854686140976,kw_b02,,,50000000,False
2023-01-18,naver_datalab_keyword,패션의류,,자켓,1.89306,0.11386840766124229,kw_b02,,,50000000,False
2023-01-18,naver_datalab_keyword,패션의류,,패션_앵커,16.62498,1.0,kw_b02,,,50000000,True
2023-01-19,naver_datalab_keyword,패션의류,,코트,7.45176,0.5848976631596794,kw_b01,,,50000000,False
2023-01-19,naver_datalab_keyword,패션의류,,패딩,4.28448,0.3362940217954394,kw_b01,,,50000000,False
2023-01-19,naver_datalab_keyword,패션의류,,패션_앵커,12.74028,1.0,kw_b01,,,50000000,True
2023-01-19,naver_datalab_keyword,패션의류,,히트텍,1.28698,0.10101661815909854,kw_b01,,,50000000,False
2023-01-19,naver_datalab_keyword,패션의류,,가디건,3.24029,0.25433428464680524,kw_b02,,,50000000,False
2023-01-19,naver_datalab_keyword,패션의류,,반팔,0.51844,0.040692983199741295,kw_b02,,,50000000,False
2023-01-19,naver_datalab_keyword,패션의류,,자켓,1.47136,0.1154888275610897,kw_b02,,,50000000,False
2023-01-19,naver_datalab_keyword,패션의류,,패션_앵커,12.74028,1.0,kw_b02,,,50000000,True
2023-01-20,naver_datalab_keyword,패션의류,,코트,6.9114,0.5473465799748161,kw_b01,,,50000000,False
2023-01-20,naver_datalab_keyword,패션의류,,패딩,4.85404,0.38441447363210873,kw_b01,,,50000000,False
2023-01-20,naver_datalab_keyword,패션의류,,패션_앵커,12.6271,1.0,kw_b01,,,50000000,True
2023-01-20,naver_datalab_keyword,패션의류,,히트텍,1.32349,0.10481345677154691,kw_b01,,,50000000,False
2023-01-20,naver_datalab_keyword,패션의류,,가디건,3.20743,0.2540116099500281,kw_b02,,,50000000,False
2023-01-20,naver_datalab_keyword,패션의류,,반팔,0.30486,0.02414331081562671,kw_b02,,,50000000,False
2023-01-20,naver_datalab_keyword,패션의류,,자켓,1.46954,0.11637984968836868,kw_b02,,,50000000,False
2023-01-20,naver_datalab_keyword,패션의류,,패션_앵커,12.6271,1.0,kw_b02,,,50000000,True
2023-01-21,naver_datalab_keyword,패션의류,,코트,8.7424,0.506183411584944,kw_b01,,,50000000,False
2023-01-21,naver_datalab_keyword,패션의류,,패딩,4.84309,0.28041405321341123,kw_b01,,,50000000,False
2023-01-21,naver_datalab_keyword,패션의류,,패션_앵커,17.27121,1.0,kw_b01,,,50000000,True
2023-01-21,naver_datalab_keyword,패션의류,,히트텍,2.32388,0.1345522404046966,kw_b01,,,50000000,False
2023-01-21,naver_datalab_keyword,패션의류,,가디건,3.80985,0.22058964021629057,kw_b02,,,50000000,False
2023-01-21,naver_datalab_keyword,패션의류,,반팔,0.30121,0.017440005651022713,kw_b02,,,50000000,False
2023-01-21,naver_datalab_keyword,패션의류,,자켓,1.40199,0.08117497268575856,kw_b02,,,50000000,False
2023-01-21,naver_datalab_keyword,패션의류,,패션_앵커,17.27121,1.0,kw_b02,,,50000000,True
2023-01-22,naver_datalab_keyword,패션의류,,코트,7.42255,0.4735064631841237,kw_b01,,,50000000,False
2023-01-22,naver_datalab_keyword,패션의류,,패딩,5.28122,0.33690467608803687,kw_b01,,,50000000,False
2023-01-22,naver_datalab_keyword,패션의류,,패션_앵커,15.67571,1.0,kw_b01,,,50000000,True
2023-01-22,naver_datalab_keyword,패션의류,,히트텍,2.0464,0.1305459210460005,kw_b01,,,50000000,False
2023-01-22,naver_datalab_keyword,패션의류,,가디건,4.45608,0.2842665499680716,kw_b02,,,50000000,False
2023-01-22,naver_datalab_keyword,패션의류,,반팔,0.52939,0.03377135708685604,kw_b02,,,50000000,False
2023-01-22,naver_datalab_keyword,패션의류,,자켓,1.20119,0.07662747014329813,kw_b02,,,50000000,False
2023-01-22,naver_datalab_keyword,패션의류,,패션_앵커,15.67571,1.0,kw_b02,,,50000000,True
2023-01-23,naver_datalab_keyword,패션의류,,코트,8.69858,0.4871189212194521,kw_b01,,,50000000,False
2023-01-23,naver_datalab_keyword,패션의류,,패딩,5.76863,0.323042246264812,kw_b01,,,50000000,False
2023-01-23,naver_datalab_keyword,패션의류,,패션_앵커,17.8572,1.0,kw_b01,,,50000000,True
2023-01-23,naver_datalab_keyword,패션의류,,히트텍,2.04457,0.11449555361422846,kw_b01,,,50000000,False
2023-01-23,naver_datalab_keyword,패션의류,,가디건,4.59117,0.25710469726496876,kw_b02,,,50000000,False
2023-01-23,naver_datalab_keyword,패션의류,,반팔,0.34867,0.01952545751853594,kw_b02,,,50000000,False
2023-01-23,naver_datalab_keyword,패션의류,,자켓,1.76527,0.09885480366462827,kw_b02,,,50000000,False
2023-01-23,naver_datalab_keyword,패션의류,,패션_앵커,17.8572,1.0,kw_b02,,,50000000,True
2023-01-24,naver_datalab_keyword,패션의류,,목도리,0.00182,8.45541418288875e-05,kw_b01,,,50000000,False
2023-01-24,naver_datalab_keyword,패션의류,,코트,11.07723,0.5146294925775865,kw_b01,,,50000000,False
2023-01-24,naver_datalab_keyword,패션의류,,패딩,7.57407,0.3518785653856714,kw_b01,,,50000000,False
2023-01-24,naver_datalab_keyword,패션의류,,패션_앵커,21.52467,1.0,kw_b01,,,50000000,True
2023-01-24,naver_datalab_keyword,패션의류,,히트텍,2.79121,0.12967492649132367,kw_b01,,,50000000,False
2023-01-24,naver_datalab_keyword,패션의류,,가디건,6.69052,0.3108303170269277,kw_b02,,,50000000,False
2023-01-24,naver_datalab_keyword,패션의류,,반팔,0.57138,0.026545354702302057,kw_b02,,,50000000,False
2023-01-24,naver_datalab_keyword,패션의류,,자켓,2.12855,0.09888885636806512,kw_b02,,,50000000,False
2023-01-24,naver_datalab_keyword,패션의류,,패션_앵커,21.52467,1.0,kw_b02,,,50000000,True
2023-01-25,naver_datalab_keyword,패션의류,,코트,8.32618,0.4824413344666925,kw_b01,,,50000000,False
2023-01-25,naver_datalab_keyword,패션의류,,패딩,6.7106,0.38883027019259575,kw_b01,,,50000000,False
2023-01-25,naver_datalab_keyword,패션의류,,패션_앵커,17.25843,1.0,kw_b01,,,50000000,True
2023-01-25,naver_datalab_keyword,패션의류,,히트텍,3.37173,0.19536713362687103,kw_b01,,,50000000,False
2023-01-25,naver_datalab_keyword,패션의류,,가디건,4.5218,0.2620052924860488,kw_b02,,,50000000,False
2023-01-25,naver_datalab_keyword,패션의류,,반팔,0.52209,0.0302513032761381,kw_b02,,,50000000,False
2023-01-25,naver_datalab_keyword,패션의류,,자켓,1.19206,0.06907117275441624,kw_b02,,,50000000,False
2023-01-25,naver_datalab_keyword,패션의류,,패션_앵커,17.25843,1.0,kw_b02,,,50000000,True
2023-01-26,naver_datalab_keyword,패션의류,,코트,7.81686,0.39962659269412043,kw_b01,,,50000000,False
2023-01-26,naver_datalab_keyword,패션의류,,패딩,7.23634,0.3699482781802631,kw_b01,,,50000000,False
2023-01-26,naver_datalab_keyword,패션의류,,패션_앵커,19.56041,1.0,kw_b01,,,50000000,True
2023-01-26,naver_datalab_keyword,패션의류,,히트텍,3.33704,0.17060174096555236,kw_b01,,,50000000,False
2023-01-26,naver_datalab_keyword,패션의류,,가디건,5.66092,0.28940702163195964,kw_b02,,,50000000,False
2023-01-26,naver_datalab_keyword,패션의류,,반팔,0.52209,0.026691158314166217,kw_b02,,,50000000,False
2023-01-26,naver_datalab_keyword,패션의류,,자켓,1.47684,0.07550148488707546,kw_b02,,,50000000,False
2023-01-26,naver_datalab_keyword,패션의류,,패션_앵커,19.56041,1.0,kw_b02,,,50000000,True
2023-01-27,naver_datalab_keyword,패션의류,,코트,7.57589,0.4271743439062774,kw_b01,,,50000000,False
2023-01-27,naver_datalab_keyword,패션의류,,패딩,6.06436,0.34194517135431907,kw_b01,,,50000000,False
2023-01-27,naver_datalab_keyword,패션의류,,패션_앵커,17.73489,1.0,kw_b01,,,50000000,True
2023-01-27,naver_datalab_keyword,패션의류,,히트텍,3.01392,0.16994297681011836,kw_b01,,,50000000,False
2023-01-27,naver_datalab_keyword,패션의류,,가디건,4.91976,0.2774057239712228,kw_b02,,,50000000,False
2023-01-27,naver_datalab_keyword,패션의류,,반팔,0.43994,0.024806469056193752,kw_b02,,,50000000,False
2023-01-27,naver_datalab_keyword,패션의류,,자켓,1.66487,0.09387540604988247,kw_b02,,,50000000,False
2023-01-27,naver_datalab_keyword,패션의류,,패션_앵커,17.73489,1.0,kw_b02,,,50000000,True
2023-01-28,naver_datalab_keyword,패션의류,,코트,11.09366,0.5035628138285655,kw_b01,,,50000000,False
2023-01-28,naver_datalab_keyword,패션의류,,패딩,7.09578,0.3220912614149396,kw_b01,,,50000000,False
2023-01-28,naver_datalab_keyword,패션의류,,패션_앵커,22.03034,1.0,kw_b01,,,50000000,True
2023-01-28,naver_datalab_keyword,패션의류,,히트텍,2.95186,0.13399066923161423,kw_b01,,,50000000,False
2023-01-28,naver_datalab_keyword,패션의류,,가디건,7.42437,0.33700660089676326,kw_b02,,,50000000,False
2023-01-28,naver_datalab_keyword,패션의류,,반팔,0.7156,0.032482476439310515,kw_b02,,,50000000,False
2023-01-28,naver_datalab_keyword,패션의류,,자켓,1.90401,0.086426718788725,kw_b02,,,50000000,False
2023-01-28,naver_datalab_keyword,패션의류,,패션_앵커,22.03034,1.0,kw_b02,,,50000000,True
2023-01-29,naver_datalab_keyword,패션의류,,코트,10.81436,0.4713182700135804,kw_b01,,,50000000,False
2023-01-29,naver_datalab_keyword,패션의류,,패딩,7.38786,0.3219823821569219,kw_b01,,,50000000,False
2023-01-29,naver_datalab_keyword,패션의류,,패션_앵커,22.94492,1.0,kw_b01,,,50000000,True
2023-01-29,naver_datalab_keyword,패션의류,,히트텍,3.07782,0.13413949580124926,kw_b01,,,50000000,False
2023-01-29,naver_datalab_keyword,패션의류,,가디건,5.95301,0.25944784292122175,kw_b02,,,50000000,False
2023-01-29,naver_datalab_keyword,패션의류,,반팔,0.64805,0.028243724536847373,kw_b02,,,50000000,False
2023-01-29,naver_datalab_keyword,패션의류,,자켓,2.66525,0.11615860940025069,kw_b02,,,50000000,False
2023-01-29,naver_datalab_keyword,패션의류,,패션_앵커,22.94492,1.0,kw_b02,,,50000000,True
2023-01-30,naver_datalab_keyword,패션의류,,코트,10.58982,0.49708643254859,kw_b01,,,50000000,False
2023-01-30,naver_datalab_keyword,패션의류,,패딩,5.62076,0.26383862394373203,kw_b01,,,50000000,False
2023-01-30,naver_datalab_keyword,패션의류,,패션_앵커,21.30378,1.0,kw_b01,,,50000000,True
2023-01-30,naver_datalab_keyword,패션의류,,히트텍,2.61231,0.12262190090209343,kw_b01,,,50000000,False
2023-01-30,naver_datalab_keyword,패션의류,,가디건,5.36336,0.2517562610954488,kw_b02,,,50000000,False
2023-01-30,naver_datalab_keyword,패션의류,,반팔,0.76671,0.03598938779878501,kw_b02,,,50000000,False
2023-01-30,naver_datalab_keyword,패션의류,,자켓,2.061,0.09674339483415619,kw_b02,,,50000000,False
2023-01-30,naver_datalab_keyword,패션의류,,패션_앵커,21.30378,1.0,kw_b02,,,50000000,True
2023-01-31,naver_datalab_keyword,패션의류,,목도리,0.0073,0.00033160851479814357,kw_b01,,,50000000,False
2023-01-31,naver_datalab_keyword,패션의류,,코트,10.5953,0.48130023244394116,kw_b01,,,50000000,False
2023-01-31,naver_datalab_keyword,패션의류,,패딩,4.95627,0.22514264844364315,kw_b01,,,50000000,False
2023-01-31,naver_datalab_keyword,패션의류,,패션_앵커,22.01391,1.0,kw_b01,,,50000000,True
2023-01-31,naver_datalab_keyword,패션의류,,히트텍,2.8332,0.12870044440083567,kw_b01,,,50000000,False
2023-01-31,naver_datalab_keyword,패션의류,,가디건,5.00556,0.22738168730588978,kw_b02,,,50000000,False
2023-01-31,naver_datalab_keyword,패션의류,,반팔,0.60059,0.027282295603098222,kw_b02,,,50000000,False
2023-01-31,naver_datalab_keyword,패션의류,,자켓,1.70138,0.07728658834346101,kw_b02,,,50000000,False
2023-01-31,naver_datalab_keyword,패션의류,,패션_앵커,22.01391,1.0,kw_b02,,,50000000,True
2023-02-01,naver_datalab_keyword,패션의류,,목도리,0.00182,9.26903947286667e-05,kw_b01,,,50000000,False
2023-02-01,naver_datalab_keyword,패션의류,,코트,11.22875,0.5718666317634704,kw_b01,,,50000000,False
2023-02-01,naver_datalab_keyword,패션의류,,패딩,5.03477,0.2564147355318952,kw_b01,,,50000000,False
2023-02-01,naver_datalab_keyword,패션의류,,패션_앵커,19.63526,1.0,kw_b01,,,50000000,True
2023-02-01,naver_datalab_keyword,패션의류,,히트텍,2.01354,0.10254715241865908,kw_b01,,,50000000,False
2023-02-01,naver_datalab_keyword,패션의류,,가디건,5.09136,0.25929679566249697,kw_b02,,,50000000,False
2023-02-01,naver_datalab_keyword,패션의류,,반팔,0.83426,0.04248785093754807,kw_b02,,,50000000,False
2023-02-01,naver_datalab_keyword,패션의류,,자켓,2.2399,0.11407539294106624,kw_b02,,,50000000,False
2023-02-01,naver_datalab_keyword,패션의류,,패션_앵커,19.63526,1.0,kw_b02,,,50000000,True
2023-02-02,naver_datalab_keyword,패션의류,,목도리,0.00182,0.00010509994600634642,kw_b01,,,50000000,False
2023-02-02,naver_datalab_keyword,패션의류,,코트,9.07464,0.524035260454413,kw_b01,,,50000000,False
2023-02-02,naver_datalab_keyword,패션의류,,패딩,4.63863,0.26786800139748285,kw_b01,,,50000000,False
2023-02-02,naver_datalab_keyword,패션의류,,패션_앵커,17.31685,1.0,kw_b01,,,50000000,True
2023-02-02,naver_datalab_keyword,패션의류,,히트텍,2.24173,0.1294536823960478,kw_b01,,,50000000,False
2023-02-02,naver_datalab_keyword,패션의류,,가디건,5.18081,0.2991773908072196,kw_b02,,,50000000,False
2023-02-02,naver_datalab_keyword,패션의류,,반팔,0.79227,0.045751392429916535,kw_b02,,,50000000,False
2023-02-02,naver_datalab_keyword,패션의류,,자켓,1.95877,0.11311352815321493,kw_b02,,,50000000,False
2023-02-02,naver_datalab_keyword,패션의류,,패션_앵커,17.31685,1.0,kw_b02,,,50000000,True
2023-02-03,naver_datalab_keyword,패션의류,,코트,8.15823,0.5070914976616517,kw_b01,,,50000000,False
2023-02-03,naver_datalab_keyword,패션의류,,패딩,4.39219,0.27300556678526233,kw_b01,,,50000000,False
2023-02-03,naver_datalab_keyword,패션의류,,패션_앵커,16.08828,1.0,kw_b01,,,50000000,True
2023-02-03,naver_datalab_keyword,패션의류,,히트텍,0.36692,0.022806664230110366,kw_b01,,,50000000,False
2023-02-03,naver_datalab_keyword,패션의류,,가디건,4.6149,0.2868485630533531,kw_b02,,,50000000,False
2023-02-03,naver_datalab_keyword,패션의류,,반팔,0.79044,0.04913141740447083,kw_b02,,,50000000,False
2023-02-03,naver_datalab_keyword,패션의류,,자켓,1.86202,0.11573766742001008,kw_b02,,,50000000,False
2023-02-03,naver_datalab_keyword,패션의류,,패션_앵커,16.08828,1.0,kw_b02,,,50000000,True
2023-02-04,naver_datalab_keyword,패션의류,,코트,10.86,0.47941008721202283,kw_b01,,,50000000,False
2023-02-04,naver_datalab_keyword,패션의류,,패딩,4.62768,0.20428696799165136,kw_b01,,,50000000,False
2023-02-04,naver_datalab_keyword,패션의류,,패션_앵커,22.65284,1.0,kw_b01,,,50000000,True
2023-02-04,naver_datalab_keyword,패션의류,,히트텍,0.387,0.017083950621643907,kw_b01,,,50000000,False
2023-02-04,naver_datalab_keyword,패션의류,,가디건,5.66457,0.2500600366223396,kw_b02,,,50000000,False
2023-02-04,naver_datalab_keyword,패션의류,,반팔,0.92006,0.040615657904262775,kw_b02,,,50000000,False
2023-02-04,naver_datalab_keyword,패션의류,,자켓,1.90218,0.08397092814852354,kw_b02,,,50000000,False
2023-02-04,naver_datalab_keyword,패션의류,,패션_앵커,22.65284,1.0,kw_b02,,,50000000,True
2023-02-05,naver_datalab_keyword,패션의류,,코트,11.57925,0.46255369345883546,kw_b01,,,50000000,False
2023-02-05,naver_datalab_keyword,패션의류,,패딩,4.61125,0.18420456583647948,kw_b01,,,50000000,False
2023-02-05,naver_datalab_keyword,패션의류,,패션_앵커,25.03331,1.0,kw_b01,,,50000000,True
2023-02-05,naver_datalab_keyword,패션의류,,히트텍,0.48923,0.019543160692693056,kw_b01,,,50000000,False
2023-02-05,naver_datalab_keyword,패션의류,,가디건,7.37508,0.2946106607556092,kw_b02,,,50000000,False
2023-02-05,naver_datalab_keyword,패션의류,,반팔,1.09348,0.04368099943635101,kw_b02,,,50000000,False
2023-02-05,naver_datalab_keyword,패션의류,,자켓,2.39325,0.09560261907035067,kw_b02,,,50000000,False
2023-02-05,naver_datalab_keyword,패션의류,,패션_앵커,25.03331,1.0,kw_b02,,,50000000,True
2023-02-06,naver_datalab_keyword,패션의류,,목도리,0.00182,7.363204207545261e-05,kw_b01,,,50000000,False
2023-02-06,naver_datalab_keyword,패션의류,,코트,10.06955,0.4073854556488318,kw_b01,,,50000000,False
2023-02-06,naver_datalab_keyword,패션의류,,패딩,4.41957,0.17880327703044402,kw_b01,,,50000000,False
2023-02-06,naver_datalab_keyword,패션의류,,패션_앵커,24.7175,1.0,kw_b01,,,50000000,True
2023-02-06,naver_datalab_keyword,패션의류,,히트텍,0.38153,0.015435622534641447,kw_b01,,,50000000,False
2023-02-06,naver_datalab_keyword,패션의류,,가디건,7.18158,0.29054637402649947,kw_b02,,,50000000,False
2023-02-06,naver_datalab_keyword,패션의류,,반팔,0.93466,0.03781369475068271,kw_b02,,,50000000,False
2023-02-06,naver_datalab_keyword,패션의류,,자켓,1.98798,0.08042803681602104,kw_b02,,,50000000,False
2023-02-06,naver_datalab_keyword,패션의류,,패션_앵커,24.7175,1.0,kw_b02,,,50000000,True
2023-02-07,naver_datalab_keyword,패션의류,,코트,10.8673,0.4512925247473151,kw_b01,,,50000000,False
2023-02-07,naver_datalab_keyword,패션의류,,패딩,3.60174,0.14957149780381462,kw_b01,,,50000000,False
2023-02-07,naver_datalab_keyword,패션의류,,패션_앵커,24.08039,1.0,kw_b01,,,50000000,True
2023-02-07,naver_datalab_keyword,패션의류,,히트텍,0.47645,0.019785809116878918,kw_b01,,,50000000,False
2023-02-07,naver_datalab_keyword,패션의류,,가디건,6.85299,0.28458799878241176,kw_b02,,,50000000,False
2023-02-07,naver_datalab_keyword,패션의류,,반팔,0.69917,0.029034828754849897,kw_b02,,,50000000,False
2023-02-07,naver_datalab_keyword,패션의류,,자켓,2.09386,0.08695291064638072,kw_b02,,,50000000,False
2023-02-07,naver_datalab_keyword,패션의류,,패션_앵커,24.08039,1.0,kw_b02,,,50000000,True
2023-02-08,naver_datalab_keyword,패션의류,,코트,10.20829,0.3892253080771108,kw_b01,,,50000000,False
2023-02-08,naver_datalab_keyword,패션의류,,패딩,3.66563,0.13976444302098584,kw_b01,,,50000000,False
2023-02-08,naver_datalab_keyword,패션의류,,패션_앵커,26.2272,1.0,kw_b01,,,50000000,True
2023-02-08,naver_datalab_keyword,패션의류,,히트텍,0.41621,0.015869402757442655,kw_b01,,,50000000,False
2023-02-08,naver_datalab_keyword,패션의류,,가디건,6.70329,0.25558542276720353,kw_b02,,,50000000,False
2023-02-08,naver_datalab_keyword,패션의류,,반팔,0.65353,0.02491802403611518,kw_b02,,,50000000,False
2023-02-08,naver_datalab_keyword,패션의류,,자켓,2.49,0.0949396046852123,kw_b02,,,50000000,False
2023-02-08,naver_datalab_keyword,패션의류,,패션_앵커,26.2272,1.0,kw_b02,,,50000000,True
2023-02-09,naver_datalab_keyword,패션의류,,목도리,0.00182,7.503409516302189e-05,kw_b01,,,50000000,False
2023-02-09,naver_datalab_keyword,패션의류,,코트,9.56388,0.3942951000262207,kw_b01,,,50000000,False
2023-02-09,naver_datalab_keyword,패션의류,,패딩,3.70214,0.15263006871803836,kw_b01,,,50000000,False
2023-02-09,naver_datalab_keyword,패션의류,,패션_앵커,24.25564,1.0,kw_b01,,,50000000,True
2023-02-09,naver_datalab_keyword,패션의류,,히트텍,0.46368,0.01911637870614834,kw_b01,,,50000000,False
2023-02-09,naver_datalab_keyword,패션의류,,가디건,6.33089,0.2610069245750679,kw_b02,,,50000000,False
2023-02-09,naver_datalab_keyword,패션의류,,반팔,0.59511,0.024534912292563712,kw_b02,,,50000000,False
2023-02-09,naver_datalab_keyword,패션의류,,자켓,2.54659,0.1049896024182417,kw_b02,,,50000000,False
2023-02-09,naver_datalab_keyword,패션의류,,패션_앵커,24.25564,1.0,kw_b02,,,50000000,True
2023-02-10,naver_datalab_keyword,패션의류,,코트,11.25248,0.43645102721806917,kw_b01,,,50000000,False
2023-02-10,naver_datalab_keyword,패션의류,,패딩,3.17457,0.12313235282139279,kw_b01,,,50000000,False
2023-02-10,naver_datalab_keyword,패션의류,,패션_앵커,25.78177,1.0,kw_b01,,,50000000,True
2023-02-10,naver_datalab_keyword,패션의류,,히트텍,1.14825,0.04453728351466947,kw_b01,,,50000000,False
2023-02-10,naver_datalab_keyword,패션의류,,가디건,6.18485,0.23989237356473198,kw_b02,,,50000000,False
2023-02-10,naver_datalab_keyword,패션의류,,반팔,0.56408,0.021879025373354892,kw_b02,,,50000000,False
2023-02-10,naver_datalab_keyword,패션의류,,자켓,2.27641,0.08829533426137925,kw_b02,,,50000000,False
2023-02-10,naver_datalab_keyword,패션의류,,패션_앵커,25.78177,1.0,kw_b02,,,50000000,True
2023-02-11,naver_datalab_keyword,패션의류,,코트,11.74902,0.35967341990705876,kw_b01,,,50000000,False
2023-02-11,naver_datalab_keyword,패션의류,,패딩,4.06177,0.12434319686032488,kw_b01,,,50000000,False
2023-02-11,naver_datalab_keyword,패션의류,,패션_앵커,32.6658,1.0,kw_b01,,,50000000,True
2023-02-11,naver_datalab_keyword,패션의류,,히트텍,0.2793,0.008550226842752971,kw_b01,,,50000000,False
2023-02-11,naver_datalab_keyword,패션의류,,가디건,8.47039,0.25930453256923147,kw_b02,,,50000000,False
2023-02-11,naver_datalab_keyword,패션의류,,반팔,0.92371,0.028277586956388642,kw_b02,,,50000000,False
2023-02-11,naver_datalab_keyword,패션의류,,자켓,2.72732,0.08349160283844266,kw_b02,,,50000000,False
2023-02-11,naver_datalab_keyword,패션의류,,패션_앵커,32.6658,1.0,kw_b02,,,50000000,True
2023-02-12,naver_datalab_keyword,패션의류,,목도리,0.00182,5.419536117486014e-05,kw_b01,,,50000000,False
2023-02-12,naver_datalab_keyword,패션의류,,코트,12.71655,0.37866924183965256,kw_b01,,,50000000,False
2023-02-12,naver_datalab_keyword,패션의류,,패딩,3.89382,0.115948890796645,kw_b01,,,50000000,False
2023-02-12,naver_datalab_keyword,패션의류,,패션_앵커,33.58221,1.0,kw_b01,,,50000000,True
2023-02-12,naver_datalab_keyword,패션의류,,히트텍,0.41256,0.012285075937527635,kw_b01,,,50000000,False
2023-02-12,naver_datalab_keyword,패션의류,,가디건,9.60404,0.2859859431526394,kw_b02,,,50000000,False
2023-02-12,naver_datalab_keyword,패션의류,,반팔,1.22492,0.036475264730939386,kw_b02,,,50000000,False
2023-02-12,naver_datalab_keyword,패션의류,,자켓,3.48491,0.10377250335817684,kw_b02,,,50000000,False
2023-02-12,naver_datalab_keyword,패션의류,,패션_앵커,33.58221,1.0,kw_b02,,,50000000,True
2023-02-13,naver_datalab_keyword,패션의류,,코트,12.65813,0.4409817578680364,kw_b01,,,50000000,False
2023-02-13,naver_datalab_keyword,패션의류,,패딩,3.56706,0.12426862334489834,kw_b01,,,50000000,False
2023-02-13,naver_datalab_keyword,패션의류,,패션_앵커,28.70443,1.0,kw_b01,,,50000000,True
2023-02-13,naver_datalab_keyword,패션의류,,히트텍,0.36145,0.012592132991318762,kw_b01,,,50000000,False
2023-02-13,naver_datalab_keyword,패션의류,,가디건,7.94647,0.2768377564020606,kw_b02,,,50000000,False
2023-02-13,naver_datalab_keyword,패션의류,,반팔,2.98654,0.10404456733681876,kw_b02,,,50000000,False
2023-02-13,naver_datalab_keyword,패션의류,,자켓,3.28045,0.1142837534136717,kw_b02,,,50000000,False
2023-02-13,naver_datalab_keyword,패션의류,,패션_앵커,28.70443,1.0,kw_b02,,,50000000,True
2023-02-14,naver_datalab_keyword,패션의류,,목도리,0.00182,6.705529261529641e-05,kw_b01,,,50000000,False
2023-02-14,naver_datalab_keyword,패션의류,,코트,12.97394,0.4780062324578565,kw_b01,,,50000000,False
2023-02-14,naver_datalab_keyword,패션의류,,패딩,3.47213,0.127925655576016,kw_b01,,,50000000,False
2023-02-14,naver_datalab_keyword,패션의류,,패션_앵커,27.14178,1.0,kw_b01,,,50000000,True
2023-02-14,naver_datalab_keyword,패션의류,,히트텍,0.40526,0.014931224112788476,kw_b01,,,50000000,False
2023-02-14,naver_datalab_keyword,패션의류,,가디건,7.91544,0.2916330469114406,kw_b02,,,50000000,False
2023-02-14,naver_datalab_keyword,패션의류,,반팔,2.97194,0.10949687161269453,kw_b02,,,50000000,False
2023-02-14,naver_datalab_keyword,패션의류,,자켓,3.03218,0.11171632811112608,kw_b02,,,50000000,False
2023-02-14,naver_datalab_keyword,패션의류,,패션_앵커,27.14178,1.0,kw_b02,,,50000000,True
2023-02-15,naver_datalab_keyword,패션의류,,코트,13.28793,0.4541425689812976,kw_b01,,,50000000,False
2023-02-15,naver_datalab_keyword,패션의류,,패딩,3.44109,0.11760638810528452,kw_b01,,,50000000,False
2023-02-15,naver_datalab_keyword,패션의류,,패션_앵커,29.25938,1.0,kw_b01,,,50000000,True
2023-02-15,naver_datalab_keyword,패션의류,,히트텍,0.32676,0.011167700751007027,kw_b01,,,50000000,False
2023-02-15,naver_datalab_keyword,패션의류,,가디건,7.38786,0.252495439069454,kw_b02,,,50000000,False
2023-02-15,naver_datalab_keyword,패션의류,,반팔,3.16362,0.10812327533939543,kw_b02,,,50000000,False
2023-02-15,naver_datalab_keyword,패션의류,,자켓,3.32609,0.11367602457741757,kw_b02,,,50000000,False
2023-02-15,naver_datalab_keyword,패션의류,,패션_앵커,29.25938,1.0,kw_b02,,,50000000,True
2023-02-16,naver_datalab_keyword,패션의류,,코트,21.66888,0.6974556519841498,kw_b01,,,50000000,False
2023-02-16,naver_datalab_keyword,패션의류,,패딩,3.96502,0.12762199104107796,kw_b01,,,50000000,False
2023-02-16,naver_datalab_keyword,패션의류,,패션_앵커,31.06847,1.0,kw_b01,,,50000000,True
2023-02-16,naver_datalab_keyword,패션의류,,히트텍,0.27382,0.008813436902428732,kw_b01,,,50000000,False
2023-02-16,naver_datalab_keyword,패션의류,,가디건,6.66131,0.21440740403373582,kw_b02,,,50000000,False
2023-02-16,naver_datalab_keyword,패션의류,,반팔,3.39363,0.1092306766313243,kw_b02,,,50000000,False
2023-02-16,naver_datalab_keyword,패션의류,,자켓,2.83137,0.09113322928357914,kw_b02,,,50000000,False
2023-02-16,naver_datalab_keyword,패션의류,,패션_앵커,31.06847,1.0,kw_b02,,,50000000,True
2023-02-17,naver_datalab_keyword,패션의류,,코트,13.88305,0.5313720011635562,kw_b01,,,50000000,False
2023-02-17,naver_datalab_keyword,패션의류,,패딩,3.15631,0.12080737020989941,kw_b01,,,50000000,False
2023-02-17,naver_datalab_keyword,패션의류,,패션_앵커,26.1268,1.0,kw_b01,,,50000000,True
2023-02-17,naver_datalab_keyword,패션의류,,히트텍,0.36875,0.014113860097677481,kw_b01,,,50000000,False
2023-02-17,naver_datalab_keyword,패션의류,,가디건,6.78179,0.2595721634490255,kw_b02,,,50000000,False
2023-02-17,naver_datalab_keyword,패션의류,,반팔,1.57724,0.060368663594470046,kw_b02,,,50000000,False
2023-02-17,naver_datalab_keyword,패션의류,,자켓,2.81129,0.10760177289220264,kw_b02,,,50000000,False
2023-02-17,naver_datalab_keyword,패션의류,,패션_앵커,26.1268,1.0,kw_b02,,,50000000,True
2023-02-18,naver_datalab_keyword,패션의류,,코트,13.26055,0.4156556507859986,kw_b01,,,50000000,False
2023-02-18,naver_datalab_keyword,패션의류,,패딩,3.56523,0.11175313209872635,kw_b01,,,50000000,False
2023-02-18,naver_datalab_keyword,패션의류,,패션_앵커,31.90273,1.0,kw_b01,,,50000000,True
2023-02-18,naver_datalab_keyword,패션의류,,히트텍,0.29573,0.009269739611625714,kw_b01,,,50000000,False
2023-02-18,naver_datalab_keyword,패션의류,,가디건,9.04726,0.2835888966242074,kw_b02,,,50000000,False
2023-02-18,naver_datalab_keyword,패션의류,,반팔,1.60828,0.05041198668577893,kw_b02,,,50000000,False
2023-02-18,naver_datalab_keyword,패션의류,,자켓,4.86682,0.15255183490566482,kw_b02,,,50000000,False
2023-02-18,naver_datalab_keyword,패션의류,,패션_앵커,31.90273,1.0,kw_b02,,,50000000,True
2023-02-19,naver_datalab_keyword,패션의류,,목도리,0.00365,0.00011498927764365863,kw_b01,,,50000000,False
2023-02-19,naver_datalab_keyword,패션의류,,코트,13.98346,0.44053368886547795,kw_b01,,,50000000,False
2023-02-19,naver_datalab_keyword,패션의류,,패딩,4.04352,0.1273866969692292,kw_b01,,,50000000,False
2023-02-19,naver_datalab_keyword,패션의류,,패션_앵커,31.74209,1.0,kw_b01,,,50000000,True
2023-02-19,naver_datalab_keyword,패션의류,,히트텍,0.33589,0.010581848895268081,kw_b01,,,50000000,False
2023-02-19,naver_datalab_keyword,패션의류,,가디건,10.39997,0.3276397363878686,kw_b02,,,50000000,False
2023-02-19,naver_datalab_keyword,패션의류,,반팔,1.75614,0.055325279463324564,kw_b02,,,50000000,False
2023-02-19,naver_datalab_keyword,패션의류,,자켓,4.14574,0.13060702682148528,kw_b02,,,50000000,False
2023-02-19,naver_datalab_keyword,패션의류,,패션_앵커,31.74209,1.0,kw_b02,,,50000000,True
2023-02-20,naver_datalab_keyword,패션의류,,목도리,0.00182,6.748649157753753e-05,kw_b01,,,50000000,False
2023-02-20,naver_datalab_keyword,패션의류,,코트,12.97394,0.48108005084476774,kw_b01,,,50000000,False
2023-02-20,naver_datalab_keyword,패션의류,,패딩,3.96502,0.14702488397514718,kw_b01,,,50000000,False
2023-02-20,naver_datalab_keyword,패션의류,,패션_앵커,26.96836,1.0,kw_b01,,,50000000,True
2023-02-20,naver_datalab_keyword,패션의류,,히트텍,0.3651,0.01353808685437305,kw_b01,,,50000000,False
2023-02-20,naver_datalab_keyword,패션의류,,가디건,9.95089,0.36898387591978155,kw_b02,,,50000000,False
2023-02-20,naver_datalab_keyword,패션의류,,반팔,1.89306,0.07019559216800725,kw_b02,,,50000000,False
2023-02-20,naver_datalab_keyword,패션의류,,자켓,2.85875,0.10600385043806891,kw_b02,,,50000000,False
2023-02-20,naver_datalab_keyword,패션의류,,패션_앵커,26.96836,1.0,kw_b02,,,50000000,True
2023-02-21,naver_datalab_keyword,패션의류,,코트,8.71866,0.3582624231795253,kw_b01,,,50000000,False
2023-02-21,naver_datalab_keyword,패션의류,,패딩,3.50681,0.14409992455608903,kw_b01,,,50000000,False
2023-02-21,naver_datalab_keyword,패션의류,,패션_앵커,24.33596,1.0,kw_b01,,,50000000,True
2023-02-21,naver_datalab_keyword,패션의류,,히트텍,0.35962,0.014777308969935848,kw_b01,,,50000000,False
2023-02-21,naver_datalab_keyword,패션의류,,가디건,12.2127,0.5018376098580044,kw_b02,,,50000000,False
2023-02-21,naver_datalab_keyword,패션의류,,반팔,1.97155,0.08101385768221184,kw_b02,,,50000000,False
2023-02-21,naver_datalab_keyword,패션의류,,자켓,3.32061,0.1364486956750422,kw_b02,,,50000000,False
2023-02-21,naver_datalab_keyword,패션의류,,패션_앵커,24.33596,1.0,kw_b02,,,50000000,True
2023-02-22,naver_datalab_keyword,패션의류,,코트,8.47952,0.36534505950549817,kw_b01,,,50000000,False
2023-02-22,naver_datalab_keyword,패션의류,,패딩,3.05956,0.13182292514914074,kw_b01,,,50000000,False
2023-02-22,naver_datalab_keyword,패션의류,,패션_앵커,23.20962,1.0,kw_b01,,,50000000,True
2023-02-22,naver_datalab_keyword,패션의류,,히트텍,0.31216,0.013449595469464816,kw_b01,,,50000000,False
2023-02-22,naver_datalab_keyword,패션의류,,가디건,8.44666,0.36392926726073066,kw_b02,,,50000000,False
2023-02-22,naver_datalab_keyword,패션의류,,반팔,2.05188,0.08840644525847473,kw_b02,,,50000000,False
2023-02-22,naver_datalab_keyword,패션의류,,자켓,3.26219,0.14055335675465602,kw_b02,,,50000000,False
2023-02-22,naver_datalab_keyword,패션의류,,패션_앵커,23.20962,1.0,kw_b02,,,50000000,True
2023-02-23,naver_datalab_keyword,패션의류,,코트,8.05965,0.37301416867452036,kw_b01,,,50000000,False
2023-02-23,naver_datalab_keyword,패션의류,,패딩,2.96281,0.1371238340486939,kw_b01,,,50000000,False
2023-02-23,naver_datalab_keyword,패션의류,,패션_앵커,21.60682,1.0,kw_b01,,,50000000,True
2023-02-23,naver_datalab_keyword,패션의류,,히트텍,0.25739,0.01191244246029726,kw_b01,,,50000000,False
2023-02-23,naver_datalab_keyword,패션의류,,가디건,8.74422,0.40469722059979213,kw_b02,,,50000000,False
2023-02-23,naver_datalab_keyword,패션의류,,반팔,1.75614,0.08127711528119363,kw_b02,,,50000000,False
2023-02-23,naver_datalab_keyword,패션의류,,자켓,3.82628,0.17708667911335405,kw_b02,,,50000000,False
2023-02-23,naver_datalab_keyword,패션의류,,패션_앵커,21.60682,1.0,kw_b02,,,50000000,True
2023-02-24,naver_datalab_keyword,패션의류,,코트,8.64564,0.38135087461608597,kw_b01,,,50000000,False
2023-02-24,naver_datalab_keyword,패션의류,,패딩,2.24903,0.09920255267832291,kw_b01,,,50000000,False
2023-02-24,naver_datalab_keyword,패션의류,,패션_앵커,22.67109,1.0,kw_b01,,,50000000,True
2023-02-24,naver_datalab_keyword,패션의류,,히트텍,0.21541,0.009501528157666878,kw_b01,,,50000000,False
2023-02-24,naver_datalab_keyword,패션의류,,가디건,9.55658,0.42153156288471355,kw_b02,,,50000000,False
2023-02-24,naver_datalab_keyword,패션의류,,반팔,1.92592,0.08495048098701916,kw_b02,,,50000000,False
2023-02-24,naver_datalab_keyword,패션의류,,자켓,2.91169,0.12843184866717922,kw_b02,,,50000000,False
2023-02-24,naver_datalab_keyword,패션의류,,패션_앵커,22.67109,1.0,kw_b02,,,50000000,True
2023-02-25,naver_datalab_keyword,패션의류,,코트,9.88517,0.38783836697157,kw_b01,,,50000000,False
2023-02-25,naver_datalab_keyword,패션의류,,패딩,2.81494,0.11044238315809958,kw_b01,,,50000000,False
2023-02-25,naver_datalab_keyword,패션의류,,패션_앵커,25.48786,1.0,kw_b01,,,50000000,True
2023-02-25,naver_datalab_keyword,패션의류,,히트텍,0.22818,0.008952497385029578,kw_b01,,,50000000,False
2023-02-25,naver_datalab_keyword,패션의류,,가디건,12.68369,0.497636521857857,kw_b02,,,50000000,False
2023-02-25,naver_datalab_keyword,패션의류,,반팔,1.95695,0.07677969040947337,kw_b02,,,50000000,False
2023-02-25,naver_datalab_keyword,패션의류,,자켓,3.95589,0.15520683180149294,kw_b02,,,50000000,False
2023-02-25,naver_datalab_keyword,패션의류,,패션_앵커,25.48786,1.0,kw_b02,,,50000000,True
2023-02-26,naver_datalab_keyword,패션의류,,코트,8.96146,0.35081814217251023,kw_b01,,,50000000,False
2023-02-26,naver_datalab_keyword,패션의류,,패딩,2.95551,0.11570062549766172,kw_b01,,,50000000,False
2023-02-26,naver_datalab_keyword,패션의류,,패션_앵커,25.54446,1.0,kw_b01,,,50000000,True
2023-02-26,naver_datalab_keyword,패션의류,,히트텍,0.33406,0.013077590992332584,kw_b01,,,50000000,False
2023-02-26,naver_datalab_keyword,패션의류,,가디건,12.57233,0.49217442842792525,kw_b02,,,50000000,False
2023-02-26,naver_datalab_keyword,패션의류,,반팔,2.18696,0.08561386695980264,kw_b02,,,50000000,False
2023-02-26,naver_datalab_keyword,패션의류,,자켓,4.38671,0.17172842956946438,kw_b02,,,50000000,False
2023-02-26,naver_datalab_keyword,패션의류,,패션_앵커,25.54446,1.0,kw_b02,,,50000000,True
2023-02-27,naver_datalab_keyword,패션의류,,코트,8.68215,0.2948540002085202,kw_b01,,,50000000,False
2023-02-27,naver_datalab_keyword,패션의류,,패딩,2.70176,0.09175431703015631,kw_b01,,,50000000,False
2023-02-27,naver_datalab_keyword,패션의류,,패션_앵커,29.44559,1.0,kw_b01,,,50000000,True
2023-02-27,naver_datalab_keyword,패션의류,,히트텍,0.33041,0.01122103513633111,kw_b01,,,50000000,False
2023-02-27,naver_datalab_keyword,패션의류,,가디건,11.90237,0.40421570768322185,kw_b02,,,50000000,False
2023-02-27,naver_datalab_keyword,패션의류,,반팔,2.41698,0.08208291971734986,kw_b02,,,50000000,False
2023-02-27,naver_datalab_keyword,패션의류,,자켓,3.94676,0.13403569091330825,kw_b02,,,50000000,False
2023-02-27,naver_datalab_keyword,패션의류,,패션_앵커,29.44559,1.0,kw_b02,,,50000000,True
2023-02-28,naver_datalab_keyword,패션의류,,코트,6.37288,0.23237704350159746,kw_b01,,,50000000,False
2023-02-28,naver_datalab_keyword,패션의류,,패딩,1.92044,0.0700258233988727,kw_b01,,,50000000,False
2023-02-28,naver_datalab_keyword,패션의류,,패션_앵커,27.42474,1.0,kw_b01,,,50000000,True
2023-02-28,naver_datalab_keyword,패션의류,,히트텍,0.19167,0.0069889450182572385,kw_b01,,,50000000,False
2023-02-28,naver_datalab_keyword,패션의류,,가디건,11.15208,0.40664305295145914,kw_b02,,,50000000,False
2023-02-28,naver_datalab_keyword,패션의류,,반팔,3.05226,0.11129585914032367,kw_b02,,,50000000,False
2023-02-28,naver_datalab_keyword,패션의류,,자켓,3.7204,0.1356585331346806,kw_b02,,,50000000,False
2023-02-28,naver_datalab_keyword,패션의류,,패션_앵커,27.42474,1.0,kw_b02,,,50000000,True
2023-03-01,naver_datalab_keyword,패션의류,,코트,8.29332,0.23839003681349807,kw_b01,,,50000000,False
2023-03-01,naver_datalab_keyword,패션의류,,패딩,2.47357,0.0711023381903465,kw_b01,,,50000000,False
2023-03-01,naver_datalab_keyword,패션의류,,패션_앵커,34.78887,1.0,kw_b01,,,50000000,True
2023-03-01,naver_datalab_keyword,패션의류,,히트텍,0.23001,0.0066115973298356626,kw_b01,,,50000000,False
2023-03-01,naver_datalab_keyword,패션의류,,가디건,13.32992,0.38316622528987,kw_b02,,,50000000,False
2023-03-01,naver_datalab_keyword,패션의류,,반팔,2.79486,0.08033776319840223,kw_b02,,,50000000,False
2023-03-01,naver_datalab_keyword,패션의류,,자켓,4.78468,0.1375347920182518,kw_b02,,,50000000,False
2023-03-01,naver_datalab_keyword,패션의류,,패션_앵커,34.78887,1.0,kw_b02,,,50000000,True
2023-03-02,naver_datalab_keyword,패션의류,,코트,5.71569,0.19524806833643107,kw_b01,,,50000000,False
2023-03-02,naver_datalab_keyword,패션의류,,패딩,1.95147,0.06666224863778392,kw_b01,,,50000000,False
2023-03-02,naver_datalab_keyword,패션의류,,패션_앵커,29.27399,1.0,kw_b01,,,50000000,True
2023-03-02,naver_datalab_keyword,패션의류,,히트텍,0.24279,0.008293710560125216,kw_b01,,,50000000,False
2023-03-02,naver_datalab_keyword,패션의류,,가디건,18.96347,0.647792460132698,kw_b02,,,50000000,False
2023-03-02,naver_datalab_keyword,패션의류,,반팔,2.27276,0.0776375205429803,kw_b02,,,50000000,False
2023-03-02,naver_datalab_keyword,패션의류,,자켓,3.41554,0.11667490492413231,kw_b02,,,50000000,False
2023-03-02,naver_datalab_keyword,패션의류,,패션_앵커,29.27399,1.0,kw_b02,,,50000000,True
2023-03-03,naver_datalab_keyword,패션의류,,코트,5.10779,0.1731969718445015,kw_b01,,,50000000,False
2023-03-03,naver_datalab_keyword,패션의류,,패딩,1.85107,0.06276681670002122,kw_b01,,,50000000,False
2023-03-03,naver_datalab_keyword,패션의류,,패션_앵커,29.49122,1.0,kw_b01,,,50000000,True
2023-03-03,naver_datalab_keyword,패션의류,,히트텍,0.14056,0.0047661643024601895,kw_b01,,,50000000,False
2023-03-03,naver_datalab_keyword,패션의류,,가디건,27.29148,0.9254103424680296,kw_b02,,,50000000,False
2023-03-03,naver_datalab_keyword,패션의류,,반팔,2.68898,0.09117900175035146,kw_b02,,,50000000,False
2023-03-03,naver_datalab_keyword,패션의류,,자켓,3.2056,0.10869675788251555,kw_b02,,,50000000,False
2023-03-03,naver_datalab_keyword,패션의류,,패션_앵커,29.49122,1.0,kw_b02,,,50000000,True
2023-03-04,naver_datalab_keyword,패션의류,,코트,6.34367,0.1769708348386215,kw_b01,,,50000000,False
2023-03-04,naver_datalab_keyword,패션의류,,패딩,2.09386,0.05841289856426894,kw_b01,,,50000000,False
2023-03-04,naver_datalab_keyword,패션의류,,패션_앵커,35.84585,1.0,kw_b01,,,50000000,True
2023-03-04,naver_datalab_keyword,패션의류,,히트텍,0.23366,0.0065184672702697805,kw_b01,,,50000000,False
2023-03-04,naver_datalab_keyword,패션의류,,가디건,17.127,0.47779589548022994,kw_b02,,,50000000,False
2023-03-04,naver_datalab_keyword,패션의류,,반팔,3.35895,0.09370540801794351,kw_b02,,,50000000,False
2023-03-04,naver_datalab_keyword,패션의류,,자켓,4.7938,0.13373375160583442,kw_b02,,,50000000,False
2023-03-04,naver_datalab_keyword,패션의류,,패션_앵커,35.84585,1.0,kw_b02,,,50000000,True
2023-03-05,naver_datalab_keyword,패션의류,,코트,7.83694,0.21922062373598217,kw_b01,,,50000000,False
2023-03-05,naver_datalab_keyword,패션의류,,패딩,1.56811,0.043864321059830874,kw_b01,,,50000000,False
2023-03-05,naver_datalab_keyword,패션의류,,패션_앵커,35.7491,1.0,kw_b01,,,50000000,True
2023-03-05,naver_datalab_keyword,패션의류,,히트텍,0.14604,0.004085137807665088,kw_b01,,,50000000,False
2023-03-05,naver_datalab_keyword,패션의류,,가디건,15.6246,0.4370627512301009,kw_b02,,,50000000,False
2023-03-05,naver_datalab_keyword,패션의류,,반팔,3.39181,0.09487819273771927,kw_b02,,,50000000,False
2023-03-05,naver_datalab_keyword,패션의류,,자켓,6.54995,0.18321999714678133,kw_b02,,,50000000,False
2023-03-05,naver_datalab_keyword,패션의류,,패션_앵커,35.7491,1.0,kw_b02,,,50000000,True
2023-03-06,naver_datalab_keyword,패션의류,,코트,5.31225,0.16018923875697552,kw_b01,,,50000000,False
2023-03-06,naver_datalab_keyword,패션의류,,패딩,1.27055,0.038313038223478806,kw_b01,,,50000000,False
2023-03-06,naver_datalab_keyword,패션의류,,패션_앵커,33.16234,1.0,kw_b01,,,50000000,True
2023-03-06,naver_datalab_keyword,패션의류,,히트텍,0.18072,0.005449555127895076,kw_b01,,,50000000,False
2023-03-06,naver_datalab_keyword,패션의류,,가디건,13.44675,0.4054825443560376,kw_b02,,,50000000,False
2023-03-06,naver_datalab_keyword,패션의류,,반팔,3.48126,0.10497630746201865,kw_b02,,,50000000,False
2023-03-06,naver_datalab_keyword,패션의류,,자켓,4.57839,0.13805991977646934,kw_b02,,,50000000,False
2023-03-06,naver_datalab_keyword,패션의류,,패션_앵커,33.16234,1.0,kw_b02,,,50000000,True
2023-03-07,naver_datalab_keyword,패션의류,,코트,4.73904,0.1310647350338141,kw_b01,,,50000000,False
2023-03-07,naver_datalab_keyword,패션의류,,패딩,1.01863,0.028171627808056914,kw_b01,,,50000000,False
2023-03-07,naver_datalab_keyword,패션의류,,패션_앵커,36.15801,1.0,kw_b01,,,50000000,True
2023-03-07,naver_datalab_keyword,패션의류,,히트텍,0.17342,0.004796171028217538,kw_b01,,,50000000,False
2023-03-07,naver_datalab_keyword,패션의류,,가디건,14.45261,0.3997070082120117,kw_b02,,,50000000,False
2023-03-07,naver_datalab_keyword,패션의류,,반팔,3.76786,0.10420540289689617,kw_b02,,,50000000,False
2023-03-07,naver_datalab_keyword,패션의류,,자켓,5.64814,0.15620715852448738,kw_b02,,,50000000,False
2023-03-07,naver_datalab_keyword,패션의류,,패션_앵커,36.15801,1.0,kw_b02,,,50000000,True
2023-03-08,naver_datalab_keyword,패션의류,,코트,4.02709,0.11472850946866534,kw_b01,,,50000000,False
2023-03-08,naver_datalab_keyword,패션의류,,패딩,1.03506,0.029488015169920896,kw_b01,,,50000000,False
2023-03-08,naver_datalab_keyword,패션의류,,패션_앵커,35.10104,1.0,kw_b01,,,50000000,True
2023-03-08,naver_datalab_keyword,패션의류,,히트텍,0.19533,0.005564792382220014,kw_b01,,,50000000,False
2023-03-08,naver_datalab_keyword,패션의류,,가디건,14.15323,0.4032139788450713,kw_b02,,,50000000,False
2023-03-08,naver_datalab_keyword,패션의류,,반팔,4.01796,0.11446840321540333,kw_b02,,,50000000,False
2023-03-08,naver_datalab_keyword,패션의류,,자켓,5.16803,0.1472329594792633,kw_b02,,,50000000,False
2023-03-08,naver_datalab_keyword,패션의류,,패션_앵커,35.10104,1.0,kw_b02,,,50000000,True
2023-03-09,naver_datalab_keyword,패션의류,,코트,3.62912,0.11723058127842037,kw_b01,,,50000000,False
2023-03-09,naver_datalab_keyword,패션의류,,패딩,0.70099,0.022643909589751758,kw_b01,,,50000000,False
2023-03-09,naver_datalab_keyword,패션의류,,패션_앵커,30.95711,1.0,kw_b01,,,50000000,True
2023-03-09,naver_datalab_keyword,패션의류,,히트텍,0.13691,0.004422570453120463,kw_b01,,,50000000,False
2023-03-09,naver_datalab_keyword,패션의류,,가디건,12.87537,0.41590994766630346,kw_b02,,,50000000,False
2023-03-09,naver_datalab_keyword,패션의류,,레인부츠,0.00182,5.879101763698226e-05,kw_b02,,,50000000,False
2023-03-09,naver_datalab_keyword,패션의류,,반팔,2.88614,0.09323027892461538,kw_b02,,,50000000,False
2023-03-09,naver_datalab_keyword,패션의류,,자켓,5.0585,0.16340349599817297,kw_b02,,,50000000,False
2023-03-09,naver_datalab_keyword,패션의류,,패션_앵커,30.95711,1.0,kw_b02,,,50000000,True
2023-03-10,naver_datalab_keyword,패션의류,,코트,3.07782,0.09320062016255042,kw_b01,,,50000000,False
2023-03-10,naver_datalab_keyword,패션의류,,패딩,0.64258,0.019458205646870723,kw_b01,,,50000000,False
2023-03-10,naver_datalab_keyword,패션의류,,패션_앵커,33.0236,1.0,kw_b01,,,50000000,True
2023-03-10,naver_datalab_keyword,패션의류,,히트텍,0.06754,0.002045204035901598,kw_b01,,,50000000,False
2023-03-10,naver_datalab_keyword,패션의류,,가디건,12.10682,0.3666111508133577,kw_b02,,,50000000,False
2023-03-10,naver_datalab_keyword,패션의류,,반팔,2.76383,0.08369257137319977,kw_b02,,,50000000,False
2023-03-10,naver_datalab_keyword,패션의류,,자켓,3.94129,0.11934767862982835,kw_b02,,,50000000,False
2023-03-10,naver_datalab_keyword,패션의류,,패션_앵커,33.0236,1.0,kw_b02,,,50000000,True
2023-03-11,naver_datalab_keyword,패션의류,,코트,3.08694,0.06411112977968976,kw_b01,,,50000000,False
2023-03-11,naver_datalab_keyword,패션의류,,패딩,0.49654,0.010312393626311868,kw_b01,,,50000000,False
2023-03-11,naver_datalab_keyword,패션의류,,패션_앵커,48.14983,1.0,kw_b01,,,50000000,True
2023-03-11,naver_datalab_keyword,패션의류,,히트텍,0.05841,0.0012130883951199827,kw_b01,,,50000000,False
2023-03-11,naver_datalab_keyword,패션의류,,가디건,14.1368,0.2936002058574246,kw_b02,,,50000000,False
2023-03-11,naver_datalab_keyword,패션의류,,반팔,3.75873,0.07806320396146778,kw_b02,,,50000000,False
2023-03-11,naver_datalab_keyword,패션의류,,자켓,6.45137,0.1339853120976751,kw_b02,,,50000000,False
2023-03-11,naver_datalab_keyword,패션의류,,패션_앵커,48.14983,1.0,kw_b02,,,50000000,True
2023-03-12,naver_datalab_keyword,패션의류,,코트,3.85184,0.0385184,kw_b01,,,50000000,False
2023-03-12,naver_datalab_keyword,패션의류,,패딩,0.70099,0.0070099,kw_b01,,,50000000,False
2023-03-12,naver_datalab_keyword,패션의류,,패션_앵커,100.0,1.0,kw_b01,,,50000000,True
2023-03-12,naver_datalab_keyword,패션의류,,히트텍,0.13143,0.0013143,kw_b01,,,50000000,False
2023-03-12,naver_datalab_keyword,패션의류,,가디건,17.03937,0.1703937,kw_b02,,,50000000,False
2023-03-12,naver_datalab_keyword,패션의류,,반팔,5.3086,0.053086,kw_b02,,,50000000,False
2023-03-12,naver_datalab_keyword,패션의류,,자켓,6.31994,0.0631994,kw_b02,,,50000000,False
2023-03-12,naver_datalab_keyword,패션의류,,패션_앵커,100.0,1.0,kw_b02,,,50000000,True
2023-03-13,naver_datalab_keyword,패션의류,,코트,3.06321,0.03229337111985586,kw_b01,,,50000000,False
2023-03-13,naver_datalab_keyword,패션의류,,패딩,0.70647,0.007447839976705668,kw_b01,,,50000000,False
2023-03-13,naver_datalab_keyword,패션의류,,패션_앵커,94.85569,1.0,kw_b01,,,50000000,True
2023-03-13,naver_datalab_keyword,패션의류,,히트텍,0.1223,0.0012893269765893855,kw_b01,,,50000000,False
2023-03-13,naver_datalab_keyword,패션의류,,가디건,12.54677,0.13227219157859693,kw_b02,,,50000000,False
2023-03-13,naver_datalab_keyword,패션의류,,반팔,4.4141,0.04653489948784306,kw_b02,,,50000000,False
2023-03-13,naver_datalab_keyword,패션의류,,자켓,4.63863,0.04890196887503533,kw_b02,,,50000000,False
2023-03-13,naver_datalab_keyword,패션의류,,패션_앵커,94.85569,1.0,kw_b02,,,50000000,True
2023-03-14,naver_datalab_keyword,패션의류,,코트,2.86058,0.029606763214824725,kw_b01,,,50000000,False
2023-03-14,naver_datalab_keyword,패션의류,,패딩,0.6517,0.0067450403719180275,kw_b01,,,50000000,False
2023-03-14,naver_datalab_keyword,패션의류,,패션_앵커,96.61914,1.0,kw_b01,,,50000000,True
2023-03-14,naver_datalab_keyword,패션의류,,히트텍,0.07667,0.000793528073216135,kw_b01,,,50000000,False
2023-03-14,naver_datalab_keyword,패션의류,,가디건,14.323,0.1482418493892618,kw_b02,,,50000000,False
2023-03-14,naver_datalab_keyword,패션의류,,반팔,4.40679,0.045609907105362356,kw_b02,,,50000000,False
2023-03-14,naver_datalab_keyword,패션의류,,자켓,4.75912,0.04925649307166261,kw_b02,,,50000000,False
2023-03-14,naver_datalab_keyword,패션의류,,패션_앵커,96.61914,1.0,kw_b02,,,50000000,True
2023-03-15,naver_datalab_keyword,패션의류,,코트,2.919,0.03289241644436021,kw_b01,,,50000000,False
2023-03-15,naver_datalab_keyword,패션의류,,패딩,0.61885,0.006973440190679108,kw_b01,,,50000000,False
2023-03-15,naver_datalab_keyword,패션의류,,패션_앵커,88.74386,1.0,kw_b01,,,50000000,True
2023-03-15,naver_datalab_keyword,패션의류,,히트텍,0.10222,0.0011518543367394659,kw_b01,,,50000000,False
2023-03-15,naver_datalab_keyword,패션의류,,가디건,13.13459,0.14800561976907473,kw_b02,,,50000000,False
2023-03-15,naver_datalab_keyword,패션의류,,반팔,3.5488,0.039989245453150225,kw_b02,,,50000000,False
2023-03-15,naver_datalab_keyword,패션의류,,자켓,4.60212,0.05185846096845461,kw_b02,,,50000000,False
2023-03-15,naver_datalab_keyword,패션의류,,패션_앵커,88.74386,1.0,kw_b02,,,50000000,True
2023-03-16,naver_datalab_keyword,패션의류,,코트,2.95186,0.05336280237417885,kw_b01,,,50000000,False
2023-03-16,naver_datalab_keyword,패션의류,,패딩,0.91093,0.016467507797358526,kw_b01,,,50000000,False
2023-03-16,naver_datalab_keyword,패션의류,,패션_앵커,55.31681,1.0,kw_b01,,,50000000,True
2023-03-16,naver_datalab_keyword,패션의류,,히트텍,0.08945,0.0016170491393122635,kw_b01,,,50000000,False
2023-03-16,naver_datalab_keyword,패션의류,,가디건,13.58732,0.24562732377373173,kw_b02,,,50000000,False
2023-03-16,naver_datalab_keyword,패션의류,,반팔,3.1052,0.056134834962464394,kw_b02,,,50000000,False
2023-03-16,naver_datalab_keyword,패션의류,,자켓,4.88143,0.08824496568041433,kw_b02,,,50000000,False
2023-03-16,naver_datalab_keyword,패션의류,,패션_앵커,55.31681,1.0,kw_b02,,,50000000,True
2023-03-17,naver_datalab_keyword,패션의류,,코트,3.06686,0.12661057071071116,kw_b01,,,50000000,False
2023-03-17,naver_datalab_keyword,패션의류,,패딩,0.59694,0.024643744442215138,kw_b01,,,50000000,False
2023-03-17,naver_datalab_keyword,패션의류,,패션_앵커,24.22278,1.0,kw_b01,,,50000000,True
2023-03-17,naver_datalab_keyword,패션의류,,히트텍,0.10587,0.004370679170598916,kw_b01,,,50000000,False
2023-03-17,naver_datalab_keyword,패션의류,,가디건,11.64862,0.48089525644868175,kw_b02,,,50000000,False
2023-03-17,naver_datalab_keyword,패션의류,,반팔,2.85693,0.11794393541946879,kw_b02,,,50000000,False
2023-03-17,naver_datalab_keyword,패션의류,,자켓,4.38306,0.1809478515678217,kw_b02,,,50000000,False
2023-03-17,naver_datalab_keyword,패션의류,,패션_앵커,24.22278,1.0,kw_b02,,,50000000,True
2023-03-18,naver_datalab_keyword,패션의류,,코트,3.34617,0.08391699410855387,kw_b01,,,50000000,False
2023-03-18,naver_datalab_keyword,패션의류,,패딩,0.78497,0.01968588651066489,kw_b01,,,50000000,False
2023-03-18,naver_datalab_keyword,패션의류,,패션_앵커,39.87476,1.0,kw_b01,,,50000000,True
2023-03-18,naver_datalab_keyword,패션의류,,히트텍,0.22088,0.005539343685077979,kw_b01,,,50000000,False
2023-03-18,naver_datalab_keyword,패션의류,,가디건,12.70377,0.31859176080307444,kw_b02,,,50000000,False
2023-03-18,naver_datalab_keyword,패션의류,,반팔,2.4042,0.06029377982463091,kw_b02,,,50000000,False
2023-03-18,naver_datalab_keyword,패션의류,,자켓,5.01469,0.12576100771515614,kw_b02,,,50000000,False
2023-03-18,naver_datalab_keyword,패션의류,,패션_앵커,39.87476,1.0,kw_b02,,,50000000,True
2023-03-19,naver_datalab_keyword,패션의류,,코트,3.50499,0.0765641243300074,kw_b01,,,50000000,False
2023-03-19,naver_datalab_keyword,패션의류,,패딩,0.64805,0.014156211792918465,kw_b01,,,50000000,False
2023-03-19,naver_datalab_keyword,패션의류,,패션_앵커,45.77849,1.0,kw_b01,,,50000000,True
2023-03-19,naver_datalab_keyword,패션의류,,히트텍,0.08579,0.0018740242415160484,kw_b01,,,50000000,False
2023-03-19,naver_datalab_keyword,패션의류,,가디건,14.13862,0.308848544370948,kw_b02,,,50000000,False
2023-03-19,naver_datalab_keyword,패션의류,,반팔,2.54294,0.055548795951985315,kw_b02,,,50000000,False
2023-03-19,naver_datalab_keyword,패션의류,,자켓,6.22136,0.13590138075764405,kw_b02,,,50000000,False
2023-03-19,naver_datalab_keyword,패션의류,,패션_앵커,45.77849,1.0,kw_b02,,,50000000,True
2023-03-20,naver_datalab_keyword,패션의류,,코트,2.4042,0.05755098787244947,kw_b01,,,50000000,False
2023-03-20,naver_datalab_keyword,패션의류,,패딩,0.37605,0.00900176731945538,kw_b01,,,50000000,False
2023-03-20,naver_datalab_keyword,패션의류,,패션_앵커,41.77513,1.0,kw_b01,,,50000000,True
2023-03-20,naver_datalab_keyword,패션의류,,히트텍,0.23731,0.005680652579656844,kw_b01,,,50000000,False
2023-03-20,naver_datalab_keyword,패션의류,,가디건,11.54274,0.2763065010210621,kw_b02,,,50000000,False
2023-03-20,naver_datalab_keyword,패션의류,,반팔,2.12125,0.050777819243171714,kw_b02,,,50000000,False
2023-03-20,naver_datalab_keyword,패션의류,,자켓,4.79928,0.11488366403647339,kw_b02,,,50000000,False
2023-03-20,naver_datalab_keyword,패션의류,,패션_앵커,41.77513,1.0,kw_b02,,,50000000,True
2023-03-21,naver_datalab_keyword,패션의류,,코트,2.29284,0.05243799968804874,kw_b01,,,50000000,False
2023-03-21,naver_datalab_keyword,패션의류,,패딩,0.63893,0.014612537787497158,kw_b01,,,50000000,False
2023-03-21,naver_datalab_keyword,패션의류,,패션_앵커,43.72478,1.0,kw_b01,,,50000000,True
2023-03-21,naver_datalab_keyword,패션의류,,히트텍,0.31033,0.007097348460072297,kw_b01,,,50000000,False
2023-03-21,naver_datalab_keyword,패션의류,,가디건,12.13786,0.2775968226712633,kw_b02,,,50000000,False
2023-03-21,naver_datalab_keyword,패션의류,,반팔,2.01354,0.04605031746300381,kw_b02,,,50000000,False
2023-03-21,naver_datalab_keyword,패션의류,,자켓,5.16621,0.11815291008897015,kw_b02,,,50000000,False
2023-03-21,naver_datalab_keyword,패션의류,,패션_앵커,43.72478,1.0,kw_b02,,,50000000,True
2023-03-22,naver_datalab_keyword,패션의류,,코트,2.17601,0.07195005578087606,kw_b01,,,50000000,False
2023-03-22,naver_datalab_keyword,패션의류,,패딩,0.59694,0.019737899319321215,kw_b01,,,50000000,False
2023-03-22,naver_datalab_keyword,패션의류,,패션_앵커,30.24334,1.0,kw_b01,,,50000000,True
2023-03-22,naver_datalab_keyword,패션의류,,히트텍,0.25192,0.008329767810036854,kw_b01,,,50000000,False
2023-03-22,naver_datalab_keyword,패션의류,,가디건,11.15756,0.3689261834175723,kw_b02,,,50000000,False
2023-03-22,naver_datalab_keyword,패션의류,,반팔,1.76892,0.05848957158832325,kw_b02,,,50000000,False
2023-03-22,naver_datalab_keyword,패션의류,,자켓,4.65871,0.1540408565985106,kw_b02,,,50000000,False
2023-03-22,naver_datalab_keyword,패션의류,,패션_앵커,30.24334,1.0,kw_b02,,,50000000,True
2023-03-23,naver_datalab_keyword,패션의류,,코트,1.6028,0.053064062241350775,kw_b01,,,50000000,False
2023-03-23,naver_datalab_keyword,패션의류,,패딩,0.35049,0.011603707995365007,kw_b01,,,50000000,False
2023-03-23,naver_datalab_keyword,패션의류,,패션_앵커,30.205,1.0,kw_b01,,,50000000,True
2023-03-23,naver_datalab_keyword,패션의류,,히트텍,0.06936,0.002296308558185731,kw_b01,,,50000000,False
2023-03-23,naver_datalab_keyword,패션의류,,가디건,11.02064,0.3648614467803344,kw_b02,,,50000000,False
2023-03-23,naver_datalab_keyword,패션의류,,반팔,2.23808,0.07409634166528721,kw_b02,,,50000000,False
2023-03-23,naver_datalab_keyword,패션의류,,자켓,4.43235,0.14674226121503062,kw_b02,,,50000000,False
2023-03-23,naver_datalab_keyword,패션의류,,패션_앵커,30.205,1.0,kw_b02,,,50000000,True
2023-03-24,naver_datalab_keyword,패션의류,,코트,1.64479,0.06279619631719144,kw_b01,,,50000000,False
2023-03-24,naver_datalab_keyword,패션의류,,패딩,0.61519,0.02348724883564042,kw_b01,,,50000000,False
2023-03-24,naver_datalab_keyword,패션의류,,패션_앵커,26.19251,1.0,kw_b01,,,50000000,True
2023-03-24,naver_datalab_keyword,패션의류,,히트텍,0.1935,0.007387608136829957,kw_b01,,,50000000,False
2023-03-24,naver_datalab_keyword,패션의류,,가디건,10.97683,0.4190827835896598,kw_b02,,,50000000,False
2023-03-24,naver_datalab_keyword,패션의류,,레인부츠,0.00547,0.0002088383282090949,kw_b02,,,50000000,False
2023-03-24,naver_datalab_keyword,패션의류,,반팔,2.75105,0.10503193470194343,kw_b02,,,50000000,False
2023-03-24,naver_datalab_keyword,패션의류,,자켓,4.2644,0.16280990252556934,kw_b02,,,50000000,False
2023-03-24,naver_datalab_keyword,패션의류,,패션_앵커,26.19251,1.0,kw_b02,,,50000000,True
2023-03-25,naver_datalab_keyword,패션의류,,코트,2.05188,0.07551730724570581,kw_b01,,,50000000,False
2023-03-25,naver_datalab_keyword,패션의류,,패딩,0.4728,0.017400911781278488,kw_b01,,,50000000,False
2023-03-25,naver_datalab_keyword,패션의류,,패션_앵커,27.17099,1.0,kw_b01,,,50000000,True
2023-03-25,naver_datalab_keyword,패션의류,,히트텍,0.1862,0.006852897152440894,kw_b01,,,50000000,False
2023-03-25,naver_datalab_keyword,패션의류,,가디건,9.61682,0.3539370483004116,kw_b02,,,50000000,False
2023-03-25,naver_datalab_keyword,패션의류,,반팔,0.94014,0.03460087394680871,kw_b02,,,50000000,False
2023-03-25,naver_datalab_keyword,패션의류,,자켓,4.11288,0.15137026659683728,kw_b02,,,50000000,False
2023-03-25,naver_datalab_keyword,패션의류,,패션_앵커,27.17099,1.0,kw_b02,,,50000000,True
2023-03-26,naver_datalab_keyword,패션의류,,코트,2.21982,0.07398815493576007,kw_b01,,,50000000,False
2023-03-26,naver_datalab_keyword,패션의류,,패딩,0.69734,0.023242830483058505,kw_b01,,,50000000,False
2023-03-26,naver_datalab_keyword,패션의류,,패션_앵커,30.00237,1.0,kw_b01,,,50000000,True
2023-03-26,naver_datalab_keyword,패션의류,,히트텍,0.23731,0.00790970846636449,kw_b01,,,50000000,False
2023-03-26,naver_datalab_keyword,패션의류,,가디건,11.72164,0.39069046878629926,kw_b02,,,50000000,False
2023-03-26,naver_datalab_keyword,패션의류,,반팔,1.26873,0.04228765927491728,kw_b02,,,50000000,False
2023-03-26,naver_datalab_keyword,패션의류,,자켓,4.39584,0.146516425202409,kw_b02,,,50000000,False
2023-03-26,naver_datalab_keyword,패션의류,,패션_앵커,30.00237,1.0,kw_b02,,,50000000,True
2023-03-27,naver_datalab_keyword,패션의류,,목도리,0.00182,7.1725042443885e-05,kw_b01,,,50000000,False
2023-03-27,naver_datalab_keyword,패션의류,,코트,2.06465,0.0813665433416303,kw_b01,,,50000000,False
2023-03-27,naver_datalab_keyword,패션의류,,패딩,0.77401,0.030503241814281004,kw_b01,,,50000000,False
2023-03-27,naver_datalab_keyword,패션의류,,패션_앵커,25.37468,1.0,kw_b01,,,50000000,True
2023-03-27,naver_datalab_keyword,패션의류,,히트텍,0.39431,0.015539506311015546,kw_b01,,,50000000,False
2023-03-27,naver_datalab_keyword,패션의류,,가디건,9.70079,0.3823019640050633,kw_b02,,,50000000,False
2023-03-27,naver_datalab_keyword,패션의류,,반팔,0.87989,0.03467590527249998,kw_b02,,,50000000,False
2023-03-27,naver_datalab_keyword,패션의류,,자켓,4.18591,0.16496405077817727,kw_b02,,,50000000,False
2023-03-27,naver_datalab_keyword,패션의류,,패션_앵커,25.37468,1.0,kw_b02,,,50000000,True
2023-03-28,naver_datalab_keyword,패션의류,,코트,1.66304,0.0640779983485767,kw_b01,,,50000000,False
2023-03-28,naver_datalab_keyword,패션의류,,패딩,0.55495,0.021382579603342458,kw_b01,,,50000000,False
2023-03-28,naver_datalab_keyword,패션의류,,패션_앵커,25.95337,1.0,kw_b01,,,50000000,True
2023-03-28,naver_datalab_keyword,패션의류,,히트텍,0.16612,0.006400710196787546,kw_b01,,,50000000,False
2023-03-28,naver_datalab_keyword,패션의류,,가디건,9.57483,0.36892434392913137,kw_b02,,,50000000,False
2023-03-28,naver_datalab_keyword,패션의류,,반팔,0.94926,0.03657559692633365,kw_b02,,,50000000,False
2023-03-28,naver_datalab_keyword,패션의류,,자켓,4.56926,0.17605651982767556,kw_b02,,,50000000,False
2023-03-28,naver_datalab_keyword,패션의류,,패션_앵커,25.95337,1.0,kw_b02,,,50000000,True
2023-03-29,naver_datalab_keyword,패션의류,,코트,1.62105,0.060572646072353124,kw_b01,,,50000000,False
2023-03-29,naver_datalab_keyword,패션의류,,패딩,0.24279,0.00907216479436576,kw_b01,,,50000000,False
2023-03-29,naver_datalab_keyword,패션의류,,패션_앵커,26.76208,1.0,kw_b01,,,50000000,True
2023-03-29,naver_datalab_keyword,패션의류,,히트텍,0.05293,0.001977798437191728,kw_b01,,,50000000,False
2023-03-29,naver_datalab_keyword,패션의류,,가디건,10.41822,0.3892903690595051,kw_b02,,,50000000,False
2023-03-29,naver_datalab_keyword,패션의류,,반팔,0.86164,0.03219630163275799,kw_b02,,,50000000,False
2023-03-29,naver_datalab_keyword,패션의류,,자켓,4.24615,0.15866292903989526,kw_b02,,,50000000,False
2023-03-29,naver_datalab_keyword,패션의류,,패션_앵커,26.76208,1.0,kw_b02,,,50000000,True
2023-03-30,naver_datalab_keyword,패션의류,,코트,1.6959,0.05477578715767959,kw_b01,,,50000000,False
2023-03-30,naver_datalab_keyword,패션의류,,패딩,0.39613,0.012794582561926773,kw_b01,,,50000000,False
2023-03-30,naver_datalab_keyword,패션의류,,패션_앵커,30.96076,1.0,kw_b01,,,50000000,True
2023-03-30,naver_datalab_keyword,패션의류,,히트텍,0.32311,0.010436113325383486,kw_b01,,,50000000,False
2023-03-30,naver_datalab_keyword,패션의류,,가디건,9.26997,0.299410285794018,kw_b02,,,50000000,False
2023-03-30,naver_datalab_keyword,패션의류,,반팔,1.04784,0.033844130441242404,kw_b02,,,50000000,False
2023-03-30,naver_datalab_keyword,패션의류,,자켓,3.97415,0.12836086711049727,kw_b02,,,50000000,False
2023-03-30,naver_datalab_keyword,패션의류,,패션_앵커,30.96076,1.0,kw_b02,,,50000000,True
2023-03-31,naver_datalab_keyword,패션의류,,코트,1.24135,0.045472728085284395,kw_b01,,,50000000,False
2023-03-31,naver_datalab_keyword,패션의류,,패딩,0.41621,0.01524646888981852,kw_b01,,,50000000,False
2023-03-31,naver_datalab_keyword,패션의류,,패션_앵커,27.29878,1.0,kw_b01,,,50000000,True
2023-03-31,naver_datalab_keyword,패션의류,,히트텍,0.21723,0.007957498466964457,kw_b01,,,50000000,False
2023-03-31,naver_datalab_keyword,패션의류,,가디건,7.24365,0.2653470228339874,kw_b02,,,50000000,False
2023-03-31,naver_datalab_keyword,패션의류,,반팔,1.34175,0.04915054811973282,kw_b02,,,50000000,False
2023-03-31,naver_datalab_keyword,패션의류,,자켓,3.78429,0.13862487627652223,kw_b02,,,50000000,False
2023-03-31,naver_datalab_keyword,패션의류,,패션_앵커,27.29878,1.0,kw_b02,,,50000000,True
2023-04-01,naver_datalab_keyword,패션의류,,코트,1.39469,0.04244901561831831,kw_b01,,,50000000,False
2023-04-01,naver_datalab_keyword,패션의류,,패딩,0.31398,0.009556347234037373,kw_b01,,,50000000,False
2023-04-01,naver_datalab_keyword,패션의류,,패션_앵커,32.85565,1.0,kw_b01,,,50000000,True
2023-04-01,naver_datalab_keyword,패션의류,,히트텍,0.23366,0.007111714423546636,kw_b01,,,50000000,False
2023-04-01,naver_datalab_keyword,패션의류,,가디건,9.31926,0.2836425394110298,kw_b02,,,50000000,False
2023-04-01,naver_datalab_keyword,패션의류,,반팔,2.24903,0.0684518492253235,kw_b02,,,50000000,False
2023-04-01,naver_datalab_keyword,패션의류,,자켓,3.50864,0.10678954761205456,kw_b02,,,50000000,False
2023-04-01,naver_datalab_keyword,패션의류,,패션_앵커,32.85565,1.0,kw_b02,,,50000000,True
2023-04-02,naver_datalab_keyword,패션의류,,코트,1.3454,0.04013706386667836,kw_b01,,,50000000,False
2023-04-02,naver_datalab_keyword,패션의류,,패딩,0.39066,0.011654485929951367,kw_b01,,,50000000,False
2023-04-02,naver_datalab_keyword,패션의류,,패션_앵커,33.52014,1.0,kw_b01,,,50000000,True
2023-04-02,naver_datalab_keyword,패션의류,,히트텍,0.21906,0.006535175569075786,kw_b01,,,50000000,False
2023-04-02,naver_datalab_keyword,패션의류,,가디건,10.46203,0.31211176325635875,kw_b02,,,50000000,False
2023-04-02,naver_datalab_keyword,패션의류,,반팔,2.61596,0.07804144016104944,kw_b02,,,50000000,False
2023-04-02,naver_datalab_keyword,패션의류,,자켓,3.51229,0.10478148360955535,kw_b02,,,50000000,False
2023-04-02,naver_datalab_keyword,패션의류,,패션_앵커,33.52014,1.0,kw_b02,,,50000000,True
2023-04-03,naver_datalab_keyword,패션의류,,코트,1.08253,0.033973023185749615,kw_b01,,,50000000,False
2023-04-03,naver_datalab_keyword,패션의류,,패딩,0.48011,0.015067285120698961,kw_b01,,,50000000,False
2023-04-03,naver_datalab_keyword,패션의류,,패션_앵커,31.8644,1.0,kw_b01,,,50000000,True
2023-04-03,naver_datalab_keyword,패션의류,,히트텍,0.25922,0.008135097475552655,kw_b01,,,50000000,False
2023-04-03,naver_datalab_keyword,패션의류,,가디건,9.79024,0.3072469589887147,kw_b02,,,50000000,False
2023-04-03,naver_datalab_keyword,패션의류,,반팔,2.28007,0.07155540352242627,kw_b02,,,50000000,False
2023-04-03,naver_datalab_keyword,패션의류,,자켓,3.26585,0.10249212287066443,kw_b02,,,50000000,False
2023-04-03,naver_datalab_keyword,패션의류,,패션_앵커,31.8644,1.0,kw_b02,,,50000000,True
2023-04-04,naver_datalab_keyword,패션의류,,코트,1.15007,0.035412985736517556,kw_b01,,,50000000,False
2023-04-04,naver_datalab_keyword,패션의류,,패딩,0.43994,0.013546644069424933,kw_b01,,,50000000,False
2023-04-04,naver_datalab_keyword,패션의류,,패션_앵커,32.47594,1.0,kw_b01,,,50000000,True
2023-04-04,naver_datalab_keyword,패션의류,,히트텍,0.27747,0.008543863549446144,kw_b01,,,50000000,False
2023-04-04,naver_datalab_keyword,패션의류,,가디건,9.54927,0.29404137339827574,kw_b02,,,50000000,False
2023-04-04,naver_datalab_keyword,패션의류,,반팔,1.80543,0.055592848120793424,kw_b02,,,50000000,False
2023-04-04,naver_datalab_keyword,패션의류,,자켓,3.1983,0.09848213785343858,kw_b02,,,50000000,False
2023-04-04,naver_datalab_keyword,패션의류,,패션_앵커,32.47594,1.0,kw_b02,,,50000000,True
2023-04-05,naver_datalab_keyword,패션의류,,코트,1.21761,0.04002848258252602,kw_b01,,,50000000,False
2023-04-05,naver_datalab_keyword,패션의류,,패딩,0.33772,0.011102421249637147,kw_b01,,,50000000,False
2023-04-05,naver_datalab_keyword,패션의류,,패션_앵커,30.41859,1.0,kw_b01,,,50000000,True
2023-04-05,naver_datalab_keyword,패션의류,,히트텍,0.19898,0.006541394587980574,kw_b01,,,50000000,False
2023-04-05,naver_datalab_keyword,패션의류,,가디건,8.59818,0.28266201687849435,kw_b02,,,50000000,False
2023-04-05,naver_datalab_keyword,패션의류,,레인부츠,0.00182,5.983183309943032e-05,kw_b02,,,50000000,False
2023-04-05,naver_datalab_keyword,패션의류,,반팔,1.75249,0.05761246658704431,kw_b02,,,50000000,False
2023-04-05,naver_datalab_keyword,패션의류,,자켓,3.49951,0.11504510892845461,kw_b02,,,50000000,False
2023-04-05,naver_datalab_keyword,패션의류,,패션_앵커,30.41859,1.0,kw_b02,,,50000000,True
2023-04-06,naver_datalab_keyword,패션의류,,코트,1.2669,0.04777606905035399,kw_b01,,,50000000,False
2023-04-06,naver_datalab_keyword,패션의류,,패딩,0.3651,0.013768287007880844,kw_b01,,,50000000,False
2023-04-06,naver_datalab_keyword,패션의류,,패션_앵커,26.51746,1.0,kw_b01,,,50000000,True
2023-04-06,naver_datalab_keyword,패션의류,,히트텍,0.1935,0.007297078981169388,kw_b01,,,50000000,False
2023-04-06,naver_datalab_keyword,패션의류,,가디건,8.5781,0.3234887504308482,kw_b02,,,50000000,False
2023-04-06,naver_datalab_keyword,패션의류,,레인부츠,0.00912,0.00034392434267837115,kw_b02,,,50000000,False
2023-04-06,naver_datalab_keyword,패션의류,,반팔,1.45493,0.054866868847921337,kw_b02,,,50000000,False
2023-04-06,naver_datalab_keyword,패션의류,,자켓,3.17822,0.11985386232316368,kw_b02,,,50000000,False
2023-04-06,naver_datalab_keyword,패션의류,,패션_앵커,26.51746,1.0,kw_b02,,,50000000,True
2023-04-07,naver_datalab_keyword,패션의류,,코트,1.19571,0.048695114605846544,kw_b01,,,50000000,False
2023-04-07,naver_datalab_keyword,패션의류,,패딩,0.46915,0.019106065030260605,kw_b01,,,50000000,False
2023-04-07,naver_datalab_keyword,패션의류,,패션_앵커,24.55503,1.0,kw_b01,,,50000000,True
2023-04-07,naver_datalab_keyword,패션의류,,히트텍,0.19167,0.007805732674731003,kw_b01,,,50000000,False
2023-04-07,naver_datalab_keyword,패션의류,,가디건,7.03554,0.28652133595438495,kw_b02,,,50000000,False
2023-04-07,naver_datalab_keyword,패션의류,,반팔,0.89997,0.0366511464249891,kw_b02,,,50000000,False
2023-04-07,naver_datalab_keyword,패션의류,,자켓,2.35309,0.09582924557616097,kw_b02,,,50000000,False
2023-04-07,naver_datalab_keyword,패션의류,,패션_앵커,24.55503,1.0,kw_b02,,,50000000,True
2023-04-08,naver_datalab_keyword,패션의류,,코트,1.19388,0.04421279974402882,kw_b01,,,50000000,False
2023-04-08,naver_datalab_keyword,패션의류,,패딩,0.34502,0.012777079913965242,kw_b01,,,50000000,False
2023-04-08,naver_datalab_keyword,패션의류,,패션_앵커,27.00304,1.0,kw_b01,,,50000000,True
2023-04-08,naver_datalab_keyword,패션의류,,히트텍,0.14421,0.00534050980926592,kw_b01,,,50000000,False
2023-04-08,naver_datalab_keyword,패션의류,,가디건,7.61423,0.28197677002293076,kw_b02,,,50000000,False
2023-04-08,naver_datalab_keyword,패션의류,,레인부츠,0.00365,0.00013516996604826716,kw_b02,,,50000000,False
2023-04-08,naver_datalab_keyword,패션의류,,반팔,1.09531,0.0405624700033774,kw_b02,,,50000000,False
2023-04-08,naver_datalab_keyword,패션의류,,자켓,3.0121,0.11154669992711932,kw_b02,,,50000000,False
2023-04-08,naver_datalab_keyword,패션의류,,패션_앵커,27.00304,1.0,kw_b02,,,50000000,True
2023-04-09,naver_datalab_keyword,패션의류,,코트,1.51152,0.048415134021503534,kw_b01,,,50000000,False
2023-04-09,naver_datalab_keyword,패션의류,,패딩,0.35597,0.011401989558612928,kw_b01,,,50000000,False
2023-04-09,naver_datalab_keyword,패션의류,,패션_앵커,31.21999,1.0,kw_b01,,,50000000,True
2023-04-09,naver_datalab_keyword,패션의류,,히트텍,0.115,0.003683537374611587,kw_b01,,,50000000,False
2023-04-09,naver_datalab_keyword,패션의류,,가디건,8.81724,0.28242289635582846,kw_b02,,,50000000,False
2023-04-09,naver_datalab_keyword,패션의류,,반팔,1.44398,0.04625177650601426,kw_b02,,,50000000,False
2023-04-09,naver_datalab_keyword,패션의류,,자켓,3.41371,0.10934372496595932,kw_b02,,,50000000,False
2023-04-09,naver_datalab_keyword,패션의류,,패션_앵커,31.21999,1.0,kw_b02,,,50000000,True
2023-04-10,naver_datalab_keyword,패션의류,,코트,1.24682,0.04423833963415608,kw_b01,,,50000000,False
2023-04-10,naver_datalab_keyword,패션의류,,패딩,0.19533,0.006930491073883726,kw_b01,,,50000000,False
2023-04-10,naver_datalab_keyword,패션의류,,패션_앵커,28.18415,1.0,kw_b01,,,50000000,True
2023-04-10,naver_datalab_keyword,패션의류,,히트텍,0.11135,0.003950802135242681,kw_b01,,,50000000,False
2023-04-10,naver_datalab_keyword,패션의류,,가디건,8.63469,0.30636687641812865,kw_b02,,,50000000,False
2023-04-10,naver_datalab_keyword,패션의류,,반팔,1.26508,0.044886221511026586,kw_b02,,,50000000,False
2023-04-10,naver_datalab_keyword,패션의류,,자켓,3.20925,0.11386719131142858,kw_b02,,,50000000,False
2023-04-10,naver_datalab_keyword,패션의류,,패션_앵커,28.18415,1.0,kw_b02,,,50000000,True
2023-04-11,naver_datalab_keyword,패션의류,,코트,1.20484,0.03974942330938593,kw_b01,,,50000000,False
2023-04-11,naver_datalab_keyword,패션의류,,패딩,0.2793,0.00921451307253369,kw_b01,,,50000000,False
2023-04-11,naver_datalab_keyword,패션의류,,패션_앵커,30.31088,1.0,kw_b01,,,50000000,True
2023-04-11,naver_datalab_keyword,패션의류,,히트텍,0.15334,0.0050589095400727395,kw_b01,,,50000000,False
2023-04-11,naver_datalab_keyword,패션의류,,가디건,8.10894,0.2675257201374556,kw_b02,,,50000000,False
2023-04-11,naver_datalab_keyword,패션의류,,반팔,1.06245,0.03505177018945012,kw_b02,,,50000000,False
2023-04-11,naver_datalab_keyword,패션의류,,자켓,3.92303,0.1294264633689289,kw_b02,,,50000000,False
2023-04-11,naver_datalab_keyword,패션의류,,패션_앵커,30.31088,1.0,kw_b02,,,50000000,True
2023-04-12,naver_datalab_keyword,패션의류,,코트,1.18293,0.0438576880254753,kw_b01,,,50000000,False
2023-04-12,naver_datalab_keyword,패션의류,,패딩,0.22453,0.00832455571535084,kw_b01,,,50000000,False
2023-04-12,naver_datalab_keyword,패션의류,,패션_앵커,26.97201,1.0,kw_b01,,,50000000,True
2023-04-12,naver_datalab_keyword,패션의류,,히트텍,0.12961,0.004805351918525909,kw_b01,,,50000000,False
2023-04-12,naver_datalab_keyword,패션의류,,가디건,7.73289,0.2867005462329281,kw_b02,,,50000000,False
2023-04-12,naver_datalab_keyword,패션의류,,반팔,1.11356,0.041285762536792774,kw_b02,,,50000000,False
2023-04-12,naver_datalab_keyword,패션의류,,자켓,3.2987,0.12230085929821323,kw_b02,,,50000000,False
2023-04-12,naver_datalab_keyword,패션의류,,패션_앵커,26.97201,1.0,kw_b02,,,50000000,True
2023-04-13,naver_datalab_keyword,패션의류,,코트,0.94561,0.03607213129262444,kw_b01,,,50000000,False
2023-04-13,naver_datalab_keyword,패션의류,,패딩,0.26835,0.010236732302297743,kw_b01,,,50000000,False
2023-04-13,naver_datalab_keyword,패션의류,,패션_앵커,26.21442,1.0,kw_b01,,,50000000,True
2023-04-13,naver_datalab_keyword,패션의류,,히트텍,0.13508,0.0051528891350638316,kw_b01,,,50000000,False
2023-04-13,naver_datalab_keyword,패션의류,,가디건,8.23125,0.3139970291160361,kw_b02,,,50000000,False
2023-04-13,naver_datalab_keyword,패션의류,,반팔,1.17745,0.04491611868582254,kw_b02,,,50000000,False
2023-04-13,naver_datalab_keyword,패션의류,,자켓,3.27132,0.12479085938197373,kw_b02,,,50000000,False
2023-04-13,naver_datalab_keyword,패션의류,,패션_앵커,26.21442,1.0,kw_b02,,,50000000,True
2023-04-14,naver_datalab_keyword,패션의류,,코트,0.95291,0.03675760371792182,kw_b01,,,50000000,False
2023-04-14,naver_datalab_keyword,패션의류,,패딩,0.272,0.010492143236270722,kw_b01,,,50000000,False
2023-04-14,naver_datalab_keyword,패션의류,,패션_앵커,25.92416,1.0,kw_b01,,,50000000,True
2023-04-14,naver_datalab_keyword,패션의류,,히트텍,0.16612,0.00640792218532828,kw_b01,,,50000000,False
2023-04-14,naver_datalab_keyword,패션의류,,가디건,7.09761,0.2737836057176009,kw_b02,,,50000000,False
2023-04-14,naver_datalab_keyword,패션의류,,레인부츠,0.00547,0.00021100008640588546,kw_b02,,,50000000,False
2023-04-14,naver_datalab_keyword,패션의류,,반팔,1.10261,0.04253213990347229,kw_b02,,,50000000,False
2023-04-14,naver_datalab_keyword,패션의류,,자켓,3.44109,0.1327367984150692,kw_b02,,,50000000,False
2023-04-14,naver_datalab_keyword,패션의류,,패션_앵커,25.92416,1.0,kw_b02,,,50000000,True
2023-04-15,naver_datalab_keyword,패션의류,,코트,1.17198,0.03896807323196807,kw_b01,,,50000000,False
2023-04-15,naver_datalab_keyword,패션의류,,패딩,0.47828,0.01590270317359143,kw_b01,,,50000000,False
2023-04-15,naver_datalab_keyword,패션의류,,패션_앵커,30.07539,1.0,kw_b01,,,50000000,True
2023-04-15,naver_datalab_keyword,패션의류,,히트텍,0.15881,0.0052803970289329585,kw_b01,,,50000000,False
2023-04-15,naver_datalab_keyword,패션의류,,가디건,8.75517,0.2911074469857249,kw_b02,,,50000000,False
2023-04-15,naver_datalab_keyword,패션의류,,반팔,1.62288,0.05396039752102966,kw_b02,,,50000000,False
2023-04-15,naver_datalab_keyword,패션의류,,자켓,4.13844,0.1376022056571835,kw_b02,,,50000000,False
2023-04-15,naver_datalab_keyword,패션의류,,패션_앵커,30.07539,1.0,kw_b02,,,50000000,True
2023-04-16,naver_datalab_keyword,패션의류,,코트,1.04237,0.03148260010752234,kw_b01,,,50000000,False
2023-04-16,naver_datalab_keyword,패션의류,,패딩,0.46185,0.013949210798141917,kw_b01,,,50000000,False
2023-04-16,naver_datalab_keyword,패션의류,,패션_앵커,33.1094,1.0,kw_b01,,,50000000,True
2023-04-16,naver_datalab_keyword,패션의류,,히트텍,0.13691,0.004135079463838064,kw_b01,,,50000000,False
2023-04-16,naver_datalab_keyword,패션의류,,가디건,9.60769,0.29018013011410654,kw_b02,,,50000000,False
2023-04-16,naver_datalab_keyword,패션의류,,반팔,1.36913,0.04135170072547373,kw_b02,,,50000000,False
2023-04-16,naver_datalab_keyword,패션의류,,자켓,4.54188,0.13717796154566375,kw_b02,,,50000000,False
2023-04-16,naver_datalab_keyword,패션의류,,패션_앵커,33.1094,1.0,kw_b02,,,50000000,True
2023-04-17,naver_datalab_keyword,패션의류,,코트,0.90363,0.033074945425955724,kw_b01,,,50000000,False
2023-04-17,naver_datalab_keyword,패션의류,,패딩,0.34502,0.012628529011722988,kw_b01,,,50000000,False
2023-04-17,naver_datalab_keyword,패션의류,,패션_앵커,27.32068,1.0,kw_b01,,,50000000,True
2023-04-17,naver_datalab_keyword,패션의류,,히트텍,0.08214,0.003006513747095607,kw_b01,,,50000000,False
2023-04-17,naver_datalab_keyword,패션의류,,가디건,13.74796,0.5032070944061422,kw_b02,,,50000000,False
2023-04-17,naver_datalab_keyword,패션의류,,레인부츠,0.00182,6.661620428188464e-05,kw_b02,,,50000000,False
2023-04-17,naver_datalab_keyword,패션의류,,반팔,1.1519,0.042162200940825775,kw_b02,,,50000000,False
2023-04-17,naver_datalab_keyword,패션의류,,자켓,3.71857,0.13610825206400426,kw_b02,,,50000000,False
2023-04-17,naver_datalab_keyword,패션의류,,패션_앵커,27.32068,1.0,kw_b02,,,50000000,True
2023-04-18,naver_datalab_keyword,패션의류,,코트,1.17563,0.04060264166009314,kw_b01,,,50000000,False
2023-04-18,naver_datalab_keyword,패션의류,,패딩,0.27565,0.009520102560843697,kw_b01,,,50000000,False
2023-04-18,naver_datalab_keyword,패션의류,,패션_앵커,28.95452,1.0,kw_b01,,,50000000,True
2023-04-18,naver_datalab_keyword,패션의류,,히트텍,0.18985,0.006556834649650556,kw_b01,,,50000000,False
2023-04-18,naver_datalab_keyword,패션의류,,가디건,8.60731,0.29726999446027774,kw_b02,,,50000000,False
2023-04-18,naver_datalab_keyword,패션의류,,반팔,1.05149,0.0363152281578144,kw_b02,,,50000000,False
2023-04-18,naver_datalab_keyword,패션의류,,자켓,3.16179,0.10919849474278973,kw_b02,,,50000000,False
2023-04-18,naver_datalab_keyword,패션의류,,패션_앵커,28.95452,1.0,kw_b02,,,50000000,True
2023-04-19,naver_datalab_keyword,패션의류,,코트,0.92918,0.028019132546135164,kw_b01,,,50000000,False
2023-04-19,naver_datalab_keyword,패션의류,,패딩,0.17159,0.005174242830873816,kw_b01,,,50000000,False
2023-04-19,naver_datalab_keyword,패션의류,,패션_앵커,33.16234,1.0,kw_b01,,,50000000,True
2023-04-19,naver_datalab_keyword,패션의류,,히트텍,0.17342,0.0052294259090281325,kw_b01,,,50000000,False
2023-04-19,naver_datalab_keyword,패션의류,,가디건,7.73471,0.23323776307703256,kw_b02,,,50000000,False
2023-04-19,naver_datalab_keyword,패션의류,,반팔,1.82186,0.05493761899793561,kw_b02,,,50000000,False
2023-04-19,naver_datalab_keyword,패션의류,,자켓,3.18917,0.09616842478546447,kw_b02,,,50000000,False
2023-04-19,naver_datalab_keyword,패션의류,,패션_앵커,33.16234,1.0,kw_b02,,,50000000,True
2023-04-20,naver_datalab_keyword,패션의류,,코트,0.75028,0.0263949633282111,kw_b01,,,50000000,False
2023-04-20,naver_datalab_keyword,패션의류,,패딩,0.15699,0.005522931829311538,kw_b01,,,50000000,False
2023-04-20,naver_datalab_keyword,패션의류,,패션_앵커,28.42512,1.0,kw_b01,,,50000000,True
2023-04-20,naver_datalab_keyword,패션의류,,히트텍,0.18802,0.006614571899784416,kw_b01,,,50000000,False
2023-04-20,naver_datalab_keyword,패션의류,,가디건,6.66861,0.23460270352420676,kw_b02,,,50000000,False
2023-04-20,naver_datalab_keyword,패션의류,,반팔,2.26911,0.07982763133453791,kw_b02,,,50000000,False
2023-04-20,naver_datalab_keyword,패션의류,,자켓,2.5758,0.09061703169590841,kw_b02,,,50000000,False
2023-04-20,naver_datalab_keyword,패션의류,,패션_앵커,28.42512,1.0,kw_b02,,,50000000,True
2023-04-21,naver_datalab_keyword,패션의류,,코트,0.64623,0.023872032342110015,kw_b01,,,50000000,False
2023-04-21,naver_datalab_keyword,패션의류,,패딩,0.16247,0.006001716253690814,kw_b01,,,50000000,False
2023-04-21,naver_datalab_keyword,패션의류,,패션_앵커,27.07059,1.0,kw_b01,,,50000000,True
2023-04-21,naver_datalab_keyword,패션의류,,히트텍,0.12048,0.004450586411304667,kw_b01,,,50000000,False
2023-04-21,naver_datalab_keyword,패션의류,,가디건,6.73433,0.24876923628188377,kw_b02,,,50000000,False
2023-04-21,naver_datalab_keyword,패션의류,,반팔,1.58272,0.0584664020991046,kw_b02,,,50000000,False
2023-04-21,naver_datalab_keyword,패션의류,,자켓,2.30562,0.08517065937609782,kw_b02,,,50000000,False
2023-04-21,naver_datalab_keyword,패션의류,,패션_앵커,27.07059,1.0,kw_b02,,,50000000,True
2023-04-22,naver_datalab_keyword,패션의류,,코트,0.74481,0.02368785123414974,kw_b01,,,50000000,False
2023-04-22,naver_datalab_keyword,패션의류,,패딩,0.32129,0.010218270059505069,kw_b01,,,50000000,False
2023-04-22,naver_datalab_keyword,패션의류,,패션_앵커,31.4427,1.0,kw_b01,,,50000000,True
2023-04-22,naver_datalab_keyword,패션의류,,히트텍,0.12778,0.004063900364790556,kw_b01,,,50000000,False
2023-04-22,naver_datalab_keyword,패션의류,,가디건,6.82743,0.21713879533246191,kw_b02,,,50000000,False
2023-04-22,naver_datalab_keyword,패션의류,,레인부츠,0.00182,5.7883069838150035e-05,kw_b02,,,50000000,False
2023-04-22,naver_datalab_keyword,패션의류,,반팔,1.5243,0.048478661183676976,kw_b02,,,50000000,False
2023-04-22,naver_datalab_keyword,패션의류,,자켓,2.63239,0.08372022758859768,kw_b02,,,50000000,False
2023-04-22,naver_datalab_keyword,패션의류,,패션_앵커,31.4427,1.0,kw_b02,,,50000000,True
2023-04-23,naver_datalab_keyword,패션의류,,코트,0.6517,0.01854133177802751,kw_b01,,,50000000,False
2023-04-23,naver_datalab_keyword,패션의류,,패딩,0.25192,0.007167304436889199,kw_b01,,,50000000,False
2023-04-23,naver_datalab_keyword,패션의류,,패션_앵커,35.1485,1.0,kw_b01,,,50000000,True
2023-04-23,naver_datalab_keyword,패션의류,,히트텍,0.16612,0.004726232982915345,kw_b01,,,50000000,False
2023-04-23,naver_datalab_keyword,패션의류,,가디건,8.00489,0.22774485397669886,kw_b02,,,50000000,False
2023-04-23,naver_datalab_keyword,패션의류,,반팔,1.82916,0.05204091212996287,kw_b02,,,50000000,False
2023-04-23,naver_datalab_keyword,패션의류,,자켓,3.30236,0.09395450730472141,kw_b02,,,50000000,False
2023-04-23,naver_datalab_keyword,패션의류,,패션_앵커,35.1485,1.0,kw_b02,,,50000000,True
2023-04-24,naver_datalab_keyword,패션의류,,코트,0.66266,0.022553501857789666,kw_b01,,,50000000,False
2023-04-24,naver_datalab_keyword,패션의류,,패딩,0.29573,0.010065111979603624,kw_b01,,,50000000,False
2023-04-24,naver_datalab_keyword,패션의류,,패션_앵커,29.38169,1.0,kw_b01,,,50000000,True
2023-04-24,naver_datalab_keyword,패션의류,,히트텍,0.14239,0.0048462154491453685,kw_b01,,,50000000,False
2023-04-24,naver_datalab_keyword,패션의류,,가디건,9.50729,0.32357873219682054,kw_b02,,,50000000,False
2023-04-24,naver_datalab_keyword,패션의류,,반팔,1.69773,0.057781904308431546,kw_b02,,,50000000,False
2023-04-24,naver_datalab_keyword,패션의류,,자켓,3.24576,0.11046879876548968,kw_b02,,,50000000,False
2023-04-24,naver_datalab_keyword,패션의류,,패션_앵커,29.38169,1.0,kw_b02,,,50000000,True
2023-04-25,naver_datalab_keyword,패션의류,,코트,0.78314,0.025900887120432144,kw_b01,,,50000000,False
2023-04-25,naver_datalab_keyword,패션의류,,패딩,0.35962,0.011893757216142463,kw_b01,,,50000000,False
2023-04-25,naver_datalab_keyword,패션의류,,패션_앵커,30.23603,1.0,kw_b01,,,50000000,True
2023-04-25,naver_datalab_keyword,패션의류,,히트텍,0.14421,0.004769475357710652,kw_b01,,,50000000,False
2023-04-25,naver_datalab_keyword,패션의류,,가디건,8.17831,0.2704822690015852,kw_b02,,,50000000,False
2023-04-25,naver_datalab_keyword,패션의류,,반팔,1.17198,0.03876104104937057,kw_b02,,,50000000,False
2023-04-25,naver_datalab_keyword,패션의류,,자켓,3.11615,0.10306081850031239,kw_b02,,,50000000,False
2023-04-25,naver_datalab_keyword,패션의류,,패션_앵커,30.23603,1.0,kw_b02,,,50000000,True
2023-04-26,naver_datalab_keyword,패션의류,,코트,0.90728,0.0332240853379425,kw_b01,,,50000000,False
2023-04-26,naver_datalab_keyword,패션의류,,패딩,0.39066,0.014305750350631136,kw_b01,,,50000000,False
2023-04-26,naver_datalab_keyword,패션의류,,패션_앵커,27.3079,1.0,kw_b01,,,50000000,True
2023-04-26,naver_datalab_keyword,패션의류,,히트텍,0.18437,0.006751526115153491,kw_b01,,,50000000,False
2023-04-26,naver_datalab_keyword,패션의류,,가디건,7.32762,0.2683333394365733,kw_b02,,,50000000,False
2023-04-26,naver_datalab_keyword,패션의류,,반팔,1.13547,0.041580275304948386,kw_b02,,,50000000,False
2023-04-26,naver_datalab_keyword,패션의류,,자켓,2.67985,0.09813460573680144,kw_b02,,,50000000,False
2023-04-26,naver_datalab_keyword,패션의류,,패션_앵커,27.3079,1.0,kw_b02,,,50000000,True
2023-04-27,naver_datalab_keyword,패션의류,,코트,0.79775,0.03163453908744219,kw_b01,,,50000000,False
2023-04-27,naver_datalab_keyword,패션의류,,패딩,0.31398,0.01245078355709821,kw_b01,,,50000000,False
2023-04-27,naver_datalab_keyword,패션의류,,패션_앵커,25.21769,1.0,kw_b01,,,50000000,True
2023-04-27,naver_datalab_keyword,패션의류,,히트텍,0.22636,0.008976238505588735,kw_b01,,,50000000,False
2023-04-27,naver_datalab_keyword,패션의류,,가디건,7.05744,0.2798606850984368,kw_b02,,,50000000,False
2023-04-27,naver_datalab_keyword,패션의류,,반팔,1.13364,0.04495415718093132,kw_b02,,,50000000,False
2023-04-27,naver_datalab_keyword,패션의류,,자켓,2.72732,0.10815106379688227,kw_b02,,,50000000,False
2023-04-27,naver_datalab_keyword,패션의류,,패션_앵커,25.21769,1.0,kw_b02,,,50000000,True
2023-04-28,naver_datalab_keyword,패션의류,,코트,0.49106,0.020923914432924677,kw_b01,,,50000000,False
2023-04-28,naver_datalab_keyword,패션의류,,패딩,0.21358,0.009100577616959338,kw_b01,,,50000000,False
2023-04-28,naver_datalab_keyword,패션의류,,패션_앵커,23.46884,1.0,kw_b01,,,50000000,True
2023-04-28,naver_datalab_keyword,패션의류,,히트텍,0.1077,0.0045890636264936824,kw_b01,,,50000000,False
2023-04-28,naver_datalab_keyword,패션의류,,가디건,5.19359,0.2212972605378025,kw_b02,,,50000000,False
2023-04-28,naver_datalab_keyword,패션의류,,반팔,0.8872,0.03780331707915687,kw_b02,,,50000000,False
2023-04-28,naver_datalab_keyword,패션의류,,자켓,2.0318,0.08657436839656328,kw_b02,,,50000000,False
2023-04-28,naver_datalab_keyword,패션의류,,패션_앵커,23.46884,1.0,kw_b02,,,50000000,True
2023-04-29,naver_datalab_keyword,패션의류,,코트,0.59146,0.02100732589023454,kw_b01,,,50000000,False
2023-04-29,naver_datalab_keyword,패션의류,,패딩,0.2793,0.009920106382752014,kw_b01,,,50000000,False
2023-04-29,naver_datalab_keyword,패션의류,,패션_앵커,28.15494,1.0,kw_b01,,,50000000,True
2023-04-29,naver_datalab_keyword,패션의류,,히트텍,0.19167,0.006807686324318219,kw_b01,,,50000000,False
2023-04-29,naver_datalab_keyword,패션의류,,가디건,6.7252,0.23886394359213695,kw_b02,,,50000000,False
2023-04-29,naver_datalab_keyword,패션의류,,반팔,1.61193,0.057252119876653976,kw_b02,,,50000000,False
2023-04-29,naver_datalab_keyword,패션의류,,자켓,2.61048,0.09271836487664331,kw_b02,,,50000000,False
2023-04-29,naver_datalab_keyword,패션의류,,패션_앵커,28.15494,1.0,kw_b02,,,50000000,True
2023-04-30,naver_datalab_keyword,패션의류,,코트,0.64258,0.022381826477974497,kw_b01,,,50000000,False
2023-04-30,naver_datalab_keyword,패션의류,,패딩,0.35049,0.01220798400551726,kw_b01,,,50000000,False
2023-04-30,naver_datalab_keyword,패션의류,,패션_앵커,28.7099,1.0,kw_b01,,,50000000,True
2023-04-30,naver_datalab_keyword,패션의류,,히트텍,0.12048,0.004196461847655339,kw_b01,,,50000000,False
2023-04-30,naver_datalab_keyword,패션의류,,가디건,6.28342,0.2188589998571921,kw_b02,,,50000000,False
2023-04-30,naver_datalab_keyword,패션의류,,반팔,1.46223,0.05093121188161574,kw_b02,,,50000000,False
2023-04-30,naver_datalab_keyword,패션의류,,자켓,3.07051,0.10694951915541329,kw_b02,,,50000000,False
2023-04-30,naver_datalab_keyword,패션의류,,패션_앵커,28.7099,1.0,kw_b02,,,50000000,True
2023-05-01,naver_datalab_keyword,패션의류,,코트,0.87989,0.03192653945978621,kw_b01,,,50000000,False
2023-05-01,naver_datalab_keyword,패션의류,,패딩,0.18437,0.006689809044540551,kw_b01,,,50000000,False
2023-05-01,naver_datalab_keyword,패션의류,,패션_앵커,27.55983,1.0,kw_b01,,,50000000,True
2023-05-01,naver_datalab_keyword,패션의류,,히트텍,0.18072,0.006557369911207724,kw_b01,,,50000000,False
2023-05-01,naver_datalab_keyword,패션의류,,가디건,6.97895,0.25322906563647163,kw_b02,,,50000000,False
2023-05-01,naver_datalab_keyword,패션의류,,반팔,1.45493,0.05279168993422673,kw_b02,,,50000000,False
2023-05-01,naver_datalab_keyword,패션의류,,자켓,3.20378,0.11624817714768197,kw_b02,,,50000000,False
2023-05-01,naver_datalab_keyword,패션의류,,패션_앵커,27.55983,1.0,kw_b02,,,50000000,True
2023-05-02,naver_datalab_keyword,패션의류,,코트,0.63527,0.023136399393974712,kw_b01,,,50000000,False
2023-05-02,naver_datalab_keyword,패션의류,,패딩,0.24461,0.00890864460113047,kw_b01,,,50000000,False
2023-05-02,naver_datalab_keyword,패션의류,,패션_앵커,27.4576,1.0,kw_b01,,,50000000,True
2023-05-02,naver_datalab_keyword,패션의류,,히트텍,0.14239,0.00518581376376668,kw_b01,,,50000000,False
2023-05-02,naver_datalab_keyword,패션의류,,가디건,6.49336,0.2364868014684459,kw_b02,,,50000000,False
2023-05-02,naver_datalab_keyword,패션의류,,반팔,1.6174,0.05890536682011538,kw_b02,,,50000000,False
2023-05-02,naver_datalab_keyword,패션의류,,자켓,2.31475,0.08430270671872268,kw_b02,,,50000000,False
2023-05-02,naver_datalab_keyword,패션의류,,패션_앵커,27.4576,1.0,kw_b02,,,50000000,True
2023-05-03,naver_datalab_keyword,패션의류,,코트,0.54765,0.020054636204175347,kw_b01,,,50000000,False
2023-05-03,naver_datalab_keyword,패션의류,,패딩,0.23731,0.008690159257943671,kw_b01,,,50000000,False
2023-05-03,naver_datalab_keyword,패션의류,,패션_앵커,27.3079,1.0,kw_b01,,,50000000,True
2023-05-03,naver_datalab_keyword,패션의류,,히트텍,0.12048,0.004411910106599189,kw_b01,,,50000000,False
2023-05-03,naver_datalab_keyword,패션의류,,가디건,5.52401,0.20228615162645242,kw_b02,,,50000000,False
2023-05-03,naver_datalab_keyword,패션의류,,반팔,1.56446,0.057289648782952916,kw_b02,,,50000000,False
2023-05-03,naver_datalab_keyword,패션의류,,자켓,2.14498,0.07854796597321653,kw_b02,,,50000000,False
2023-05-03,naver_datalab_keyword,패션의류,,패션_앵커,27.3079,1.0,kw_b02,,,50000000,True
2023-05-04,naver_datalab_keyword,패션의류,,코트,0.48011,0.018294344189428064,kw_b01,,,50000000,False
2023-05-04,naver_datalab_keyword,패션의류,,패딩,0.14969,0.005703860327248936,kw_b01,,,50000000,False
2023-05-04,naver_datalab_keyword,패션의류,,패션_앵커,26.24363,1.0,kw_b01,,,50000000,True
2023-05-04,naver_datalab_keyword,패션의류,,히트텍,0.1077,0.004103853011187858,kw_b01,,,50000000,False
2023-05-04,naver_datalab_keyword,패션의류,,가디건,4.48529,0.17090966455478912,kw_b02,,,50000000,False
2023-05-04,naver_datalab_keyword,패션의류,,레인부츠,0.00182,6.935016230605293e-05,kw_b02,,,50000000,False
2023-05-04,naver_datalab_keyword,패션의류,,반팔,1.87845,0.07157736944165118,kw_b02,,,50000000,False
2023-05-04,naver_datalab_keyword,패션의류,,자켓,1.48049,0.05641330867719138,kw_b02,,,50000000,False
2023-05-04,naver_datalab_keyword,패션의류,,패션_앵커,26.24363,1.0,kw_b02,,,50000000,True
2023-05-05,naver_datalab_keyword,패션의류,,코트,0.66083,0.020528306528873143,kw_b01,,,50000000,False
2023-05-05,naver_datalab_keyword,패션의류,,패딩,0.31398,0.009753609375990176,kw_b01,,,50000000,False
2023-05-05,naver_datalab_keyword,패션의류,,패션_앵커,32.19116,1.0,kw_b01,,,50000000,True
2023-05-05,naver_datalab_keyword,패션의류,,히트텍,0.13691,0.004253030956324655,kw_b01,,,50000000,False
2023-05-05,naver_datalab_keyword,패션의류,,가디건,5.42726,0.16859473221841026,kw_b02,,,50000000,False
2023-05-05,naver_datalab_keyword,패션의류,,레인부츠,0.00182,5.653726053985006e-05,kw_b02,,,50000000,False
2023-05-05,naver_datalab_keyword,패션의류,,반팔,1.93504,0.06011091243683048,kw_b02,,,50000000,False
2023-05-05,naver_datalab_keyword,패션의류,,자켓,2.17966,0.06770989302653274,kw_b02,,,50000000,False
2023-05-05,naver_datalab_keyword,패션의류,,패션_앵커,32.19116,1.0,kw_b02,,,50000000,True
2023-05-06,naver_datalab_keyword,패션의류,,코트,0.58233,0.0189832566066349,kw_b01,,,50000000,False
2023-05-06,naver_datalab_keyword,패션의류,,패딩,0.36145,0.011782834647825433,kw_b01,,,50000000,False
2023-05-06,naver_datalab_keyword,패션의류,,패션_앵커,30.67598,1.0,kw_b01,,,50000000,True
2023-05-06,naver_datalab_keyword,패션의류,,히트텍,0.11683,0.0038085172829034316,kw_b01,,,50000000,False
2023-05-06,naver_datalab_keyword,패션의류,,가디건,5.58425,0.18203982399258312,kw_b02,,,50000000,False
2023-05-06,naver_datalab_keyword,패션의류,,레인부츠,0.00365,0.00011898560371991376,kw_b02,,,50000000,False
2023-05-06,naver_datalab_keyword,패션의류,,반팔,1.84377,0.06010468125223709,kw_b02,,,50000000,False
2023-05-06,naver_datalab_keyword,패션의류,,자켓,2.1322,0.06950715184975347,kw_b02,,,50000000,False
2023-05-06,naver_datalab_keyword,패션의류,,패션_앵커,30.67598,1.0,kw_b02,,,50000000,True
2023-05-07,naver_datalab_keyword,패션의류,,코트,0.57321,0.019011788960883895,kw_b01,,,50000000,False
2023-05-07,naver_datalab_keyword,패션의류,,패딩,0.33406,0.011079845467233429,kw_b01,,,50000000,False
2023-05-07,naver_datalab_keyword,패션의류,,패션_앵커,30.15024,1.0,kw_b01,,,50000000,True
2023-05-07,naver_datalab_keyword,패션의류,,히트텍,0.09857,0.0032692940421038107,kw_b01,,,50000000,False
2023-05-07,naver_datalab_keyword,패션의류,,가디건,6.67226,0.22130039429205206,kw_b02,,,50000000,False
2023-05-07,naver_datalab_keyword,패션의류,,반팔,1.79813,0.059638994581801004,kw_b02,,,50000000,False
2023-05-07,naver_datalab_keyword,패션의류,,자켓,2.71819,0.09015483790510456,kw_b02,,,50000000,False
2023-05-07,naver_datalab_keyword,패션의류,,패션_앵커,30.15024,1.0,kw_b02,,,50000000,True
2023-05-08,naver_datalab_keyword,패션의류,,코트,0.53305,0.021242510525613156,kw_b01,,,50000000,False
2023-05-08,naver_datalab_keyword,패션의류,,패딩,0.23001,0.00916610045210821,kw_b01,,,50000000,False
2023-05-08,naver_datalab_keyword,패션의류,,패션_앵커,25.09355,1.0,kw_b01,,,50000000,True
2023-05-08,naver_datalab_keyword,패션의류,,히트텍,0.14421,0.0057468951184666975,kw_b01,,,50000000,False
2023-05-08,naver_datalab_keyword,패션의류,,가디건,6.02785,0.24021511503952211,kw_b02,,,50000000,False
2023-05-08,naver_datalab_keyword,패션의류,,레인부츠,0.00182,7.252859798633514e-05,kw_b02,,,50000000,False
2023-05-08,naver_datalab_keyword,패션의류,,반팔,1.5024,0.05987195912893951,kw_b02,,,50000000,False
2023-05-08,naver_datalab_keyword,패션의류,,자켓,2.31293,0.09217229128600776,kw_b02,,,50000000,False
2023-05-08,naver_datalab_keyword,패션의류,,패션_앵커,25.09355,1.0,kw_b02,,,50000000,True
2023-05-09,naver_datalab_keyword,패션의류,,코트,0.4436,0.015160001927466431,kw_b01,,,50000000,False
2023-05-09,naver_datalab_keyword,패션의류,,패딩,0.20993,0.007174344464907638,kw_b01,,,50000000,False
2023-05-09,naver_datalab_keyword,패션의류,,패션_앵커,29.26121,1.0,kw_b01,,,50000000,True
2023-05-09,naver_datalab_keyword,패션의류,,히트텍,0.10222,0.0034933620311668593,kw_b01,,,50000000,False
2023-05-09,naver_datalab_keyword,패션의류,,가디건,5.60433,0.19152762308872395,kw_b02,,,50000000,False
2023-05-09,naver_datalab_keyword,패션의류,,반팔,1.99529,0.06818890948118687,kw_b02,,,50000000,False
2023-05-09,naver_datalab_keyword,패션의류,,자켓,2.34761,0.08022942318516563,kw_b02,,,50000000,False
2023-05-09,naver_datalab_keyword,패션의류,,패션_앵커,29.26121,1.0,kw_b02,,,50000000,True
2023-05-10,naver_datalab_keyword,패션의류,,코트,0.47098,0.015165658853498345,kw_b01,,,50000000,False
2023-05-10,naver_datalab_keyword,패션의류,,패딩,0.16794,0.0054077046750531065,kw_b01,,,50000000,False
2023-05-10,naver_datalab_keyword,패션의류,,패션_앵커,31.05569,1.0,kw_b01,,,50000000,True
2023-05-10,naver_datalab_keyword,패션의류,,히트텍,0.06389,0.0020572719524183814,kw_b01,,,50000000,False
2023-05-10,naver_datalab_keyword,패션의류,,가디건,5.63902,0.181577675459795,kw_b02,,,50000000,False
2023-05-10,naver_datalab_keyword,패션의류,,반팔,1.75979,0.05666562230625048,kw_b02,,,50000000,False
2023-05-10,naver_datalab_keyword,패션의류,,자켓,1.93139,0.06219117978058127,kw_b02,,,50000000,False
2023-05-10,naver_datalab_keyword,패션의류,,패션_앵커,31.05569,1.0,kw_b02,,,50000000,True
2023-05-11,naver_datalab_keyword,패션의류,,코트,0.45637,0.014806617215024447,kw_b01,,,50000000,False
2023-05-11,naver_datalab_keyword,패션의류,,패딩,0.17707,0.005744916866280384,kw_b01,,,50000000,False
2023-05-11,naver_datalab_keyword,패션의류,,패션_앵커,30.82203,1.0,kw_b01,,,50000000,True
2023-05-11,naver_datalab_keyword,패션의류,,히트텍,0.08032,0.0026059282921987942,kw_b01,,,50000000,False
2023-05-11,naver_datalab_keyword,패션의류,,가디건,4.94715,0.16050694908803864,kw_b02,,,50000000,False
2023-05-11,naver_datalab_keyword,패션의류,,반팔,2.01719,0.06544637066409967,kw_b02,,,50000000,False
2023-05-11,naver_datalab_keyword,패션의류,,자켓,1.96243,0.06366971935333265,kw_b02,,,50000000,False
2023-05-11,naver_datalab_keyword,패션의류,,패션_앵커,30.82203,1.0,kw_b02,,,50000000,True
2023-05-12,naver_datalab_keyword,패션의류,,코트,0.36692,0.011932745780350583,kw_b01,,,50000000,False
2023-05-12,naver_datalab_keyword,패션의류,,패딩,0.19533,0.0063524017041204596,kw_b01,,,50000000,False
2023-05-12,naver_datalab_keyword,패션의류,,패션_앵커,30.749,1.0,kw_b01,,,50000000,True
2023-05-12,naver_datalab_keyword,패션의류,,히트텍,0.04928,0.0016026537448372304,kw_b01,,,50000000,False
2023-05-12,naver_datalab_keyword,패션의류,,가디건,4.66054,0.1515672054375752,kw_b02,,,50000000,False
2023-05-12,naver_datalab_keyword,패션의류,,반팔,1.31984,0.04292302188689063,kw_b02,,,50000000,False
2023-05-12,naver_datalab_keyword,패션의류,,자켓,1.65209,0.053728251325246355,kw_b02,,,50000000,False
2023-05-12,naver_datalab_keyword,패션의류,,패션_앵커,30.749,1.0,kw_b02,,,50000000,True
2023-05-13,naver_datalab_keyword,패션의류,,코트,0.46915,0.015062460329206983,kw_b01,,,50000000,False
2023-05-13,naver_datalab_keyword,패션의류,,패딩,0.18255,0.005860923229450569,kw_b01,,,50000000,False
2023-05-13,naver_datalab_keyword,패션의류,,패션_앵커,31.14697,1.0,kw_b01,,,50000000,True
2023-05-13,naver_datalab_keyword,패션의류,,히트텍,0.05111,0.001640930080839324,kw_b01,,,50000000,False
2023-05-13,naver_datalab_keyword,패션의류,,가디건,4.63316,0.14875154790337553,kw_b02,,,50000000,False
2023-05-13,naver_datalab_keyword,패션의류,,반팔,1.80178,0.05784768149197177,kw_b02,,,50000000,False
2023-05-13,naver_datalab_keyword,패션의류,,자켓,1.6886,0.05421394119556413,kw_b02,,,50000000,False
2023-05-13,naver_datalab_keyword,패션의류,,패션_앵커,31.14697,1.0,kw_b02,,,50000000,True
2023-05-14,naver_datalab_keyword,패션의류,,코트,0.4728,0.01328657179469886,kw_b01,,,50000000,False
2023-05-14,naver_datalab_keyword,패션의류,,패딩,0.26469,0.00743828825790787,kw_b01,,,50000000,False
2023-05-14,naver_datalab_keyword,패션의류,,패션_앵커,35.5848,1.0,kw_b01,,,50000000,True
2023-05-14,naver_datalab_keyword,패션의류,,히트텍,0.08214,0.0023082889323531395,kw_b01,,,50000000,False
2023-05-14,naver_datalab_keyword,패션의류,,가디건,5.48202,0.15405510217845822,kw_b02,,,50000000,False
2023-05-14,naver_datalab_keyword,패션의류,,반팔,2.33666,0.06566455340482454,kw_b02,,,50000000,False
2023-05-14,naver_datalab_keyword,패션의류,,자켓,1.63383,0.045913704727861326,kw_b02,,,50000000,False
2023-05-14,naver_datalab_keyword,패션의류,,패션_앵커,35.5848,1.0,kw_b02,,,50000000,True
2023-05-15,naver_datalab_keyword,패션의류,,코트,0.25557,0.007746719230911462,kw_b01,,,50000000,False
2023-05-15,naver_datalab_keyword,패션의류,,패딩,0.16064,0.004869245127572161,kw_b01,,,50000000,False
2023-05-15,naver_datalab_keyword,패션의류,,패션_앵커,32.99074,1.0,kw_b01,,,50000000,True
2023-05-15,naver_datalab_keyword,패션의류,,히트텍,0.06206,0.0018811339181843145,kw_b01,,,50000000,False
2023-05-15,naver_datalab_keyword,패션의류,,가디건,4.34838,0.1318060764929795,kw_b02,,,50000000,False
2023-05-15,naver_datalab_keyword,패션의류,,반팔,2.53016,0.07669303568213383,kw_b02,,,50000000,False
2023-05-15,naver_datalab_keyword,패션의류,,자켓,1.2669,0.03840168483641167,kw_b02,,,50000000,False
2023-05-15,naver_datalab_keyword,패션의류,,패션_앵커,32.99074,1.0,kw_b02,,,50000000,True
2023-05-16,naver_datalab_keyword,패션의류,,코트,0.35232,0.00910923558900159,kw_b01,,,50000000,False
2023-05-16,naver_datalab_keyword,패션의류,,패딩,0.25739,0.006654819903079926,kw_b01,,,50000000,False
2023-05-16,naver_datalab_keyword,패션의류,,패션_앵커,38.67723,1.0,kw_b01,,,50000000,True
2023-05-16,naver_datalab_keyword,패션의류,,히트텍,0.04746,0.0012270785679326054,kw_b01,,,50000000,False
2023-05-16,naver_datalab_keyword,패션의류,,가디건,3.66198,0.09468051357349012,kw_b02,,,50000000,False
2023-05-16,naver_datalab_keyword,패션의류,,반팔,3.13623,0.0810872443553998,kw_b02,,,50000000,False
2023-05-16,naver_datalab_keyword,패션의류,,자켓,1.20849,0.03124551577245837,kw_b02,,,50000000,False
2023-05-16,naver_datalab_keyword,패션의류,,패션_앵커,38.67723,1.0,kw_b02,,,50000000,True
2023-05-17,naver_datalab_keyword,패션의류,,코트,0.32129,0.007589454652482866,kw_b01,,,50000000,False
2023-05-17,naver_datalab_keyword,패션의류,,패딩,0.11135,0.0026302896932801118,kw_b01,,,50000000,False
2023-05-17,naver_datalab_keyword,패션의류,,패션_앵커,42.33374,1.0,kw_b01,,,50000000,True
2023-05-17,naver_datalab_keyword,패션의류,,히트텍,0.09675,0.002285411116523133,kw_b01,,,50000000,False
2023-05-17,naver_datalab_keyword,패션의류,,가디건,3.05226,0.07209993730768886,kw_b02,,,50000000,False
2023-05-17,naver_datalab_keyword,패션의류,,레인부츠,0.00912,0.00021543100137148287,kw_b02,,,50000000,False
2023-05-17,naver_datalab_keyword,패션의류,,반팔,2.95003,0.06968507861578023,kw_b02,,,50000000,False
2023-05-17,naver_datalab_keyword,패션의류,,자켓,1.13547,0.026821868325359394,kw_b02,,,50000000,False
2023-05-17,naver_datalab_keyword,패션의류,,패션_앵커,42.33374,1.0,kw_b02,,,50000000,True
2023-05-18,naver_datalab_keyword,패션의류,,코트,0.32311,0.00882203414357382,kw_b01,,,50000000,False
2023-05-18,naver_datalab_keyword,패션의류,,패딩,0.10405,0.0028409292582676367,kw_b01,,,50000000,False
2023-05-18,naver_datalab_keyword,패션의류,,패션_앵커,36.62534,1.0,kw_b01,,,50000000,True
2023-05-18,naver_datalab_keyword,패션의류,,히트텍,0.06754,0.0018440784440499393,kw_b01,,,50000000,False
2023-05-18,naver_datalab_keyword,패션의류,,가디건,2.84963,0.07780487498546088,kw_b02,,,50000000,False
2023-05-18,naver_datalab_keyword,패션의류,,반팔,2.13585,0.0583161821842473,kw_b02,,,50000000,False
2023-05-18,naver_datalab_keyword,패션의류,,자켓,1.01133,0.02761284946433262,kw_b02,,,50000000,False
2023-05-18,naver_datalab_keyword,패션의류,,패션_앵커,36.62534,1.0,kw_b02,,,50000000,True
2023-05-19,naver_datalab_keyword,패션의류,,코트,0.23001,0.006992075890516148,kw_b01,,,50000000,False
2023-05-19,naver_datalab_keyword,패션의류,,패딩,0.14239,0.004328514786533604,kw_b01,,,50000000,False
2023-05-19,naver_datalab_keyword,패션의류,,패션_앵커,32.89581,1.0,kw_b01,,,50000000,True
2023-05-19,naver_datalab_keyword,패션의류,,히트텍,0.1004,0.0030520604295805457,kw_b01,,,50000000,False
2023-05-19,naver_datalab_keyword,패션의류,,가디건,2.34578,0.07130938560260411,kw_b02,,,50000000,False
2023-05-19,naver_datalab_keyword,패션의류,,반팔,1.82551,0.05549369357374086,kw_b02,,,50000000,False
2023-05-19,naver_datalab_keyword,패션의류,,자켓,1.01133,0.03074342902637145,kw_b02,,,50000000,False
2023-05-19,naver_datalab_keyword,패션의류,,패션_앵커,32.89581,1.0,kw_b02,,,50000000,True
2023-05-20,naver_datalab_keyword,패션의류,,코트,0.24827,0.006516211395377891,kw_b01,,,50000000,False
2023-05-20,naver_datalab_keyword,패션의류,,패딩,0.13143,0.003449573704815387,kw_b01,,,50000000,False
2023-05-20,naver_datalab_keyword,패션의류,,패션_앵커,38.10036,1.0,kw_b01,,,50000000,True
2023-05-20,naver_datalab_keyword,패션의류,,히트텍,0.02373,0.0006228287606731275,kw_b01,,,50000000,False
2023-05-20,naver_datalab_keyword,패션의류,,가디건,2.70906,0.07110326516599842,kw_b02,,,50000000,False
2023-05-20,naver_datalab_keyword,패션의류,,레인부츠,0.00182,4.7768577514753136e-05,kw_b02,,,50000000,False
2023-05-20,naver_datalab_keyword,패션의류,,반팔,2.40055,0.06300596634782453,kw_b02,,,50000000,False
2023-05-20,naver_datalab_keyword,패션의류,,자켓,1.18293,0.031047738131608205,kw_b02,,,50000000,False
2023-05-20,naver_datalab_keyword,패션의류,,패션_앵커,38.10036,1.0,kw_b02,,,50000000,True
2023-05-21,naver_datalab_keyword,패션의류,,코트,0.26104,0.0059035222796678345,kw_b01,,,50000000,False
2023-05-21,naver_datalab_keyword,패션의류,,패딩,0.06024,0.0013623512953079618,kw_b01,,,50000000,False
2023-05-21,naver_datalab_keyword,패션의류,,패션_앵커,44.21767,1.0,kw_b01,,,50000000,True
2023-05-21,naver_datalab_keyword,패션의류,,히트텍,0.06024,0.0013623512953079618,kw_b01,,,50000000,False
2023-05-21,naver_datalab_keyword,패션의류,,가디건,3.26219,0.07377571002723572,kw_b02,,,50000000,False
2023-05-21,naver_datalab_keyword,패션의류,,반팔,2.80034,0.06333079060927453,kw_b02,,,50000000,False
2023-05-21,naver_datalab_keyword,패션의류,,자켓,1.12816,0.02551378215993742,kw_b02,,,50000000,False
2023-05-21,naver_datalab_keyword,패션의류,,패션_앵커,44.21767,1.0,kw_b02,,,50000000,True
2023-05-22,naver_datalab_keyword,패션의류,,코트,0.31216,0.00858510741285082,kw_b01,,,50000000,False
2023-05-22,naver_datalab_keyword,패션의류,,패딩,0.11318,0.0031127064870145305,kw_b01,,,50000000,False
2023-05-22,naver_datalab_keyword,패션의류,,패션_앵커,36.36064,1.0,kw_b01,,,50000000,True
2023-05-22,naver_datalab_keyword,패션의류,,히트텍,0.05476,0.0015060240963855425,kw_b01,,,50000000,False
2023-05-22,naver_datalab_keyword,패션의류,,가디건,3.69484,0.10161647319739148,kw_b02,,,50000000,False
2023-05-22,naver_datalab_keyword,패션의류,,반팔,2.24538,0.061753038450368315,kw_b02,,,50000000,False
2023-05-22,naver_datalab_keyword,패션의류,,자켓,1.04054,0.028617208057943978,kw_b02,,,50000000,False
2023-05-22,naver_datalab_keyword,패션의류,,패션_앵커,36.36064,1.0,kw_b02,,,50000000,True
2023-05-23,naver_datalab_keyword,패션의류,,코트,0.39248,0.010407427118443616,kw_b01,,,50000000,False
2023-05-23,naver_datalab_keyword,패션의류,,패딩,0.33772,0.008955351320935534,kw_b01,,,50000000,False
2023-05-23,naver_datalab_keyword,패션의류,,패션_앵커,37.71153,1.0,kw_b01,,,50000000,True
2023-05-23,naver_datalab_keyword,패션의류,,히트텍,0.12778,0.003388353641445998,kw_b01,,,50000000,False
2023-05-23,naver_datalab_keyword,패션의류,,가디건,3.60722,0.09565297403738325,kw_b02,,,50000000,False
2023-05-23,naver_datalab_keyword,패션의류,,반팔,2.45714,0.06515620023902503,kw_b02,,,50000000,False
2023-05-23,naver_datalab_keyword,패션의류,,자켓,1.28333,0.0340301759170206,kw_b02,,,50000000,False
2023-05-23,naver_datalab_keyword,패션의류,,패션_앵커,37.71153,1.0,kw_b02,,,50000000,True
2023-05-24,naver_datalab_keyword,패션의류,,코트,0.23914,0.00639204279680339,kw_b01,,,50000000,False
2023-05-24,naver_datalab_keyword,패션의류,,패딩,0.20993,0.005611280188730182,kw_b01,,,50000000,False
2023-05-24,naver_datalab_keyword,패션의류,,패션_앵커,37.41214,1.0,kw_b01,,,50000000,True
2023-05-24,naver_datalab_keyword,패션의류,,히트텍,0.10405,0.0027811827925373956,kw_b01,,,50000000,False
2023-05-24,naver_datalab_keyword,패션의류,,가디건,3.14536,0.084073244674055,kw_b02,,,50000000,False
2023-05-24,naver_datalab_keyword,패션의류,,반팔,1.60828,0.04298818511852035,kw_b02,,,50000000,False
2023-05-24,naver_datalab_keyword,패션의류,,자켓,1.30524,0.034888140587520516,kw_b02,,,50000000,False
2023-05-24,naver_datalab_keyword,패션의류,,패션_앵커,37.41214,1.0,kw_b02,,,50000000,True
2023-05-25,naver_datalab_keyword,패션의류,,코트,0.2866,0.007708383202932736,kw_b01,,,50000000,False
2023-05-25,naver_datalab_keyword,패션의류,,패딩,0.0292,0.0007853621407035446,kw_b01,,,50000000,False
2023-05-25,naver_datalab_keyword,패션의류,,패션_앵커,37.1803,1.0,kw_b01,,,50000000,True
2023-05-25,naver_datalab_keyword,패션의류,,히트텍,0.07849,0.002111064192596617,kw_b01,,,50000000,False
2023-05-25,naver_datalab_keyword,패션의류,,가디건,2.72549,0.07330468016664739,kw_b02,,,50000000,False
2023-05-25,naver_datalab_keyword,패션의류,,반팔,1.57907,0.04247060943564199,kw_b02,,,50000000,False
2023-05-25,naver_datalab_keyword,패션의류,,자켓,1.00768,0.027102524724114646,kw_b02,,,50000000,False
2023-05-25,naver_datalab_keyword,패션의류,,패션_앵커,37.1803,1.0,kw_b02,,,50000000,True
2023-05-26,naver_datalab_keyword,패션의류,,코트,0.17342,0.005047434298512284,kw_b01,,,50000000,False
2023-05-26,naver_datalab_keyword,패션의류,,패딩,0.0219,0.0006374052078042846,kw_b01,,,50000000,False
2023-05-26,naver_datalab_keyword,패션의류,,패션_앵커,34.35805,1.0,kw_b01,,,50000000,True
2023-05-26,naver_datalab_keyword,패션의류,,히트텍,0.06206,0.001806272474718443,kw_b01,,,50000000,False
2023-05-26,naver_datalab_keyword,패션의류,,가디건,2.3038,0.0670526994401603,kw_b02,,,50000000,False
2023-05-26,naver_datalab_keyword,패션의류,,반팔,1.18658,0.03453572015874009,kw_b02,,,50000000,False
2023-05-26,naver_datalab_keyword,패션의류,,자켓,0.68091,0.019818063015799792,kw_b02,,,50000000,False
2023-05-26,naver_datalab_keyword,패션의류,,패션_앵커,34.35805,1.0,kw_b02,,,50000000,True
2023-05-27,naver_datalab_keyword,패션의류,,코트,0.25192,0.0072547198011345135,kw_b01,,,50000000,False
2023-05-27,naver_datalab_keyword,패션의류,,패딩,0.05111,0.0014718510996982576,kw_b01,,,50000000,False
2023-05-27,naver_datalab_keyword,패션의류,,패션_앵커,34.72498,1.0,kw_b01,,,50000000,True
2023-05-27,naver_datalab_keyword,패션의류,,히트텍,0.04381,0.0012616277964738929,kw_b01,,,50000000,False
2023-05-27,naver_datalab_keyword,패션의류,,가디건,2.34213,0.06744798701107962,kw_b02,,,50000000,False
2023-05-27,naver_datalab_keyword,패션의류,,반팔,1.50787,0.043423207155194904,kw_b02,,,50000000,False
2023-05-27,naver_datalab_keyword,패션의류,,자켓,0.89085,0.02565444242156511,kw_b02,,,50000000,False
2023-05-27,naver_datalab_keyword,패션의류,,패션_앵커,34.72498,1.0,kw_b02,,,50000000,True
2023-05-28,naver_datalab_keyword,패션의류,,코트,0.27382,0.0066328765105769455,kw_b01,,,50000000,False
2023-05-28,naver_datalab_keyword,패션의류,,패딩,0.07119,0.0017244703775764105,kw_b01,,,50000000,False
2023-05-28,naver_datalab_keyword,패션의류,,패션_앵커,41.28224,1.0,kw_b01,,,50000000,True
2023-05-28,naver_datalab_keyword,패션의류,,히트텍,0.05293,0.0012821494182486222,kw_b01,,,50000000,False
2023-05-28,naver_datalab_keyword,패션의류,,가디건,3.13623,0.07597044152642879,kw_b02,,,50000000,False
2023-05-28,naver_datalab_keyword,패션의류,,반팔,1.71416,0.0415229406156255,kw_b02,,,50000000,False
2023-05-28,naver_datalab_keyword,패션의류,,자켓,1.01681,0.02463068864480222,kw_b02,,,50000000,False
2023-05-28,naver_datalab_keyword,패션의류,,패션_앵커,41.28224,1.0,kw_b02,,,50000000,True
2023-05-29,naver_datalab_keyword,패션의류,,코트,0.28478,0.007267968238177428,kw_b01,,,50000000,False
2023-05-29,naver_datalab_keyword,패션의류,,패딩,0.06389,0.0016305586443470608,kw_b01,,,50000000,False
2023-05-29,naver_datalab_keyword,패션의류,,패션_앵커,39.18289,1.0,kw_b01,,,50000000,True
2023-05-29,naver_datalab_keyword,패션의류,,히트텍,0.09127,0.0023293330328620476,kw_b01,,,50000000,False
2023-05-29,naver_datalab_keyword,패션의류,,가디건,3.17092,0.08092613893462172,kw_b02,,,50000000,False
2023-05-29,naver_datalab_keyword,패션의류,,레인부츠,0.00547,0.0001396017496412337,kw_b02,,,50000000,False
2023-05-29,naver_datalab_keyword,패션의류,,반팔,2.55207,0.06513225543087812,kw_b02,,,50000000,False
2023-05-29,naver_datalab_keyword,패션의류,,자켓,1.01133,0.025810500450579324,kw_b02,,,50000000,False
2023-05-29,naver_datalab_keyword,패션의류,,패션_앵커,39.18289,1.0,kw_b02,,,50000000,True
2023-05-30,naver_datalab_keyword,패션의류,,코트,0.26835,0.007406260504967037,kw_b01,,,50000000,False
2023-05-30,naver_datalab_keyword,패션의류,,패딩,0.03833,0.0010578795049576545,kw_b01,,,50000000,False
2023-05-30,naver_datalab_keyword,패션의류,,패션_앵커,36.23286,1.0,kw_b01,,,50000000,True
2023-05-30,naver_datalab_keyword,패션의류,,히트텍,0.08214,0.0022670029360089155,kw_b01,,,50000000,False
2023-05-30,naver_datalab_keyword,패션의류,,가디건,2.55389,0.07048546540350388,kw_b02,,,50000000,False
2023-05-30,naver_datalab_keyword,패션의류,,레인부츠,0.00182,5.0230646987292746e-05,kw_b02,,,50000000,False
2023-05-30,naver_datalab_keyword,패션의류,,반팔,1.91861,0.05295220967928008,kw_b02,,,50000000,False
2023-05-30,naver_datalab_keyword,패션의류,,자켓,0.68456,0.018893347088802814,kw_b02,,,50000000,False
2023-05-30,naver_datalab_keyword,패션의류,,패션_앵커,36.23286,1.0,kw_b02,,,50000000,True
2023-05-31,naver_datalab_keyword,패션의류,,코트,0.22636,0.00607088202653101,kw_b01,,,50000000,False
2023-05-31,naver_datalab_keyword,패션의류,,패딩,0.02738,0.0007343203299453042,kw_b01,,,50000000,False
2023-05-31,naver_datalab_keyword,패션의류,,패션_앵커,37.28618,1.0,kw_b01,,,50000000,True
2023-05-31,naver_datalab_keyword,패션의류,,히트텍,0.08214,0.0022029609898359124,kw_b01,,,50000000,False
2023-05-31,naver_datalab_keyword,패션의류,,가디건,2.7547,0.07387992012053796,kw_b02,,,50000000,False
2023-05-31,naver_datalab_keyword,패션의류,,레인부츠,0.0073,0.00019578299520090284,kw_b02,,,50000000,False
2023-05-31,naver_datalab_keyword,패션의류,,반팔,1.58819,0.04259460207508519,kw_b02,,,50000000,False
2023-05-31,naver_datalab_keyword,패션의류,,자켓,0.88537,0.023745258967263472,kw_b02,,,50000000,False
2023-05-31,naver_datalab_keyword,패션의류,,패션_앵커,37.28618,1.0,kw_b02,,,50000000,True
2023-06-01,naver_datalab_keyword,패션의류,,코트,0.19898,0.0051154156333045485,kw_b01,,,50000000,False
2023-06-01,naver_datalab_keyword,패션의류,,패딩,0.05476,0.0014077804808511262,kw_b01,,,50000000,False
2023-06-01,naver_datalab_keyword,패션의류,,패션_앵커,38.89811,1.0,kw_b01,,,50000000,True
2023-06-01,naver_datalab_keyword,패션의류,,히트텍,0.03833,0.000985394920215918,kw_b01,,,50000000,False
2023-06-01,naver_datalab_keyword,패션의류,,가디건,2.91535,0.07494837152756265,kw_b02,,,50000000,False
2023-06-01,naver_datalab_keyword,패션의류,,레인부츠,0.00182,4.6788905682049844e-05,kw_b02,,,50000000,False
2023-06-01,naver_datalab_keyword,패션의류,,반팔,1.517,0.0389993241316866,kw_b02,,,50000000,False
2023-06-01,naver_datalab_keyword,패션의류,,자켓,0.70282,0.018068230050251797,kw_b02,,,50000000,False
2023-06-01,naver_datalab_keyword,패션의류,,패션_앵커,38.89811,1.0,kw_b02,,,50000000,True
2023-06-02,naver_datalab_keyword,패션의류,,코트,0.23366,0.006516807428145268,kw_b01,,,50000000,False
2023-06-02,naver_datalab_keyword,패션의류,,패딩,0.0219,0.0006107938144157381,kw_b01,,,50000000,False
2023-06-02,naver_datalab_keyword,패션의류,,패션_앵커,35.85498,1.0,kw_b01,,,50000000,True
2023-06-02,naver_datalab_keyword,패션의류,,히트텍,0.08945,0.0024947719954104006,kw_b01,,,50000000,False
2023-06-02,naver_datalab_keyword,패션의류,,가디건,2.46809,0.0688353472795132,kw_b02,,,50000000,False
2023-06-02,naver_datalab_keyword,패션의류,,반팔,1.41295,0.03940735708121996,kw_b02,,,50000000,False
2023-06-02,naver_datalab_keyword,패션의류,,자켓,0.86894,0.024234848269333857,kw_b02,,,50000000,False
2023-06-02,naver_datalab_keyword,패션의류,,패션_앵커,35.85498,1.0,kw_b02,,,50000000,True
2023-06-03,naver_datalab_keyword,패션의류,,코트,0.22453,0.0057145984026713776,kw_b01,,,50000000,False
2023-06-03,naver_datalab_keyword,패션의류,,패딩,0.05841,0.0014866151191379108,kw_b01,,,50000000,False
2023-06-03,naver_datalab_keyword,패션의류,,패션_앵커,39.2906,1.0,kw_b01,,,50000000,True
2023-06-03,naver_datalab_keyword,패션의류,,히트텍,0.05293,0.0013471415554865542,kw_b01,,,50000000,False
2023-06-03,naver_datalab_keyword,패션의류,,가디건,2.29102,0.05830962113075393,kw_b02,,,50000000,False
2023-06-03,naver_datalab_keyword,패션의류,,반팔,1.34905,0.03433518449705528,kw_b02,,,50000000,False
2023-06-03,naver_datalab_keyword,패션의류,,자켓,0.89997,0.022905478664107956,kw_b02,,,50000000,False
2023-06-03,naver_datalab_keyword,패션의류,,패션_앵커,39.2906,1.0,kw_b02,,,50000000,True
2023-06-04,naver_datalab_keyword,패션의류,,코트,0.32676,0.007639275451802264,kw_b01,,,50000000,False
2023-06-04,naver_datalab_keyword,패션의류,,패딩,0.06024,0.0014083423712099657,kw_b01,,,50000000,False
2023-06-04,naver_datalab_keyword,패션의류,,패션_앵커,42.77369,1.0,kw_b01,,,50000000,True
2023-06-04,naver_datalab_keyword,패션의류,,히트텍,0.03285,0.0007679954663719683,kw_b01,,,50000000,False
2023-06-04,naver_datalab_keyword,패션의류,,가디건,2.72732,0.06376162542908971,kw_b02,,,50000000,False
2023-06-04,naver_datalab_keyword,패션의류,,반팔,1.92409,0.04498302578056745,kw_b02,,,50000000,False
2023-06-04,naver_datalab_keyword,패션의류,,자켓,0.65353,0.015278784692178768,kw_b02,,,50000000,False
2023-06-04,naver_datalab_keyword,패션의류,,패션_앵커,42.77369,1.0,kw_b02,,,50000000,True
2023-06-05,naver_datalab_keyword,패션의류,,코트,0.26835,0.007020366518855708,kw_b01,,,50000000,False
2023-06-05,naver_datalab_keyword,패션의류,,패딩,0.04746,0.001241612055095554,kw_b01,,,50000000,False
2023-06-05,naver_datalab_keyword,패션의류,,패션_앵커,38.2245,1.0,kw_b01,,,50000000,True
2023-06-05,naver_datalab_keyword,패션의류,,히트텍,0.0292,0.0007639079647869822,kw_b01,,,50000000,False
2023-06-05,naver_datalab_keyword,패션의류,,가디건,2.24903,0.058837394864550224,kw_b02,,,50000000,False
2023-06-05,naver_datalab_keyword,패션의류,,반팔,1.46589,0.03834948789389004,kw_b02,,,50000000,False
2023-06-05,naver_datalab_keyword,패션의류,,자켓,0.71195,0.018625488888016847,kw_b02,,,50000000,False
2023-06-05,naver_datalab_keyword,패션의류,,패션_앵커,38.2245,1.0,kw_b02,,,50000000,True
2023-06-06,naver_datalab_keyword,패션의류,,코트,0.4436,0.009218850012884777,kw_b01,,,50000000,False
2023-06-06,naver_datalab_keyword,패션의류,,패딩,0.03651,0.0007587471009252101,kw_b01,,,50000000,False
2023-06-06,naver_datalab_keyword,패션의류,,패션_앵커,48.1188,1.0,kw_b01,,,50000000,True
2023-06-06,naver_datalab_keyword,패션의류,,히트텍,0.04746,0.000986308885508367,kw_b01,,,50000000,False
2023-06-06,naver_datalab_keyword,패션의류,,가디건,2.60318,0.054099021588235784,kw_b02,,,50000000,False
2023-06-06,naver_datalab_keyword,패션의류,,반팔,1.82004,0.03782388588244096,kw_b02,,,50000000,False
2023-06-06,naver_datalab_keyword,패션의류,,자켓,1.1811,0.02454549988777775,kw_b02,,,50000000,False
2023-06-06,naver_datalab_keyword,패션의류,,패션_앵커,48.1188,1.0,kw_b02,,,50000000,True
2023-06-07,naver_datalab_keyword,패션의류,,코트,0.24644,0.005643938994891506,kw_b01,,,50000000,False
2023-06-07,naver_datalab_keyword,패션의류,,패딩,0.03103,0.0007106452970763003,kw_b01,,,50000000,False
2023-06-07,naver_datalab_keyword,패션의류,,패션_앵커,43.66454,1.0,kw_b01,,,50000000,True
2023-06-07,naver_datalab_keyword,패션의류,,히트텍,0.04381,0.0010033313072804614,kw_b01,,,50000000,False
2023-06-07,naver_datalab_keyword,패션의류,,가디건,2.24356,0.05138173904958119,kw_b02,,,50000000,False
2023-06-07,naver_datalab_keyword,패션의류,,반팔,1.51335,0.034658558180161746,kw_b02,,,50000000,False
2023-06-07,naver_datalab_keyword,패션의류,,자켓,0.6517,0.014925154370113596,kw_b02,,,50000000,False
2023-06-07,naver_datalab_keyword,패션의류,,패션_앵커,43.66454,1.0,kw_b02,,,50000000,True
2023-06-08,naver_datalab_keyword,패션의류,,코트,0.23914,0.006052416651460119,kw_b01,,,50000000,False
2023-06-08,naver_datalab_keyword,패션의류,,패딩,0.01095,0.00027713457528430333,kw_b01,,,50000000,False
2023-06-08,naver_datalab_keyword,패션의류,,패션_앵커,39.51149,1.0,kw_b01,,,50000000,True
2023-06-08,naver_datalab_keyword,패션의류,,히트텍,0.04928,0.0012472321342475313,kw_b01,,,50000000,False
2023-06-08,naver_datalab_keyword,패션의류,,가디건,2.32205,0.058768980871133934,kw_b02,,,50000000,False
2023-06-08,naver_datalab_keyword,패션의류,,반팔,1.54256,0.03904079547493653,kw_b02,,,50000000,False
2023-06-08,naver_datalab_keyword,패션의류,,자켓,0.79409,0.020097698163243145,kw_b02,,,50000000,False
2023-06-08,naver_datalab_keyword,패션의류,,패션_앵커,39.51149,1.0,kw_b02,,,50000000,True
2023-06-09,naver_datalab_keyword,패션의류,,코트,0.28843,0.007383825012332829,kw_b01,,,50000000,False
2023-06-09,naver_datalab_keyword,패션의류,,패딩,0.01642,0.0004203529684932394,kw_b01,,,50000000,False
2023-06-09,naver_datalab_keyword,패션의류,,패션_앵커,39.06241,1.0,kw_b01,,,50000000,True
2023-06-09,naver_datalab_keyword,패션의류,,히트텍,0.04198,0.001074690476086857,kw_b01,,,50000000,False
2023-06-09,naver_datalab_keyword,패션의류,,가디건,1.9679,0.05037835607173239,kw_b02,,,50000000,False
2023-06-09,naver_datalab_keyword,패션의류,,반팔,1.5955,0.04084489410663602,kw_b02,,,50000000,False
2023-06-09,naver_datalab_keyword,패션의류,,자켓,0.52209,0.013365534794192167,kw_b02,,,50000000,False
2023-06-09,naver_datalab_keyword,패션의류,,패션_앵커,39.06241,1.0,kw_b02,,,50000000,True
2023-06-10,naver_datalab_keyword,패션의류,,코트,0.23914,0.0053822466434667844,kw_b01,,,50000000,False
2023-06-10,naver_datalab_keyword,패션의류,,패딩,0.04381,0.0009860175020919956,kw_b01,,,50000000,False
2023-06-10,naver_datalab_keyword,패션의류,,패션_앵커,44.43126,1.0,kw_b01,,,50000000,True
2023-06-10,naver_datalab_keyword,패션의류,,히트텍,0.02738,0.0006162328054617403,kw_b01,,,50000000,False
2023-06-10,naver_datalab_keyword,패션의류,,가디건,2.1249,0.047824437119271423,kw_b02,,,50000000,False
2023-06-10,naver_datalab_keyword,패션의류,,레인부츠,0.00182,4.09621514222194e-05,kw_b02,,,50000000,False
2023-06-10,naver_datalab_keyword,패션의류,,반팔,1.38921,0.03126650020728649,kw_b02,,,50000000,False
2023-06-10,naver_datalab_keyword,패션의류,,자켓,0.85434,0.019228354091241167,kw_b02,,,50000000,False
2023-06-10,naver_datalab_keyword,패션의류,,패션_앵커,44.43126,1.0,kw_b02,,,50000000,True
2023-06-11,naver_datalab_keyword,패션의류,,코트,0.36327,0.007327063097616924,kw_b01,,,50000000,False
2023-06-11,naver_datalab_keyword,패션의류,,패딩,0.04016,0.0008100169405684358,kw_b01,,,50000000,False
2023-06-11,naver_datalab_keyword,패션의류,,패션_앵커,49.57921,1.0,kw_b01,,,50000000,True
2023-06-11,naver_datalab_keyword,패션의류,,히트텍,0.04016,0.0008100169405684358,kw_b01,,,50000000,False
2023-06-11,naver_datalab_keyword,패션의류,,가디건,2.17784,0.04392647644042735,kw_b02,,,50000000,False
2023-06-11,naver_datalab_keyword,패션의류,,반팔,2.19609,0.04429457427821056,kw_b02,,,50000000,False
2023-06-11,naver_datalab_keyword,패션의류,,자켓,0.54217,0.010935430395119244,kw_b02,,,50000000,False
2023-06-11,naver_datalab_keyword,패션의류,,패션_앵커,49.57921,1.0,kw_b02,,,50000000,True
2023-06-12,naver_datalab_keyword,패션의류,,코트,0.27017,0.006460469825394906,kw_b01,,,50000000,False
2023-06-12,naver_datalab_keyword,패션의류,,패딩,0.01642,0.00039264505508747956,kw_b01,,,50000000,False
2023-06-12,naver_datalab_keyword,패션의류,,패션_앵커,41.81894,1.0,kw_b01,,,50000000,True
2023-06-12,naver_datalab_keyword,패션의류,,히트텍,0.03285,0.0007855292362742815,kw_b01,,,50000000,False
2023-06-12,naver_datalab_keyword,패션의류,,가디건,1.55899,0.03727951975827221,kw_b02,,,50000000,False
2023-06-12,naver_datalab_keyword,패션의류,,반팔,1.57359,0.037628643863283004,kw_b02,,,50000000,False
2023-06-12,naver_datalab_keyword,패션의류,,자켓,0.54948,0.013139500905570539,kw_b02,,,50000000,False
2023-06-12,naver_datalab_keyword,패션의류,,패션_앵커,41.81894,1.0,kw_b02,,,50000000,True
2023-06-13,naver_datalab_keyword,패션의류,,코트,0.29573,0.006367092725564804,kw_b01,,,50000000,False
2023-06-13,naver_datalab_keyword,패션의류,,패딩,0.06571,0.001414742038335182,kw_b01,,,50000000,False
2023-06-13,naver_datalab_keyword,패션의류,,패션_앵커,46.44663,1.0,kw_b01,,,50000000,True
2023-06-13,naver_datalab_keyword,패션의류,,히트텍,0.04928,0.0010610027035330657,kw_b01,,,50000000,False
2023-06-13,naver_datalab_keyword,패션의류,,가디건,2.17236,0.04677110050826077,kw_b02,,,50000000,False
2023-06-13,naver_datalab_keyword,패션의류,,반팔,1.79083,0.038556726289937504,kw_b02,,,50000000,False
2023-06-13,naver_datalab_keyword,패션의류,,자켓,0.71012,0.015288945613492302,kw_b02,,,50000000,False
2023-06-13,naver_datalab_keyword,패션의류,,패션_앵커,46.44663,1.0,kw_b02,,,50000000,True
2023-06-14,naver_datalab_keyword,패션의류,,코트,0.24096,0.005443337423667675,kw_b01,,,50000000,False
2023-06-14,naver_datalab_keyword,패션의류,,패딩,0.05841,0.0013194942684114743,kw_b01,,,50000000,False
2023-06-14,naver_datalab_keyword,패션의류,,패션_앵커,44.26696,1.0,kw_b01,,,50000000,True
2023-06-14,naver_datalab_keyword,패션의류,,히트텍,0.03651,0.00082476863105124,kw_b01,,,50000000,False
2023-06-14,naver_datalab_keyword,패션의류,,가디건,2.79121,0.0630540249432082,kw_b02,,,50000000,False
2023-06-14,naver_datalab_keyword,패션의류,,반팔,1.38191,0.03121763952166582,kw_b02,,,50000000,False
2023-06-14,naver_datalab_keyword,패션의류,,자켓,1.57724,0.035630185583107585,kw_b02,,,50000000,False
2023-06-14,naver_datalab_keyword,패션의류,,패션_앵커,44.26696,1.0,kw_b02,,,50000000,True
2023-06-15,naver_datalab_keyword,패션의류,,코트,0.26469,0.006546620151836869,kw_b01,,,50000000,False
2023-06-15,naver_datalab_keyword,패션의류,,패딩,0.03468,0.0008577459929188963,kw_b01,,,50000000,False
2023-06-15,naver_datalab_keyword,패션의류,,패션_앵커,40.43155,1.0,kw_b01,,,50000000,True
2023-06-15,naver_datalab_keyword,패션의류,,히트텍,0.03833,0.0009480220273524018,kw_b01,,,50000000,False
2023-06-15,naver_datalab_keyword,패션의류,,가디건,2.33848,0.05783800027453808,kw_b02,,,50000000,False
2023-06-15,naver_datalab_keyword,패션의류,,반팔,1.39104,0.03440481505161192,kw_b02,,,50000000,False
2023-06-15,naver_datalab_keyword,패션의류,,자켓,0.6517,0.016118600449401516,kw_b02,,,50000000,False
2023-06-15,naver_datalab_keyword,패션의류,,패션_앵커,40.43155,1.0,kw_b02,,,50000000,True
2023-06-16,naver_datalab_keyword,패션의류,,코트,0.27382,0.0069905343640852685,kw_b01,,,50000000,False
2023-06-16,naver_datalab_keyword,패션의류,,패딩,0.04563,0.0011649188628778421,kw_b01,,,50000000,False
2023-06-16,naver_datalab_keyword,패션의류,,패션_앵커,39.17011,1.0,kw_b01,,,50000000,True
2023-06-16,naver_datalab_keyword,패션의류,,히트텍,0.03468,0.0008853689713917066,kw_b01,,,50000000,False
2023-06-16,naver_datalab_keyword,패션의류,,가디건,2.19244,0.05597227069313821,kw_b02,,,50000000,False
2023-06-16,naver_datalab_keyword,패션의류,,반팔,1.39286,0.03555925679044557,kw_b02,,,50000000,False
2023-06-16,naver_datalab_keyword,패션의류,,자켓,0.49471,0.012629783270968602,kw_b02,,,50000000,False
2023-06-16,naver_datalab_keyword,패션의류,,패션_앵커,39.17011,1.0,kw_b02,,,50000000,True
2023-06-17,naver_datalab_keyword,패션의류,,코트,0.26835,0.006266228914087163,kw_b01,,,50000000,False
2023-06-17,naver_datalab_keyword,패션의류,,패딩,0.0292,0.0006818479012161178,kw_b01,,,50000000,False
2023-06-17,naver_datalab_keyword,패션의류,,패션_앵커,42.8248,1.0,kw_b01,,,50000000,True
2023-06-17,naver_datalab_keyword,패션의류,,히트텍,0.03833,0.0008950421251237601,kw_b01,,,50000000,False
2023-06-17,naver_datalab_keyword,패션의류,,가디건,1.7963,0.04194532140255179,kw_b02,,,50000000,False
2023-06-17,naver_datalab_keyword,패션의류,,반팔,1.50057,0.03503974332629691,kw_b02,,,50000000,False
2023-06-17,naver_datalab_keyword,패션의류,,자켓,0.73385,0.017136098709159178,kw_b02,,,50000000,False
2023-06-17,naver_datalab_keyword,패션의류,,패션_앵커,42.8248,1.0,kw_b02,,,50000000,True
2023-06-18,naver_datalab_keyword,패션의류,,코트,0.43447,0.008368142007448835,kw_b01,,,50000000,False
2023-06-18,naver_datalab_keyword,패션의류,,패딩,0.06571,0.0012656123813139296,kw_b01,,,50000000,False
2023-06-18,naver_datalab_keyword,패션의류,,패션_앵커,51.91953,1.0,kw_b01,,,50000000,True
2023-06-18,naver_datalab_keyword,패션의류,,히트텍,0.04746,0.000914106888101645,kw_b01,,,50000000,False
2023-06-18,naver_datalab_keyword,패션의류,,가디건,1.79083,0.03449241547448523,kw_b02,,,50000000,False
2023-06-18,naver_datalab_keyword,패션의류,,레인부츠,0.00182,3.5054246446375765e-05,kw_b02,,,50000000,False
2023-06-18,naver_datalab_keyword,패션의류,,반팔,1.61193,0.031046698612256313,kw_b02,,,50000000,False
2023-06-18,naver_datalab_keyword,패션의류,,자켓,0.69917,0.013466416202149748,kw_b02,,,50000000,False
2023-06-18,naver_datalab_keyword,패션의류,,패션_앵커,51.91953,1.0,kw_b02,,,50000000,True
2023-06-19,naver_datalab_keyword,패션의류,,코트,0.23184,0.00486980558796748,kw_b01,,,50000000,False
2023-06-19,naver_datalab_keyword,패션의류,,패딩,0.13508,0.002837359121905828,kw_b01,,,50000000,False
2023-06-19,naver_datalab_keyword,패션의류,,패션_앵커,47.60765,1.0,kw_b01,,,50000000,True
2023-06-19,naver_datalab_keyword,패션의류,,히트텍,0.08032,0.0016871238130846619,kw_b01,,,50000000,False
2023-06-19,naver_datalab_keyword,패션의류,,가디건,1.89671,0.03984044581070479,kw_b02,,,50000000,False
2023-06-19,naver_datalab_keyword,패션의류,,반팔,1.67217,0.035123976923876726,kw_b02,,,50000000,False
2023-06-19,naver_datalab_keyword,패션의류,,자켓,0.42534,0.008934278419539718,kw_b02,,,50000000,False
2023-06-19,naver_datalab_keyword,패션의류,,패션_앵커,47.60765,1.0,kw_b02,,,50000000,True
2023-06-20,naver_datalab_keyword,패션의류,,코트,0.39248,0.00832513680964925,kw_b01,,,50000000,False
2023-06-20,naver_datalab_keyword,패션의류,,패딩,0.06206,0.0013163931675673473,kw_b01,,,50000000,False
2023-06-20,naver_datalab_keyword,패션의류,,패션_앵커,47.14397,1.0,kw_b01,,,50000000,True
2023-06-20,naver_datalab_keyword,패션의류,,히트텍,0.05476,0.001161548337995294,kw_b01,,,50000000,False
2023-06-20,naver_datalab_keyword,패션의류,,가디건,2.20887,0.04685371215024954,kw_b02,,,50000000,False
2023-06-20,naver_datalab_keyword,패션의류,,반팔,1.45128,0.030784000583743792,kw_b02,,,50000000,False
2023-06-20,naver_datalab_keyword,패션의류,,자켓,0.51844,0.010996952526484298,kw_b02,,,50000000,False
2023-06-20,naver_datalab_keyword,패션의류,,패션_앵커,47.14397,1.0,kw_b02,,,50000000,True
2023-06-21,naver_datalab_keyword,패션의류,,코트,0.31946,0.005240686732397537,kw_b01,,,50000000,False
2023-06-21,naver_datalab_keyword,패션의류,,패딩,0.04381,0.0007186955667261506,kw_b01,,,50000000,False
2023-06-21,naver_datalab_keyword,패션의류,,패션_앵커,60.95766,1.0,kw_b01,,,50000000,True
2023-06-21,naver_datalab_keyword,패션의류,,히트텍,0.06206,0.0010180836994070966,kw_b01,,,50000000,False
2023-06-21,naver_datalab_keyword,패션의류,,가디건,2.00989,0.032971902136663386,kw_b02,,,50000000,False
2023-06-21,naver_datalab_keyword,패션의류,,반팔,1.22309,0.020064582531547307,kw_b02,,,50000000,False
2023-06-21,naver_datalab_keyword,패션의류,,자켓,0.60059,0.009852576362019146,kw_b02,,,50000000,False
2023-06-21,naver_datalab_keyword,패션의류,,패션_앵커,60.95766,1.0,kw_b02,,,50000000,True
2023-06-22,naver_datalab_keyword,패션의류,,코트,0.2939,0.0038374288104075145,kw_b01,,,50000000,False
2023-06-22,naver_datalab_keyword,패션의류,,패딩,0.02008,0.0002621829551309387,kw_b01,,,50000000,False
2023-06-22,naver_datalab_keyword,패션의류,,패션_앵커,76.58774,1.0,kw_b01,,,50000000,True
2023-06-22,naver_datalab_keyword,패션의류,,히트텍,0.03285,0.0004289198245045486,kw_b01,,,50000000,False
2023-06-22,naver_datalab_keyword,패션의류,,가디건,1.83464,0.023954747848676565,kw_b02,,,50000000,False
2023-06-22,naver_datalab_keyword,패션의류,,레인부츠,0.00547,7.142135281704357e-05,kw_b02,,,50000000,False
2023-06-22,naver_datalab_keyword,패션의류,,반팔,1.05697,0.013800772812985473,kw_b02,,,50000000,False
2023-06-22,naver_datalab_keyword,패션의류,,자켓,0.59329,0.007746540112033597,kw_b02,,,50000000,False
2023-06-22,naver_datalab_keyword,패션의류,,패션_앵커,76.58774,1.0,kw_b02,,,50000000,True
2023-06-23,naver_datalab_keyword,패션의류,,코트,0.32311,0.005242630041108995,kw_b01,,,50000000,False
2023-06-23,naver_datalab_keyword,패션의류,,패딩,0.06389,0.0010366489224302984,kw_b01,,,50000000,False
2023-06-23,naver_datalab_keyword,패션의류,,패션_앵커,61.63128,1.0,kw_b01,,,50000000,True
2023-06-23,naver_datalab_keyword,패션의류,,히트텍,0.03651,0.0005923939921416528,kw_b01,,,50000000,False
2023-06-23,naver_datalab_keyword,패션의류,,가디건,1.48962,0.024169869585703885,kw_b02,,,50000000,False
2023-06-23,naver_datalab_keyword,패션의류,,레인부츠,0.00182,2.953045920837601e-05,kw_b02,,,50000000,False
2023-06-23,naver_datalab_keyword,패션의류,,반팔,0.95657,0.015520852398327603,kw_b02,,,50000000,False
2023-06-23,naver_datalab_keyword,패션의류,,자켓,0.49654,0.008056623195234628,kw_b02,,,50000000,False
2023-06-23,naver_datalab_keyword,패션의류,,패션_앵커,61.63128,1.0,kw_b02,,,50000000,True
2023-06-24,naver_datalab_keyword,패션의류,,코트,0.37057,0.007854307544136897,kw_b01,,,50000000,False
2023-06-24,naver_datalab_keyword,패션의류,,패딩,0.05293,0.0011218622616811019,kw_b01,,,50000000,False
2023-06-24,naver_datalab_keyword,패션의류,,패션_앵커,47.18048,1.0,kw_b01,,,50000000,True
2023-06-24,naver_datalab_keyword,패션의류,,히트텍,0.03285,0.0006962625221277951,kw_b01,,,50000000,False
2023-06-24,naver_datalab_keyword,패션의류,,가디건,1.76892,0.037492624068258734,kw_b02,,,50000000,False
2023-06-24,naver_datalab_keyword,패션의류,,반팔,1.60645,0.03404903892457219,kw_b02,,,50000000,False
2023-06-24,naver_datalab_keyword,패션의류,,자켓,0.52757,0.011181954910166237,kw_b02,,,50000000,False
2023-06-24,naver_datalab_keyword,패션의류,,패션_앵커,47.18048,1.0,kw_b02,,,50000000,True
2023-06-25,naver_datalab_keyword,패션의류,,코트,0.46003,0.00818500316970266,kw_b01,,,50000000,False
2023-06-25,naver_datalab_keyword,패션의류,,패딩,0.05293,0.0009417477507387818,kw_b01,,,50000000,False
2023-06-25,naver_datalab_keyword,패션의류,,패션_앵커,56.20401,1.0,kw_b01,,,50000000,True
2023-06-25,naver_datalab_keyword,패션의류,,히트텍,0.04928,0.000876805765282584,kw_b01,,,50000000,False
2023-06-25,naver_datalab_keyword,패션의류,,가디건,1.82186,0.03241512482828183,kw_b02,,,50000000,False
2023-06-25,naver_datalab_keyword,패션의류,,레인부츠,0.00365,6.494198545619789e-05,kw_b02,,,50000000,False
2023-06-25,naver_datalab_keyword,패션의류,,반팔,1.50057,0.026698628798905985,kw_b02,,,50000000,False
2023-06-25,naver_datalab_keyword,패션의류,,자켓,0.68639,0.01221247380747388,kw_b02,,,50000000,False
2023-06-25,naver_datalab_keyword,패션의류,,패션_앵커,56.20401,1.0,kw_b02,,,50000000,True
2023-06-26,naver_datalab_keyword,패션의류,,코트,0.29573,0.00347456143545808,kw_b01,,,50000000,False
2023-06-26,naver_datalab_keyword,패션의류,,패딩,0.11318,0.001329763173384998,kw_b01,,,50000000,False
2023-06-26,naver_datalab_keyword,패션의류,,패션_앵커,85.1129,1.0,kw_b01,,,50000000,True
2023-06-26,naver_datalab_keyword,패션의류,,히트텍,0.06206,0.0007291491654026592,kw_b01,,,50000000,False
2023-06-26,naver_datalab_keyword,패션의류,,가디건,1.78353,0.02095487288060917,kw_b02,,,50000000,False
2023-06-26,naver_datalab_keyword,패션의류,,반팔,1.19753,0.014069900097400043,kw_b02,,,50000000,False
2023-06-26,naver_datalab_keyword,패션의류,,자켓,0.50384,0.00591966670152233,kw_b02,,,50000000,False
2023-06-26,naver_datalab_keyword,패션의류,,패션_앵커,85.1129,1.0,kw_b02,,,50000000,True
2023-06-27,naver_datalab_keyword,패션의류,,코트,0.39613,0.004552524000074931,kw_b01,,,50000000,False
2023-06-27,naver_datalab_keyword,패션의류,,패딩,0.0292,0.00033558099816269403,kw_b01,,,50000000,False
2023-06-27,naver_datalab_keyword,패션의류,,패션_앵커,87.01327,1.0,kw_b01,,,50000000,True
2023-06-27,naver_datalab_keyword,패션의류,,히트텍,0.06206,0.0007132245460950955,kw_b01,,,50000000,False
2023-06-27,naver_datalab_keyword,패션의류,,가디건,2.08291,0.023937843043940307,kw_b02,,,50000000,False
2023-06-27,naver_datalab_keyword,패션의류,,레인부츠,0.00182,2.0916349885482984e-05,kw_b02,,,50000000,False
2023-06-27,naver_datalab_keyword,패션의류,,반팔,1.10991,0.012755640605162866,kw_b02,,,50000000,False
2023-06-27,naver_datalab_keyword,패션의류,,자켓,0.55313,0.006356846490196265,kw_b02,,,50000000,False
2023-06-27,naver_datalab_keyword,패션의류,,패션_앵커,87.01327,1.0,kw_b02,,,50000000,True
2023-06-28,naver_datalab_keyword,패션의류,,목도리,0.00182,3.759343362517818e-05,kw_b01,,,50000000,False
2023-06-28,naver_datalab_keyword,패션의류,,코트,0.35962,0.007428214615542076,kw_b01,,,50000000,False
2023-06-28,naver_datalab_keyword,패션의류,,패딩,0.06754,0.0013950881906838102,kw_b01,,,50000000,False
2023-06-28,naver_datalab_keyword,패션의류,,패션_앵커,48.41271,1.0,kw_b01,,,50000000,True
2023-06-28,naver_datalab_keyword,패션의류,,히트텍,0.03285,0.0006785408212017051,kw_b01,,,50000000,False
2023-06-28,naver_datalab_keyword,패션의류,,가디건,1.50605,0.031108566324834948,kw_b02,,,50000000,False
2023-06-28,naver_datalab_keyword,패션의류,,레인부츠,0.00182,3.759343362517818e-05,kw_b02,,,50000000,False
2023-06-28,naver_datalab_keyword,패션의류,,반팔,1.04967,0.021681703007330102,kw_b02,,,50000000,False
2023-06-28,naver_datalab_keyword,패션의류,,자켓,0.50749,0.010482577818923998,kw_b02,,,50000000,False
2023-06-28,naver_datalab_keyword,패션의류,,패션_앵커,48.41271,1.0,kw_b02,,,50000000,True
2023-06-29,naver_datalab_keyword,패션의류,,코트,0.44907,0.009238249194710703,kw_b01,,,50000000,False
2023-06-29,naver_datalab_keyword,패션의류,,패딩,0.06206,0.0012766957156428757,kw_b01,,,50000000,False
2023-06-29,naver_datalab_keyword,패션의류,,패션_앵커,48.60986,1.0,kw_b01,,,50000000,True
2023-06-29,naver_datalab_keyword,패션의류,,히트텍,0.03468,0.0007134355046486455,kw_b01,,,50000000,False
2023-06-29,naver_datalab_keyword,패션의류,,가디건,41.18001,0.8471534375947597,kw_b02,,,50000000,False
2023-06-29,naver_datalab_keyword,패션의류,,반팔,1.08983,0.022419937025122065,kw_b02,,,50000000,False
2023-06-29,naver_datalab_keyword,패션의류,,자켓,0.53122,0.010928235547273743,kw_b02,,,50000000,False
2023-06-29,naver_datalab_keyword,패션의류,,패션_앵커,48.60986,1.0,kw_b02,,,50000000,True
2023-06-30,naver_datalab_keyword,패션의류,,코트,0.30303,0.0071276925544861685,kw_b01,,,50000000,False
2023-06-30,naver_datalab_keyword,패션의류,,패딩,0.05111,0.001202179211496512,kw_b01,,,50000000,False
2023-06-30,naver_datalab_keyword,패션의류,,패션_앵커,42.51446,1.0,kw_b01,,,50000000,True
2023-06-30,naver_datalab_keyword,패션의류,,히트텍,0.03103,0.0007298693197561488,kw_b01,,,50000000,False
2023-06-30,naver_datalab_keyword,패션의류,,가디건,1.62105,0.03812937998036433,kw_b02,,,50000000,False
2023-06-30,naver_datalab_keyword,패션의류,,레인부츠,0.0073,0.00017170628534385712,kw_b02,,,50000000,False
2023-06-30,naver_datalab_keyword,패션의류,,반팔,0.76489,0.017991290492693542,kw_b02,,,50000000,False
2023-06-30,naver_datalab_keyword,패션의류,,자켓,0.3797,0.008931078978775691,kw_b02,,,50000000,False
2023-06-30,naver_datalab_keyword,패션의류,,패션_앵커,42.51446,1.0,kw_b02,,,50000000,True
2023-07-01,naver_datalab_keyword,패션의류,,코트,0.21541,0.004299488376651229,kw_b01,,,50000000,False
2023-07-01,naver_datalab_keyword,패션의류,,패딩,0.04381,0.0008744282335132555,kw_b01,,,50000000,False
2023-07-01,naver_datalab_keyword,패션의류,,패션_앵커,50.10131,1.0,kw_b01,,,50000000,True
2023-07-01,naver_datalab_keyword,패션의류,,히트텍,0.06206,0.0012386901659856798,kw_b01,,,50000000,False
2023-07-01,naver_datalab_keyword,패션의류,,가디건,1.67217,0.03337577400670761,kw_b02,,,50000000,False
2023-07-01,naver_datalab_keyword,패션의류,,반팔,0.89815,0.017926676967129202,kw_b02,,,50000000,False
2023-07-01,naver_datalab_keyword,패션의류,,자켓,0.48011,0.00958278336434716,kw_b02,,,50000000,False
2023-07-01,naver_datalab_keyword,패션의류,,패션_앵커,50.10131,1.0,kw_b02,,,50000000,True
2023-07-02,naver_datalab_keyword,패션의류,,코트,0.32676,0.005645311485537906,kw_b01,,,50000000,False
2023-07-02,naver_datalab_keyword,패션의류,,패딩,0.06754,0.0011668635626552522,kw_b01,,,50000000,False
2023-07-02,naver_datalab_keyword,패션의류,,패션_앵커,57.88166,1.0,kw_b01,,,50000000,True
2023-07-02,naver_datalab_keyword,패션의류,,히트텍,0.01277,0.000220622559892028,kw_b01,,,50000000,False
2023-07-02,naver_datalab_keyword,패션의류,,가디건,2.05918,0.035575690123607374,kw_b02,,,50000000,False
2023-07-02,naver_datalab_keyword,패션의류,,반팔,1.3454,0.023243977453307318,kw_b02,,,50000000,False
2023-07-02,naver_datalab_keyword,패션의류,,자켓,0.57321,0.009903136848528532,kw_b02,,,50000000,False
2023-07-02,naver_datalab_keyword,패션의류,,패션_앵커,57.88166,1.0,kw_b02,,,50000000,True
2023-07-03,naver_datalab_keyword,패션의류,,코트,0.32676,0.00645798191029856,kw_b01,,,50000000,False
2023-07-03,naver_datalab_keyword,패션의류,,패딩,0.03468,0.0006854046169945956,kw_b01,,,50000000,False
2023-07-03,naver_datalab_keyword,패션의류,,패션_앵커,50.59785,1.0,kw_b01,,,50000000,True
2023-07-03,naver_datalab_keyword,패션의류,,히트텍,0.03468,0.0006854046169945956,kw_b01,,,50000000,False
2023-07-03,naver_datalab_keyword,패션의류,,가디건,1.65756,0.032759494721613665,kw_b02,,,50000000,False
2023-07-03,naver_datalab_keyword,패션의류,,반팔,1.10991,0.02193591229666873,kw_b02,,,50000000,False
2023-07-03,naver_datalab_keyword,패션의류,,자켓,0.43264,0.008550560942806859,kw_b02,,,50000000,False
2023-07-03,naver_datalab_keyword,패션의류,,패션_앵커,50.59785,1.0,kw_b02,,,50000000,True
2023-07-04,naver_datalab_keyword,패션의류,,코트,0.31581,0.006058610887773254,kw_b01,,,50000000,False
2023-07-04,naver_datalab_keyword,패션의류,,패딩,0.07119,0.001365734172763934,kw_b01,,,50000000,False
2023-07-04,naver_datalab_keyword,패션의류,,패션_앵커,52.12581,1.0,kw_b01,,,50000000,True
2023-07-04,naver_datalab_keyword,패션의류,,히트텍,0.04928,0.0009454049730833918,kw_b01,,,50000000,False
2023-07-04,naver_datalab_keyword,패션의류,,가디건,1.71233,0.032849945161523626,kw_b02,,,50000000,False
2023-07-04,naver_datalab_keyword,패션의류,,반팔,1.02046,0.01957686604774103,kw_b02,,,50000000,False
2023-07-04,naver_datalab_keyword,패션의류,,자켓,0.53852,0.010331158403102033,kw_b02,,,50000000,False
2023-07-04,naver_datalab_keyword,패션의류,,패션_앵커,52.12581,1.0,kw_b02,,,50000000,True
2023-07-05,naver_datalab_keyword,패션의류,,코트,0.36145,0.007637660671911285,kw_b01,,,50000000,False
2023-07-05,naver_datalab_keyword,패션의류,,패딩,0.05476,0.001157112459244327,kw_b01,,,50000000,False
2023-07-05,naver_datalab_keyword,패션의류,,패션_앵커,47.3247,1.0,kw_b01,,,50000000,True
2023-07-05,naver_datalab_keyword,패션의류,,히트텍,0.01825,0.0003856337176992141,kw_b01,,,50000000,False
2023-07-05,naver_datalab_keyword,패션의류,,가디건,1.59732,0.0337523534222087,kw_b02,,,50000000,False
2023-07-05,naver_datalab_keyword,패션의류,,레인부츠,0.00182,3.8457718696579166e-05,kw_b02,,,50000000,False
2023-07-05,naver_datalab_keyword,패션의류,,반팔,1.06245,0.022450221554494797,kw_b02,,,50000000,False
2023-07-05,naver_datalab_keyword,패션의류,,자켓,0.61337,0.012960885119187231,kw_b02,,,50000000,False
2023-07-05,naver_datalab_keyword,패션의류,,패션_앵커,47.3247,1.0,kw_b02,,,50000000,True
2023-07-06,naver_datalab_keyword,패션의류,,코트,0.36875,0.0074833317030662694,kw_b01,,,50000000,False
2023-07-06,naver_datalab_keyword,패션의류,,패딩,0.03833,0.0007778606215010986,kw_b01,,,50000000,False
2023-07-06,naver_datalab_keyword,패션의류,,패션_앵커,49.27618,1.0,kw_b01,,,50000000,True
2023-07-06,naver_datalab_keyword,패션의류,,히트텍,0.03651,0.000740925940281897,kw_b01,,,50000000,False
2023-07-06,naver_datalab_keyword,패션의류,,가디건,1.94965,0.03956576991154753,kw_b02,,,50000000,False
2023-07-06,naver_datalab_keyword,패션의류,,레인부츠,0.00182,3.6934681219201656e-05,kw_b02,,,50000000,False
2023-07-06,naver_datalab_keyword,패션의류,,반팔,0.8872,0.018004642405316323,kw_b02,,,50000000,False
2023-07-06,naver_datalab_keyword,패션의류,,자켓,0.58964,0.01196602496378575,kw_b02,,,50000000,False
2023-07-06,naver_datalab_keyword,패션의류,,패션_앵커,49.27618,1.0,kw_b02,,,50000000,True
2023-07-07,naver_datalab_keyword,패션의류,,코트,0.20993,0.004713015245402099,kw_b01,,,50000000,False
2023-07-07,naver_datalab_keyword,패션의류,,패딩,0.03651,0.0008196645863365438,kw_b01,,,50000000,False
2023-07-07,naver_datalab_keyword,패션의류,,패션_앵커,44.54261,1.0,kw_b01,,,50000000,True
2023-07-07,naver_datalab_keyword,패션의류,,히트텍,0.0219,0.0004916640493226597,kw_b01,,,50000000,False
2023-07-07,naver_datalab_keyword,패션의류,,가디건,1.59002,0.035696606013881985,kw_b02,,,50000000,False
2023-07-07,naver_datalab_keyword,패션의류,,반팔,0.68639,0.015409739123953443,kw_b02,,,50000000,False
2023-07-07,naver_datalab_keyword,패션의류,,자켓,0.49106,0.011024499911433118,kw_b02,,,50000000,False
2023-07-07,naver_datalab_keyword,패션의류,,패션_앵커,44.54261,1.0,kw_b02,,,50000000,True
2023-07-08,naver_datalab_keyword,패션의류,,코트,0.51844,0.01074319163388768,kw_b01,,,50000000,False
2023-07-08,naver_datalab_keyword,패션의류,,패딩,0.0931,0.001929232198740342,kw_b01,,,50000000,False
2023-07-08,naver_datalab_keyword,패션의류,,패션_앵커,48.25754,1.0,kw_b01,,,50000000,True
2023-07-08,naver_datalab_keyword,패션의류,,히트텍,0.0292,0.0006050867905823629,kw_b01,,,50000000,False
2023-07-08,naver_datalab_keyword,패션의류,,가디건,1.69225,0.035067058950787794,kw_b02,,,50000000,False
2023-07-08,naver_datalab_keyword,패션의류,,반팔,0.94744,0.019632994139361433,kw_b02,,,50000000,False
2023-07-08,naver_datalab_keyword,패션의류,,자켓,0.60424,0.01252115213498243,kw_b02,,,50000000,False
2023-07-08,naver_datalab_keyword,패션의류,,패션_앵커,48.25754,1.0,kw_b02,,,50000000,True
2023-07-09,naver_datalab_keyword,패션의류,,코트,0.41074,0.007560205642599993,kw_b01,,,50000000,False
2023-07-09,naver_datalab_keyword,패션의류,,패딩,0.08579,0.0015790768906818267,kw_b01,,,50000000,False
2023-07-09,naver_datalab_keyword,패션의류,,패션_앵커,54.32921,1.0,kw_b01,,,50000000,True
2023-07-09,naver_datalab_keyword,패션의류,,히트텍,0.03103,0.0005711476386275449,kw_b01,,,50000000,False
2023-07-09,naver_datalab_keyword,패션의류,,가디건,2.4827,0.0456973329816502,kw_b02,,,50000000,False
2023-07-09,naver_datalab_keyword,패션의류,,반팔,1.00038,0.01841329921786089,kw_b02,,,50000000,False
2023-07-09,naver_datalab_keyword,패션의류,,자켓,0.6371,0.011726656802114368,kw_b02,,,50000000,False
2023-07-09,naver_datalab_keyword,패션의류,,패션_앵커,54.32921,1.0,kw_b02,,,50000000,True
2023-07-10,naver_datalab_keyword,패션의류,,코트,0.41074,0.008659813984986057,kw_b01,,,50000000,False
2023-07-10,naver_datalab_keyword,패션의류,,패딩,0.09492,0.002001240549873099,kw_b01,,,50000000,False
2023-07-10,naver_datalab_keyword,패션의류,,패션_앵커,47.43058,1.0,kw_b01,,,50000000,True
2023-07-10,naver_datalab_keyword,패션의류,,히트텍,0.03468,0.0007311738545048364,kw_b01,,,50000000,False
2023-07-10,naver_datalab_keyword,패션의류,,가디건,1.92592,0.040605027389502724,kw_b02,,,50000000,False
2023-07-10,naver_datalab_keyword,패션의류,,반팔,0.85799,0.018089384527872104,kw_b02,,,50000000,False
2023-07-10,naver_datalab_keyword,패션의류,,자켓,0.31763,0.0066967344696185465,kw_b02,,,50000000,False
2023-07-10,naver_datalab_keyword,패션의류,,패션_앵커,47.43058,1.0,kw_b02,,,50000000,True
2023-07-11,naver_datalab_keyword,패션의류,,코트,0.45272,0.00992061448556096,kw_b01,,,50000000,False
2023-07-11,naver_datalab_keyword,패션의류,,패딩,0.06936,0.001519910365609004,kw_b01,,,50000000,False
2023-07-11,naver_datalab_keyword,패션의류,,패션_앵커,45.63427,1.0,kw_b01,,,50000000,True
2023-07-11,naver_datalab_keyword,패션의류,,히트텍,0.21358,0.004680254554307541,kw_b01,,,50000000,False
2023-07-11,naver_datalab_keyword,패션의류,,가디건,2.42793,0.053204094203763964,kw_b02,,,50000000,False
2023-07-11,naver_datalab_keyword,패션의류,,반팔,1.42025,0.031122443724858534,kw_b02,,,50000000,False
2023-07-11,naver_datalab_keyword,패션의류,,자켓,0.52209,0.011440743984729022,kw_b02,,,50000000,False
2023-07-11,naver_datalab_keyword,패션의류,,패션_앵커,45.63427,1.0,kw_b02,,,50000000,True
2023-07-12,naver_datalab_keyword,패션의류,,코트,0.49654,0.01103268009871509,kw_b01,,,50000000,False
2023-07-12,naver_datalab_keyword,패션의류,,패딩,0.04928,0.0010949580603066816,kw_b01,,,50000000,False
2023-07-12,naver_datalab_keyword,패션의류,,패션_앵커,45.00629,1.0,kw_b01,,,50000000,True
2023-07-12,naver_datalab_keyword,패션의류,,히트텍,0.03103,0.00068945918448288,kw_b01,,,50000000,False
2023-07-12,naver_datalab_keyword,패션의류,,가디건,1.83647,0.040804740848445854,kw_b02,,,50000000,False
2023-07-12,naver_datalab_keyword,패션의류,,반팔,0.81235,0.018049699275367953,kw_b02,,,50000000,False
2023-07-12,naver_datalab_keyword,패션의류,,자켓,0.60789,0.013506778719152368,kw_b02,,,50000000,False
2023-07-12,naver_datalab_keyword,패션의류,,패션_앵커,45.00629,1.0,kw_b02,,,50000000,True
2023-07-13,naver_datalab_keyword,패션의류,,코트,0.40709,0.009357160391782967,kw_b01,,,50000000,False
2023-07-13,naver_datalab_keyword,패션의류,,패딩,0.0931,0.002139948494129048,kw_b01,,,50000000,False
2023-07-13,naver_datalab_keyword,패션의류,,패션_앵커,43.50572,1.0,kw_b01,,,50000000,True
2023-07-13,naver_datalab_keyword,패션의류,,히트텍,0.03651,0.0008391999948512518,kw_b01,,,50000000,False
2023-07-13,naver_datalab_keyword,패션의류,,가디건,1.76527,0.04057558408411584,kw_b02,,,50000000,False
2023-07-13,naver_datalab_keyword,패션의류,,레인부츠,0.00182,4.183357958447763e-05,kw_b02,,,50000000,False
2023-07-13,naver_datalab_keyword,패션의류,,반팔,0.92918,0.021357651361706004,kw_b02,,,50000000,False
2023-07-13,naver_datalab_keyword,패션의류,,자켓,0.56225,0.012923587978776126,kw_b02,,,50000000,False
2023-07-13,naver_datalab_keyword,패션의류,,패션_앵커,43.50572,1.0,kw_b02,,,50000000,True
2023-07-14,naver_datalab_keyword,패션의류,,코트,0.47645,0.013052991941910966,kw_b01,,,50000000,False
2023-07-14,naver_datalab_keyword,패션의류,,패딩,0.1077,0.0029505871175229533,kw_b01,,,50000000,False
2023-07-14,naver_datalab_keyword,패션의류,,패션_앵커,36.50121,1.0,kw_b01,,,50000000,True
2023-07-14,naver_datalab_keyword,패션의류,,히트텍,0.03651,0.0010002408139346613,kw_b01,,,50000000,False
2023-07-14,naver_datalab_keyword,패션의류,,가디건,1.57177,0.043060764286992126,kw_b02,,,50000000,False
2023-07-14,naver_datalab_keyword,패션의류,,반팔,0.69187,0.018954714103998196,kw_b02,,,50000000,False
2023-07-14,naver_datalab_keyword,패션의류,,자켓,0.54948,0.01505374753330095,kw_b02,,,50000000,False
2023-07-14,naver_datalab_keyword,패션의류,,패션_앵커,36.50121,1.0,kw_b02,,,50000000,True
2023-07-15,naver_datalab_keyword,패션의류,,코트,0.82513,0.01971465796395677,kw_b01,,,50000000,False
2023-07-15,naver_datalab_keyword,패션의류,,패딩,0.12413,0.0029658120454545997,kw_b01,,,50000000,False
2023-07-15,naver_datalab_keyword,패션의류,,패션_앵커,41.85363,1.0,kw_b01,,,50000000,True
2023-07-15,naver_datalab_keyword,패션의류,,히트텍,0.04381,0.0010467431379309272,kw_b01,,,50000000,False
2023-07-15,naver_datalab_keyword,패션의류,,가디건,2.04457,0.04885048202509556,kw_b02,,,50000000,False
2023-07-15,naver_datalab_keyword,패션의류,,반팔,1.38191,0.03301768568222159,kw_b02,,,50000000,False
2023-07-15,naver_datalab_keyword,패션의류,,자켓,0.71377,0.017053956849143074,kw_b02,,,50000000,False
2023-07-15,naver_datalab_keyword,패션의류,,패션_앵커,41.85363,1.0,kw_b02,,,50000000,True
2023-07-16,naver_datalab_keyword,패션의류,,코트,0.83791,0.017455080109299703,kw_b01,,,50000000,False
2023-07-16,naver_datalab_keyword,패션의류,,패딩,0.15516,0.003232244787338666,kw_b01,,,50000000,False
2023-07-16,naver_datalab_keyword,패션의류,,패션_앵커,48.00379,1.0,kw_b01,,,50000000,True
2023-07-16,naver_datalab_keyword,패션의류,,히트텍,0.03468,0.0007224429571081783,kw_b01,,,50000000,False
2023-07-16,naver_datalab_keyword,패션의류,,가디건,2.01537,0.0419835600480712,kw_b02,,,50000000,False
2023-07-16,naver_datalab_keyword,패션의류,,레인부츠,0.00182,3.791367306623081e-05,kw_b02,,,50000000,False
2023-07-16,naver_datalab_keyword,패션의류,,반팔,1.19206,0.02483262259084126,kw_b02,,,50000000,False
2023-07-16,naver_datalab_keyword,패션의류,,자켓,0.96204,0.02004091760254763,kw_b02,,,50000000,False
2023-07-16,naver_datalab_keyword,패션의류,,패션_앵커,48.00379,1.0,kw_b02,,,50000000,True
2023-07-17,naver_datalab_keyword,패션의류,,코트,0.51479,0.013239911444155704,kw_b01,,,50000000,False
2023-07-17,naver_datalab_keyword,패션의류,,패딩,0.04746,0.00122062626923528,kw_b01,,,50000000,False
2023-07-17,naver_datalab_keyword,패션의류,,패션_앵커,38.88168,1.0,kw_b01,,,50000000,True
2023-07-17,naver_datalab_keyword,패션의류,,히트텍,0.03833,0.0009858113126799048,kw_b01,,,50000000,False
2023-07-17,naver_datalab_keyword,패션의류,,가디건,1.70685,0.04389856611134087,kw_b02,,,50000000,False
2023-07-17,naver_datalab_keyword,패션의류,,반팔,0.97117,0.02497757298552943,kw_b02,,,50000000,False
2023-07-17,naver_datalab_keyword,패션의류,,자켓,0.67179,0.01727780281098965,kw_b02,,,50000000,False
2023-07-17,naver_datalab_keyword,패션의류,,패션_앵커,38.88168,1.0,kw_b02,,,50000000,True
2023-07-18,naver_datalab_keyword,패션의류,,코트,0.5586,0.01393929941670046,kw_b01,,,50000000,False
2023-07-18,naver_datalab_keyword,패션의류,,패딩,0.1004,0.0025053807043263986,kw_b01,,,50000000,False
2023-07-18,naver_datalab_keyword,패션의류,,패션_앵커,40.07375,1.0,kw_b01,,,50000000,True
2023-07-18,naver_datalab_keyword,패션의류,,히트텍,0.03651,0.0009110702142923984,kw_b01,,,50000000,False
2023-07-18,naver_datalab_keyword,패션의류,,가디건,2.01537,0.05029152500077981,kw_b02,,,50000000,False
2023-07-18,naver_datalab_keyword,패션의류,,반팔,0.80687,0.020134626781870925,kw_b02,,,50000000,False
2023-07-18,naver_datalab_keyword,패션의류,,자켓,0.60424,0.015078199569543656,kw_b02,,,50000000,False
2023-07-18,naver_datalab_keyword,패션의류,,패션_앵커,40.07375,1.0,kw_b02,,,50000000,True
2023-07-19,naver_datalab_keyword,패션의류,,코트,0.50019,0.012729343351762663,kw_b01,,,50000000,False
2023-07-19,naver_datalab_keyword,패션의류,,패딩,0.1004,0.002555081214172557,kw_b01,,,50000000,False
2023-07-19,naver_datalab_keyword,패션의류,,패션_앵커,39.29425,1.0,kw_b01,,,50000000,True
2023-07-19,naver_datalab_keyword,패션의류,,히트텍,0.05111,0.001300699211716727,kw_b01,,,50000000,False
2023-07-19,naver_datalab_keyword,패션의류,,가디건,1.71781,0.04371657430794582,kw_b02,,,50000000,False
2023-07-19,naver_datalab_keyword,패션의류,,반팔,0.72838,0.018536554330468198,kw_b02,,,50000000,False
2023-07-19,naver_datalab_keyword,패션의류,,자켓,0.41256,0.010499246072898706,kw_b02,,,50000000,False
2023-07-19,naver_datalab_keyword,패션의류,,패션_앵커,39.29425,1.0,kw_b02,,,50000000,True
2023-07-20,naver_datalab_keyword,패션의류,,코트,0.51479,0.013211376376019294,kw_b01,,,50000000,False
2023-07-20,naver_datalab_keyword,패션의류,,패딩,0.04563,0.0011710311079037286,kw_b01,,,50000000,False
2023-07-20,naver_datalab_keyword,패션의류,,패션_앵커,38.96566,1.0,kw_b01,,,50000000,True
2023-07-20,naver_datalab_keyword,패션의류,,히트텍,0.03285,0.0008430500086486409,kw_b01,,,50000000,False
2023-07-20,naver_datalab_keyword,패션의류,,가디건,1.63748,0.04202366904602668,kw_b02,,,50000000,False
2023-07-20,naver_datalab_keyword,패션의류,,반팔,0.65353,0.01677194740189182,kw_b02,,,50000000,False
2023-07-20,naver_datalab_keyword,패션의류,,자켓,0.53305,0.013679994128163106,kw_b02,,,50000000,False
2023-07-20,naver_datalab_keyword,패션의류,,패션_앵커,38.96566,1.0,kw_b02,,,50000000,True
2023-07-21,naver_datalab_keyword,패션의류,,코트,0.59146,0.015791582930907752,kw_b01,,,50000000,False
2023-07-21,naver_datalab_keyword,패션의류,,패딩,0.08762,0.0023393948811519585,kw_b01,,,50000000,False
2023-07-21,naver_datalab_keyword,패션의류,,패션_앵커,37.45413,1.0,kw_b01,,,50000000,True
2023-07-21,naver_datalab_keyword,패션의류,,히트텍,0.02555,0.0006821677609385133,kw_b01,,,50000000,False
2023-07-21,naver_datalab_keyword,패션의류,,가디건,1.34723,0.03597013199879426,kw_b02,,,50000000,False
2023-07-21,naver_datalab_keyword,패션의류,,반팔,0.58964,0.015742990158895697,kw_b02,,,50000000,False
2023-07-21,naver_datalab_keyword,패션의류,,자켓,0.35415,0.009455566048390393,kw_b02,,,50000000,False
2023-07-21,naver_datalab_keyword,패션의류,,패션_앵커,37.45413,1.0,kw_b02,,,50000000,True
2023-07-22,naver_datalab_keyword,패션의류,,코트,0.79592,0.020227187360701736,kw_b01,,,50000000,False
2023-07-22,naver_datalab_keyword,패션의류,,패딩,0.09675,0.0024587651738213557,kw_b01,,,50000000,False
2023-07-22,naver_datalab_keyword,패션의류,,패션_앵커,39.34902,1.0,kw_b01,,,50000000,True
2023-07-22,naver_datalab_keyword,패션의류,,히트텍,0.02555,0.0006493173146370608,kw_b01,,,50000000,False
2023-07-22,naver_datalab_keyword,패션의류,,가디건,1.30159,0.033078079199939416,kw_b02,,,50000000,False
2023-07-22,naver_datalab_keyword,패션의류,,반팔,0.75576,0.019206577444622508,kw_b02,,,50000000,False
2023-07-22,naver_datalab_keyword,패션의류,,자켓,0.4509,0.011458989321716271,kw_b02,,,50000000,False
2023-07-22,naver_datalab_keyword,패션의류,,패션_앵커,39.34902,1.0,kw_b02,,,50000000,True
2023-07-23,naver_datalab_keyword,패션의류,,코트,0.79044,0.017250805153242645,kw_b01,,,50000000,False
2023-07-23,naver_datalab_keyword,패션의류,,패딩,0.08945,0.0019521842530205386,kw_b01,,,50000000,False
2023-07-23,naver_datalab_keyword,패션의류,,패션_앵커,45.82047,1.0,kw_b01,,,50000000,True
2023-07-23,naver_datalab_keyword,패션의류,,히트텍,0.02555,0.0005576110415279459,kw_b01,,,50000000,False
2023-07-23,naver_datalab_keyword,패션의류,,가디건,2.26911,0.04952175305054706,kw_b02,,,50000000,False
2023-07-23,naver_datalab_keyword,패션의류,,반팔,0.87807,0.01916326916768859,kw_b02,,,50000000,False
2023-07-23,naver_datalab_keyword,패션의류,,자켓,0.56591,0.012350593522938547,kw_b02,,,50000000,False
2023-07-23,naver_datalab_keyword,패션의류,,패션_앵커,45.82047,1.0,kw_b02,,,50000000,True
2023-07-24,naver_datalab_keyword,패션의류,,코트,0.55678,0.013945340716347393,kw_b01,,,50000000,False
2023-07-24,naver_datalab_keyword,패션의류,,패딩,0.07302,0.0018288889311894943,kw_b01,,,50000000,False
2023-07-24,naver_datalab_keyword,패션의류,,패션_앵커,39.92588,1.0,kw_b01,,,50000000,True
2023-07-24,naver_datalab_keyword,패션의류,,히트텍,0.03651,0.0009144444655947472,kw_b01,,,50000000,False
2023-07-24,naver_datalab_keyword,패션의류,,가디건,1.68677,0.042247534681765314,kw_b02,,,50000000,False
2023-07-24,naver_datalab_keyword,패션의류,,반팔,0.90545,0.022678272839571727,kw_b02,,,50000000,False
2023-07-24,naver_datalab_keyword,패션의류,,자켓,0.49836,0.012482129385751798,kw_b02,,,50000000,False
2023-07-24,naver_datalab_keyword,패션의류,,패션_앵커,39.92588,1.0,kw_b02,,,50000000,True
2023-07-25,naver_datalab_keyword,패션의류,,코트,0.60972,0.01497684278269798,kw_b01,,,50000000,False
2023-07-25,naver_datalab_keyword,패션의류,,패딩,0.08397,0.002062595106709882,kw_b01,,,50000000,False
2023-07-25,naver_datalab_keyword,패션의류,,패션_앵커,40.71085,1.0,kw_b01,,,50000000,True
2023-07-25,naver_datalab_keyword,패션의류,,히트텍,0.07667,0.0018832817295634948,kw_b01,,,50000000,False
2023-07-25,naver_datalab_keyword,패션의류,,가디건,1.56446,0.038428576165813286,kw_b02,,,50000000,False
2023-07-25,naver_datalab_keyword,패션의류,,반팔,0.93466,0.02295849877858114,kw_b02,,,50000000,False
2023-07-25,naver_datalab_keyword,패션의류,,자켓,0.387,0.009506065336390668,kw_b02,,,50000000,False
2023-07-25,naver_datalab_keyword,패션의류,,패션_앵커,40.71085,1.0,kw_b02,,,50000000,True
2023-07-26,naver_datalab_keyword,패션의류,,코트,0.7375,0.01748896831449505,kw_b01,,,50000000,False
2023-07-26,naver_datalab_keyword,패션의류,,패딩,0.14421,0.003419775078824855,kw_b01,,,50000000,False
2023-07-26,naver_datalab_keyword,패션의류,,패션_앵커,42.16944,1.0,kw_b01,,,50000000,True
2023-07-26,naver_datalab_keyword,패션의류,,히트텍,0.02373,0.000562729787258261,kw_b01,,,50000000,False
2023-07-26,naver_datalab_keyword,패션의류,,가디건,1.46771,0.03480506262354919,kw_b02,,,50000000,False
2023-07-26,naver_datalab_keyword,패션의류,,반팔,0.99125,0.023506359107448426,kw_b02,,,50000000,False
2023-07-26,naver_datalab_keyword,패션의류,,자켓,0.44177,0.010476069874297595,kw_b02,,,50000000,False
2023-07-26,naver_datalab_keyword,패션의류,,패션_앵커,42.16944,1.0,kw_b02,,,50000000,True
2023-07-27,naver_datalab_keyword,패션의류,,코트,0.64988,0.016760724589015622,kw_b01,,,50000000,False
2023-07-27,naver_datalab_keyword,패션의류,,패딩,0.08032,0.0020714922739424736,kw_b01,,,50000000,False
2023-07-27,naver_datalab_keyword,패션의류,,패션_앵커,38.77398,1.0,kw_b01,,,50000000,True
2023-07-27,naver_datalab_keyword,패션의류,,히트텍,0.03833,0.0009885495376022787,kw_b01,,,50000000,False
2023-07-27,naver_datalab_keyword,패션의류,,가디건,1.65756,0.042749287021863626,kw_b02,,,50000000,False
2023-07-27,naver_datalab_keyword,패션의류,,반팔,0.89267,0.023022398010212,kw_b02,,,50000000,False
2023-07-27,naver_datalab_keyword,패션의류,,자켓,0.3651,0.009416108431479048,kw_b02,,,50000000,False
2023-07-27,naver_datalab_keyword,패션의류,,패션_앵커,38.77398,1.0,kw_b02,,,50000000,True
2023-07-28,naver_datalab_keyword,패션의류,,코트,0.55678,0.015125144146334509,kw_b01,,,50000000,False
2023-07-28,naver_datalab_keyword,패션의류,,패딩,0.12778,0.0034711931445429497,kw_b01,,,50000000,False
2023-07-28,naver_datalab_keyword,패션의류,,패션_앵커,36.81155,1.0,kw_b01,,,50000000,True
2023-07-28,naver_datalab_keyword,패션의류,,히트텍,0.04928,0.0013387102689237482,kw_b01,,,50000000,False
2023-07-28,naver_datalab_keyword,패션의류,,가디건,1.3381,0.036350004278548446,kw_b02,,,50000000,False
2023-07-28,naver_datalab_keyword,패션의류,,반팔,0.61154,0.016612720735747342,kw_b02,,,50000000,False
2023-07-28,naver_datalab_keyword,패션의류,,자켓,0.41621,0.011306505702693858,kw_b02,,,50000000,False
2023-07-28,naver_datalab_keyword,패션의류,,패션_앵커,36.81155,1.0,kw_b02,,,50000000,True
2023-07-29,naver_datalab_keyword,패션의류,,코트,0.56591,0.013989165324589128,kw_b01,,,50000000,False
2023-07-29,naver_datalab_keyword,패션의류,,패딩,0.11865,0.0029330007700208516,kw_b01,,,50000000,False
2023-07-29,naver_datalab_keyword,패션의류,,패션_앵커,40.45345,1.0,kw_b01,,,50000000,True
2023-07-29,naver_datalab_keyword,패션의류,,히트텍,0.05111,0.0012634274703393655,kw_b01,,,50000000,False
2023-07-29,naver_datalab_keyword,패션의류,,가디건,1.5955,0.039440393835383634,kw_b02,,,50000000,False
2023-07-29,naver_datalab_keyword,패션의류,,반팔,0.83243,0.020577478558689064,kw_b02,,,50000000,False
2023-07-29,naver_datalab_keyword,패션의류,,자켓,0.41804,0.010333852860510044,kw_b02,,,50000000,False
2023-07-29,naver_datalab_keyword,패션의류,,패션_앵커,40.45345,1.0,kw_b02,,,50000000,True
2023-07-30,naver_datalab_keyword,패션의류,,코트,0.65536,0.014807775256943236,kw_b01,,,50000000,False
2023-07-30,naver_datalab_keyword,패션의류,,패딩,0.20263,0.00457839889574342,kw_b01,,,50000000,False
2023-07-30,naver_datalab_keyword,패션의류,,패션_앵커,44.25783,1.0,kw_b01,,,50000000,True
2023-07-30,naver_datalab_keyword,패션의류,,히트텍,0.01825,0.00041235641241335147,kw_b01,,,50000000,False
2023-07-30,naver_datalab_keyword,패션의류,,가디건,1.32167,0.02986296436133448,kw_b02,,,50000000,False
2023-07-30,naver_datalab_keyword,패션의류,,반팔,0.81965,0.01851988676353992,kw_b02,,,50000000,False
2023-07-30,naver_datalab_keyword,패션의류,,자켓,0.54582,0.012332732987586604,kw_b02,,,50000000,False
2023-07-30,naver_datalab_keyword,패션의류,,패션_앵커,44.25783,1.0,kw_b02,,,50000000,True
2023-07-31,naver_datalab_keyword,패션의류,,코트,0.59146,0.01553564838466923,kw_b01,,,50000000,False
2023-07-31,naver_datalab_keyword,패션의류,,패딩,0.09127,0.0023973533765068826,kw_b01,,,50000000,False
2023-07-31,naver_datalab_keyword,패션의류,,패션_앵커,38.07115,1.0,kw_b01,,,50000000,True
2023-07-31,naver_datalab_keyword,패션의류,,히트텍,0.03285,0.0008628580959598014,kw_b01,,,50000000,False
2023-07-31,naver_datalab_keyword,패션의류,,가디건,1.51335,0.03975057228373716,kw_b02,,,50000000,False
2023-07-31,naver_datalab_keyword,패션의류,,반팔,0.72655,0.019084004554629948,kw_b02,,,50000000,False
2023-07-31,naver_datalab_keyword,패션의류,,자켓,0.27382,0.007192322795607697,kw_b02,,,50000000,False
2023-07-31,naver_datalab_keyword,패션의류,,패션_앵커,38.07115,1.0,kw_b02,,,50000000,True
2023-08-01,naver_datalab_keyword,패션의류,,코트,0.97665,0.02379466204343924,kw_b01,,,50000000,False
2023-08-01,naver_datalab_keyword,패션의류,,패딩,0.15881,0.0038691755276901506,kw_b01,,,50000000,False
2023-08-01,naver_datalab_keyword,패션의류,,패션_앵커,41.04492,1.0,kw_b01,,,50000000,True
2023-08-01,naver_datalab_keyword,패션의류,,히트텍,0.04746,0.0011562941284816734,kw_b01,,,50000000,False
2023-08-01,naver_datalab_keyword,패션의류,,가디건,1.34358,0.0327343797965741,kw_b02,,,50000000,False
2023-08-01,naver_datalab_keyword,패션의류,,반팔,0.83973,0.02045880464622662,kw_b02,,,50000000,False
2023-08-01,naver_datalab_keyword,패션의류,,자켓,0.31216,0.007605326067147896,kw_b02,,,50000000,False
2023-08-01,naver_datalab_keyword,패션의류,,패션_앵커,41.04492,1.0,kw_b02,,,50000000,True
2023-08-02,naver_datalab_keyword,패션의류,,코트,0.44542,0.010695978190213212,kw_b01,,,50000000,False
2023-08-02,naver_datalab_keyword,패션의류,,패딩,0.15334,0.003682190507133254,kw_b01,,,50000000,False
2023-08-02,naver_datalab_keyword,패션의류,,패션_앵커,41.64369,1.0,kw_b01,,,50000000,True
2023-08-02,naver_datalab_keyword,패션의류,,히트텍,0.05293,0.0012710208917605524,kw_b01,,,50000000,False
2023-08-02,naver_datalab_keyword,패션의류,,가디건,1.72328,0.041381539436106646,kw_b02,,,50000000,False
2023-08-02,naver_datalab_keyword,패션의류,,반팔,1.03506,0.024855146121777395,kw_b02,,,50000000,False
2023-08-02,naver_datalab_keyword,패션의류,,자켓,0.31033,0.0074520293470631445,kw_b02,,,50000000,False
2023-08-02,naver_datalab_keyword,패션의류,,패션_앵커,41.64369,1.0,kw_b02,,,50000000,True
2023-08-03,naver_datalab_keyword,패션의류,,코트,0.77767,0.017277739094964356,kw_b01,,,50000000,False
2023-08-03,naver_datalab_keyword,패션의류,,패딩,0.12413,0.0027578352692760755,kw_b01,,,50000000,False
2023-08-03,naver_datalab_keyword,패션의류,,패션_앵커,45.00994,1.0,kw_b01,,,50000000,True
2023-08-03,naver_datalab_keyword,패션의류,,히트텍,0.04381,0.0009733405554417535,kw_b01,,,50000000,False
2023-08-03,naver_datalab_keyword,패션의류,,가디건,1.66852,0.03707003386363101,kw_b02,,,50000000,False
2023-08-03,naver_datalab_keyword,패션의류,,반팔,0.83973,0.01865654564302907,kw_b02,,,50000000,False
2023-08-03,naver_datalab_keyword,패션의류,,자켓,0.30486,0.006773170548549943,kw_b02,,,50000000,False
2023-08-03,naver_datalab_keyword,패션의류,,패션_앵커,45.00994,1.0,kw_b02,,,50000000,True
2023-08-04,naver_datalab_keyword,패션의류,,코트,0.47463,0.012108680400535749,kw_b01,,,50000000,False
2023-08-04,naver_datalab_keyword,패션의류,,패딩,0.115,0.002933860577842975,kw_b01,,,50000000,False
2023-08-04,naver_datalab_keyword,패션의류,,패션_앵커,39.1975,1.0,kw_b01,,,50000000,True
2023-08-04,naver_datalab_keyword,패션의류,,히트텍,0.08032,0.0020491102748899804,kw_b01,,,50000000,False
2023-08-04,naver_datalab_keyword,패션의류,,가디건,1.23039,0.03138950188149755,kw_b02,,,50000000,False
2023-08-04,naver_datalab_keyword,패션의류,,반팔,0.50384,0.012853880987307864,kw_b02,,,50000000,False
2023-08-04,naver_datalab_keyword,패션의류,,자켓,0.33406,0.008522482301167167,kw_b02,,,50000000,False
2023-08-04,naver_datalab_keyword,패션의류,,패션_앵커,39.1975,1.0,kw_b02,,,50000000,True
2023-08-05,naver_datalab_keyword,패션의류,,코트,0.58051,0.015276595027994765,kw_b01,,,50000000,False
2023-08-05,naver_datalab_keyword,패션의류,,패딩,0.11865,0.0031223717077596925,kw_b01,,,50000000,False
2023-08-05,naver_datalab_keyword,패션의류,,패션_앵커,37.99996,1.0,kw_b01,,,50000000,True
2023-08-05,naver_datalab_keyword,패션의류,,히트텍,0.07667,0.0020176337027723187,kw_b01,,,50000000,False
2023-08-05,naver_datalab_keyword,패션의류,,가디건,1.33992,0.03526108974851552,kw_b02,,,50000000,False
2023-08-05,naver_datalab_keyword,패션의류,,반팔,0.75758,0.01993633677509134,kw_b02,,,50000000,False
2023-08-05,naver_datalab_keyword,패션의류,,자켓,0.36327,0.009559746904996742,kw_b02,,,50000000,False
2023-08-05,naver_datalab_keyword,패션의류,,패션_앵커,37.99996,1.0,kw_b02,,,50000000,True
2023-08-06,naver_datalab_keyword,패션의류,,코트,1.23587,0.02975289260555624,kw_b01,,,50000000,False
2023-08-06,naver_datalab_keyword,패션의류,,패딩,0.27017,0.006504194612089564,kw_b01,,,50000000,False
2023-08-06,naver_datalab_keyword,패션의류,,패션_앵커,41.53781,1.0,kw_b01,,,50000000,True
2023-08-06,naver_datalab_keyword,패션의류,,히트텍,0.05293,0.0012742607277562298,kw_b01,,,50000000,False
2023-08-06,naver_datalab_keyword,패션의류,,가디건,1.59732,0.038454603167571905,kw_b02,,,50000000,False
2023-08-06,naver_datalab_keyword,패션의류,,반팔,0.87259,0.02100712579695463,kw_b02,,,50000000,False
2023-08-06,naver_datalab_keyword,패션의류,,자켓,0.39066,0.009404925295772694,kw_b02,,,50000000,False
2023-08-06,naver_datalab_keyword,패션의류,,패션_앵커,41.53781,1.0,kw_b02,,,50000000,True
2023-08-07,naver_datalab_keyword,패션의류,,코트,0.97665,0.025943126207139657,kw_b01,,,50000000,False
2023-08-07,naver_datalab_keyword,패션의류,,패딩,0.14239,0.003782359842967916,kw_b01,,,50000000,False
2023-08-07,naver_datalab_keyword,패션의류,,패션_앵커,37.64581,1.0,kw_b01,,,50000000,True
2023-08-07,naver_datalab_keyword,패션의류,,히트텍,0.07484,0.001988003445801804,kw_b01,,,50000000,False
2023-08-07,naver_datalab_keyword,패션의류,,가디건,1.62836,0.04325474734107196,kw_b02,,,50000000,False
2023-08-07,naver_datalab_keyword,패션의류,,반팔,0.77401,0.02056032264945289,kw_b02,,,50000000,False
2023-08-07,naver_datalab_keyword,패션의류,,자켓,0.56225,0.01493526105561283,kw_b02,,,50000000,False
2023-08-07,naver_datalab_keyword,패션의류,,패션_앵커,37.64581,1.0,kw_b02,,,50000000,True
2023-08-08,naver_datalab_keyword,패션의류,,코트,1.69773,0.04539019720605374,kw_b01,,,50000000,False
2023-08-08,naver_datalab_keyword,패션의류,,패딩,0.21175,0.0056613090764620275,kw_b01,,,50000000,False
2023-08-08,naver_datalab_keyword,패션의류,,패션_앵커,37.40301,1.0,kw_b01,,,50000000,True
2023-08-08,naver_datalab_keyword,패션의류,,히트텍,0.04016,0.0010737103778546166,kw_b01,,,50000000,False
2023-08-08,naver_datalab_keyword,패션의류,,가디건,1.54438,0.04129025979459942,kw_b02,,,50000000,False
2023-08-08,naver_datalab_keyword,패션의류,,반팔,0.88902,0.023768675301800577,kw_b02,,,50000000,False
2023-08-08,naver_datalab_keyword,패션의류,,자켓,0.5367,0.014349112544685573,kw_b02,,,50000000,False
2023-08-08,naver_datalab_keyword,패션의류,,패션_앵커,37.40301,1.0,kw_b02,,,50000000,True
2023-08-09,naver_datalab_keyword,패션의류,,코트,1.01681,0.028536219706524365,kw_b01,,,50000000,False
2023-08-09,naver_datalab_keyword,패션의류,,패딩,0.24827,0.006967562540237413,kw_b01,,,50000000,False
2023-08-09,naver_datalab_keyword,패션의류,,패션_앵커,35.63226,1.0,kw_b01,,,50000000,True
2023-08-09,naver_datalab_keyword,패션의류,,히트텍,0.04746,0.0013319390911494247,kw_b01,,,50000000,False
2023-08-09,naver_datalab_keyword,패션의류,,가디건,1.81638,0.050975716948630255,kw_b02,,,50000000,False
2023-08-09,naver_datalab_keyword,패션의류,,반팔,0.66996,0.018802063074304015,kw_b02,,,50000000,False
2023-08-09,naver_datalab_keyword,패션의류,,자켓,0.544,0.015267064171624253,kw_b02,,,50000000,False
2023-08-09,naver_datalab_keyword,패션의류,,패션_앵커,35.63226,1.0,kw_b02,,,50000000,True
2023-08-10,naver_datalab_keyword,패션의류,,코트,1.30889,0.04060695277997962,kw_b01,,,50000000,False
2023-08-10,naver_datalab_keyword,패션의류,,패딩,0.26835,0.008325280030031194,kw_b01,,,50000000,False
2023-08-10,naver_datalab_keyword,패션의류,,패션_앵커,32.23315,1.0,kw_b01,,,50000000,True
2023-08-10,naver_datalab_keyword,패션의류,,히트텍,0.05841,0.0018121095828363034,kw_b01,,,50000000,False
2023-08-10,naver_datalab_keyword,패션의류,,가디건,2.08656,0.06473335680813075,kw_b02,,,50000000,False
2023-08-10,naver_datalab_keyword,패션의류,,반팔,0.58233,0.018066183416761937,kw_b02,,,50000000,False
2023-08-10,naver_datalab_keyword,패션의류,,자켓,0.57868,0.017952945957810513,kw_b02,,,50000000,False
2023-08-10,naver_datalab_keyword,패션의류,,패션_앵커,32.23315,1.0,kw_b02,,,50000000,True
2023-08-11,naver_datalab_keyword,패션의류,,코트,0.95474,0.037407704167491104,kw_b01,,,50000000,False
2023-08-11,naver_datalab_keyword,패션의류,,패딩,0.20263,0.007939253718770264,kw_b01,,,50000000,False
2023-08-11,naver_datalab_keyword,패션의류,,패션_앵커,25.52255,1.0,kw_b01,,,50000000,True
2023-08-11,naver_datalab_keyword,패션의류,,히트텍,0.03103,0.0012157876074295085,kw_b01,,,50000000,False
2023-08-11,naver_datalab_keyword,패션의류,,가디건,1.84559,0.07231213182068406,kw_b02,,,50000000,False
2023-08-11,naver_datalab_keyword,패션의류,,반팔,0.40709,0.01595020873697965,kw_b02,,,50000000,False
2023-08-11,naver_datalab_keyword,패션의류,,자켓,0.52392,0.02052772940007954,kw_b02,,,50000000,False
2023-08-11,naver_datalab_keyword,패션의류,,패션_앵커,25.52255,1.0,kw_b02,,,50000000,True
2023-08-12,naver_datalab_keyword,패션의류,,코트,1.82916,0.06206997650437811,kw_b01,,,50000000,False
2023-08-12,naver_datalab_keyword,패션의류,,패딩,0.26104,0.008858025906264548,kw_b01,,,50000000,False
2023-08-12,naver_datalab_keyword,패션의류,,패션_앵커,29.46932,1.0,kw_b01,,,50000000,True
2023-08-12,naver_datalab_keyword,패션의류,,히트텍,0.05476,0.001858203718307718,kw_b01,,,50000000,False
2023-08-12,naver_datalab_keyword,패션의류,,가디건,2.5612,0.08691072613823461,kw_b02,,,50000000,False
2023-08-12,naver_datalab_keyword,패션의류,,반팔,0.50384,0.017097103021040186,kw_b02,,,50000000,False
2023-08-12,naver_datalab_keyword,패션의류,,자켓,0.81418,0.027628055211318076,kw_b02,,,50000000,False
2023-08-12,naver_datalab_keyword,패션의류,,패션_앵커,29.46932,1.0,kw_b02,,,50000000,True
2023-08-13,naver_datalab_keyword,패션의류,,코트,1.40747,0.041666567987078504,kw_b01,,,50000000,False
2023-08-13,naver_datalab_keyword,패션의류,,패딩,0.36327,0.010754200197990726,kw_b01,,,50000000,False
2023-08-13,naver_datalab_keyword,패션의류,,패션_앵커,33.77936,1.0,kw_b01,,,50000000,True
2023-08-13,naver_datalab_keyword,패션의류,,히트텍,0.06024,0.0017833375173478719,kw_b01,,,50000000,False
2023-08-13,naver_datalab_keyword,패션의류,,가디건,2.65795,0.07868562341027184,kw_b02,,,50000000,False
2023-08-13,naver_datalab_keyword,패션의류,,반팔,0.55678,0.016482846329829815,kw_b02,,,50000000,False
2023-08-13,naver_datalab_keyword,패션의류,,자켓,0.57321,0.016969238019903278,kw_b02,,,50000000,False
2023-08-13,naver_datalab_keyword,패션의류,,패션_앵커,33.77936,1.0,kw_b02,,,50000000,True
2023-08-14,naver_datalab_keyword,패션의류,,코트,1.13182,0.040348808896972614,kw_b01,,,50000000,False
2023-08-14,naver_datalab_keyword,패션의류,,패딩,0.23366,0.00832986047858018,kw_b01,,,50000000,False
2023-08-14,naver_datalab_keyword,패션의류,,패션_앵커,28.05089,1.0,kw_b01,,,50000000,True
2023-08-14,naver_datalab_keyword,패션의류,,히트텍,0.03468,0.0012363244089581473,kw_b01,,,50000000,False
2023-08-14,naver_datalab_keyword,패션의류,,가디건,2.33666,0.08330074375536749,kw_b02,,,50000000,False
2023-08-14,naver_datalab_keyword,패션의류,,반팔,0.4436,0.015814114988864883,kw_b02,,,50000000,False
2023-08-14,naver_datalab_keyword,패션의류,,자켓,0.41256,0.014707554733557473,kw_b02,,,50000000,False
2023-08-14,naver_datalab_keyword,패션의류,,패션_앵커,28.05089,1.0,kw_b02,,,50000000,True
2023-08-15,naver_datalab_keyword,패션의류,,코트,1.50605,0.04692294175267882,kw_b01,,,50000000,False
2023-08-15,naver_datalab_keyword,패션의류,,패딩,0.25192,0.0078488944499418,kw_b01,,,50000000,False
2023-08-15,naver_datalab_keyword,패션의류,,패션_앵커,32.09624,1.0,kw_b01,,,50000000,True
2023-08-15,naver_datalab_keyword,패션의류,,히트텍,0.05476,0.0017061188475659453,kw_b01,,,50000000,False
2023-08-15,naver_datalab_keyword,패션의류,,가디건,2.39142,0.07450779281311455,kw_b02,,,50000000,False
2023-08-15,naver_datalab_keyword,패션의류,,반팔,0.63345,0.019735956610493936,kw_b02,,,50000000,False
2023-08-15,naver_datalab_keyword,패션의류,,자켓,0.71377,0.022238430420510314,kw_b02,,,50000000,False
2023-08-15,naver_datalab_keyword,패션의류,,패션_앵커,32.09624,1.0,kw_b02,,,50000000,True
2023-08-16,naver_datalab_keyword,패션의류,,코트,1.20666,0.041493813031971964,kw_b01,,,50000000,False
2023-08-16,naver_datalab_keyword,패션의류,,패딩,0.24279,0.008348899330409951,kw_b01,,,50000000,False
2023-08-16,naver_datalab_keyword,패션의류,,패션_앵커,29.08048,1.0,kw_b01,,,50000000,True
2023-08-16,naver_datalab_keyword,패션의류,,히트텍,0.07484,0.0025735476168206304,kw_b01,,,50000000,False
2023-08-16,naver_datalab_keyword,패션의류,,가디건,2.52469,0.08681734276738211,kw_b02,,,50000000,False
2023-08-16,naver_datalab_keyword,패션의류,,반팔,0.47463,0.01632125742078535,kw_b02,,,50000000,False
2023-08-16,naver_datalab_keyword,패션의류,,자켓,0.60242,0.020715614047636076,kw_b02,,,50000000,False
2023-08-16,naver_datalab_keyword,패션의류,,패션_앵커,29.08048,1.0,kw_b02,,,50000000,True
2023-08-17,naver_datalab_keyword,패션의류,,코트,1.10443,0.0403626546678376,kw_b01,,,50000000,False
2023-08-17,naver_datalab_keyword,패션의류,,패딩,0.15699,0.005737378698789262,kw_b01,,,50000000,False
2023-08-17,naver_datalab_keyword,패션의류,,패션_앵커,27.36267,1.0,kw_b01,,,50000000,True
2023-08-17,naver_datalab_keyword,패션의류,,히트텍,0.08945,0.003269052325668511,kw_b01,,,50000000,False
2023-08-17,naver_datalab_keyword,패션의류,,가디건,2.39142,0.08739717286361309,kw_b02,,,50000000,False
2023-08-17,naver_datalab_keyword,패션의류,,반팔,0.50384,0.018413407755895166,kw_b02,,,50000000,False
2023-08-17,naver_datalab_keyword,패션의류,,자켓,0.60059,0.021949246911942437,kw_b02,,,50000000,False
2023-08-17,naver_datalab_keyword,패션의류,,패션_앵커,27.36267,1.0,kw_b02,,,50000000,True
2023-08-18,naver_datalab_keyword,패션의류,,코트,1.17745,0.024487299442580927,kw_b01,,,50000000,False
2023-08-18,naver_datalab_keyword,패션의류,,패딩,0.30851,0.006416048877685372,kw_b01,,,50000000,False
2023-08-18,naver_datalab_keyword,패션의류,,패션_앵커,48.08411,1.0,kw_b01,,,50000000,True
2023-08-18,naver_datalab_keyword,패션의류,,히트텍,0.06936,0.0014424723676906986,kw_b01,,,50000000,False
2023-08-18,naver_datalab_keyword,패션의류,,가디건,2.27459,0.047304400559769116,kw_b02,,,50000000,False
2023-08-18,naver_datalab_keyword,패션의류,,반팔,0.33406,0.006947409445656787,kw_b02,,,50000000,False
2023-08-18,naver_datalab_keyword,패션의류,,자켓,0.62797,0.01305982371307278,kw_b02,,,50000000,False
2023-08-18,naver_datalab_keyword,패션의류,,패션_앵커,48.08411,1.0,kw_b02,,,50000000,True
2023-08-19,naver_datalab_keyword,패션의류,,코트,1.6028,0.02348466888345843,kw_b01,,,50000000,False
2023-08-19,naver_datalab_keyword,패션의류,,패딩,0.32129,0.004707629938586449,kw_b01,,,50000000,False
2023-08-19,naver_datalab_keyword,패션의류,,패션_앵커,68.24878,1.0,kw_b01,,,50000000,True
2023-08-19,naver_datalab_keyword,패션의류,,히트텍,0.06571,0.0009628010932942686,kw_b01,,,50000000,False
2023-08-19,naver_datalab_keyword,패션의류,,가디건,2.30745,0.033809395567217466,kw_b02,,,50000000,False
2023-08-19,naver_datalab_keyword,패션의류,,반팔,0.50019,0.007328922216631566,kw_b02,,,50000000,False
2023-08-19,naver_datalab_keyword,패션의류,,자켓,0.70099,0.010271099351519545,kw_b02,,,50000000,False
2023-08-19,naver_datalab_keyword,패션의류,,패션_앵커,68.24878,1.0,kw_b02,,,50000000,True
2023-08-20,naver_datalab_keyword,패션의류,,코트,1.53891,0.03952733941560843,kw_b01,,,50000000,False
2023-08-20,naver_datalab_keyword,패션의류,,패딩,0.43994,0.011299983561418649,kw_b01,,,50000000,False
2023-08-20,naver_datalab_keyword,패션의류,,패션_앵커,38.9328,1.0,kw_b01,,,50000000,True
2023-08-20,naver_datalab_keyword,패션의류,,히트텍,0.05476,0.0014065261167961205,kw_b01,,,50000000,False
2023-08-20,naver_datalab_keyword,패션의류,,가디건,3.03035,0.07783539843011547,kw_b02,,,50000000,False
2023-08-20,naver_datalab_keyword,패션의류,,반팔,0.6444,0.01655159659721366,kw_b02,,,50000000,False
2023-08-20,naver_datalab_keyword,패션의류,,자켓,0.78132,0.020068425594871164,kw_b02,,,50000000,False
2023-08-20,naver_datalab_keyword,패션의류,,패션_앵커,38.9328,1.0,kw_b02,,,50000000,True
2023-08-21,naver_datalab_keyword,패션의류,,목도리,0.00182,2.7149336116687248e-05,kw_b01,,,50000000,False
2023-08-21,naver_datalab_keyword,패션의류,,코트,0.98577,0.014704945639421313,kw_b01,,,50000000,False
2023-08-21,naver_datalab_keyword,패션의류,,패딩,0.4728,0.007052860503280072,kw_b01,,,50000000,False
2023-08-21,naver_datalab_keyword,패션의류,,패션_앵커,67.03663,1.0,kw_b01,,,50000000,True
2023-08-21,naver_datalab_keyword,패션의류,,히트텍,0.05841,0.0008713146827339023,kw_b01,,,50000000,False
2023-08-21,naver_datalab_keyword,패션의류,,가디건,2.82772,0.042181714683449924,kw_b02,,,50000000,False
2023-08-21,naver_datalab_keyword,패션의류,,반팔,0.48011,0.0071619053642762165,kw_b02,,,50000000,False
2023-08-21,naver_datalab_keyword,패션의류,,자켓,0.77949,0.011627821983294805,kw_b02,,,50000000,False
2023-08-21,naver_datalab_keyword,패션의류,,패션_앵커,67.03663,1.0,kw_b02,,,50000000,True
2023-08-22,naver_datalab_keyword,패션의류,,코트,1.41842,0.04827263717893567,kw_b01,,,50000000,False
2023-08-22,naver_datalab_keyword,패션의류,,패딩,0.79957,0.027211511758972375,kw_b01,,,50000000,False
2023-08-22,naver_datalab_keyword,패션의류,,패션_앵커,29.38352,1.0,kw_b01,,,50000000,True
2023-08-22,naver_datalab_keyword,패션의류,,히트텍,0.05841,0.0019878489711239494,kw_b01,,,50000000,False
2023-08-22,naver_datalab_keyword,패션의류,,가디건,3.28958,0.11195323092672355,kw_b02,,,50000000,False
2023-08-22,naver_datalab_keyword,패션의류,,반팔,0.74298,0.02528560226957151,kw_b02,,,50000000,False
2023-08-22,naver_datalab_keyword,패션의류,,자켓,0.84521,0.028764763377566744,kw_b02,,,50000000,False
2023-08-22,naver_datalab_keyword,패션의류,,패션_앵커,29.38352,1.0,kw_b02,,,50000000,True
2023-08-23,naver_datalab_keyword,패션의류,,코트,1.44215,0.05527149778227978,kw_b01,,,50000000,False
2023-08-23,naver_datalab_keyword,패션의류,,패딩,0.74846,0.02868529988567425,kw_b01,,,50000000,False
2023-08-23,naver_datalab_keyword,패션의류,,패션_앵커,26.09211,1.0,kw_b01,,,50000000,True
2023-08-23,naver_datalab_keyword,패션의류,,히트텍,0.05111,0.0019588296998594595,kw_b01,,,50000000,False
2023-08-23,naver_datalab_keyword,패션의류,,가디건,3.35347,0.12852429335918023,kw_b02,,,50000000,False
2023-08-23,naver_datalab_keyword,패션의류,,반팔,0.53305,0.020429547476229402,kw_b02,,,50000000,False
2023-08-23,naver_datalab_keyword,패션의류,,자켓,1.21031,0.046386053101876386,kw_b02,,,50000000,False
2023-08-23,naver_datalab_keyword,패션의류,,패션_앵커,26.09211,1.0,kw_b02,,,50000000,True
2023-08-24,naver_datalab_keyword,패션의류,,코트,1.29611,0.05473298818442101,kw_b01,,,50000000,False
2023-08-24,naver_datalab_keyword,패션의류,,패딩,0.9164,0.03869834379196473,kw_b01,,,50000000,False
2023-08-24,naver_datalab_keyword,패션의류,,패션_앵커,23.6806,1.0,kw_b01,,,50000000,True
2023-08-24,naver_datalab_keyword,패션의류,,히트텍,0.10953,0.004625305102066671,kw_b01,,,50000000,False
2023-08-24,naver_datalab_keyword,패션의류,,가디건,3.4484,0.14562131027085462,kw_b02,,,50000000,False
2023-08-24,naver_datalab_keyword,패션의류,,반팔,0.50931,0.02150747869564116,kw_b02,,,50000000,False
2023-08-24,naver_datalab_keyword,패션의류,,자켓,0.84156,0.035537950896514445,kw_b02,,,50000000,False
2023-08-24,naver_datalab_keyword,패션의류,,패션_앵커,23.6806,1.0,kw_b02,,,50000000,True
2023-08-25,naver_datalab_keyword,패션의류,,코트,1.39469,0.06387405541561712,kw_b01,,,50000000,False
2023-08-25,naver_datalab_keyword,패션의류,,패딩,0.82695,0.037872681474696586,kw_b01,,,50000000,False
2023-08-25,naver_datalab_keyword,패션의류,,패션_앵커,21.835,1.0,kw_b01,,,50000000,True
2023-08-25,naver_datalab_keyword,패션의류,,히트텍,0.04381,0.002006411724295855,kw_b01,,,50000000,False
2023-08-25,naver_datalab_keyword,패션의류,,가디건,3.36442,0.15408381039615296,kw_b02,,,50000000,False
2023-08-25,naver_datalab_keyword,패션의류,,반팔,0.39066,0.017891458667277305,kw_b02,,,50000000,False
2023-08-25,naver_datalab_keyword,패션의류,,자켓,0.85069,0.0389599267231509,kw_b02,,,50000000,False
2023-08-25,naver_datalab_keyword,패션의류,,패션_앵커,21.835,1.0,kw_b02,,,50000000,True
2023-08-26,naver_datalab_keyword,패션의류,,목도리,0.00182,7.848366116792312e-05,kw_b01,,,50000000,False
2023-08-26,naver_datalab_keyword,패션의류,,코트,2.01537,0.0869085803340644,kw_b01,,,50000000,False
2023-08-26,naver_datalab_keyword,패션의류,,패딩,1.0807,0.04660290803526072,kw_b01,,,50000000,False
2023-08-26,naver_datalab_keyword,패션의류,,패션_앵커,23.18954,1.0,kw_b01,,,50000000,True
2023-08-26,naver_datalab_keyword,패션의류,,히트텍,0.04746,0.002046612395071226,kw_b01,,,50000000,False
2023-08-26,naver_datalab_keyword,패션의류,,가디건,3.47943,0.15004307976786083,kw_b02,,,50000000,False
2023-08-26,naver_datalab_keyword,패션의류,,반팔,0.45272,0.01952259510106712,kw_b02,,,50000000,False
2023-08-26,naver_datalab_keyword,패션의류,,자켓,0.87989,0.037943400343430696,kw_b02,,,50000000,False
2023-08-26,naver_datalab_keyword,패션의류,,패션_앵커,23.18954,1.0,kw_b02,,,50000000,True
2023-08-27,naver_datalab_keyword,패션의류,,코트,1.65574,0.06484114362336418,kw_b01,,,50000000,False
2023-08-27,naver_datalab_keyword,패션의류,,패딩,1.17198,0.045896410972562335,kw_b01,,,50000000,False
2023-08-27,naver_datalab_keyword,패션의류,,패션_앵커,25.53533,1.0,kw_b01,,,50000000,True
2023-08-27,naver_datalab_keyword,패션의류,,히트텍,0.07302,0.00285956750901594,kw_b01,,,50000000,False
2023-08-27,naver_datalab_keyword,패션의류,,가디건,4.20234,0.16456963743957884,kw_b02,,,50000000,False
2023-08-27,naver_datalab_keyword,패션의류,,반팔,0.47098,0.018444249594581314,kw_b02,,,50000000,False
2023-08-27,naver_datalab_keyword,패션의류,,자켓,1.44763,0.05669125873838325,kw_b02,,,50000000,False
2023-08-27,naver_datalab_keyword,패션의류,,패션_앵커,25.53533,1.0,kw_b02,,,50000000,True
2023-08-28,naver_datalab_keyword,패션의류,,코트,1.63748,0.07032498485041747,kw_b01,,,50000000,False
2023-08-28,naver_datalab_keyword,패션의류,,패딩,1.05149,0.04515842533671585,kw_b01,,,50000000,False
2023-08-28,naver_datalab_keyword,패션의류,,패션_앵커,23.28447,1.0,kw_b01,,,50000000,True
2023-08-28,naver_datalab_keyword,패션의류,,히트텍,0.06389,0.0027438889525937247,kw_b01,,,50000000,False
2023-08-28,naver_datalab_keyword,패션의류,,가디건,4.81753,0.20689884717152676,kw_b02,,,50000000,False
2023-08-28,naver_datalab_keyword,패션의류,,반팔,0.48376,0.020776079507070593,kw_b02,,,50000000,False
2023-08-28,naver_datalab_keyword,패션의류,,자켓,1.40017,0.06013321325329715,kw_b02,,,50000000,False
2023-08-28,naver_datalab_keyword,패션의류,,패션_앵커,23.28447,1.0,kw_b02,,,50000000,True
2023-08-29,naver_datalab_keyword,패션의류,,코트,1.57177,0.06780060943204798,kw_b01,,,50000000,False
2023-08-29,naver_datalab_keyword,패션의류,,패딩,1.02776,0.04433393839421902,kw_b01,,,50000000,False
2023-08-29,naver_datalab_keyword,패션의류,,패션_앵커,23.18224,1.0,kw_b01,,,50000000,True
2023-08-29,naver_datalab_keyword,패션의류,,히트텍,0.05476,0.0023621530965083617,kw_b01,,,50000000,False
2023-08-29,naver_datalab_keyword,패션의류,,가디건,5.50393,0.23742011125758342,kw_b02,,,50000000,False
2023-08-29,naver_datalab_keyword,패션의류,,레인부츠,0.00182,7.850837537701275e-05,kw_b02,,,50000000,False
2023-08-29,naver_datalab_keyword,패션의류,,반팔,0.50019,0.02157643092298242,kw_b02,,,50000000,False
2023-08-29,naver_datalab_keyword,패션의류,,자켓,1.36183,0.0587445389228996,kw_b02,,,50000000,False
2023-08-29,naver_datalab_keyword,패션의류,,패션_앵커,23.18224,1.0,kw_b02,,,50000000,True
2023-08-30,naver_datalab_keyword,패션의류,,코트,1.59915,0.07273320198012237,kw_b01,,,50000000,False
2023-08-30,naver_datalab_keyword,패션의류,,패딩,0.9091,0.04134806235820858,kw_b01,,,50000000,False
2023-08-30,naver_datalab_keyword,패션의류,,패션_앵커,21.98652,1.0,kw_b01,,,50000000,True
2023-08-30,naver_datalab_keyword,패션의류,,히트텍,0.06936,0.003154660219079691,kw_b01,,,50000000,False
2023-08-30,naver_datalab_keyword,패션의류,,가디건,5.681,0.258385592626755,kw_b02,,,50000000,False
2023-08-30,naver_datalab_keyword,패션의류,,반팔,0.45455,0.02067403117910429,kw_b02,,,50000000,False
2023-08-30,naver_datalab_keyword,패션의류,,자켓,1.45676,0.06625696108342749,kw_b02,,,50000000,False
2023-08-30,naver_datalab_keyword,패션의류,,패션_앵커,21.98652,1.0,kw_b02,,,50000000,True
2023-08-31,naver_datalab_keyword,패션의류,,코트,1.41112,0.07873270650094961,kw_b01,,,50000000,False
2023-08-31,naver_datalab_keyword,패션의류,,패딩,0.75941,0.04237088599402329,kw_b01,,,50000000,False
2023-08-31,naver_datalab_keyword,패션의류,,패션_앵커,17.92292,1.0,kw_b01,,,50000000,True
2023-08-31,naver_datalab_keyword,패션의류,,히트텍,0.06206,0.0034626054236698033,kw_b01,,,50000000,False
2023-08-31,naver_datalab_keyword,패션의류,,가디건,5.1443,0.28702354303874594,kw_b02,,,50000000,False
2023-08-31,naver_datalab_keyword,패션의류,,반팔,0.30303,0.016907401249349994,kw_b02,,,50000000,False
2023-08-31,naver_datalab_keyword,패션의류,,자켓,1.20666,0.06732496713705133,kw_b02,,,50000000,False
2023-08-31,naver_datalab_keyword,패션의류,,패션_앵커,17.92292,1.0,kw_b02,,,50000000,True
2023-09-01,naver_datalab_keyword,패션의류,,목도리,0.00365,0.0001993851290376854,kw_b01,,,50000000,False
2023-09-01,naver_datalab_keyword,패션의류,,코트,1.35635,0.0740920602110314,kw_b01,,,50000000,False
2023-09-01,naver_datalab_keyword,패션의류,,패딩,0.83791,0.04577172423889507,kw_b01,,,50000000,False
2023-09-01,naver_datalab_keyword,패션의류,,패션_앵커,18.30628,1.0,kw_b01,,,50000000,True
2023-09-01,naver_datalab_keyword,패션의류,,히트텍,0.04928,0.002691972372322503,kw_b01,,,50000000,False
2023-09-01,naver_datalab_keyword,패션의류,,가디건,5.23923,0.28619850674194863,kw_b02,,,50000000,False
2023-09-01,naver_datalab_keyword,패션의류,,반팔,0.24461,0.013362081209289925,kw_b02,,,50000000,False
2023-09-01,naver_datalab_keyword,패션의류,,자켓,1.32532,0.07239701348389734,kw_b02,,,50000000,False
2023-09-01,naver_datalab_keyword,패션의류,,패션_앵커,18.30628,1.0,kw_b02,,,50000000,True
2023-09-02,naver_datalab_keyword,패션의류,,코트,1.1665,0.05372431802585584,kw_b01,,,50000000,False
2023-09-02,naver_datalab_keyword,패션의류,,패딩,0.9876,0.04548490054207906,kw_b01,,,50000000,False
2023-09-02,naver_datalab_keyword,패션의류,,패션_앵커,21.7127,1.0,kw_b01,,,50000000,True
2023-09-02,naver_datalab_keyword,패션의류,,히트텍,0.08579,0.003951143800632809,kw_b01,,,50000000,False
2023-09-02,naver_datalab_keyword,패션의류,,가디건,5.27391,0.24289517195005686,kw_b02,,,50000000,False
2023-09-02,naver_datalab_keyword,패션의류,,반팔,0.29573,0.0136201393654405,kw_b02,,,50000000,False
2023-09-02,naver_datalab_keyword,패션의류,,자켓,1.6101,0.07415475735399098,kw_b02,,,50000000,False
2023-09-02,naver_datalab_keyword,패션의류,,패션_앵커,21.7127,1.0,kw_b02,,,50000000,True
2023-09-03,naver_datalab_keyword,패션의류,,코트,1.789,0.07351811076947859,kw_b01,,,50000000,False
2023-09-03,naver_datalab_keyword,패션의류,,패딩,1.20484,0.049512331235046725,kw_b01,,,50000000,False
2023-09-03,naver_datalab_keyword,패션의류,,패션_앵커,24.33414,1.0,kw_b01,,,50000000,True
2023-09-03,naver_datalab_keyword,패션의류,,히트텍,0.06936,0.002850316468960892,kw_b01,,,50000000,False
2023-09-03,naver_datalab_keyword,패션의류,,가디건,5.84713,0.24028504808470733,kw_b02,,,50000000,False
2023-09-03,naver_datalab_keyword,패션의류,,반팔,0.46003,0.018904715761477495,kw_b02,,,50000000,False
2023-09-03,naver_datalab_keyword,패션의류,,자켓,2.10482,0.08649658463376968,kw_b02,,,50000000,False
2023-09-03,naver_datalab_keyword,패션의류,,패션_앵커,24.33414,1.0,kw_b02,,,50000000,True
2023-09-04,naver_datalab_keyword,패션의류,,코트,1.25047,0.05497994865483855,kw_b01,,,50000000,False
2023-09-04,naver_datalab_keyword,패션의류,,패딩,0.88902,0.039087922103788635,kw_b01,,,50000000,False
2023-09-04,naver_datalab_keyword,패션의류,,패션_앵커,22.74411,1.0,kw_b01,,,50000000,True
2023-09-04,naver_datalab_keyword,패션의류,,히트텍,0.05841,0.0025681374210729723,kw_b01,,,50000000,False
2023-09-04,naver_datalab_keyword,패션의류,,가디건,4.9435,0.2173529762210964,kw_b02,,,50000000,False
2023-09-04,naver_datalab_keyword,패션의류,,반팔,0.45455,0.01998539402069371,kw_b02,,,50000000,False
2023-09-04,naver_datalab_keyword,패션의류,,자켓,1.75249,0.07705247644335171,kw_b02,,,50000000,False
2023-09-04,naver_datalab_keyword,패션의류,,패션_앵커,22.74411,1.0,kw_b02,,,50000000,True
2023-09-05,naver_datalab_keyword,패션의류,,코트,1.58819,0.06837432790867179,kw_b01,,,50000000,False
2023-09-05,naver_datalab_keyword,패션의류,,패딩,0.80322,0.03458001099541198,kw_b01,,,50000000,False
2023-09-05,naver_datalab_keyword,패션의류,,패션_앵커,23.22787,1.0,kw_b01,,,50000000,True
2023-09-05,naver_datalab_keyword,패션의류,,히트텍,0.02373,0.0010216175654504697,kw_b01,,,50000000,False
2023-09-05,naver_datalab_keyword,패션의류,,가디건,4.79745,0.20653852462580516,kw_b02,,,50000000,False
2023-09-05,naver_datalab_keyword,패션의류,,반팔,0.47645,0.020511997010487833,kw_b02,,,50000000,False
2023-09-05,naver_datalab_keyword,패션의류,,자켓,1.37826,0.0593364781187427,kw_b02,,,50000000,False
2023-09-05,naver_datalab_keyword,패션의류,,패션_앵커,23.22787,1.0,kw_b02,,,50000000,True
2023-09-06,naver_datalab_keyword,패션의류,,코트,1.39286,0.06034919395615513,kw_b01,,,50000000,False
2023-09-06,naver_datalab_keyword,패션의류,,패딩,0.82878,0.03590899657322505,kw_b01,,,50000000,False
2023-09-06,naver_datalab_keyword,패션의류,,패션_앵커,23.08001,1.0,kw_b01,,,50000000,True
2023-09-06,naver_datalab_keyword,패션의류,,히트텍,0.02555,0.0011070185844806826,kw_b01,,,50000000,False
2023-09-06,naver_datalab_keyword,패션의류,,가디건,5.00191,0.21672044336202625,kw_b02,,,50000000,False
2023-09-06,naver_datalab_keyword,패션의류,,반팔,0.44177,0.01914080626481531,kw_b02,,,50000000,False
2023-09-06,naver_datalab_keyword,패션의류,,자켓,1.23039,0.053309768929909476,kw_b02,,,50000000,False
2023-09-06,naver_datalab_keyword,패션의류,,패션_앵커,23.08001,1.0,kw_b02,,,50000000,True
2023-09-07,naver_datalab_keyword,패션의류,,코트,1.81821,0.08426373449144739,kw_b01,,,50000000,False
2023-09-07,naver_datalab_keyword,패션의류,,패딩,1.04967,0.04864625878398952,kw_b01,,,50000000,False
2023-09-07,naver_datalab_keyword,패션의류,,패션_앵커,21.57761,1.0,kw_b01,,,50000000,True
2023-09-07,naver_datalab_keyword,패션의류,,히트텍,0.08214,0.0038067237289023206,kw_b01,,,50000000,False
2023-09-07,naver_datalab_keyword,패션의류,,가디건,5.18629,0.24035516445055777,kw_b02,,,50000000,False
2023-09-07,naver_datalab_keyword,패션의류,,반팔,0.3724,0.017258630589764113,kw_b02,,,50000000,False
2023-09-07,naver_datalab_keyword,패션의류,,자켓,1.67947,0.07783392136571196,kw_b02,,,50000000,False
2023-09-07,naver_datalab_keyword,패션의류,,패션_앵커,21.57761,1.0,kw_b02,,,50000000,True
2023-09-08,naver_datalab_keyword,패션의류,,코트,1.7963,0.09507200660523654,kw_b01,,,50000000,False
2023-09-08,naver_datalab_keyword,패션의류,,패딩,1.13912,0.06028972007134501,kw_b01,,,50000000,False
2023-09-08,naver_datalab_keyword,패션의류,,패션_앵커,18.8941,1.0,kw_b01,,,50000000,True
2023-09-08,naver_datalab_keyword,패션의류,,히트텍,0.07667,0.00405788050237905,kw_b01,,,50000000,False
2023-09-08,naver_datalab_keyword,패션의류,,가디건,5.28487,0.2797100682223551,kw_b02,,,50000000,False
2023-09-08,naver_datalab_keyword,패션의류,,반팔,0.34137,0.01806754489496721,kw_b02,,,50000000,False
2023-09-08,naver_datalab_keyword,패션의류,,자켓,1.29611,0.06859866307471645,kw_b02,,,50000000,False
2023-09-08,naver_datalab_keyword,패션의류,,패션_앵커,18.8941,1.0,kw_b02,,,50000000,True
2023-09-09,naver_datalab_keyword,패션의류,,코트,1.69042,0.07651590592239865,kw_b01,,,50000000,False
2023-09-09,naver_datalab_keyword,패션의류,,패딩,1.18841,0.05379270699426047,kw_b01,,,50000000,False
2023-09-09,naver_datalab_keyword,패션의류,,패션_앵커,22.0924,1.0,kw_b01,,,50000000,True
2023-09-09,naver_datalab_keyword,패션의류,,히트텍,0.06936,0.003139541199688581,kw_b01,,,50000000,False
2023-09-09,naver_datalab_keyword,패션의류,,가디건,5.70108,0.2580561641107349,kw_b02,,,50000000,False
2023-09-09,naver_datalab_keyword,패션의류,,반팔,0.2939,0.013303217396027592,kw_b02,,,50000000,False
2023-09-09,naver_datalab_keyword,패션의류,,자켓,1.87115,0.0846965472289113,kw_b02,,,50000000,False
2023-09-09,naver_datalab_keyword,패션의류,,패션_앵커,22.0924,1.0,kw_b02,,,50000000,True
2023-09-10,naver_datalab_keyword,패션의류,,목도리,0.00182,6.923937879342393e-05,kw_b01,,,50000000,False
2023-09-10,naver_datalab_keyword,패션의류,,코트,2.29467,0.087297541393355,kw_b01,,,50000000,False
2023-09-10,naver_datalab_keyword,패션의류,,패딩,1.29794,0.04937832929183333,kw_b01,,,50000000,False
2023-09-10,naver_datalab_keyword,패션의류,,패션_앵커,26.28562,1.0,kw_b01,,,50000000,True
2023-09-10,naver_datalab_keyword,패션의류,,히트텍,0.06389,0.0024306065445669532,kw_b01,,,50000000,False
2023-09-10,naver_datalab_keyword,패션의류,,가디건,7.24547,0.2756438691573567,kw_b02,,,50000000,False
2023-09-10,naver_datalab_keyword,패션의류,,반팔,0.47463,0.0180566408553422,kw_b02,,,50000000,False
2023-09-10,naver_datalab_keyword,패션의류,,자켓,1.90766,0.07257428205992478,kw_b02,,,50000000,False
2023-09-10,naver_datalab_keyword,패션의류,,패션_앵커,26.28562,1.0,kw_b02,,,50000000,True
2023-09-11,naver_datalab_keyword,패션의류,,코트,1.946,0.08534140729120847,kw_b01,,,50000000,False
2023-09-11,naver_datalab_keyword,패션의류,,패딩,1.12269,0.04923532608004463,kw_b01,,,50000000,False
2023-09-11,naver_datalab_keyword,패션의류,,패션_앵커,22.80253,1.0,kw_b01,,,50000000,True
2023-09-11,naver_datalab_keyword,패션의류,,히트텍,0.08579,0.0037623018147547663,kw_b01,,,50000000,False
2023-09-11,naver_datalab_keyword,패션의류,,가디건,6.9041,0.3027778057961112,kw_b02,,,50000000,False
2023-09-11,naver_datalab_keyword,패션의류,,반팔,0.36692,0.016091196897888085,kw_b02,,,50000000,False
2023-09-11,naver_datalab_keyword,패션의류,,자켓,1.50605,0.06604749560684714,kw_b02,,,50000000,False
2023-09-11,naver_datalab_keyword,패션의류,,패션_앵커,22.80253,1.0,kw_b02,,,50000000,True
2023-09-12,naver_datalab_keyword,패션의류,,코트,1.72693,0.07557683832684392,kw_b01,,,50000000,False
2023-09-12,naver_datalab_keyword,패션의류,,패딩,0.83426,0.036510300442144615,kw_b01,,,50000000,False
2023-09-12,naver_datalab_keyword,패션의류,,패션_앵커,22.84999,1.0,kw_b01,,,50000000,True
2023-09-12,naver_datalab_keyword,패션의류,,히트텍,0.06936,0.003035449906104992,kw_b01,,,50000000,False
2023-09-12,naver_datalab_keyword,패션의류,,가디건,6.2962,0.2755449783566645,kw_b02,,,50000000,False
2023-09-12,naver_datalab_keyword,패션의류,,레인부츠,0.00182,7.964992544854506e-05,kw_b02,,,50000000,False
2023-09-12,naver_datalab_keyword,패션의류,,반팔,0.52209,0.022848587679907086,kw_b02,,,50000000,False
2023-09-12,naver_datalab_keyword,패션의류,,자켓,1.3381,0.05856020068280118,kw_b02,,,50000000,False
2023-09-12,naver_datalab_keyword,패션의류,,패션_앵커,22.84999,1.0,kw_b02,,,50000000,True
2023-09-13,naver_datalab_keyword,패션의류,,코트,1.63566,0.07392115275890322,kw_b01,,,50000000,False
2023-09-13,naver_datalab_keyword,패션의류,,패딩,1.06245,0.048015803252935654,kw_b01,,,50000000,False
2023-09-13,naver_datalab_keyword,패션의류,,패션_앵커,22.12709,1.0,kw_b01,,,50000000,True
2023-09-13,naver_datalab_keyword,패션의류,,히트텍,0.04746,0.0021448821331679856,kw_b01,,,50000000,False
2023-09-13,naver_datalab_keyword,패션의류,,가디건,7.4189,0.3352858419249888,kw_b02,,,50000000,False
2023-09-13,naver_datalab_keyword,패션의류,,레인부츠,0.00182,8.225211720113219e-05,kw_b02,,,50000000,False
2023-09-13,naver_datalab_keyword,패션의류,,반팔,0.33041,0.014932374749684662,kw_b02,,,50000000,False
2023-09-13,naver_datalab_keyword,패션의류,,자켓,1.62653,0.07350853636876788,kw_b02,,,50000000,False
2023-09-13,naver_datalab_keyword,패션의류,,패션_앵커,22.12709,1.0,kw_b02,,,50000000,True
2023-09-14,naver_datalab_keyword,패션의류,,코트,1.33445,0.06854824831987572,kw_b01,,,50000000,False
2023-09-14,naver_datalab_keyword,패션의류,,패딩,0.7083,0.03638407155379968,kw_b01,,,50000000,False
2023-09-14,naver_datalab_keyword,패션의류,,패션_앵커,19.46731,1.0,kw_b01,,,50000000,True
2023-09-14,naver_datalab_keyword,패션의류,,히트텍,0.07119,0.0036568996949244655,kw_b01,,,50000000,False
2023-09-14,naver_datalab_keyword,패션의류,,가디건,7.06475,0.3629032465194215,kw_b02,,,50000000,False
2023-09-14,naver_datalab_keyword,패션의류,,반팔,0.33589,0.01725405307667058,kw_b02,,,50000000,False
2023-09-14,naver_datalab_keyword,패션의류,,자켓,1.6959,0.08711527170420566,kw_b02,,,50000000,False
2023-09-14,naver_datalab_keyword,패션의류,,패션_앵커,19.46731,1.0,kw_b02,,,50000000,True
2023-09-15,naver_datalab_keyword,패션의류,,코트,1.84194,0.10282246247164893,kw_b01,,,50000000,False
2023-09-15,naver_datalab_keyword,패션의류,,패딩,0.74298,0.04147531036145897,kw_b01,,,50000000,False
2023-09-15,naver_datalab_keyword,패션의류,,패션_앵커,17.91379,1.0,kw_b01,,,50000000,True
2023-09-15,naver_datalab_keyword,패션의류,,히트텍,0.09675,0.005400867153181991,kw_b01,,,50000000,False
2023-09-15,naver_datalab_keyword,패션의류,,가디건,6.69234,0.3735859357511727,kw_b02,,,50000000,False
2023-09-15,naver_datalab_keyword,패션의류,,반팔,0.26469,0.014775767718612309,kw_b02,,,50000000,False
2023-09-15,naver_datalab_keyword,패션의류,,자켓,1.64479,0.09181697452074632,kw_b02,,,50000000,False
2023-09-15,naver_datalab_keyword,패션의류,,패션_앵커,17.91379,1.0,kw_b02,,,50000000,True
2023-09-16,naver_datalab_keyword,패션의류,,코트,1.8675,0.09452073306585779,kw_b01,,,50000000,False
2023-09-16,naver_datalab_keyword,패션의류,,패딩,0.91823,0.04647484483162656,kw_b01,,,50000000,False
2023-09-16,naver_datalab_keyword,패션의류,,패션_앵커,19.75757,1.0,kw_b01,,,50000000,True
2023-09-16,naver_datalab_keyword,패션의류,,히트텍,0.03285,0.0016626538587488236,kw_b01,,,50000000,False
2023-09-16,naver_datalab_keyword,패션의류,,가디건,7.56129,0.38270343974486737,kw_b02,,,50000000,False
2023-09-16,naver_datalab_keyword,패션의류,,반팔,0.34867,0.01764741311811118,kw_b02,,,50000000,False
2023-09-16,naver_datalab_keyword,패션의류,,자켓,1.92774,0.09756969100957252,kw_b02,,,50000000,False
2023-09-16,naver_datalab_keyword,패션의류,,패션_앵커,19.75757,1.0,kw_b02,,,50000000,True
2023-09-17,naver_datalab_keyword,패션의류,,코트,2.05553,0.09321184605282729,kw_b01,,,50000000,False
2023-09-17,naver_datalab_keyword,패션의류,,패딩,1.13182,0.05132449129884311,kw_b01,,,50000000,False
2023-09-17,naver_datalab_keyword,패션의류,,패션_앵커,22.05224,1.0,kw_b01,,,50000000,True
2023-09-17,naver_datalab_keyword,패션의류,,히트텍,0.10222,0.004635356771012831,kw_b01,,,50000000,False
2023-09-17,naver_datalab_keyword,패션의류,,가디건,8.1272,0.3685430595712726,kw_b02,,,50000000,False
2023-09-17,naver_datalab_keyword,패션의류,,반팔,0.59146,0.026820858107838477,kw_b02,,,50000000,False
2023-09-17,naver_datalab_keyword,패션의류,,자켓,2.23808,0.10148991667059673,kw_b02,,,50000000,False
2023-09-17,naver_datalab_keyword,패션의류,,패션_앵커,22.05224,1.0,kw_b02,,,50000000,True
2023-09-18,naver_datalab_keyword,패션의류,,코트,1.36183,0.068028165777661,kw_b01,,,50000000,False
2023-09-18,naver_datalab_keyword,패션의류,,패딩,0.80505,0.04021505977934543,kw_b01,,,50000000,False
2023-09-18,naver_datalab_keyword,패션의류,,패션_앵커,20.01862,1.0,kw_b01,,,50000000,True
2023-09-18,naver_datalab_keyword,패션의류,,히트텍,0.06571,0.003282444044594483,kw_b01,,,50000000,False
2023-09-18,naver_datalab_keyword,패션의류,,가디건,7.40794,0.3700524811400586,kw_b02,,,50000000,False
2023-09-18,naver_datalab_keyword,패션의류,,반팔,0.57321,0.028633841893197436,kw_b02,,,50000000,False
2023-09-18,naver_datalab_keyword,패션의류,,자켓,1.57907,0.078880062661662,kw_b02,,,50000000,False
2023-09-18,naver_datalab_keyword,패션의류,,패션_앵커,20.01862,1.0,kw_b02,,,50000000,True
2023-09-19,naver_datalab_keyword,패션의류,,코트,1.52795,0.07063851820688793,kw_b01,,,50000000,False
2023-09-19,naver_datalab_keyword,패션의류,,패딩,0.66448,0.030719514760373635,kw_b01,,,50000000,False
2023-09-19,naver_datalab_keyword,패션의류,,패션_앵커,21.63055,1.0,kw_b01,,,50000000,True
2023-09-19,naver_datalab_keyword,패션의류,,히트텍,0.11135,0.005147811775474965,kw_b01,,,50000000,False
2023-09-19,naver_datalab_keyword,패션의류,,가디건,6.5317,0.30196643173659476,kw_b02,,,50000000,False
2023-09-19,naver_datalab_keyword,패션의류,,반팔,0.44907,0.020760914539852203,kw_b02,,,50000000,False
2023-09-19,naver_datalab_keyword,패션의류,,자켓,1.39286,0.06439318463931801,kw_b02,,,50000000,False
2023-09-19,naver_datalab_keyword,패션의류,,패션_앵커,21.63055,1.0,kw_b02,,,50000000,True
2023-09-20,naver_datalab_keyword,패션의류,,코트,1.63201,0.0760979699405535,kw_b01,,,50000000,False
2023-09-20,naver_datalab_keyword,패션의류,,패딩,0.96204,0.044858359324765215,kw_b01,,,50000000,False
2023-09-20,naver_datalab_keyword,패션의류,,패션_앵커,21.44617,1.0,kw_b01,,,50000000,True
2023-09-20,naver_datalab_keyword,패션의류,,히트텍,0.10953,0.0051072056222626235,kw_b01,,,50000000,False
2023-09-20,naver_datalab_keyword,패션의류,,가디건,8.51056,0.3968335604912206,kw_b02,,,50000000,False
2023-09-20,naver_datalab_keyword,패션의류,,반팔,0.37423,0.017449735780328143,kw_b02,,,50000000,False
2023-09-20,naver_datalab_keyword,패션의류,,자켓,2.12307,0.09899529846121709,kw_b02,,,50000000,False
2023-09-20,naver_datalab_keyword,패션의류,,패션_앵커,21.44617,1.0,kw_b02,,,50000000,True
2023-09-21,naver_datalab_keyword,패션의류,,코트,2.00989,0.10385793936638023,kw_b01,,,50000000,False
2023-09-21,naver_datalab_keyword,패션의류,,패딩,0.92371,0.04773127741922149,kw_b01,,,50000000,False
2023-09-21,naver_datalab_keyword,패션의류,,패션_앵커,19.3523,1.0,kw_b01,,,50000000,True
2023-09-21,naver_datalab_keyword,패션의류,,히트텍,0.16429,0.008489430196927496,kw_b01,,,50000000,False
2023-09-21,naver_datalab_keyword,패션의류,,가디건,9.89795,0.5114611699901304,kw_b02,,,50000000,False
2023-09-21,naver_datalab_keyword,패션의류,,반팔,0.26835,0.013866568831611746,kw_b02,,,50000000,False
2023-09-21,naver_datalab_keyword,패션의류,,자켓,2.23625,0.11555474026343122,kw_b02,,,50000000,False
2023-09-21,naver_datalab_keyword,패션의류,,패션_앵커,19.3523,1.0,kw_b02,,,50000000,True
2023-09-22,naver_datalab_keyword,패션의류,,목도리,0.01095,0.0006681856958223444,kw_b01,,,50000000,False
2023-09-22,naver_datalab_keyword,패션의류,,코트,1.35818,0.0828782144613691,kw_b01,,,50000000,False
2023-09-22,naver_datalab_keyword,패션의류,,패딩,0.76671,0.04678581322775796,kw_b01,,,50000000,False
2023-09-22,naver_datalab_keyword,패션의류,,패션_앵커,16.38766,1.0,kw_b01,,,50000000,True
2023-09-22,naver_datalab_keyword,패션의류,,히트텍,0.1223,0.007462932474801161,kw_b01,,,50000000,False
2023-09-22,naver_datalab_keyword,패션의류,,가디건,9.15131,0.5584268895010026,kw_b02,,,50000000,False
2023-09-22,naver_datalab_keyword,패션의류,,반팔,0.21906,0.013367375207930845,kw_b02,,,50000000,False
2023-09-22,naver_datalab_keyword,패션의류,,자켓,2.05005,0.12509717677813673,kw_b02,,,50000000,False
2023-09-22,naver_datalab_keyword,패션의류,,패션_앵커,16.38766,1.0,kw_b02,,,50000000,True
2023-09-23,naver_datalab_keyword,패션의류,,코트,1.78718,0.09902887229277235,kw_b01,,,50000000,False
2023-09-23,naver_datalab_keyword,패션의류,,패딩,1.05149,0.05826378368554214,kw_b01,,,50000000,False
2023-09-23,naver_datalab_keyword,패션의류,,패션_앵커,18.04706,1.0,kw_b01,,,50000000,True
2023-09-23,naver_datalab_keyword,패션의류,,히트텍,0.14239,0.007889927777710054,kw_b01,,,50000000,False
2023-09-23,naver_datalab_keyword,패션의류,,가디건,9.14949,0.5069795301838638,kw_b02,,,50000000,False
2023-09-23,naver_datalab_keyword,패션의류,,반팔,0.21541,0.01193601617105501,kw_b02,,,50000000,False
2023-09-23,naver_datalab_keyword,패션의류,,자켓,2.62509,0.14545804136518636,kw_b02,,,50000000,False
2023-09-23,naver_datalab_keyword,패션의류,,패션_앵커,18.04706,1.0,kw_b02,,,50000000,True
2023-09-24,naver_datalab_keyword,패션의류,,코트,1.98981,0.09260818390111294,kw_b01,,,50000000,False
2023-09-24,naver_datalab_keyword,패션의류,,패딩,1.35453,0.06304147800019827,kw_b01,,,50000000,False
2023-09-24,naver_datalab_keyword,패션의류,,패션_앵커,21.48633,1.0,kw_b01,,,50000000,True
2023-09-24,naver_datalab_keyword,패션의류,,히트텍,0.14421,0.006711709258863659,kw_b01,,,50000000,False
2023-09-24,naver_datalab_keyword,패션의류,,가디건,10.48577,0.4880205228161348,kw_b02,,,50000000,False
2023-09-24,naver_datalab_keyword,패션의류,,반팔,0.23184,0.010790116320469806,kw_b02,,,50000000,False
2023-09-24,naver_datalab_keyword,패션의류,,자켓,2.50643,0.11665230870046212,kw_b02,,,50000000,False
2023-09-24,naver_datalab_keyword,패션의류,,패션_앵커,21.48633,1.0,kw_b02,,,50000000,True
2023-09-25,naver_datalab_keyword,패션의류,,코트,1.53525,0.1002139071641602,kw_b01,,,50000000,False
2023-09-25,naver_datalab_keyword,패션의류,,패딩,0.87807,0.05731628429482765,kw_b01,,,50000000,False
2023-09-25,naver_datalab_keyword,패션의류,,패션_앵커,15.31973,1.0,kw_b01,,,50000000,True
2023-09-25,naver_datalab_keyword,패션의류,,히트텍,0.1935,0.01263077090784237,kw_b01,,,50000000,False
2023-09-25,naver_datalab_keyword,패션의류,,가디건,8.48135,0.5536226813396843,kw_b02,,,50000000,False
2023-09-25,naver_datalab_keyword,패션의류,,반팔,0.2866,0.018707901510013558,kw_b02,,,50000000,False
2023-09-25,naver_datalab_keyword,패션의류,,자켓,1.80361,0.11773118716844226,kw_b02,,,50000000,False
2023-09-25,naver_datalab_keyword,패션의류,,패션_앵커,15.31973,1.0,kw_b02,,,50000000,True
2023-09-26,naver_datalab_keyword,패션의류,,코트,1.68495,0.12079559703113608,kw_b01,,,50000000,False
2023-09-26,naver_datalab_keyword,패션의류,,패딩,1.00403,0.0719798233105858,kw_b01,,,50000000,False
2023-09-26,naver_datalab_keyword,패션의류,,패션_앵커,13.94877,1.0,kw_b01,,,50000000,True
2023-09-26,naver_datalab_keyword,패션의류,,히트텍,0.47828,0.03428832793142334,kw_b01,,,50000000,False
2023-09-26,naver_datalab_keyword,패션의류,,가디건,7.30389,0.523622512952755,kw_b02,,,50000000,False
2023-09-26,naver_datalab_keyword,패션의류,,반팔,0.18437,0.013217652882655605,kw_b02,,,50000000,False
2023-09-26,naver_datalab_keyword,패션의류,,자켓,2.07196,0.14854069570291858,kw_b02,,,50000000,False
2023-09-26,naver_datalab_keyword,패션의류,,패션_앵커,13.94877,1.0,kw_b02,,,50000000,True
2023-09-27,naver_datalab_keyword,패션의류,,코트,1.46589,0.12467012242572172,kw_b01,,,50000000,False
2023-09-27,naver_datalab_keyword,패션의류,,패딩,0.7156,0.06085991418718081,kw_b01,,,50000000,False
2023-09-27,naver_datalab_keyword,패션의류,,패션_앵커,11.75815,1.0,kw_b01,,,50000000,True
2023-09-27,naver_datalab_keyword,패션의류,,히트텍,0.09492,0.008072698511245391,kw_b01,,,50000000,False
2023-09-27,naver_datalab_keyword,패션의류,,가디건,5.67553,0.48268902846110995,kw_b02,,,50000000,False
2023-09-27,naver_datalab_keyword,패션의류,,반팔,0.2008,0.017077516446039557,kw_b02,,,50000000,False
2023-09-27,naver_datalab_keyword,패션의류,,자켓,1.89488,0.16115460340274618,kw_b02,,,50000000,False
2023-09-27,naver_datalab_keyword,패션의류,,패션_앵커,11.75815,1.0,kw_b02,,,50000000,True
2023-09-28,naver_datalab_keyword,패션의류,,코트,1.52613,0.12365017273899882,kw_b01,,,50000000,False
2023-09-28,naver_datalab_keyword,패션의류,,패딩,0.816,0.066113988293935,kw_b01,,,50000000,False
2023-09-28,naver_datalab_keyword,패션의류,,패션_앵커,12.34232,1.0,kw_b01,,,50000000,True
2023-09-28,naver_datalab_keyword,패션의류,,히트텍,0.04016,0.003253845306230919,kw_b01,,,50000000,False
2023-09-28,naver_datalab_keyword,패션의류,,가디건,5.54226,0.44904523622787285,kw_b02,,,50000000,False
2023-09-28,naver_datalab_keyword,패션의류,,반팔,0.24096,0.019523071837385515,kw_b02,,,50000000,False
2023-09-28,naver_datalab_keyword,패션의류,,자켓,1.58819,0.1286784008192949,kw_b02,,,50000000,False
2023-09-28,naver_datalab_keyword,패션의류,,패션_앵커,12.34232,1.0,kw_b02,,,50000000,True
2023-09-29,naver_datalab_keyword,패션의류,,목도리,0.00182,0.00014920356448955166,kw_b01,,,50000000,False
2023-09-29,naver_datalab_keyword,패션의류,,코트,1.49144,0.12226822210016315,kw_b01,,,50000000,False
2023-09-29,naver_datalab_keyword,패션의류,,패딩,0.78497,0.06435182528426557,kw_b01,,,50000000,False
2023-09-29,naver_datalab_keyword,패션의류,,패션_앵커,12.1981,1.0,kw_b01,,,50000000,True
2023-09-29,naver_datalab_keyword,패션의류,,히트텍,0.05293,0.004339200367270313,kw_b01,,,50000000,False
2023-09-29,naver_datalab_keyword,패션의류,,가디건,6.07714,0.49820381862749114,kw_b02,,,50000000,False
2023-09-29,naver_datalab_keyword,패션의류,,반팔,0.1935,0.01586312622457596,kw_b02,,,50000000,False
2023-09-29,naver_datalab_keyword,패션의류,,자켓,1.47866,0.12122051794951673,kw_b02,,,50000000,False
2023-09-29,naver_datalab_keyword,패션의류,,패션_앵커,12.1981,1.0,kw_b02,,,50000000,True
2023-09-30,naver_datalab_keyword,패션의류,,코트,2.51191,0.16792772965875755,kw_b01,,,50000000,False
2023-09-30,naver_datalab_keyword,패션의류,,패딩,1.2523,0.08371951855427227,kw_b01,,,50000000,False
2023-09-30,naver_datalab_keyword,패션의류,,패션_앵커,14.95828,1.0,kw_b01,,,50000000,True
2023-09-30,naver_datalab_keyword,패션의류,,히트텍,0.08762,0.00585762534195108,kw_b01,,,50000000,False
2023-09-30,naver_datalab_keyword,패션의류,,가디건,7.9775,0.5333166647502253,kw_b02,,,50000000,False
2023-09-30,naver_datalab_keyword,패션의류,,반팔,0.29573,0.019770321186660497,kw_b02,,,50000000,False
2023-09-30,naver_datalab_keyword,패션의류,,자켓,2.26546,0.15145190489815674,kw_b02,,,50000000,False
2023-09-30,naver_datalab_keyword,패션의류,,패션_앵커,14.95828,1.0,kw_b02,,,50000000,True
2023-10-01,naver_datalab_keyword,패션의류,,코트,2.16323,0.12820470270991066,kw_b01,,,50000000,False
2023-10-01,naver_datalab_keyword,패션의류,,패딩,1.40017,0.08298164254070793,kw_b01,,,50000000,False
2023-10-01,naver_datalab_keyword,패션의류,,패션_앵커,16.87325,1.0,kw_b01,,,50000000,True
2023-10-01,naver_datalab_keyword,패션의류,,히트텍,0.16429,0.009736713436949018,kw_b01,,,50000000,False
2023-10-01,naver_datalab_keyword,패션의류,,가디건,9.40506,0.5573946927829554,kw_b02,,,50000000,False
2023-10-01,naver_datalab_keyword,패션의류,,반팔,0.32494,0.019257700798601337,kw_b02,,,50000000,False
2023-10-01,naver_datalab_keyword,패션의류,,자켓,2.72732,0.16163572518631564,kw_b02,,,50000000,False
2023-10-01,naver_datalab_keyword,패션의류,,패션_앵커,16.87325,1.0,kw_b02,,,50000000,True
2023-10-02,naver_datalab_keyword,패션의류,,코트,2.6543,0.1568499764219792,kw_b01,,,50000000,False
2023-10-02,naver_datalab_keyword,패션의류,,패딩,1.65939,0.09805797474847155,kw_b01,,,50000000,False
2023-10-02,naver_datalab_keyword,패션의류,,패션_앵커,16.92254,1.0,kw_b01,,,50000000,True
2023-10-02,naver_datalab_keyword,패션의류,,히트텍,0.32129,0.018985920553297553,kw_b01,,,50000000,False
2023-10-02,naver_datalab_keyword,패션의류,,가디건,10.99143,0.6495141982231981,kw_b02,,,50000000,False
2023-10-02,naver_datalab_keyword,패션의류,,반팔,0.30121,0.01779933745170642,kw_b02,,,50000000,False
2023-10-02,naver_datalab_keyword,패션의류,,자켓,2.92447,0.17281507386007064,kw_b02,,,50000000,False
2023-10-02,naver_datalab_keyword,패션의류,,패션_앵커,16.92254,1.0,kw_b02,,,50000000,True
2023-10-03,naver_datalab_keyword,패션의류,,코트,3.8281,0.19777381115367626,kw_b01,,,50000000,False
2023-10-03,naver_datalab_keyword,패션의류,,패딩,2.07196,0.10704512049266504,kw_b01,,,50000000,False
2023-10-03,naver_datalab_keyword,패션의류,,패션_앵커,19.35595,1.0,kw_b01,,,50000000,True
2023-10-03,naver_datalab_keyword,패션의류,,히트텍,0.39248,0.02027696909735766,kw_b01,,,50000000,False
2023-10-03,naver_datalab_keyword,패션의류,,가디건,13.49422,0.6971613379865106,kw_b02,,,50000000,False
2023-10-03,naver_datalab_keyword,패션의류,,반팔,0.37057,0.01914501742358293,kw_b02,,,50000000,False
2023-10-03,naver_datalab_keyword,패션의류,,자켓,3.52507,0.18211816004897718,kw_b02,,,50000000,False
2023-10-03,naver_datalab_keyword,패션의류,,패션_앵커,19.35595,1.0,kw_b02,,,50000000,True
2023-10-04,naver_datalab_keyword,패션의류,,코트,2.71819,0.16353625131081567,kw_b01,,,50000000,False
2023-10-04,naver_datalab_keyword,패션의류,,패딩,1.84559,0.11103744405531928,kw_b01,,,50000000,False
2023-10-04,naver_datalab_keyword,패션의류,,패션_앵커,16.62133,1.0,kw_b01,,,50000000,True
2023-10-04,naver_datalab_keyword,패션의류,,히트텍,0.32859,0.01976917611286221,kw_b01,,,50000000,False
2023-10-04,naver_datalab_keyword,패션의류,,가디건,11.68513,0.7030201554267919,kw_b02,,,50000000,False
2023-10-04,naver_datalab_keyword,패션의류,,반팔,0.32129,0.0193299814154463,kw_b02,,,50000000,False
2023-10-04,naver_datalab_keyword,패션의류,,자켓,2.95916,0.17803388778154333,kw_b02,,,50000000,False
2023-10-04,naver_datalab_keyword,패션의류,,패션_앵커,16.62133,1.0,kw_b02,,,50000000,True
2023-10-05,naver_datalab_keyword,패션의류,,코트,3.53237,0.2378022960463114,kw_b01,,,50000000,False
2023-10-05,naver_datalab_keyword,패션의류,,패딩,2.80581,0.18888962941869086,kw_b01,,,50000000,False
2023-10-05,naver_datalab_keyword,패션의류,,패션_앵커,14.85423,1.0,kw_b01,,,50000000,True
2023-10-05,naver_datalab_keyword,패션의류,,히트텍,0.96204,0.064765390060609,kw_b01,,,50000000,False
2023-10-05,naver_datalab_keyword,패션의류,,가디건,14.04917,0.9458026434221094,kw_b02,,,50000000,False
2023-10-05,naver_datalab_keyword,패션의류,,반팔,0.39066,0.026299579311751604,kw_b02,,,50000000,False
2023-10-05,naver_datalab_keyword,패션의류,,자켓,3.87739,0.2610293498888869,kw_b02,,,50000000,False
2023-10-05,naver_datalab_keyword,패션의류,,패션_앵커,14.85423,1.0,kw_b02,,,50000000,True
2023-10-06,naver_datalab_keyword,패션의류,,코트,3.24576,0.2455116679613839,kw_b01,,,50000000,False
2023-10-06,naver_datalab_keyword,패션의류,,패딩,2.67255,0.20215364297119828,kw_b01,,,50000000,False
2023-10-06,naver_datalab_keyword,패션의류,,패션_앵커,13.22039,1.0,kw_b01,,,50000000,True
2023-10-06,naver_datalab_keyword,패션의류,,히트텍,0.76124,0.05758075215632822,kw_b01,,,50000000,False
2023-10-06,naver_datalab_keyword,패션의류,,가디건,10.87277,0.8224243006446859,kw_b02,,,50000000,False
2023-10-06,naver_datalab_keyword,패션의류,,반팔,0.23366,0.017674213846944002,kw_b02,,,50000000,False
2023-10-06,naver_datalab_keyword,패션의류,,자켓,3.36807,0.25476328610578053,kw_b02,,,50000000,False
2023-10-06,naver_datalab_keyword,패션의류,,패션_앵커,13.22039,1.0,kw_b02,,,50000000,True
2023-10-07,naver_datalab_keyword,패션의류,,코트,3.58896,0.22778326773939883,kw_b01,,,50000000,False
2023-10-07,naver_datalab_keyword,패션의류,,패딩,2.35309,0.14934536174404336,kw_b01,,,50000000,False
2023-10-07,naver_datalab_keyword,패션의류,,패션_앵커,15.75603,1.0,kw_b01,,,50000000,True
2023-10-07,naver_datalab_keyword,패션의류,,히트텍,0.46733,0.029660390339444644,kw_b01,,,50000000,False
2023-10-07,naver_datalab_keyword,패션의류,,가디건,10.9677,0.6960953996660326,kw_b02,,,50000000,False
2023-10-07,naver_datalab_keyword,패션의류,,반팔,0.26835,0.0170315745781139,kw_b02,,,50000000,False
2023-10-07,naver_datalab_keyword,패션의류,,자켓,3.22203,0.2044950409462282,kw_b02,,,50000000,False
2023-10-07,naver_datalab_keyword,패션의류,,패션_앵커,15.75603,1.0,kw_b02,,,50000000,True
2023-10-08,naver_datalab_keyword,패션의류,,코트,4.03074,0.2594593550754257,kw_b01,,,50000000,False
2023-10-08,naver_datalab_keyword,패션의류,,패딩,2.62691,0.16909460159702352,kw_b01,,,50000000,False
2023-10-08,naver_datalab_keyword,패션의류,,패션_앵커,15.53515,1.0,kw_b01,,,50000000,True
2023-10-08,naver_datalab_keyword,패션의류,,히트텍,0.65901,0.0424205752760675,kw_b01,,,50000000,False
2023-10-08,naver_datalab_keyword,패션의류,,가디건,10.44925,0.6726198330881903,kw_b02,,,50000000,False
2023-10-08,naver_datalab_keyword,패션의류,,반팔,0.29025,0.018683437237490465,kw_b02,,,50000000,False
2023-10-08,naver_datalab_keyword,패션의류,,자켓,3.94494,0.2539363958506999,kw_b02,,,50000000,False
2023-10-08,naver_datalab_keyword,패션의류,,패션_앵커,15.53515,1.0,kw_b02,,,50000000,True
2023-10-09,naver_datalab_keyword,패션의류,,코트,4.03074,0.24068013392017454,kw_b01,,,50000000,False
2023-10-09,naver_datalab_keyword,패션의류,,패딩,2.86606,0.17113574793294917,kw_b01,,,50000000,False
2023-10-09,naver_datalab_keyword,패션의류,,패션_앵커,16.74729,1.0,kw_b01,,,50000000,True
2023-10-09,naver_datalab_keyword,패션의류,,히트텍,0.68091,0.04065792137115916,kw_b01,,,50000000,False
2023-10-09,naver_datalab_keyword,패션의류,,가디건,11.70704,0.6990408597450691,kw_b02,,,50000000,False
2023-10-09,naver_datalab_keyword,패션의류,,반팔,0.33406,0.01994710786043593,kw_b02,,,50000000,False
2023-10-09,naver_datalab_keyword,패션의류,,자켓,4.35385,0.2599734046523348,kw_b02,,,50000000,False
2023-10-09,naver_datalab_keyword,패션의류,,패션_앵커,16.74729,1.0,kw_b02,,,50000000,True
2023-10-10,naver_datalab_keyword,패션의류,,코트,3.47578,0.23529387872256308,kw_b01,,,50000000,False
2023-10-10,naver_datalab_keyword,패션의류,,패딩,2.16688,0.146687534863066,kw_b01,,,50000000,False
2023-10-10,naver_datalab_keyword,패션의류,,패션_앵커,14.77208,1.0,kw_b01,,,50000000,True
2023-10-10,naver_datalab_keyword,패션의류,,히트텍,0.64988,0.04399380452854303,kw_b01,,,50000000,False
2023-10-10,naver_datalab_keyword,패션의류,,가디건,10.81983,0.7324513541762567,kw_b02,,,50000000,False
2023-10-10,naver_datalab_keyword,패션의류,,반팔,0.33589,0.022738165512236598,kw_b02,,,50000000,False
2023-10-10,naver_datalab_keyword,패션의류,,자켓,3.16727,0.21440920980660813,kw_b02,,,50000000,False
2023-10-10,naver_datalab_keyword,패션의류,,패션_앵커,14.77208,1.0,kw_b02,,,50000000,True
2023-10-11,naver_datalab_keyword,패션의류,,코트,3.50681,0.21363396007563795,kw_b01,,,50000000,False
2023-10-11,naver_datalab_keyword,패션의류,,패딩,2.20887,0.13456379028013335,kw_b01,,,50000000,False
2023-10-11,naver_datalab_keyword,패션의류,,패션_앵커,16.41504,1.0,kw_b01,,,50000000,True
2023-10-11,naver_datalab_keyword,패션의류,,히트텍,0.60972,0.03714398502836423,kw_b01,,,50000000,False
2023-10-11,naver_datalab_keyword,패션의류,,가디건,11.53361,0.7026245443203305,kw_b02,,,50000000,False
2023-10-11,naver_datalab_keyword,패션의류,,반팔,0.29573,0.018015795270678595,kw_b02,,,50000000,False
2023-10-11,naver_datalab_keyword,패션의류,,자켓,3.18005,0.19372782521395013,kw_b02,,,50000000,False
2023-10-11,naver_datalab_keyword,패션의류,,패션_앵커,16.41504,1.0,kw_b02,,,50000000,True
2023-10-12,naver_datalab_keyword,패션의류,,목도리,0.0219,0.0013693191232606052,kw_b01,,,50000000,False
2023-10-12,naver_datalab_keyword,패션의류,,코트,3.94311,0.2465468460328824,kw_b01,,,50000000,False
2023-10-12,naver_datalab_keyword,패션의류,,패딩,2.55754,0.15991271372164056,kw_b01,,,50000000,False
2023-10-12,naver_datalab_keyword,패션의류,,패션_앵커,15.99335,1.0,kw_b01,,,50000000,True
2023-10-12,naver_datalab_keyword,패션의류,,히트텍,0.59876,0.03743806019376803,kw_b01,,,50000000,False
2023-10-12,naver_datalab_keyword,패션의류,,가디건,10.37989,0.6490128709744988,kw_b02,,,50000000,False
2023-10-12,naver_datalab_keyword,패션의류,,반팔,0.36875,0.02305645784028987,kw_b02,,,50000000,False
2023-10-12,naver_datalab_keyword,패션의류,,자켓,3.06321,0.19153022975174058,kw_b02,,,50000000,False
2023-10-12,naver_datalab_keyword,패션의류,,패션_앵커,15.99335,1.0,kw_b02,,,50000000,True
2023-10-13,naver_datalab_keyword,패션의류,,코트,3.49769,0.27127292412836734,kw_b01,,,50000000,False
2023-10-13,naver_datalab_keyword,패션의류,,패딩,2.28007,0.17683707135777227,kw_b01,,,50000000,False
2023-10-13,naver_datalab_keyword,패션의류,,패션_앵커,12.89362,1.0,kw_b01,,,50000000,True
2023-10-13,naver_datalab_keyword,패션의류,,히트텍,0.45637,0.035395024826231886,kw_b01,,,50000000,False
2023-10-13,naver_datalab_keyword,패션의류,,가디건,9.01075,0.698853386403508,kw_b02,,,50000000,False
2023-10-13,naver_datalab_keyword,패션의류,,반팔,0.30303,0.02350232130309409,kw_b02,,,50000000,False
2023-10-13,naver_datalab_keyword,패션의류,,자켓,3.06869,0.23800065458730751,kw_b02,,,50000000,False
2023-10-13,naver_datalab_keyword,패션의류,,패션_앵커,12.89362,1.0,kw_b02,,,50000000,True
2023-10-14,naver_datalab_keyword,패션의류,,코트,3.46483,0.2536077750516756,kw_b01,,,50000000,False
2023-10-14,naver_datalab_keyword,패션의류,,패딩,2.53746,0.18572905016483482,kw_b01,,,50000000,False
2023-10-14,naver_datalab_keyword,패션의류,,패션_앵커,13.66216,1.0,kw_b01,,,50000000,True
2023-10-14,naver_datalab_keyword,패션의류,,히트텍,0.51662,0.03781393278954426,kw_b01,,,50000000,False
2023-10-14,naver_datalab_keyword,패션의류,,가디건,8.88844,0.650588193960545,kw_b02,,,50000000,False
2023-10-14,naver_datalab_keyword,패션의류,,반팔,0.3797,0.027792091440884896,kw_b02,,,50000000,False
2023-10-14,naver_datalab_keyword,패션의류,,자켓,2.64882,0.19388003068328874,kw_b02,,,50000000,False
2023-10-14,naver_datalab_keyword,패션의류,,패션_앵커,13.66216,1.0,kw_b02,,,50000000,True
2023-10-15,naver_datalab_keyword,패션의류,,목도리,0.00365,0.00023155005953691258,kw_b01,,,50000000,False
2023-10-15,naver_datalab_keyword,패션의류,,코트,4.6222,0.29322484525794995,kw_b01,,,50000000,False
2023-10-15,naver_datalab_keyword,패션의류,,패딩,2.91535,0.18494505919751728,kw_b01,,,50000000,False
2023-10-15,naver_datalab_keyword,패션의류,,패션_앵커,15.76333,1.0,kw_b01,,,50000000,True
2023-10-15,naver_datalab_keyword,패션의류,,히트텍,0.62432,0.03960584470413295,kw_b01,,,50000000,False
2023-10-15,naver_datalab_keyword,패션의류,,가디건,10.21194,0.6478288534211998,kw_b02,,,50000000,False
2023-10-15,naver_datalab_keyword,패션의류,,반팔,0.28843,0.018297529773214163,kw_b02,,,50000000,False
2023-10-15,naver_datalab_keyword,패션의류,,자켓,3.70397,0.23497382849943507,kw_b02,,,50000000,False
2023-10-15,naver_datalab_keyword,패션의류,,패션_앵커,15.76333,1.0,kw_b02,,,50000000,True
2023-10-16,naver_datalab_keyword,패션의류,,코트,4.57292,0.30173455867991955,kw_b01,,,50000000,False
2023-10-16,naver_datalab_keyword,패션의류,,패딩,2.88249,0.19019507186858317,kw_b01,,,50000000,False
2023-10-16,naver_datalab_keyword,패션의류,,패션_앵커,15.15544,1.0,kw_b01,,,50000000,True
2023-10-16,naver_datalab_keyword,패션의류,,히트텍,0.96569,0.0637190342213753,kw_b01,,,50000000,False
2023-10-16,naver_datalab_keyword,패션의류,,가디건,10.57339,0.6976630173719799,kw_b02,,,50000000,False
2023-10-16,naver_datalab_keyword,패션의류,,반팔,0.35049,0.023126349350464256,kw_b02,,,50000000,False
2023-10-16,naver_datalab_keyword,패션의류,,자켓,3.01575,0.1989879541603543,kw_b02,,,50000000,False
2023-10-16,naver_datalab_keyword,패션의류,,패션_앵커,15.15544,1.0,kw_b02,,,50000000,True
2023-10-17,naver_datalab_keyword,패션의류,,목도리,0.00182,0.00012081656063132628,kw_b01,,,50000000,False
2023-10-17,naver_datalab_keyword,패션의류,,코트,5.07858,0.33712998268738514,kw_b01,,,50000000,False
2023-10-17,naver_datalab_keyword,패션의류,,패딩,4.48529,0.29774577540334146,kw_b01,,,50000000,False
2023-10-17,naver_datalab_keyword,패션의류,,패션_앵커,15.06416,1.0,kw_b01,,,50000000,True
2023-10-17,naver_datalab_keyword,패션의류,,히트텍,1.2669,0.08410027509001497,kw_b01,,,50000000,False
2023-10-17,naver_datalab_keyword,패션의류,,가디건,10.40544,0.6907414684921032,kw_b02,,,50000000,False
2023-10-17,naver_datalab_keyword,패션의류,,반팔,0.24644,0.016359358902189036,kw_b02,,,50000000,False
2023-10-17,naver_datalab_keyword,패션의류,,자켓,3.26767,0.2169168410319593,kw_b02,,,50000000,False
2023-10-17,naver_datalab_keyword,패션의류,,패션_앵커,15.06416,1.0,kw_b02,,,50000000,True
2023-10-18,naver_datalab_keyword,패션의류,,코트,4.56744,0.30892683461324627,kw_b01,,,50000000,False
2023-10-18,naver_datalab_keyword,패션의류,,패딩,4.20416,0.2843557531150109,kw_b01,,,50000000,False
2023-10-18,naver_datalab_keyword,패션의류,,패션_앵커,14.78486,1.0,kw_b01,,,50000000,True
2023-10-18,naver_datalab_keyword,패션의류,,히트텍,1.05879,0.07161312315436195,kw_b01,,,50000000,False
2023-10-18,naver_datalab_keyword,패션의류,,가디건,10.23932,0.6925544103900881,kw_b02,,,50000000,False
2023-10-18,naver_datalab_keyword,패션의류,,반팔,0.25192,0.017039052111416677,kw_b02,,,50000000,False
2023-10-18,naver_datalab_keyword,패션의류,,자켓,3.43744,0.2324972979115122,kw_b02,,,50000000,False
2023-10-18,naver_datalab_keyword,패션의류,,패션_앵커,14.78486,1.0,kw_b02,,,50000000,True
2023-10-19,naver_datalab_keyword,패션의류,,코트,4.46521,0.3319308397195112,kw_b01,,,50000000,False
2023-10-19,naver_datalab_keyword,패션의류,,패딩,4.48346,0.3332874921109734,kw_b01,,,50000000,False
2023-10-19,naver_datalab_keyword,패션의류,,패션_앵커,13.45223,1.0,kw_b01,,,50000000,True
2023-10-19,naver_datalab_keyword,패션의류,,히트텍,0.85799,0.06378050330688667,kw_b01,,,50000000,False
2023-10-19,naver_datalab_keyword,패션의류,,가디건,8.49047,0.631157064665115,kw_b02,,,50000000,False
2023-10-19,naver_datalab_keyword,패션의류,,반팔,0.22088,0.016419582478146746,kw_b02,,,50000000,False
2023-10-19,naver_datalab_keyword,패션의류,,자켓,3.13258,0.2328669670381788,kw_b02,,,50000000,False
2023-10-19,naver_datalab_keyword,패션의류,,패션_앵커,13.45223,1.0,kw_b02,,,50000000,True
2023-10-20,naver_datalab_keyword,패션의류,,목도리,0.00365,0.0002844551125935682,kw_b01,,,50000000,False
2023-10-20,naver_datalab_keyword,패션의류,,코트,4.81388,0.3751596650443633,kw_b01,,,50000000,False
2023-10-20,naver_datalab_keyword,패션의류,,패딩,5.88181,0.45838655501478776,kw_b01,,,50000000,False
2023-10-20,naver_datalab_keyword,패션의류,,패션_앵커,12.83155,1.0,kw_b01,,,50000000,True
2023-10-20,naver_datalab_keyword,패션의류,,히트텍,1.14277,0.08905938877220601,kw_b01,,,50000000,False
2023-10-20,naver_datalab_keyword,패션의류,,가디건,7.24182,0.5643760886253024,kw_b02,,,50000000,False
2023-10-20,naver_datalab_keyword,패션의류,,반팔,0.14239,0.011096866707451554,kw_b02,,,50000000,False
2023-10-20,naver_datalab_keyword,패션의류,,자켓,2.53746,0.1977516356168974,kw_b02,,,50000000,False
2023-10-20,naver_datalab_keyword,패션의류,,패션_앵커,12.83155,1.0,kw_b02,,,50000000,True
2023-10-21,naver_datalab_keyword,패션의류,,목도리,0.00365,0.00031502043317467235,kw_b01,,,50000000,False
2023-10-21,naver_datalab_keyword,패션의류,,코트,6.24509,0.5389947827437848,kw_b01,,,50000000,False
2023-10-21,naver_datalab_keyword,패션의류,,패딩,8.51056,0.7345206295230244,kw_b01,,,50000000,False
2023-10-21,naver_datalab_keyword,패션의류,,패션_앵커,11.58655,1.0,kw_b01,,,50000000,True
2023-10-21,naver_datalab_keyword,패션의류,,히트텍,1.33262,0.11501439168691283,kw_b01,,,50000000,False
2023-10-21,naver_datalab_keyword,패션의류,,가디건,7.10856,0.6135182603967531,kw_b02,,,50000000,False
2023-10-21,naver_datalab_keyword,패션의류,,반팔,0.14239,0.012289249172531942,kw_b02,,,50000000,False
2023-10-21,naver_datalab_keyword,패션의류,,자켓,2.6762,0.23097470774302964,kw_b02,,,50000000,False
2023-10-21,naver_datalab_keyword,패션의류,,패션_앵커,11.58655,1.0,kw_b02,,,50000000,True
2023-10-22,naver_datalab_keyword,패션의류,,코트,7.56494,0.5004227001210549,kw_b01,,,50000000,False
2023-10-22,naver_datalab_keyword,패션의류,,패딩,7.54668,0.4992147964887445,kw_b01,,,50000000,False
2023-10-22,naver_datalab_keyword,패션의류,,패션_앵커,15.1171,1.0,kw_b01,,,50000000,True
2023-10-22,naver_datalab_keyword,패션의류,,히트텍,1.66852,0.11037302128053661,kw_b01,,,50000000,False
2023-10-22,naver_datalab_keyword,패션의류,,가디건,7.9556,0.5262649582261147,kw_b02,,,50000000,False
2023-10-22,naver_datalab_keyword,패션의류,,반팔,0.2939,0.019441559558380905,kw_b02,,,50000000,False
2023-10-22,naver_datalab_keyword,패션의류,,자켓,3.80437,0.25166004061625574,kw_b02,,,50000000,False
2023-10-22,naver_datalab_keyword,패션의류,,패션_앵커,15.1171,1.0,kw_b02,,,50000000,True
2023-10-23,naver_datalab_keyword,패션의류,,코트,5.82887,0.504502890418559,kw_b01,,,50000000,False
2023-10-23,naver_datalab_keyword,패션의류,,패딩,6.4459,0.5579083392405371,kw_b01,,,50000000,False
2023-10-23,naver_datalab_keyword,패션의류,,패션_앵커,11.55369,1.0,kw_b01,,,50000000,True
2023-10-23,naver_datalab_keyword,패션의류,,히트텍,1.67947,0.14536221761186255,kw_b01,,,50000000,False
2023-10-23,naver_datalab_keyword,패션의류,,가디건,7.54668,0.6531835283792451,kw_b02,,,50000000,False
2023-10-23,naver_datalab_keyword,패션의류,,반팔,0.27565,0.023858178642494305,kw_b02,,,50000000,False
2023-10-23,naver_datalab_keyword,패션의류,,자켓,3.41554,0.29562330303132595,kw_b02,,,50000000,False
2023-10-23,naver_datalab_keyword,패션의류,,패션_앵커,11.55369,1.0,kw_b02,,,50000000,True
2023-10-24,naver_datalab_keyword,패션의류,,목도리,0.00547,0.00045297243492972304,kw_b01,,,50000000,False
2023-10-24,naver_datalab_keyword,패션의류,,코트,5.55504,0.46001462430201256,kw_b01,,,50000000,False
2023-10-24,naver_datalab_keyword,패션의류,,패딩,4.91246,0.40680237069376,kw_b01,,,50000000,False
2023-10-24,naver_datalab_keyword,패션의류,,패션_앵커,12.07579,1.0,kw_b01,,,50000000,True
2023-10-24,naver_datalab_keyword,패션의류,,히트텍,2.04275,0.16916077540268587,kw_b01,,,50000000,False
2023-10-24,naver_datalab_keyword,패션의류,,가디건,8.19657,0.6787605614208263,kw_b02,,,50000000,False
2023-10-24,naver_datalab_keyword,패션의류,,반팔,0.25192,0.020861575101918797,kw_b02,,,50000000,False
2023-10-24,naver_datalab_keyword,패션의류,,자켓,3.27497,0.27120130442811613,kw_b02,,,50000000,False
2023-10-24,naver_datalab_keyword,패션의류,,패션_앵커,12.07579,1.0,kw_b02,,,50000000,True
2023-10-25,naver_datalab_keyword,패션의류,,코트,5.06946,0.4264436697914494,kw_b01,,,50000000,False
2023-10-25,naver_datalab_keyword,패션의류,,패딩,3.94494,0.3318488933154774,kw_b01,,,50000000,False
2023-10-25,naver_datalab_keyword,패션의류,,패션_앵커,11.88776,1.0,kw_b01,,,50000000,True
2023-10-25,naver_datalab_keyword,패션의류,,히트텍,2.28737,0.19241387780372418,kw_b01,,,50000000,False
2023-10-25,naver_datalab_keyword,패션의류,,가디건,7.15055,0.6015052457317442,kw_b02,,,50000000,False
2023-10-25,naver_datalab_keyword,패션의류,,반팔,0.28112,0.02364785291762283,kw_b02,,,50000000,False
2023-10-25,naver_datalab_keyword,패션의류,,자켓,2.89161,0.24324262939359476,kw_b02,,,50000000,False
2023-10-25,naver_datalab_keyword,패션의류,,패션_앵커,11.88776,1.0,kw_b02,,,50000000,True
2023-10-26,naver_datalab_keyword,패션의류,,코트,4.74816,0.390833340878654,kw_b01,,,50000000,False
2023-10-26,naver_datalab_keyword,패션의류,,패딩,3.73865,0.3077379595203152,kw_b01,,,50000000,False
2023-10-26,naver_datalab_keyword,패션의류,,패션_앵커,12.14881,1.0,kw_b01,,,50000000,True
2023-10-26,naver_datalab_keyword,패션의류,,히트텍,1.8602,0.15311787738881422,kw_b01,,,50000000,False
2023-10-26,naver_datalab_keyword,패션의류,,가디건,6.267,0.515852993009192,kw_b02,,,50000000,False
2023-10-26,naver_datalab_keyword,패션의류,,반팔,0.24096,0.01983404135878329,kw_b02,,,50000000,False
2023-10-26,naver_datalab_keyword,패션의류,,자켓,2.4973,0.20555922761159326,kw_b02,,,50000000,False
2023-10-26,naver_datalab_keyword,패션의류,,패션_앵커,12.14881,1.0,kw_b02,,,50000000,True
2023-10-27,naver_datalab_keyword,패션의류,,코트,4.54188,0.4379505455723592,kw_b01,,,50000000,False
2023-10-27,naver_datalab_keyword,패션의류,,패딩,3.68024,0.3548669528559141,kw_b01,,,50000000,False
2023-10-27,naver_datalab_keyword,패션의류,,패션_앵커,10.37076,1.0,kw_b01,,,50000000,True
2023-10-27,naver_datalab_keyword,패션의류,,히트텍,1.32349,0.12761745522989637,kw_b01,,,50000000,False
2023-10-27,naver_datalab_keyword,패션의류,,가디건,6.39478,0.6166163328434946,kw_b02,,,50000000,False
2023-10-27,naver_datalab_keyword,패션의류,,반팔,0.29208,0.028163798988695136,kw_b02,,,50000000,False
2023-10-27,naver_datalab_keyword,패션의류,,자켓,2.43889,0.2351698429044737,kw_b02,,,50000000,False
2023-10-27,naver_datalab_keyword,패션의류,,패션_앵커,10.37076,1.0,kw_b02,,,50000000,True
2023-10-28,naver_datalab_keyword,패션의류,,코트,4.96723,0.4273599207093485,kw_b01,,,50000000,False
2023-10-28,naver_datalab_keyword,패션의류,,패딩,3.85549,0.3317104101673742,kw_b01,,,50000000,False
2023-10-28,naver_datalab_keyword,패션의류,,패션_앵커,11.62306,1.0,kw_b01,,,50000000,True
2023-10-28,naver_datalab_keyword,패션의류,,히트텍,1.03506,0.08905228055262555,kw_b01,,,50000000,False
2023-10-28,naver_datalab_keyword,패션의류,,가디건,6.75258,0.5809640490542077,kw_b02,,,50000000,False
2023-10-28,naver_datalab_keyword,패션의류,,반팔,0.2939,0.025285940191309343,kw_b02,,,50000000,False
2023-10-28,naver_datalab_keyword,패션의류,,자켓,3.05956,0.2632318855791848,kw_b02,,,50000000,False
2023-10-28,naver_datalab_keyword,패션의류,,패션_앵커,11.62306,1.0,kw_b02,,,50000000,True
2023-10-29,naver_datalab_keyword,패션의류,,코트,6.43129,0.4728222192161107,kw_b01,,,50000000,False
2023-10-29,naver_datalab_keyword,패션의류,,패딩,4.865,0.35767009363383995,kw_b01,,,50000000,False
2023-10-29,naver_datalab_keyword,패션의류,,패션_앵커,13.60192,1.0,kw_b01,,,50000000,True
2023-10-29,naver_datalab_keyword,패션의류,,히트텍,1.53343,0.11273629017079942,kw_b01,,,50000000,False
2023-10-29,naver_datalab_keyword,패션의류,,가디건,8.05783,0.5924038665129628,kw_b02,,,50000000,False
2023-10-29,naver_datalab_keyword,패션의류,,반팔,0.2866,0.021070554745212442,kw_b02,,,50000000,False
2023-10-29,naver_datalab_keyword,패션의류,,자켓,4.06542,0.29888574554180586,kw_b02,,,50000000,False
2023-10-29,naver_datalab_keyword,패션의류,,패션_앵커,13.60192,1.0,kw_b02,,,50000000,True
2023-10-30,naver_datalab_keyword,패션의류,,코트,5.3159,0.40315644979030313,kw_b01,,,50000000,False
2023-10-30,naver_datalab_keyword,패션의류,,패딩,4.30822,0.32673426515088316,kw_b01,,,50000000,False
2023-10-30,naver_datalab_keyword,패션의류,,패션_앵커,13.1857,1.0,kw_b01,,,50000000,True
2023-10-30,naver_datalab_keyword,패션의류,,히트텍,1.65391,0.12543209689284604,kw_b01,,,50000000,False
2023-10-30,naver_datalab_keyword,패션의류,,가디건,7.42072,0.562785441804379,kw_b02,,,50000000,False
2023-10-30,naver_datalab_keyword,패션의류,,반팔,0.33224,0.025196993712885928,kw_b02,,,50000000,False
2023-10-30,naver_datalab_keyword,패션의류,,자켓,2.78939,0.21154659972546014,kw_b02,,,50000000,False
2023-10-30,naver_datalab_keyword,패션의류,,패션_앵커,13.1857,1.0,kw_b02,,,50000000,True
2023-10-31,naver_datalab_keyword,패션의류,,목도리,0.00365,0.0002862058204070239,kw_b01,,,50000000,False
2023-10-31,naver_datalab_keyword,패션의류,,코트,4.8869,0.3831943078759137,kw_b01,,,50000000,False
2023-10-31,naver_datalab_keyword,패션의류,,패딩,4.33195,0.33967926129101567,kw_b01,,,50000000,False
2023-10-31,naver_datalab_keyword,패션의류,,패션_앵커,12.75306,1.0,kw_b01,,,50000000,True
2023-10-31,naver_datalab_keyword,패션의류,,히트텍,1.70685,0.13383846700321334,kw_b01,,,50000000,False
2023-10-31,naver_datalab_keyword,패션의류,,가디건,7.88258,0.6180932262531502,kw_b02,,,50000000,False
2023-10-31,naver_datalab_keyword,패션의류,,반팔,0.35597,0.027912516682270766,kw_b02,,,50000000,False
2023-10-31,naver_datalab_keyword,패션의류,,자켓,2.45166,0.19224092100248882,kw_b02,,,50000000,False
2023-10-31,naver_datalab_keyword,패션의류,,패션_앵커,12.75306,1.0,kw_b02,,,50000000,True
2023-11-01,naver_datalab_keyword,패션의류,,목도리,0.00365,0.0002532852484589501,kw_b01,,,50000000,False
2023-11-01,naver_datalab_keyword,패션의류,,코트,5.42543,0.3764880508346964,kw_b01,,,50000000,False
2023-11-01,naver_datalab_keyword,패션의류,,패딩,4.06725,0.28223956898483965,kw_b01,,,50000000,False
2023-11-01,naver_datalab_keyword,패션의류,,패션_앵커,14.41063,1.0,kw_b01,,,50000000,True
2023-11-01,naver_datalab_keyword,패션의류,,히트텍,1.01133,0.07017944392438083,kw_b01,,,50000000,False
2023-11-01,naver_datalab_keyword,패션의류,,가디건,7.98663,0.5542179627122479,kw_b02,,,50000000,False
2023-11-01,naver_datalab_keyword,패션의류,,반팔,0.39796,0.027615725336088706,kw_b02,,,50000000,False
2023-11-01,naver_datalab_keyword,패션의류,,자켓,3.04131,0.21104629013443552,kw_b02,,,50000000,False
2023-11-01,naver_datalab_keyword,패션의류,,패션_앵커,14.41063,1.0,kw_b02,,,50000000,True
2023-11-02,naver_datalab_keyword,패션의류,,목도리,0.00365,0.00028579683681627025,kw_b01,,,50000000,False
2023-11-02,naver_datalab_keyword,패션의류,,코트,4.66419,0.3652084241945423,kw_b01,,,50000000,False
2023-11-02,naver_datalab_keyword,패션의류,,패딩,3.53967,0.2771579422940951,kw_b01,,,50000000,False
2023-11-02,naver_datalab_keyword,패션의류,,패션_앵커,12.77131,1.0,kw_b01,,,50000000,True
2023-11-02,naver_datalab_keyword,패션의류,,히트텍,1.39286,0.10906163893915347,kw_b01,,,50000000,False
2023-11-02,naver_datalab_keyword,패션의류,,가디건,7.80043,0.6107775944675997,kw_b02,,,50000000,False
2023-11-02,naver_datalab_keyword,패션의류,,반팔,0.39248,0.03073138151058897,kw_b02,,,50000000,False
2023-11-02,naver_datalab_keyword,패션의류,,자켓,2.39142,0.187249389451826,kw_b02,,,50000000,False
2023-11-02,naver_datalab_keyword,패션의류,,패션_앵커,12.77131,1.0,kw_b02,,,50000000,True
2023-11-03,naver_datalab_keyword,패션의류,,코트,5.23375,0.43125717388635326,kw_b01,,,50000000,False
2023-11-03,naver_datalab_keyword,패션의류,,패딩,3.23664,0.26669676986625773,kw_b01,,,50000000,False
2023-11-03,naver_datalab_keyword,패션의류,,패션_앵커,12.13603,1.0,kw_b01,,,50000000,True
2023-11-03,naver_datalab_keyword,패션의류,,히트텍,0.77219,0.06362789149334667,kw_b01,,,50000000,False
2023-11-03,naver_datalab_keyword,패션의류,,가디건,6.51709,0.5370034517053764,kw_b02,,,50000000,False
2023-11-03,naver_datalab_keyword,패션의류,,반팔,0.3797,0.03128700242171451,kw_b02,,,50000000,False
2023-11-03,naver_datalab_keyword,패션의류,,자켓,2.13768,0.17614326925691515,kw_b02,,,50000000,False
2023-11-03,naver_datalab_keyword,패션의류,,패션_앵커,12.13603,1.0,kw_b02,,,50000000,True
2023-11-04,naver_datalab_keyword,패션의류,,코트,5.94936,0.455867997076001,kw_b01,,,50000000,False
2023-11-04,naver_datalab_keyword,패션의류,,패딩,3.24576,0.24870542548936372,kw_b01,,,50000000,False
2023-11-04,naver_datalab_keyword,패션의류,,패션_앵커,13.05062,1.0,kw_b01,,,50000000,True
2023-11-04,naver_datalab_keyword,패션의류,,히트텍,0.79044,0.0605672374186054,kw_b01,,,50000000,False
2023-11-04,naver_datalab_keyword,패션의류,,가디건,6.69782,0.513218529081377,kw_b02,,,50000000,False
2023-11-04,naver_datalab_keyword,패션의류,,반팔,0.49288,0.037766788091293746,kw_b02,,,50000000,False
2023-11-04,naver_datalab_keyword,패션의류,,자켓,2.25816,0.17303085983654418,kw_b02,,,50000000,False
2023-11-04,naver_datalab_keyword,패션의류,,패션_앵커,13.05062,1.0,kw_b02,,,50000000,True
2023-11-05,naver_datalab_keyword,패션의류,,코트,7.76757,0.461596744873455,kw_b01,,,50000000,False
2023-11-05,naver_datalab_keyword,패션의류,,패딩,4.708,0.2797782929364301,kw_b01,,,50000000,False
2023-11-05,naver_datalab_keyword,패션의류,,패션_앵커,16.82761,1.0,kw_b01,,,50000000,True
2023-11-05,naver_datalab_keyword,패션의류,,히트텍,1.12451,0.06682529485767735,kw_b01,,,50000000,False
2023-11-05,naver_datalab_keyword,패션의류,,가디건,7.85885,0.46702116343319106,kw_b02,,,50000000,False
2023-11-05,naver_datalab_keyword,패션의류,,반팔,0.4436,0.02636143813649116,kw_b02,,,50000000,False
2023-11-05,naver_datalab_keyword,패션의류,,자켓,2.84233,0.16890871609218422,kw_b02,,,50000000,False
2023-11-05,naver_datalab_keyword,패션의류,,패션_앵커,16.82761,1.0,kw_b02,,,50000000,True
2023-11-06,naver_datalab_keyword,패션의류,,코트,7.80956,0.5936720571477658,kw_b01,,,50000000,False
2023-11-06,naver_datalab_keyword,패션의류,,패딩,7.20714,0.5478769136740033,kw_b01,,,50000000,False
2023-11-06,naver_datalab_keyword,패션의류,,패션_앵커,13.15467,1.0,kw_b01,,,50000000,True
2023-11-06,naver_datalab_keyword,패션의류,,히트텍,1.87663,0.14265884282920058,kw_b01,,,50000000,False
2023-11-06,naver_datalab_keyword,패션의류,,가디건,6.13373,0.4662777553522818,kw_b02,,,50000000,False
2023-11-06,naver_datalab_keyword,패션의류,,반팔,0.41804,0.03177882835525331,kw_b02,,,50000000,False
2023-11-06,naver_datalab_keyword,패션의류,,자켓,2.25633,0.17152311688548633,kw_b02,,,50000000,False
2023-11-06,naver_datalab_keyword,패션의류,,패션_앵커,13.15467,1.0,kw_b02,,,50000000,True
2023-11-07,naver_datalab_keyword,패션의류,,코트,10.6026,0.8280583591126954,kw_b01,,,50000000,False
2023-11-07,naver_datalab_keyword,패션의류,,패딩,14.41428,1.1257488771236246,kw_b01,,,50000000,False
2023-11-07,naver_datalab_keyword,패션의류,,패션_앵커,12.80417,1.0,kw_b01,,,50000000,True
2023-11-07,naver_datalab_keyword,패션의류,,히트텍,3.8062,0.29726253244060336,kw_b01,,,50000000,False
2023-11-07,naver_datalab_keyword,패션의류,,가디건,6.22683,0.48631266220301667,kw_b02,,,50000000,False
2023-11-07,naver_datalab_keyword,패션의류,,반팔,0.44542,0.034787104513607676,kw_b02,,,50000000,False
2023-11-07,naver_datalab_keyword,패션의류,,자켓,2.0464,0.15982293268521117,kw_b02,,,50000000,False
2023-11-07,naver_datalab_keyword,패션의류,,패션_앵커,12.80417,1.0,kw_b02,,,50000000,True
2023-11-08,naver_datalab_keyword,패션의류,,코트,11.74902,0.8981298230727776,kw_b01,,,50000000,False
2023-11-08,naver_datalab_keyword,패션의류,,패딩,13.20031,1.0090707212010717,kw_b01,,,50000000,False
2023-11-08,naver_datalab_keyword,패션의류,,패션_앵커,13.08165,1.0,kw_b01,,,50000000,True
2023-11-08,naver_datalab_keyword,패션의류,,히트텍,4.29179,0.3280771156543708,kw_b01,,,50000000,False
2023-11-08,naver_datalab_keyword,패션의류,,가디건,5.7595,0.4402732071260124,kw_b02,,,50000000,False
2023-11-08,naver_datalab_keyword,패션의류,,반팔,0.43812,0.03349118803820619,kw_b02,,,50000000,False
2023-11-08,naver_datalab_keyword,패션의류,,자켓,1.82551,0.13954738125542268,kw_b02,,,50000000,False
2023-11-08,naver_datalab_keyword,패션의류,,패션_앵커,13.08165,1.0,kw_b02,,,50000000,True
2023-11-09,naver_datalab_keyword,패션의류,,코트,9.65698,0.867639937215694,kw_b01,,,50000000,False
2023-11-09,naver_datalab_keyword,패션의류,,패딩,10.76872,0.9675252040175487,kw_b01,,,50000000,False
2023-11-09,naver_datalab_keyword,패션의류,,패션_앵커,11.13017,1.0,kw_b01,,,50000000,True
2023-11-09,naver_datalab_keyword,패션의류,,히트텍,2.77478,0.24930257129945005,kw_b01,,,50000000,False
2023-11-09,naver_datalab_keyword,패션의류,,가디건,5.75402,0.5169750327263645,kw_b02,,,50000000,False
2023-11-09,naver_datalab_keyword,패션의류,,반팔,0.39431,0.03542713184075356,kw_b02,,,50000000,False
2023-11-09,naver_datalab_keyword,패션의류,,자켓,1.87845,0.1687710070915359,kw_b02,,,50000000,False
2023-11-09,naver_datalab_keyword,패션의류,,패션_앵커,11.13017,1.0,kw_b02,,,50000000,True
2023-11-10,naver_datalab_keyword,패션의류,,목도리,0.00182,0.000176894643688506,kw_b01,,,50000000,False
2023-11-10,naver_datalab_keyword,패션의류,,코트,10.77602,1.0473737463078103,kw_b01,,,50000000,False
2023-11-10,naver_datalab_keyword,패션의류,,패딩,16.40957,1.5949258451821964,kw_b01,,,50000000,False
2023-11-10,naver_datalab_keyword,패션의류,,패션_앵커,10.28861,1.0,kw_b01,,,50000000,True
2023-11-10,naver_datalab_keyword,패션의류,,히트텍,4.09463,0.3979769862012459,kw_b01,,,50000000,False
2023-11-10,naver_datalab_keyword,패션의류,,가디건,5.02929,0.4888211332726189,kw_b02,,,50000000,False
2023-11-10,naver_datalab_keyword,패션의류,,반팔,0.50019,0.04861589660799661,kw_b02,,,50000000,False
2023-11-10,naver_datalab_keyword,패션의류,,자켓,1.32532,0.1288142907545334,kw_b02,,,50000000,False
2023-11-10,naver_datalab_keyword,패션의류,,패션_앵커,10.28861,1.0,kw_b02,,,50000000,True
2023-11-11,naver_datalab_keyword,패션의류,,코트,12.93196,1.2650004059517417,kw_b01,,,50000000,False
2023-11-11,naver_datalab_keyword,패션의류,,패딩,21.93358,2.1455361448670582,kw_b01,,,50000000,False
2023-11-11,naver_datalab_keyword,패션의류,,패션_앵커,10.22289,1.0,kw_b01,,,50000000,True
2023-11-11,naver_datalab_keyword,패션의류,,히트텍,4.64776,0.45464247389925944,kw_b01,,,50000000,False
2023-11-11,naver_datalab_keyword,패션의류,,가디건,4.9508,0.48428575481101727,kw_b02,,,50000000,False
2023-11-11,naver_datalab_keyword,패션의류,,반팔,0.41621,0.040713535996181126,kw_b02,,,50000000,False
2023-11-11,naver_datalab_keyword,패션의류,,자켓,1.45128,0.14196376954070716,kw_b02,,,50000000,False
2023-11-11,naver_datalab_keyword,패션의류,,패션_앵커,10.22289,1.0,kw_b02,,,50000000,True
2023-11-12,naver_datalab_keyword,패션의류,,목도리,0.00182,0.00015543784792029284,kw_b01,,,50000000,False
2023-11-12,naver_datalab_keyword,패션의류,,코트,17.34606,1.481447382580371,kw_b01,,,50000000,False
2023-11-12,naver_datalab_keyword,패션의류,,패딩,29.28129,2.5007806054560393,kw_b01,,,50000000,False
2023-11-12,naver_datalab_keyword,패션의류,,패션_앵커,11.70886,1.0,kw_b01,,,50000000,True
2023-11-12,naver_datalab_keyword,패션의류,,히트텍,7.05197,0.6022763958233338,kw_b01,,,50000000,False
2023-11-12,naver_datalab_keyword,패션의류,,가디건,6.11183,0.5219833527772986,kw_b02,,,50000000,False
2023-11-12,naver_datalab_keyword,패션의류,,반팔,0.49654,0.04240720275073748,kw_b02,,,50000000,False
2023-11-12,naver_datalab_keyword,패션의류,,자켓,1.43485,0.12254395389474296,kw_b02,,,50000000,False
2023-11-12,naver_datalab_keyword,패션의류,,패션_앵커,11.70886,1.0,kw_b02,,,50000000,True
2023-11-13,naver_datalab_keyword,패션의류,,목도리,0.00182,0.00015284048156508653,kw_b01,,,50000000,False
2023-11-13,naver_datalab_keyword,패션의류,,코트,15.59904,1.3099806514027734,kw_b01,,,50000000,False
2023-11-13,naver_datalab_keyword,패션의류,,패딩,35.18136,2.954470332150919,kw_b01,,,50000000,False
2023-11-13,naver_datalab_keyword,패션의류,,패션_앵커,11.90784,1.0,kw_b01,,,50000000,True
2023-11-13,naver_datalab_keyword,패션의류,,히트텍,10.6026,0.8903881812318607,kw_b01,,,50000000,False
2023-11-13,naver_datalab_keyword,패션의류,,가디건,5.38527,0.4522457473395679,kw_b02,,,50000000,False
2023-11-13,naver_datalab_keyword,패션의류,,반팔,0.51662,0.04338486240997527,kw_b02,,,50000000,False
2023-11-13,naver_datalab_keyword,패션의류,,자켓,1.52065,0.12770158147909277,kw_b02,,,50000000,False
2023-11-13,naver_datalab_keyword,패션의류,,패션_앵커,11.90784,1.0,kw_b02,,,50000000,True
2023-11-14,naver_datalab_keyword,패션의류,,목도리,0.00182,0.00017013273157448494,kw_b01,,,50000000,False
2023-11-14,naver_datalab_keyword,패션의류,,코트,14.88344,1.3912968694642596,kw_b01,,,50000000,False
2023-11-14,naver_datalab_keyword,패션의류,,패딩,24.67551,2.3066549007107247,kw_b01,,,50000000,False
2023-11-14,naver_datalab_keyword,패션의류,,패션_앵커,10.69753,1.0,kw_b01,,,50000000,True
2023-11-14,naver_datalab_keyword,패션의류,,히트텍,7.24,0.6767917453842148,kw_b01,,,50000000,False
2023-11-14,naver_datalab_keyword,패션의류,,가디건,5.52949,0.5168940867658235,kw_b02,,,50000000,False
2023-11-14,naver_datalab_keyword,패션의류,,반팔,0.46915,0.043855918141851434,kw_b02,,,50000000,False
2023-11-14,naver_datalab_keyword,패션의류,,자켓,1.03506,0.09675691491400351,kw_b02,,,50000000,False
2023-11-14,naver_datalab_keyword,패션의류,,패션_앵커,10.69753,1.0,kw_b02,,,50000000,True
2023-11-15,naver_datalab_keyword,패션의류,,코트,14.4088,1.353859337239588,kw_b01,,,50000000,False
2023-11-15,naver_datalab_keyword,패션의류,,패딩,19.5239,1.834477146905502,kw_b01,,,50000000,False
2023-11-15,naver_datalab_keyword,패션의류,,패션_앵커,10.64276,1.0,kw_b01,,,50000000,True
2023-11-15,naver_datalab_keyword,패션의류,,히트텍,6.05706,0.5691249262409375,kw_b01,,,50000000,False
2023-11-15,naver_datalab_keyword,패션의류,,가디건,4.83031,0.45385877347605313,kw_b02,,,50000000,False
2023-11-15,naver_datalab_keyword,패션의류,,반팔,0.51662,0.04854191957725251,kw_b02,,,50000000,False
2023-11-15,naver_datalab_keyword,패션의류,,자켓,1.13182,0.10634647403493079,kw_b02,,,50000000,False
2023-11-15,naver_datalab_keyword,패션의류,,패션_앵커,10.64276,1.0,kw_b02,,,50000000,True
2023-11-16,naver_datalab_keyword,패션의류,,목도리,0.00182,0.00018803809114474902,kw_b01,,,50000000,False
2023-11-16,naver_datalab_keyword,패션의류,,코트,13.34452,1.378724213210399,kw_b01,,,50000000,False
2023-11-16,naver_datalab_keyword,패션의류,,패딩,20.10807,2.07751818648626,kw_b01,,,50000000,False
2023-11-16,naver_datalab_keyword,패션의류,,패션_앵커,9.67889,1.0,kw_b01,,,50000000,True
2023-11-16,naver_datalab_keyword,패션의류,,히트텍,5.47837,0.566012218343219,kw_b01,,,50000000,False
2023-11-16,naver_datalab_keyword,패션의류,,가디건,4.84127,0.5001885546793071,kw_b02,,,50000000,False
2023-11-16,naver_datalab_keyword,패션의류,,반팔,0.48558,0.050168975987949026,kw_b02,,,50000000,False
2023-11-16,naver_datalab_keyword,패션의류,,자켓,1.03141,0.10656283933384922,kw_b02,,,50000000,False
2023-11-16,naver_datalab_keyword,패션의류,,패션_앵커,9.67889,1.0,kw_b02,,,50000000,True
2023-11-17,naver_datalab_keyword,패션의류,,코트,13.02688,1.480497193427882,kw_b01,,,50000000,False
2023-11-17,naver_datalab_keyword,패션의류,,패딩,22.01025,2.5014518711806697,kw_b01,,,50000000,False
2023-11-17,naver_datalab_keyword,패션의류,,패션_앵커,8.79899,1.0,kw_b01,,,50000000,True
2023-11-17,naver_datalab_keyword,패션의류,,히트텍,5.67735,0.6452274636066184,kw_b01,,,50000000,False
2023-11-17,naver_datalab_keyword,패션의류,,가디건,5.18811,0.5896256274867911,kw_b02,,,50000000,False
2023-11-17,naver_datalab_keyword,패션의류,,반팔,0.43447,0.04937725807166505,kw_b02,,,50000000,False
2023-11-17,naver_datalab_keyword,패션의류,,자켓,0.81418,0.09253107458924263,kw_b02,,,50000000,False
2023-11-17,naver_datalab_keyword,패션의류,,패션_앵커,8.79899,1.0,kw_b02,,,50000000,True
2023-11-18,naver_datalab_keyword,패션의류,,코트,15.10615,1.6171582360667882,kw_b01,,,50000000,False
2023-11-18,naver_datalab_keyword,패션의류,,패딩,28.67157,3.0693767483088306,kw_b01,,,50000000,False
2023-11-18,naver_datalab_keyword,패션의류,,패션_앵커,9.34117,1.0,kw_b01,,,50000000,True
2023-11-18,naver_datalab_keyword,패션의류,,히트텍,7.93369,0.8493250845450838,kw_b01,,,50000000,False
2023-11-18,naver_datalab_keyword,패션의류,,가디건,4.47434,0.4789913897295521,kw_b02,,,50000000,False
2023-11-18,naver_datalab_keyword,패션의류,,반팔,0.41621,0.04455651701018181,kw_b02,,,50000000,False
2023-11-18,naver_datalab_keyword,패션의류,,자켓,0.77767,0.08325188386465507,kw_b02,,,50000000,False
2023-11-18,naver_datalab_keyword,패션의류,,패션_앵커,9.34117,1.0,kw_b02,,,50000000,True
2023-11-19,naver_datalab_keyword,패션의류,,코트,17.57607,1.4710470371610311,kw_b01,,,50000000,False
2023-11-19,naver_datalab_keyword,패션의류,,패딩,26.7566,2.239420823568798,kw_b01,,,50000000,False
2023-11-19,naver_datalab_keyword,패션의류,,패션_앵커,11.948,1.0,kw_b01,,,50000000,True
2023-11-19,naver_datalab_keyword,패션의류,,히트텍,7.70185,0.644614161365919,kw_b01,,,50000000,False
2023-11-19,naver_datalab_keyword,패션의류,,가디건,4.69522,0.392971208570472,kw_b02,,,50000000,False
2023-11-19,naver_datalab_keyword,패션의류,,반팔,0.51479,0.04308587211248744,kw_b02,,,50000000,False
2023-11-19,naver_datalab_keyword,패션의류,,자켓,1.04419,0.08739454301975225,kw_b02,,,50000000,False
2023-11-19,naver_datalab_keyword,패션의류,,패션_앵커,11.948,1.0,kw_b02,,,50000000,True
2023-11-20,naver_datalab_keyword,패션의류,,코트,14.23355,1.327375157137688,kw_b01,,,50000000,False
2023-11-20,naver_datalab_keyword,패션의류,,패딩,19.85797,1.8518905016096123,kw_b01,,,50000000,False
2023-11-20,naver_datalab_keyword,패션의류,,패션_앵커,10.72308,1.0,kw_b01,,,50000000,True
2023-11-20,naver_datalab_keyword,패션의류,,히트텍,6.70694,0.6254676827926305,kw_b01,,,50000000,False
2023-11-20,naver_datalab_keyword,패션의류,,가디건,4.71165,0.4393933459416511,kw_b02,,,50000000,False
2023-11-20,naver_datalab_keyword,패션의류,,반팔,0.42169,0.03932545499986944,kw_b02,,,50000000,False
2023-11-20,naver_datalab_keyword,패션의류,,자켓,1.01681,0.09482443477060695,kw_b02,,,50000000,False
2023-11-20,naver_datalab_keyword,패션의류,,패션_앵커,10.72308,1.0,kw_b02,,,50000000,True
2023-11-21,naver_datalab_keyword,패션의류,,코트,14.20252,1.2432090811688994,kw_b01,,,50000000,False
2023-11-21,naver_datalab_keyword,패션의류,,패딩,17.9284,1.5693517552398093,kw_b01,,,50000000,False
2023-11-21,naver_datalab_keyword,패션의류,,패션_앵커,11.42408,1.0,kw_b01,,,50000000,True
2023-11-21,naver_datalab_keyword,패션의류,,히트텍,5.71751,0.5004788131735772,kw_b01,,,50000000,False
2023-11-21,naver_datalab_keyword,패션의류,,가디건,4.99826,0.43751969524022943,kw_b02,,,50000000,False
2023-11-21,naver_datalab_keyword,패션의류,,반팔,0.52939,0.04633983655576642,kw_b02,,,50000000,False
2023-11-21,naver_datalab_keyword,패션의류,,자켓,0.9949,0.08708797557440073,kw_b02,,,50000000,False
2023-11-21,naver_datalab_keyword,패션의류,,패션_앵커,11.42408,1.0,kw_b02,,,50000000,True
2023-11-22,naver_datalab_keyword,패션의류,,코트,13.95607,1.1741662838614364,kw_b01,,,50000000,False
2023-11-22,naver_datalab_keyword,패션의류,,패딩,16.63411,1.3994778704923632,kw_b01,,,50000000,False
2023-11-22,naver_datalab_keyword,패션의류,,패션_앵커,11.88594,1.0,kw_b01,,,50000000,True
2023-11-22,naver_datalab_keyword,패션의류,,히트텍,5.51671,0.4641374598895838,kw_b01,,,50000000,False
2023-11-22,naver_datalab_keyword,패션의류,,가디건,4.5072,0.37920433722532676,kw_b02,,,50000000,False
2023-11-22,naver_datalab_keyword,패션의류,,반팔,0.42899,0.036092223248645035,kw_b02,,,50000000,False
2023-11-22,naver_datalab_keyword,패션의류,,자켓,1.20301,0.10121286158267667,kw_b02,,,50000000,False
2023-11-22,naver_datalab_keyword,패션의류,,패션_앵커,11.88594,1.0,kw_b02,,,50000000,True
2023-11-23,naver_datalab_keyword,패션의류,,목도리,0.00365,0.0003441960993623414,kw_b01,,,50000000,False
2023-11-23,naver_datalab_keyword,패션의류,,코트,12.67091,1.1948706294167903,kw_b01,,,50000000,False
2023-11-23,naver_datalab_keyword,패션의류,,패딩,15.29418,1.442245780533023,kw_b01,,,50000000,False
2023-11-23,naver_datalab_keyword,패션의류,,패션_앵커,10.60442,1.0,kw_b01,,,50000000,True
2023-11-23,naver_datalab_keyword,패션의류,,히트텍,4.86317,0.4585983957632761,kw_b01,,,50000000,False
2023-11-23,naver_datalab_keyword,패션의류,,가디건,4.36298,0.411430328108468,kw_b02,,,50000000,False
2023-11-23,naver_datalab_keyword,패션의류,,레인부츠,0.00182,0.00017162654817519488,kw_b02,,,50000000,False
2023-11-23,naver_datalab_keyword,패션의류,,반팔,0.44542,0.04200324015834907,kw_b02,,,50000000,False
2023-11-23,naver_datalab_keyword,패션의류,,자켓,0.85616,0.08073614587124991,kw_b02,,,50000000,False
2023-11-23,naver_datalab_keyword,패션의류,,패션_앵커,10.60442,1.0,kw_b02,,,50000000,True
2023-11-24,naver_datalab_keyword,패션의류,,코트,12.65083,1.2871472786506288,kw_b01,,,50000000,False
2023-11-24,naver_datalab_keyword,패션의류,,패딩,18.76083,1.9088037132525755,kw_b01,,,50000000,False
2023-11-24,naver_datalab_keyword,패션의류,,패션_앵커,9.82858,1.0,kw_b01,,,50000000,True
2023-11-24,naver_datalab_keyword,패션의류,,히트텍,6.48241,0.6595469538834704,kw_b01,,,50000000,False
2023-11-24,naver_datalab_keyword,패션의류,,가디건,4.10376,0.41753335680230513,kw_b02,,,50000000,False
2023-11-24,naver_datalab_keyword,패션의류,,반팔,0.46185,0.046990511345484286,kw_b02,,,50000000,False
2023-11-24,naver_datalab_keyword,패션의류,,자켓,0.75758,0.07707929324480241,kw_b02,,,50000000,False
2023-11-24,naver_datalab_keyword,패션의류,,패션_앵커,9.82858,1.0,kw_b02,,,50000000,True
2023-11-25,naver_datalab_keyword,패션의류,,코트,12.66178,1.3062147895133744,kw_b01,,,50000000,False
2023-11-25,naver_datalab_keyword,패션의류,,패딩,19.50382,2.012053450305308,kw_b01,,,50000000,False
2023-11-25,naver_datalab_keyword,패션의류,,패션_앵커,9.69349,1.0,kw_b01,,,50000000,True
2023-11-25,naver_datalab_keyword,패션의류,,히트텍,6.17389,0.636910957766501,kw_b01,,,50000000,False
2023-11-25,naver_datalab_keyword,패션의류,,가디건,4.57109,0.4715628736399377,kw_b02,,,50000000,False
2023-11-25,naver_datalab_keyword,패션의류,,반팔,0.3724,0.038417535892645474,kw_b02,,,50000000,False
2023-11-25,naver_datalab_keyword,패션의류,,자켓,0.71012,0.07325741296478358,kw_b02,,,50000000,False
2023-11-25,naver_datalab_keyword,패션의류,,패션_앵커,9.69349,1.0,kw_b02,,,50000000,True
2023-11-26,naver_datalab_keyword,패션의류,,코트,14.95646,1.183446813392889,kw_b01,,,50000000,False
2023-11-26,naver_datalab_keyword,패션의류,,패딩,21.13766,1.672541254386555,kw_b01,,,50000000,False
2023-11-26,naver_datalab_keyword,패션의류,,패션_앵커,12.63805,1.0,kw_b01,,,50000000,True
2023-11-26,naver_datalab_keyword,패션의류,,히트텍,6.64853,0.5260724557981651,kw_b01,,,50000000,False
2023-11-26,naver_datalab_keyword,패션의류,,가디건,5.56417,0.4402712443770993,kw_b02,,,50000000,False
2023-11-26,naver_datalab_keyword,패션의류,,반팔,0.49288,0.03899968745178251,kw_b02,,,50000000,False
2023-11-26,naver_datalab_keyword,패션의류,,자켓,1.03324,0.08175628360387877,kw_b02,,,50000000,False
2023-11-26,naver_datalab_keyword,패션의류,,패션_앵커,12.63805,1.0,kw_b02,,,50000000,True
2023-11-27,naver_datalab_keyword,패션의류,,코트,12.66361,1.0669025090336501,kw_b01,,,50000000,False
2023-11-27,naver_datalab_keyword,패션의류,,패딩,17.07223,1.4383264347053923,kw_b01,,,50000000,False
2023-11-27,naver_datalab_keyword,패션의류,,패션_앵커,11.86951,1.0,kw_b01,,,50000000,True
2023-11-27,naver_datalab_keyword,패션의류,,히트텍,6.57551,0.5539832731089995,kw_b01,,,50000000,False
2023-11-27,naver_datalab_keyword,패션의류,,가디건,5.08406,0.4283293918620061,kw_b02,,,50000000,False
2023-11-27,naver_datalab_keyword,패션의류,,레인부츠,0.00182,0.000153334046645565,kw_b02,,,50000000,False
2023-11-27,naver_datalab_keyword,패션의류,,반팔,0.43082,0.03629635932738588,kw_b02,,,50000000,False
2023-11-27,naver_datalab_keyword,패션의류,,자켓,0.9018,0.07597617761811566,kw_b02,,,50000000,False
2023-11-27,naver_datalab_keyword,패션의류,,패션_앵커,11.86951,1.0,kw_b02,,,50000000,True
2023-11-28,naver_datalab_keyword,패션의류,,목도리,0.00912,0.000811277468458475,kw_b01,,,50000000,False
2023-11-28,naver_datalab_keyword,패션의류,,코트,12.50661,1.1125362828725271,kw_b01,,,50000000,False
2023-11-28,naver_datalab_keyword,패션의류,,패딩,17.65457,1.5704775061757608,kw_b01,,,50000000,False
2023-11-28,naver_datalab_keyword,패션의류,,패션_앵커,11.24153,1.0,kw_b01,,,50000000,True
2023-11-28,naver_datalab_keyword,패션의류,,히트텍,6.87307,0.6113998717256459,kw_b01,,,50000000,False
2023-11-28,naver_datalab_keyword,패션의류,,가디건,5.46012,0.4857096854253825,kw_b02,,,50000000,False
2023-11-28,naver_datalab_keyword,패션의류,,반팔,0.54948,0.048879467474623114,kw_b02,,,50000000,False
2023-11-28,naver_datalab_keyword,패션의류,,자켓,0.79775,0.07096453952442416,kw_b02,,,50000000,False
2023-11-28,naver_datalab_keyword,패션의류,,패션_앵커,11.24153,1.0,kw_b02,,,50000000,True
2023-11-29,naver_datalab_keyword,패션의류,,코트,12.89727,1.143203722137375,kw_b01,,,50000000,False
2023-11-29,naver_datalab_keyword,패션의류,,패딩,19.95655,1.7689326687756888,kw_b01,,,50000000,False
2023-11-29,naver_datalab_keyword,패션의류,,패션_앵커,11.28169,1.0,kw_b01,,,50000000,True
2023-11-29,naver_datalab_keyword,패션의류,,히트텍,7.7128,0.6836564379982077,kw_b01,,,50000000,False
2023-11-29,naver_datalab_keyword,패션의류,,가디건,5.06398,0.4488671466774925,kw_b02,,,50000000,False
2023-11-29,naver_datalab_keyword,패션의류,,반팔,0.46003,0.040776692144528,kw_b02,,,50000000,False
2023-11-29,naver_datalab_keyword,패션의류,,자켓,0.60972,0.054045094307679085,kw_b02,,,50000000,False
2023-11-29,naver_datalab_keyword,패션의류,,패션_앵커,11.28169,1.0,kw_b02,,,50000000,True
2023-11-30,naver_datalab_keyword,패션의류,,목도리,0.00182,0.00021104532372265397,kw_b01,,,50000000,False
2023-11-30,naver_datalab_keyword,패션의류,,코트,11.15208,1.2931836998796347,kw_b01,,,50000000,False
2023-11-30,naver_datalab_keyword,패션의류,,패딩,19.93829,2.312023553585799,kw_b01,,,50000000,False
2023-11-30,naver_datalab_keyword,패션의류,,패션_앵커,8.62374,1.0,kw_b01,,,50000000,True
2023-11-30,naver_datalab_keyword,패션의류,,히트텍,9.58396,1.1113461212884432,kw_b01,,,50000000,False
2023-11-30,naver_datalab_keyword,패션의류,,가디건,4.708,0.5459348264210192,kw_b02,,,50000000,False
2023-11-30,naver_datalab_keyword,패션의류,,반팔,0.53487,0.062022973790953805,kw_b02,,,50000000,False
2023-11-30,naver_datalab_keyword,패션의류,,자켓,0.67361,0.07811112116088843,kw_b02,,,50000000,False
2023-11-30,naver_datalab_keyword,패션의류,,패션_앵커,8.62374,1.0,kw_b02,,,50000000,True
2023-12-01,naver_datalab_keyword,패션의류,,코트,10.53323,1.324609686932136,kw_b01,,,50000000,False
2023-12-01,naver_datalab_keyword,패션의류,,패딩,17.11239,2.1519740441023902,kw_b01,,,50000000,False
2023-12-01,naver_datalab_keyword,패션의류,,패션_앵커,7.95195,1.0,kw_b01,,,50000000,True
2023-12-01,naver_datalab_keyword,패션의류,,히트텍,7.49009,0.9419186488848648,kw_b01,,,50000000,False
2023-12-01,naver_datalab_keyword,패션의류,,가디건,4.05994,0.5105590452656267,kw_b02,,,50000000,False
2023-12-01,naver_datalab_keyword,패션의류,,반팔,0.37423,0.04706141260948572,kw_b02,,,50000000,False
2023-12-01,naver_datalab_keyword,패션의류,,자켓,0.62797,0.07897056696785065,kw_b02,,,50000000,False
2023-12-01,naver_datalab_keyword,패션의류,,패션_앵커,7.95195,1.0,kw_b02,,,50000000,True
2023-12-02,naver_datalab_keyword,패션의류,,목도리,0.00912,0.0008345885716272829,kw_b01,,,50000000,False
2023-12-02,naver_datalab_keyword,패션의류,,코트,12.31676,1.1271301683636024,kw_b01,,,50000000,False
2023-12-02,naver_datalab_keyword,패션의류,,패딩,17.32963,1.5858674504966352,kw_b01,,,50000000,False
2023-12-02,naver_datalab_keyword,패션의류,,패션_앵커,10.92754,1.0,kw_b01,,,50000000,True
2023-12-02,naver_datalab_keyword,패션의류,,히트텍,6.86394,0.6281322237209839,kw_b01,,,50000000,False
2023-12-02,naver_datalab_keyword,패션의류,,가디건,4.70983,0.4310055145073823,kw_b02,,,50000000,False
2023-12-02,naver_datalab_keyword,패션의류,,반팔,0.41256,0.03775415143756051,kw_b02,,,50000000,False
2023-12-02,naver_datalab_keyword,패션의류,,자켓,0.67544,0.06181080096709781,kw_b02,,,50000000,False
2023-12-02,naver_datalab_keyword,패션의류,,패션_앵커,10.92754,1.0,kw_b02,,,50000000,True
2023-12-03,naver_datalab_keyword,패션의류,,목도리,0.00182,0.00015237329783537824,kw_b01,,,50000000,False
2023-12-03,naver_datalab_keyword,패션의류,,코트,13.49057,1.129452000318142,kw_b01,,,50000000,False
2023-12-03,naver_datalab_keyword,패션의류,,패딩,17.64362,1.4771519588759539,kw_b01,,,50000000,False
2023-12-03,naver_datalab_keyword,패션의류,,패션_앵커,11.94435,1.0,kw_b01,,,50000000,True
2023-12-03,naver_datalab_keyword,패션의류,,히트텍,7.12864,0.5968210911435113,kw_b01,,,50000000,False
2023-12-03,naver_datalab_keyword,패션의류,,가디건,5.3232,0.44566677969081614,kw_b02,,,50000000,False
2023-12-03,naver_datalab_keyword,패션의류,,반팔,0.38883,0.032553466701829736,kw_b02,,,50000000,False
2023-12-03,naver_datalab_keyword,패션의류,,자켓,1.14459,0.09582689723593163,kw_b02,,,50000000,False
2023-12-03,naver_datalab_keyword,패션의류,,패션_앵커,11.94435,1.0,kw_b02,,,50000000,True
2023-12-04,naver_datalab_keyword,패션의류,,코트,12.61614,1.1763399413141928,kw_b01,,,50000000,False
2023-12-04,naver_datalab_keyword,패션의류,,패딩,14.00901,1.3062123598239985,kw_b01,,,50000000,False
2023-12-04,naver_datalab_keyword,패션의류,,패션_앵커,10.72491,1.0,kw_b01,,,50000000,True
2023-12-04,naver_datalab_keyword,패션의류,,히트텍,6.50796,0.6068078892969732,kw_b01,,,50000000,False
2023-12-04,naver_datalab_keyword,패션의류,,가디건,4.78833,0.4464680822496413,kw_b02,,,50000000,False
2023-12-04,naver_datalab_keyword,패션의류,,반팔,0.28295,0.026382505773941224,kw_b02,,,50000000,False
2023-12-04,naver_datalab_keyword,패션의류,,자켓,0.7302,0.06808448742227208,kw_b02,,,50000000,False
2023-12-04,naver_datalab_keyword,패션의류,,패션_앵커,10.72491,1.0,kw_b02,,,50000000,True
2023-12-05,naver_datalab_keyword,패션의류,,코트,11.65044,1.0611905835416922,kw_b01,,,50000000,False
2023-12-05,naver_datalab_keyword,패션의류,,패딩,11.76363,1.071500594335369,kw_b01,,,50000000,False
2023-12-05,naver_datalab_keyword,패션의류,,패션_앵커,10.97865,1.0,kw_b01,,,50000000,True
2023-12-05,naver_datalab_keyword,패션의류,,히트텍,5.46377,0.4976723003283646,kw_b01,,,50000000,False
2023-12-05,naver_datalab_keyword,패션의류,,가디건,4.37758,0.398735727981127,kw_b02,,,50000000,False
2023-12-05,naver_datalab_keyword,패션의류,,반팔,0.26104,0.023777058199323232,kw_b02,,,50000000,False
2023-12-05,naver_datalab_keyword,패션의류,,자켓,0.97117,0.08845987439257104,kw_b02,,,50000000,False
2023-12-05,naver_datalab_keyword,패션의류,,패션_앵커,10.97865,1.0,kw_b02,,,50000000,True
2023-12-06,naver_datalab_keyword,패션의류,,코트,13.11086,1.0901642206793332,kw_b01,,,50000000,False
2023-12-06,naver_datalab_keyword,패션의류,,패딩,10.80888,0.8987552488255103,kw_b01,,,50000000,False
2023-12-06,naver_datalab_keyword,패션의류,,패션_앵커,12.0265,1.0,kw_b01,,,50000000,True
2023-12-06,naver_datalab_keyword,패션의류,,히트텍,4.88873,0.4064964869247079,kw_b01,,,50000000,False
2023-12-06,naver_datalab_keyword,패션의류,,가디건,4.81936,0.4007283914688396,kw_b02,,,50000000,False
2023-12-06,naver_datalab_keyword,패션의류,,반팔,0.16794,0.013964162474535401,kw_b02,,,50000000,False
2023-12-06,naver_datalab_keyword,패션의류,,자켓,0.92371,0.07680621959838689,kw_b02,,,50000000,False
2023-12-06,naver_datalab_keyword,패션의류,,패션_앵커,12.0265,1.0,kw_b02,,,50000000,True
2023-12-07,naver_datalab_keyword,패션의류,,코트,11.31455,1.0537229143325986,kw_b01,,,50000000,False
2023-12-07,naver_datalab_keyword,패션의류,,패딩,10.159,0.946106657949708,kw_b01,,,50000000,False
2023-12-07,naver_datalab_keyword,패션의류,,패션_앵커,10.73769,1.0,kw_b01,,,50000000,True
2023-12-07,naver_datalab_keyword,패션의류,,히트텍,3.47213,0.3233591210027482,kw_b01,,,50000000,False
2023-12-07,naver_datalab_keyword,패션의류,,가디건,4.09828,0.381672408125025,kw_b02,,,50000000,False
2023-12-07,naver_datalab_keyword,패션의류,,반팔,0.25557,0.023801208639847117,kw_b02,,,50000000,False
2023-12-07,naver_datalab_keyword,패션의류,,자켓,0.96387,0.08976511707825426,kw_b02,,,50000000,False
2023-12-07,naver_datalab_keyword,패션의류,,패션_앵커,10.73769,1.0,kw_b02,,,50000000,True
2023-12-08,naver_datalab_keyword,패션의류,,코트,11.51901,1.1820904069018667,kw_b01,,,50000000,False
2023-12-08,naver_datalab_keyword,패션의류,,패딩,7.49739,0.7693884106187934,kw_b01,,,50000000,False
2023-12-08,naver_datalab_keyword,패션의류,,패션_앵커,9.74461,1.0,kw_b01,,,50000000,True
2023-12-08,naver_datalab_keyword,패션의류,,히트텍,2.95916,0.30367146555890895,kw_b01,,,50000000,False
2023-12-08,naver_datalab_keyword,패션의류,,가디건,4.08368,0.4190706452079663,kw_b02,,,50000000,False
2023-12-08,naver_datalab_keyword,패션의류,,반팔,0.18802,0.019294769108255744,kw_b02,,,50000000,False
2023-12-08,naver_datalab_keyword,패션의류,,자켓,1.09531,0.11240162510351877,kw_b02,,,50000000,False
2023-12-08,naver_datalab_keyword,패션의류,,패션_앵커,9.74461,1.0,kw_b02,,,50000000,True
2023-12-09,naver_datalab_keyword,패션의류,,코트,12.40986,1.1124202539860681,kw_b01,,,50000000,False
2023-12-09,naver_datalab_keyword,패션의류,,패딩,7.01546,0.6288660625526075,kw_b01,,,50000000,False
2023-12-09,naver_datalab_keyword,패션의류,,패션_앵커,11.15573,1.0,kw_b01,,,50000000,True
2023-12-09,naver_datalab_keyword,패션의류,,히트텍,2.76748,0.2480769972023346,kw_b01,,,50000000,False
2023-12-09,naver_datalab_keyword,패션의류,,가디건,3.81715,0.3421694501390765,kw_b02,,,50000000,False
2023-12-09,naver_datalab_keyword,패션의류,,반팔,0.18437,0.016526932795971217,kw_b02,,,50000000,False
2023-12-09,naver_datalab_keyword,패션의류,,자켓,1.00585,0.090164426711654,kw_b02,,,50000000,False
2023-12-09,naver_datalab_keyword,패션의류,,패션_앵커,11.15573,1.0,kw_b02,,,50000000,True
2023-12-10,naver_datalab_keyword,패션의류,,코트,13.09078,1.0693413037671409,kw_b01,,,50000000,False
2023-12-10,naver_datalab_keyword,패션의류,,패딩,8.72962,0.7130929732370194,kw_b01,,,50000000,False
2023-12-10,naver_datalab_keyword,패션의류,,패션_앵커,12.24191,1.0,kw_b01,,,50000000,True
2023-12-10,naver_datalab_keyword,패션의류,,히트텍,2.77478,0.22666234272266333,kw_b01,,,50000000,False
2023-12-10,naver_datalab_keyword,패션의류,,가디건,4.48346,0.3662386016561141,kw_b02,,,50000000,False
2023-12-10,naver_datalab_keyword,패션의류,,반팔,0.23914,0.01953453341839631,kw_b02,,,50000000,False
2023-12-10,naver_datalab_keyword,패션의류,,자켓,0.90545,0.0739631315701553,kw_b02,,,50000000,False
2023-12-10,naver_datalab_keyword,패션의류,,패션_앵커,12.24191,1.0,kw_b02,,,50000000,True
2023-12-11,naver_datalab_keyword,패션의류,,목도리,0.00365,0.0003058173156277675,kw_b01,,,50000000,False
2023-12-11,naver_datalab_keyword,패션의류,,코트,10.50219,0.8799319326062421,kw_b01,,,50000000,False
2023-12-11,naver_datalab_keyword,패션의류,,패딩,7.24547,0.6070658043456222,kw_b01,,,50000000,False
2023-12-11,naver_datalab_keyword,패션의류,,패션_앵커,11.93523,1.0,kw_b01,,,50000000,True
2023-12-11,naver_datalab_keyword,패션의류,,히트텍,3.36077,0.2815840163951595,kw_b01,,,50000000,False
2023-12-11,naver_datalab_keyword,패션의류,,가디건,4.31004,0.36111914056117894,kw_b02,,,50000000,False
2023-12-11,naver_datalab_keyword,패션의류,,반팔,0.13873,0.011623571560832928,kw_b02,,,50000000,False
2023-12-11,naver_datalab_keyword,패션의류,,자켓,1.00038,0.08381740444046742,kw_b02,,,50000000,False
2023-12-11,naver_datalab_keyword,패션의류,,패션_앵커,11.93523,1.0,kw_b02,,,50000000,True
2023-12-12,naver_datalab_keyword,패션의류,,코트,10.50767,0.8790469386320969,kw_b01,,,50000000,False
2023-12-12,naver_datalab_keyword,패션의류,,패딩,7.41707,0.6204946174670471,kw_b01,,,50000000,False
2023-12-12,naver_datalab_keyword,패션의류,,패션_앵커,11.95348,1.0,kw_b01,,,50000000,True
2023-12-12,naver_datalab_keyword,패션의류,,히트텍,3.16362,0.2646610024863052,kw_b01,,,50000000,False
2023-12-12,naver_datalab_keyword,패션의류,,가디건,4.50355,0.37675639228074165,kw_b02,,,50000000,False
2023-12-12,naver_datalab_keyword,패션의류,,반팔,0.14056,0.011758918741655149,kw_b02,,,50000000,False
2023-12-12,naver_datalab_keyword,패션의류,,자켓,0.81965,0.06856998965991493,kw_b02,,,50000000,False
2023-12-12,naver_datalab_keyword,패션의류,,패션_앵커,11.95348,1.0,kw_b02,,,50000000,True
2023-12-13,naver_datalab_keyword,패션의류,,코트,9.93811,0.8879464700542519,kw_b01,,,50000000,False
2023-12-13,naver_datalab_keyword,패션의류,,패딩,7.10308,0.6346432885642195,kw_b01,,,50000000,False
2023-12-13,naver_datalab_keyword,패션의류,,패션_앵커,11.19224,1.0,kw_b01,,,50000000,True
2023-12-13,naver_datalab_keyword,패션의류,,히트텍,3.06139,0.27352790862240267,kw_b01,,,50000000,False
2023-12-13,naver_datalab_keyword,패션의류,,가디건,4.18591,0.3740010936148617,kw_b02,,,50000000,False
2023-12-13,naver_datalab_keyword,패션의류,,반팔,0.22271,0.019898608321479883,kw_b02,,,50000000,False
2023-12-13,naver_datalab_keyword,패션의류,,자켓,1.01133,0.0903599279500797,kw_b02,,,50000000,False
2023-12-13,naver_datalab_keyword,패션의류,,패션_앵커,11.19224,1.0,kw_b02,,,50000000,True
2023-12-14,naver_datalab_keyword,패션의류,,목도리,0.00182,0.00017527741020884977,kw_b01,,,50000000,False
2023-12-14,naver_datalab_keyword,패션의류,,코트,9.57301,0.9219408795073741,kw_b01,,,50000000,False
2023-12-14,naver_datalab_keyword,패션의류,,패딩,7.09578,0.6833680998965671,kw_b01,,,50000000,False
2023-12-14,naver_datalab_keyword,패션의류,,패션_앵커,10.38354,1.0,kw_b01,,,50000000,True
2023-12-14,naver_datalab_keyword,패션의류,,히트텍,1.83281,0.1765110935191659,kw_b01,,,50000000,False
2023-12-14,naver_datalab_keyword,패션의류,,가디건,4.16217,0.4008430650818507,kw_b02,,,50000000,False
2023-12-14,naver_datalab_keyword,패션의류,,반팔,0.1789,0.01722919158591386,kw_b02,,,50000000,False
2023-12-14,naver_datalab_keyword,패션의류,,자켓,0.89267,0.085969717456667,kw_b02,,,50000000,False
2023-12-14,naver_datalab_keyword,패션의류,,패션_앵커,10.38354,1.0,kw_b02,,,50000000,True
2023-12-15,naver_datalab_keyword,패션의류,,코트,8.80811,1.010682718665842,kw_b01,,,50000000,False
2023-12-15,naver_datalab_keyword,패션의류,,패딩,6.39661,0.7339762088626405,kw_b01,,,50000000,False
2023-12-15,naver_datalab_keyword,패션의류,,패션_앵커,8.71501,1.0,kw_b01,,,50000000,True
2023-12-15,naver_datalab_keyword,패션의류,,히트텍,1.22127,0.1401340904944458,kw_b01,,,50000000,False
2023-12-15,naver_datalab_keyword,패션의류,,가디건,3.38633,0.3885629505875496,kw_b02,,,50000000,False
2023-12-15,naver_datalab_keyword,패션의류,,반팔,0.17159,0.019689019289708218,kw_b02,,,50000000,False
2023-12-15,naver_datalab_keyword,패션의류,,자켓,0.67909,0.07792188419749375,kw_b02,,,50000000,False
2023-12-15,naver_datalab_keyword,패션의류,,패션_앵커,8.71501,1.0,kw_b02,,,50000000,True
2023-12-16,naver_datalab_keyword,패션의류,,코트,9.93811,0.9236513658977713,kw_b01,,,50000000,False
2023-12-16,naver_datalab_keyword,패션의류,,패딩,9.33204,0.8673230113786864,kw_b01,,,50000000,False
2023-12-16,naver_datalab_keyword,패션의류,,패션_앵커,10.75959,1.0,kw_b01,,,50000000,True
2023-12-16,naver_datalab_keyword,패션의류,,히트텍,2.07926,0.19324714045795427,kw_b01,,,50000000,False
2023-12-16,naver_datalab_keyword,패션의류,,가디건,3.82445,0.3554457000684971,kw_b02,,,50000000,False
2023-12-16,naver_datalab_keyword,패션의류,,반팔,0.16612,0.015439250008596982,kw_b02,,,50000000,False
2023-12-16,naver_datalab_keyword,패션의류,,자켓,0.94744,0.08805539988047872,kw_b02,,,50000000,False
2023-12-16,naver_datalab_keyword,패션의류,,패션_앵커,10.75959,1.0,kw_b02,,,50000000,True
2023-12-17,naver_datalab_keyword,패션의류,,코트,12.35144,1.1084533269915058,kw_b01,,,50000000,False
2023-12-17,naver_datalab_keyword,패션의류,,패딩,13.90861,1.248198188092022,kw_b01,,,50000000,False
2023-12-17,naver_datalab_keyword,패션의류,,패션_앵커,11.14295,1.0,kw_b01,,,50000000,True
2023-12-17,naver_datalab_keyword,패션의류,,히트텍,3.92303,0.35206386100628645,kw_b01,,,50000000,False
2023-12-17,naver_datalab_keyword,패션의류,,가디건,5.36519,0.4814873978614281,kw_b02,,,50000000,False
2023-12-17,naver_datalab_keyword,패션의류,,반팔,0.20445,0.018347924023710056,kw_b02,,,50000000,False
2023-12-17,naver_datalab_keyword,패션의류,,자켓,0.79592,0.07142812271436198,kw_b02,,,50000000,False
2023-12-17,naver_datalab_keyword,패션의류,,패션_앵커,11.14295,1.0,kw_b02,,,50000000,True
2023-12-18,naver_datalab_keyword,패션의류,,코트,8.40285,0.9000780874257822,kw_b01,,,50000000,False
2023-12-18,naver_datalab_keyword,패션의류,,패딩,14.71549,1.5762616367938527,kw_b01,,,50000000,False
2023-12-18,naver_datalab_keyword,패션의류,,패션_앵커,9.33569,1.0,kw_b01,,,50000000,True
2023-12-18,naver_datalab_keyword,패션의류,,히트텍,5.52584,0.5919048297447751,kw_b01,,,50000000,False
2023-12-18,naver_datalab_keyword,패션의류,,가디건,4.2425,0.4544388256251011,kw_b02,,,50000000,False
2023-12-18,naver_datalab_keyword,패션의류,,반팔,0.16064,0.017207083782773424,kw_b02,,,50000000,False
2023-12-18,naver_datalab_keyword,패션의류,,자켓,0.5367,0.0574890554420723,kw_b02,,,50000000,False
2023-12-18,naver_datalab_keyword,패션의류,,패션_앵커,9.33569,1.0,kw_b02,,,50000000,True
2023-12-19,naver_datalab_keyword,패션의류,,목도리,0.00182,0.00020198096717809284,kw_b01,,,50000000,False
2023-12-19,naver_datalab_keyword,패션의류,,코트,8.61278,0.9558338651055684,kw_b01,,,50000000,False
2023-12-19,naver_datalab_keyword,패션의류,,패딩,12.98672,1.4412473989401549,kw_b01,,,50000000,False
2023-12-19,naver_datalab_keyword,패션의류,,패션_앵커,9.01075,1.0,kw_b01,,,50000000,True
2023-12-19,naver_datalab_keyword,패션의류,,히트텍,4.59117,0.509521404988486,kw_b01,,,50000000,False
2023-12-19,naver_datalab_keyword,패션의류,,가디건,3.85001,0.4272685403545765,kw_b02,,,50000000,False
2023-12-19,naver_datalab_keyword,패션의류,,반팔,0.2008,0.022284493521626945,kw_b02,,,50000000,False
2023-12-19,naver_datalab_keyword,패션의류,,자켓,0.52209,0.05794079294176401,kw_b02,,,50000000,False
2023-12-19,naver_datalab_keyword,패션의류,,패션_앵커,9.01075,1.0,kw_b02,,,50000000,True
2023-12-20,naver_datalab_keyword,패션의류,,목도리,0.0073,0.0008519110231451388,kw_b01,,,50000000,False
2023-12-20,naver_datalab_keyword,패션의류,,코트,8.31157,0.9699613839236221,kw_b01,,,50000000,False
2023-12-20,naver_datalab_keyword,패션의류,,패딩,13.28428,1.5502773378830828,kw_b01,,,50000000,False
2023-12-20,naver_datalab_keyword,패션의류,,패션_앵커,8.56897,1.0,kw_b01,,,50000000,True
2023-12-20,naver_datalab_keyword,패션의류,,히트텍,4.03621,0.4710262727025535,kw_b01,,,50000000,False
2023-12-20,naver_datalab_keyword,패션의류,,가디건,3.80985,0.4446100289766448,kw_b02,,,50000000,False
2023-12-20,naver_datalab_keyword,패션의류,,반팔,0.16247,0.018960271771286397,kw_b02,,,50000000,False
2023-12-20,naver_datalab_keyword,패션의류,,자켓,0.62067,0.07243227599116348,kw_b02,,,50000000,False
2023-12-20,naver_datalab_keyword,패션의류,,패션_앵커,8.56897,1.0,kw_b02,,,50000000,True
2023-12-21,naver_datalab_keyword,패션의류,,목도리,0.00365,0.0005019921524185708,kw_b01,,,50000000,False
2023-12-21,naver_datalab_keyword,패션의류,,코트,7.35865,1.0120505622999767,kw_b01,,,50000000,False
2023-12-21,naver_datalab_keyword,패션의류,,패딩,13.89766,1.9113743169812256,kw_b01,,,50000000,False
2023-12-21,naver_datalab_keyword,패션의류,,패션_앵커,7.27103,1.0,kw_b01,,,50000000,True
2023-12-21,naver_datalab_keyword,패션의류,,히트텍,4.32464,0.5947768060371089,kw_b01,,,50000000,False
2023-12-21,naver_datalab_keyword,패션의류,,가디건,3.26585,0.44915919752772304,kw_b02,,,50000000,False
2023-12-21,naver_datalab_keyword,패션의류,,반팔,0.14969,0.02058717953302352,kw_b02,,,50000000,False
2023-12-21,naver_datalab_keyword,패션의류,,자켓,0.54217,0.07456577678815794,kw_b02,,,50000000,False
2023-12-21,naver_datalab_keyword,패션의류,,패션_앵커,7.27103,1.0,kw_b02,,,50000000,True
2023-12-22,naver_datalab_keyword,패션의류,,코트,6.81282,1.1892913814683503,kw_b01,,,50000000,False
2023-12-22,naver_datalab_keyword,패션의류,,패딩,11.49528,2.006692886582281,kw_b01,,,50000000,False
2023-12-22,naver_datalab_keyword,패션의류,,패션_앵커,5.72847,1.0,kw_b01,,,50000000,True
2023-12-22,naver_datalab_keyword,패션의류,,히트텍,3.13258,0.5468440962421031,kw_b01,,,50000000,False
2023-12-22,naver_datalab_keyword,패션의류,,가디건,2.70906,0.47291161514331054,kw_b02,,,50000000,False
2023-12-22,naver_datalab_keyword,패션의류,,반팔,0.13508,0.023580467384834,kw_b02,,,50000000,False
2023-12-22,naver_datalab_keyword,패션의류,,자켓,0.6225,0.10866775945409508,kw_b02,,,50000000,False
2023-12-22,naver_datalab_keyword,패션의류,,패션_앵커,5.72847,1.0,kw_b02,,,50000000,True
2023-12-23,naver_datalab_keyword,패션의류,,코트,8.74422,1.1939180526408493,kw_b01,,,50000000,False
2023-12-23,naver_datalab_keyword,패션의류,,패딩,11.57377,1.5802590671452776,kw_b01,,,50000000,False
2023-12-23,naver_datalab_keyword,패션의류,,패션_앵커,7.32397,1.0,kw_b01,,,50000000,True
2023-12-23,naver_datalab_keyword,패션의류,,히트텍,2.02267,0.2761712568456725,kw_b01,,,50000000,False
2023-12-23,naver_datalab_keyword,패션의류,,가디건,3.34069,0.45613103275955524,kw_b02,,,50000000,False
2023-12-23,naver_datalab_keyword,패션의류,,반팔,0.12961,0.01769668635999328,kw_b02,,,50000000,False
2023-12-23,naver_datalab_keyword,패션의류,,자켓,0.60242,0.08225320420482334,kw_b02,,,50000000,False
2023-12-23,naver_datalab_keyword,패션의류,,패션_앵커,7.32397,1.0,kw_b02,,,50000000,True
2023-12-24,naver_datalab_keyword,패션의류,,코트,9.03813,1.1280473877928507,kw_b01,,,50000000,False
2023-12-24,naver_datalab_keyword,패션의류,,패딩,11.23788,1.4025977916150265,kw_b01,,,50000000,False
2023-12-24,naver_datalab_keyword,패션의류,,패션_앵커,8.01219,1.0,kw_b01,,,50000000,True
2023-12-24,naver_datalab_keyword,패션의류,,히트텍,1.72876,0.21576622621280822,kw_b01,,,50000000,False
2023-12-24,naver_datalab_keyword,패션의류,,가디건,3.5561,0.4438362045832662,kw_b02,,,50000000,False
2023-12-24,naver_datalab_keyword,패션의류,,반팔,0.15151,0.01890993598504279,kw_b02,,,50000000,False
2023-12-24,naver_datalab_keyword,패션의류,,자켓,0.68091,0.0849842552410764,kw_b02,,,50000000,False
2023-12-24,naver_datalab_keyword,패션의류,,패션_앵커,8.01219,1.0,kw_b02,,,50000000,True
2023-12-25,naver_datalab_keyword,패션의류,,목도리,0.00182,0.00021225851220778007,kw_b01,,,50000000,False
2023-12-25,naver_datalab_keyword,패션의류,,코트,10.2521,1.1956568642886716,kw_b01,,,50000000,False
2023-12-25,naver_datalab_keyword,패션의류,,패딩,11.13382,1.29848794966441,kw_b01,,,50000000,False
2023-12-25,naver_datalab_keyword,패션의류,,패션_앵커,8.57445,1.0,kw_b01,,,50000000,True
2023-12-25,naver_datalab_keyword,패션의류,,히트텍,1.93139,0.22524943290823315,kw_b01,,,50000000,False
2023-12-25,naver_datalab_keyword,패션의류,,가디건,4.17313,0.4866936071701391,kw_b02,,,50000000,False
2023-12-25,naver_datalab_keyword,패션의류,,반팔,0.23366,0.027250727451906535,kw_b02,,,50000000,False
2023-12-25,naver_datalab_keyword,패션의류,,자켓,0.72107,0.08409518977893625,kw_b02,,,50000000,False
2023-12-25,naver_datalab_keyword,패션의류,,패션_앵커,8.57445,1.0,kw_b02,,,50000000,True
2023-12-26,naver_datalab_keyword,패션의류,,코트,9.04178,1.1518601937393944,kw_b01,,,50000000,False
2023-12-26,naver_datalab_keyword,패션의류,,패딩,7.74566,0.986743476200425,kw_b01,,,50000000,False
2023-12-26,naver_datalab_keyword,패션의류,,패션_앵커,7.84972,1.0,kw_b01,,,50000000,True
2023-12-26,naver_datalab_keyword,패션의류,,히트텍,1.75979,0.22418506647370862,kw_b01,,,50000000,False
2023-12-26,naver_datalab_keyword,패션의류,,가디건,3.66381,0.46674403672997256,kw_b02,,,50000000,False
2023-12-26,naver_datalab_keyword,패션의류,,반팔,0.2008,0.025580530260951986,kw_b02,,,50000000,False
2023-12-26,naver_datalab_keyword,패션의류,,자켓,0.6444,0.08209210010038574,kw_b02,,,50000000,False
2023-12-26,naver_datalab_keyword,패션의류,,패션_앵커,7.84972,1.0,kw_b02,,,50000000,True
2023-12-27,naver_datalab_keyword,패션의류,,코트,8.28237,1.144552356578049,kw_b01,,,50000000,False
2023-12-27,naver_datalab_keyword,패션의류,,패딩,7.20896,0.9962163192995354,kw_b01,,,50000000,False
2023-12-27,naver_datalab_keyword,패션의류,,패션_앵커,7.23634,1.0,kw_b01,,,50000000,True
2023-12-27,naver_datalab_keyword,패션의류,,히트텍,1.34175,0.18541831920556523,kw_b01,,,50000000,False
2023-12-27,naver_datalab_keyword,패션의류,,가디건,2.64334,0.36528687154003264,kw_b02,,,50000000,False
2023-12-27,naver_datalab_keyword,패션의류,,반팔,0.14969,0.020685871587017745,kw_b02,,,50000000,False
2023-12-27,naver_datalab_keyword,패션의류,,자켓,0.7156,0.09888977024296813,kw_b02,,,50000000,False
2023-12-27,naver_datalab_keyword,패션의류,,패션_앵커,7.23634,1.0,kw_b02,,,50000000,True
2023-12-28,naver_datalab_keyword,패션의류,,코트,8.00854,0.9618504524283644,kw_b01,,,50000000,False
2023-12-28,naver_datalab_keyword,패션의류,,패딩,6.17754,0.7419416827404643,kw_b01,,,50000000,False
2023-12-28,naver_datalab_keyword,패션의류,,패션_앵커,8.32618,1.0,kw_b01,,,50000000,True
2023-12-28,naver_datalab_keyword,패션의류,,히트텍,1.15555,0.13878513315830307,kw_b01,,,50000000,False
2023-12-28,naver_datalab_keyword,패션의류,,가디건,2.90804,0.34926460874014253,kw_b02,,,50000000,False
2023-12-28,naver_datalab_keyword,패션의류,,반팔,0.19715,0.023678325474587383,kw_b02,,,50000000,False
2023-12-28,naver_datalab_keyword,패션의류,,자켓,0.66083,0.07936772925879575,kw_b02,,,50000000,False
2023-12-28,naver_datalab_keyword,패션의류,,패션_앵커,8.32618,1.0,kw_b02,,,50000000,True
2023-12-29,naver_datalab_keyword,패션의류,,목도리,0.01277,0.001699946751863685,kw_b01,,,50000000,False
2023-12-29,naver_datalab_keyword,패션의류,,코트,7.9483,1.058080404685836,kw_b01,,,50000000,False
2023-12-29,naver_datalab_keyword,패션의류,,패딩,5.01652,0.667800851970181,kw_b01,,,50000000,False
2023-12-29,naver_datalab_keyword,패션의류,,패션_앵커,7.512,1.0,kw_b01,,,50000000,True
2023-12-29,naver_datalab_keyword,패션의류,,히트텍,0.63162,0.0840814696485623,kw_b01,,,50000000,False
2023-12-29,naver_datalab_keyword,패션의류,,가디건,2.63604,0.3509105431309904,kw_b02,,,50000000,False
2023-12-29,naver_datalab_keyword,패션의류,,반팔,0.15881,0.021140841320553782,kw_b02,,,50000000,False
2023-12-29,naver_datalab_keyword,패션의류,,자켓,0.56773,0.07557641107561235,kw_b02,,,50000000,False
2023-12-29,naver_datalab_keyword,패션의류,,패션_앵커,7.512,1.0,kw_b02,,,50000000,True
2023-12-30,naver_datalab_keyword,패션의류,,코트,9.38315,0.9652582536336769,kw_b01,,,50000000,False
2023-12-30,naver_datalab_keyword,패션의류,,패딩,6.40573,0.6589667385738108,kw_b01,,,50000000,False
2023-12-30,naver_datalab_keyword,패션의류,,패션_앵커,9.72087,1.0,kw_b01,,,50000000,True
2023-12-30,naver_datalab_keyword,패션의류,,히트텍,0.63162,0.06497566575831175,kw_b01,,,50000000,False
2023-12-30,naver_datalab_keyword,패션의류,,가디건,3.32791,0.3423469298529864,kw_b02,,,50000000,False
2023-12-30,naver_datalab_keyword,패션의류,,반팔,0.25192,0.025915375887137673,kw_b02,,,50000000,False
2023-12-30,naver_datalab_keyword,패션의류,,자켓,1.06792,0.10985847974512569,kw_b02,,,50000000,False
2023-12-30,naver_datalab_keyword,패션의류,,패션_앵커,9.72087,1.0,kw_b02,,,50000000,True
2023-12-31,naver_datalab_keyword,패션의류,,코트,9.23894,0.9559884440434259,kw_b01,,,50000000,False
2023-12-31,naver_datalab_keyword,패션의류,,패딩,6.23596,0.6452586224736867,kw_b01,,,50000000,False
2023-12-31,naver_datalab_keyword,패션의류,,패션_앵커,9.66428,1.0,kw_b01,,,50000000,True
2023-12-31,naver_datalab_keyword,패션의류,,히트텍,0.91823,0.09501276866978192,kw_b01,,,50000000,False
2023-12-31,naver_datalab_keyword,패션의류,,가디건,2.80034,0.28976188603807007,kw_b02,,,50000000,False
2023-12-31,naver_datalab_keyword,패션의류,,반팔,0.24279,0.025122409532836384,kw_b02,,,50000000,False
2023-12-31,naver_datalab_keyword,패션의류,,자켓,0.8014,0.08292392190623617,kw_b02,,,50000000,False
2023-12-31,naver_datalab_keyword,패션의류,,패션_앵커,9.66428,1.0,kw_b02,,,50000000,True
2024-01-01,naver_datalab_keyword,패션의류,,목도리,0.00182,0.00018126876181483894,kw_b01,,,50000000,False
2024-01-01,naver_datalab_keyword,패션의류,,코트,9.56753,0.952908965234245,kw_b01,,,50000000,False
2024-01-01,naver_datalab_keyword,패션의류,,패딩,6.99355,0.6965451369176741,kw_b01,,,50000000,False
2024-01-01,naver_datalab_keyword,패션의류,,패션_앵커,10.04034,1.0,kw_b01,,,50000000,True
2024-01-01,naver_datalab_keyword,패션의류,,히트텍,0.76124,0.07581814958457582,kw_b01,,,50000000,False
2024-01-01,naver_datalab_keyword,패션의류,,가디건,3.37903,0.33654537595340395,kw_b02,,,50000000,False
2024-01-01,naver_datalab_keyword,패션의류,,반팔,0.32129,0.03199991235356572,kw_b02,,,50000000,False
2024-01-01,naver_datalab_keyword,패션의류,,자켓,0.94926,0.09454460705513956,kw_b02,,,50000000,False
2024-01-01,naver_datalab_keyword,패션의류,,패션_앵커,10.04034,1.0,kw_b02,,,50000000,True
2024-01-02,naver_datalab_keyword,패션의류,,목도리,0.00182,0.00021481972847730584,kw_b01,,,50000000,False
2024-01-02,naver_datalab_keyword,패션의류,,코트,8.43388,0.9954746217638353,kw_b01,,,50000000,False
2024-01-02,naver_datalab_keyword,패션의류,,패딩,5.16621,0.6097823238773309,kw_b01,,,50000000,False
2024-01-02,naver_datalab_keyword,패션의류,,패션_앵커,8.47222,1.0,kw_b01,,,50000000,True
2024-01-02,naver_datalab_keyword,패션의류,,히트텍,0.71012,0.08381746460785956,kw_b01,,,50000000,False
2024-01-02,naver_datalab_keyword,패션의류,,가디건,3.08512,0.3641454069889592,kw_b02,,,50000000,False
2024-01-02,naver_datalab_keyword,패션의류,,반팔,0.35415,0.04180132243969113,kw_b02,,,50000000,False
2024-01-02,naver_datalab_keyword,패션의류,,자켓,0.95474,0.11269065250902362,kw_b02,,,50000000,False
2024-01-02,naver_datalab_keyword,패션의류,,패션_앵커,8.47222,1.0,kw_b02,,,50000000,True
2024-01-03,naver_datalab_keyword,패션의류,,목도리,0.00182,0.00019198494500475215,kw_b01,,,50000000,False
2024-01-03,naver_datalab_keyword,패션의류,,코트,8.58723,0.9058345490621746,kw_b01,,,50000000,False
2024-01-03,naver_datalab_keyword,패션의류,,패딩,5.92015,0.6244943253680678,kw_b01,,,50000000,False
2024-01-03,naver_datalab_keyword,패션의류,,패션_앵커,9.47991,1.0,kw_b01,,,50000000,True
2024-01-03,naver_datalab_keyword,패션의류,,히트텍,0.75941,0.08010730059673563,kw_b01,,,50000000,False
2024-01-03,naver_datalab_keyword,패션의류,,가디건,3.34252,0.352589845262244,kw_b02,,,50000000,False
2024-01-03,naver_datalab_keyword,패션의류,,반팔,0.34319,0.03620182048141807,kw_b02,,,50000000,False
2024-01-03,naver_datalab_keyword,패션의류,,자켓,1.12269,0.1184283395095523,kw_b02,,,50000000,False
2024-01-03,naver_datalab_keyword,패션의류,,패션_앵커,9.47991,1.0,kw_b02,,,50000000,True
2024-01-04,naver_datalab_keyword,패션의류,,코트,8.38094,0.8650837478491455,kw_b01,,,50000000,False
2024-01-04,naver_datalab_keyword,패션의류,,패딩,5.2301,0.5398528696811833,kw_b01,,,50000000,False
2024-01-04,naver_datalab_keyword,패션의류,,패션_앵커,9.68801,1.0,kw_b01,,,50000000,True
2024-01-04,naver_datalab_keyword,패션의류,,히트텍,0.60972,0.06293552545878875,kw_b01,,,50000000,False
2024-01-04,naver_datalab_keyword,패션의류,,가디건,3.31331,0.34200109207153995,kw_b02,,,50000000,False
2024-01-04,naver_datalab_keyword,패션의류,,반팔,0.29025,0.029959713088652883,kw_b02,,,50000000,False
2024-01-04,naver_datalab_keyword,패션의류,,자켓,0.95839,0.09892537270295963,kw_b02,,,50000000,False
2024-01-04,naver_datalab_keyword,패션의류,,패션_앵커,9.68801,1.0,kw_b02,,,50000000,True
2024-01-05,naver_datalab_keyword,패션의류,,목도리,0.00365,0.0003761164992518888,kw_b01,,,50000000,False
2024-01-05,naver_datalab_keyword,패션의류,,코트,7.84242,0.8081270016610953,kw_b01,,,50000000,False
2024-01-05,naver_datalab_keyword,패션의류,,패딩,4.87778,0.5026338459509255,kw_b01,,,50000000,False
2024-01-05,naver_datalab_keyword,패션의류,,패션_앵커,9.70444,1.0,kw_b01,,,50000000,True
2024-01-05,naver_datalab_keyword,패션의류,,히트텍,0.44725,0.046087151860385554,kw_b01,,,50000000,False
2024-01-05,naver_datalab_keyword,패션의류,,가디건,3.33704,0.3438673431954858,kw_b02,,,50000000,False
2024-01-05,naver_datalab_keyword,패션의류,,반팔,0.27747,0.02859206713627989,kw_b02,,,50000000,False
2024-01-05,naver_datalab_keyword,패션의류,,자켓,0.9949,0.10252008359060388,kw_b02,,,50000000,False
2024-01-05,naver_datalab_keyword,패션의류,,패션_앵커,9.70444,1.0,kw_b02,,,50000000,True
2024-01-06,naver_datalab_keyword,패션의류,,코트,9.75191,0.8713099433178703,kw_b01,,,50000000,False
2024-01-06,naver_datalab_keyword,패션의류,,패딩,6.77084,0.6049584354874449,kw_b01,,,50000000,False
2024-01-06,naver_datalab_keyword,패션의류,,패션_앵커,11.19224,1.0,kw_b01,,,50000000,True
2024-01-06,naver_datalab_keyword,패션의류,,히트텍,0.50019,0.04469078575870425,kw_b01,,,50000000,False
2024-01-06,naver_datalab_keyword,패션의류,,가디건,3.61087,0.3226226385424187,kw_b02,,,50000000,False
2024-01-06,naver_datalab_keyword,패션의류,,반팔,0.2793,0.024954790104572452,kw_b02,,,50000000,False
2024-01-06,naver_datalab_keyword,패션의류,,자켓,1.27421,0.11384763014374245,kw_b02,,,50000000,False
2024-01-06,naver_datalab_keyword,패션의류,,패션_앵커,11.19224,1.0,kw_b02,,,50000000,True
2024-01-07,naver_datalab_keyword,패션의류,,코트,11.27439,1.0310521233049592,kw_b01,,,50000000,False
2024-01-07,naver_datalab_keyword,패션의류,,패딩,8.85375,0.8096826291011117,kw_b01,,,50000000,False
2024-01-07,naver_datalab_keyword,패션의류,,패션_앵커,10.93484,1.0,kw_b01,,,50000000,True
2024-01-07,naver_datalab_keyword,패션의류,,히트텍,0.92188,0.08430667481188568,kw_b01,,,50000000,False
2024-01-07,naver_datalab_keyword,패션의류,,가디건,4.25528,0.3891488124197519,kw_b02,,,50000000,False
2024-01-07,naver_datalab_keyword,패션의류,,반팔,0.3724,0.03405628248790106,kw_b02,,,50000000,False
2024-01-07,naver_datalab_keyword,패션의류,,자켓,1.52248,0.1392320326589141,kw_b02,,,50000000,False
2024-01-07,naver_datalab_keyword,패션의류,,패션_앵커,10.93484,1.0,kw_b02,,,50000000,True
2024-01-08,naver_datalab_keyword,패션의류,,코트,8.25133,0.9344633420988854,kw_b01,,,50000000,False
2024-01-08,naver_datalab_keyword,패션의류,,패딩,6.43494,0.7287571262579248,kw_b01,,,50000000,False
2024-01-08,naver_datalab_keyword,패션의류,,패션_앵커,8.83002,1.0,kw_b01,,,50000000,True
2024-01-08,naver_datalab_keyword,패션의류,,히트텍,1.10626,0.125283974441734,kw_b01,,,50000000,False
2024-01-08,naver_datalab_keyword,패션의류,,가디건,3.45752,0.39156423201759455,kw_b02,,,50000000,False
2024-01-08,naver_datalab_keyword,패션의류,,반팔,0.28112,0.03183684748165916,kw_b02,,,50000000,False
2024-01-08,naver_datalab_keyword,패션의류,,자켓,0.81783,0.09261926926552828,kw_b02,,,50000000,False
2024-01-08,naver_datalab_keyword,패션의류,,패션_앵커,8.83002,1.0,kw_b02,,,50000000,True
2024-01-09,naver_datalab_keyword,패션의류,,코트,7.60875,0.7792106047401403,kw_b01,,,50000000,False
2024-01-09,naver_datalab_keyword,패션의류,,패딩,6.96252,0.7130303163746109,kw_b01,,,50000000,False
2024-01-09,naver_datalab_keyword,패션의류,,패션_앵커,9.76469,1.0,kw_b01,,,50000000,True
2024-01-09,naver_datalab_keyword,패션의류,,히트텍,0.86164,0.08824038448737236,kw_b01,,,50000000,False
2024-01-09,naver_datalab_keyword,패션의류,,가디건,3.43379,0.3516537647380511,kw_b02,,,50000000,False
2024-01-09,naver_datalab_keyword,패션의류,,반팔,0.17159,0.017572498461292677,kw_b02,,,50000000,False
2024-01-09,naver_datalab_keyword,패션의류,,자켓,0.82513,0.08450140250228118,kw_b02,,,50000000,False
2024-01-09,naver_datalab_keyword,패션의류,,패션_앵커,9.76469,1.0,kw_b02,,,50000000,True
2024-01-10,naver_datalab_keyword,패션의류,,코트,7.19071,0.7467298745534602,kw_b01,,,50000000,False
2024-01-10,naver_datalab_keyword,패션의류,,패딩,5.62441,0.5840751433081333,kw_b01,,,50000000,False
2024-01-10,naver_datalab_keyword,패션의류,,패션_앵커,9.6296,1.0,kw_b01,,,50000000,True
2024-01-10,naver_datalab_keyword,패션의류,,히트텍,0.75393,0.07829297167068207,kw_b01,,,50000000,False
2024-01-10,naver_datalab_keyword,패션의류,,가디건,3.04496,0.31620835756417714,kw_b02,,,50000000,False
2024-01-10,naver_datalab_keyword,패션의류,,반팔,0.23366,0.02426476696851375,kw_b02,,,50000000,False
2024-01-10,naver_datalab_keyword,패션의류,,자켓,0.88355,0.09175355154938938,kw_b02,,,50000000,False
2024-01-10,naver_datalab_keyword,패션의류,,패션_앵커,9.6296,1.0,kw_b02,,,50000000,True
2024-01-11,naver_datalab_keyword,패션의류,,목도리,0.00547,0.0005536610966538424,kw_b01,,,50000000,False
2024-01-11,naver_datalab_keyword,패션의류,,코트,7.43715,0.7527715950601689,kw_b01,,,50000000,False
2024-01-11,naver_datalab_keyword,패션의류,,패딩,5.67553,0.574464380967419,kw_b01,,,50000000,False
2024-01-11,naver_datalab_keyword,패션의류,,패션_앵커,9.87969,1.0,kw_b01,,,50000000,True
2024-01-11,naver_datalab_keyword,패션의류,,히트텍,0.56043,0.05672546405808279,kw_b01,,,50000000,False
2024-01-11,naver_datalab_keyword,패션의류,,가디건,3.0194,0.3056168766428906,kw_b02,,,50000000,False
2024-01-11,naver_datalab_keyword,패션의류,,반팔,0.23184,0.02346632333605609,kw_b02,,,50000000,False
2024-01-11,naver_datalab_keyword,패션의류,,자켓,0.80505,0.08148535024884385,kw_b02,,,50000000,False
2024-01-11,naver_datalab_keyword,패션의류,,패션_앵커,9.87969,1.0,kw_b02,,,50000000,True
2024-01-12,naver_datalab_keyword,패션의류,,코트,7.32945,0.7752463151882466,kw_b01,,,50000000,False
2024-01-12,naver_datalab_keyword,패션의류,,패딩,5.50393,0.5821584773146753,kw_b01,,,50000000,False
2024-01-12,naver_datalab_keyword,패션의류,,패션_앵커,9.45435,1.0,kw_b01,,,50000000,True
2024-01-12,naver_datalab_keyword,패션의류,,히트텍,0.57686,0.06101529983552545,kw_b01,,,50000000,False
2024-01-12,naver_datalab_keyword,패션의류,,가디건,3.05043,0.3226483047486078,kw_b02,,,50000000,False
2024-01-12,naver_datalab_keyword,패션의류,,반팔,0.1789,0.018922506571049307,kw_b02,,,50000000,False
2024-01-12,naver_datalab_keyword,패션의류,,자켓,0.77219,0.08167563079429047,kw_b02,,,50000000,False
2024-01-12,naver_datalab_keyword,패션의류,,패션_앵커,9.45435,1.0,kw_b02,,,50000000,True
2024-01-13,naver_datalab_keyword,패션의류,,코트,9.6369,0.9051783652893324,kw_b01,,,50000000,False
2024-01-13,naver_datalab_keyword,패션의류,,패딩,7.17245,0.6736965794103366,kw_b01,,,50000000,False
2024-01-13,naver_datalab_keyword,패션의류,,패션_앵커,10.64641,1.0,kw_b01,,,50000000,True
2024-01-13,naver_datalab_keyword,패션의류,,히트텍,0.4436,0.041666627529843396,kw_b01,,,50000000,False
2024-01-13,naver_datalab_keyword,패션의류,,가디건,3.87009,0.3635112681176096,kw_b02,,,50000000,False
2024-01-13,naver_datalab_keyword,패션의류,,반팔,0.16612,0.015603381797244329,kw_b02,,,50000000,False
2024-01-13,naver_datalab_keyword,패션의류,,자켓,1.15737,0.1087098843647765,kw_b02,,,50000000,False
2024-01-13,naver_datalab_keyword,패션의류,,패션_앵커,10.64641,1.0,kw_b02,,,50000000,True
2024-01-14,naver_datalab_keyword,패션의류,,코트,10.2448,0.878797366558727,kw_b01,,,50000000,False
2024-01-14,naver_datalab_keyword,패션의류,,패딩,7.55216,0.647823121957496,kw_b01,,,50000000,False
2024-01-14,naver_datalab_keyword,패션의류,,패션_앵커,11.65775,1.0,kw_b01,,,50000000,True
2024-01-14,naver_datalab_keyword,패션의류,,히트텍,0.57686,0.04948296197808325,kw_b01,,,50000000,False
2024-01-14,naver_datalab_keyword,패션의류,,가디건,5.02929,0.4314117218159593,kw_b02,,,50000000,False
2024-01-14,naver_datalab_keyword,패션의류,,반팔,0.33954,0.02912568891938839,kw_b02,,,50000000,False
2024-01-14,naver_datalab_keyword,패션의류,,자켓,1.45493,0.12480367137740989,kw_b02,,,50000000,False
2024-01-14,naver_datalab_keyword,패션의류,,패션_앵커,11.65775,1.0,kw_b02,,,50000000,True
2024-01-15,naver_datalab_keyword,패션의류,,코트,8.11442,0.7905031524966684,kw_b01,,,50000000,False
2024-01-15,naver_datalab_keyword,패션의류,,패딩,5.61529,0.5470390301688866,kw_b01,,,50000000,False
2024-01-15,naver_datalab_keyword,패션의류,,패션_앵커,10.26488,1.0,kw_b01,,,50000000,True
2024-01-15,naver_datalab_keyword,패션의류,,히트텍,0.67909,0.06615664284433914,kw_b01,,,50000000,False
2024-01-15,naver_datalab_keyword,패션의류,,가디건,3.92668,0.38253540226480975,kw_b02,,,50000000,False
2024-01-15,naver_datalab_keyword,패션의류,,반팔,0.19898,0.019384542245014066,kw_b02,,,50000000,False
2024-01-15,naver_datalab_keyword,패션의류,,자켓,1.04419,0.1017245208906485,kw_b02,,,50000000,False
2024-01-15,naver_datalab_keyword,패션의류,,패션_앵커,10.26488,1.0,kw_b02,,,50000000,True
2024-01-16,naver_datalab_keyword,패션의류,,목도리,0.00182,0.00017460210865623532,kw_b01,,,50000000,False
2024-01-16,naver_datalab_keyword,패션의류,,코트,8.213,0.7879159991173958,kw_b01,,,50000000,False
2024-01-16,naver_datalab_keyword,패션의류,,패딩,5.86721,0.5628721087521705,kw_b01,,,50000000,False
2024-01-16,naver_datalab_keyword,패션의류,,패션_앵커,10.4237,1.0,kw_b01,,,50000000,True
2024-01-16,naver_datalab_keyword,패션의류,,히트텍,0.66083,0.06339687443038461,kw_b01,,,50000000,False
2024-01-16,naver_datalab_keyword,패션의류,,가디건,3.32791,0.3192637930869077,kw_b02,,,50000000,False
2024-01-16,naver_datalab_keyword,패션의류,,반팔,0.20628,0.019789518117367153,kw_b02,,,50000000,False
2024-01-16,naver_datalab_keyword,패션의류,,자켓,1.16102,0.11138271439124303,kw_b02,,,50000000,False
2024-01-16,naver_datalab_keyword,패션의류,,패션_앵커,10.4237,1.0,kw_b02,,,50000000,True
2024-01-17,naver_datalab_keyword,패션의류,,코트,8.45944,0.784094616639478,kw_b01,,,50000000,False
2024-01-17,naver_datalab_keyword,패션의류,,패딩,5.60251,0.5192894483167729,kw_b01,,,50000000,False
2024-01-17,naver_datalab_keyword,패션의류,,패션_앵커,10.7888,1.0,kw_b01,,,50000000,True
2024-01-17,naver_datalab_keyword,패션의류,,히트텍,0.53852,0.049914726382915615,kw_b01,,,50000000,False
2024-01-17,naver_datalab_keyword,패션의류,,가디건,3.48308,0.3228422067329082,kw_b02,,,50000000,False
2024-01-17,naver_datalab_keyword,패션의류,,레인부츠,0.00547,0.0005070072667951951,kw_b02,,,50000000,False
2024-01-17,naver_datalab_keyword,패션의류,,반팔,0.19715,0.018273580008898116,kw_b02,,,50000000,False
2024-01-17,naver_datalab_keyword,패션의류,,자켓,1.36548,0.12656458549607,kw_b02,,,50000000,False
2024-01-17,naver_datalab_keyword,패션의류,,패션_앵커,10.7888,1.0,kw_b02,,,50000000,True
2024-01-18,naver_datalab_keyword,패션의류,,코트,7.59962,0.6970862173660197,kw_b01,,,50000000,False
2024-01-18,naver_datalab_keyword,패션의류,,패딩,4.72626,0.43352308479744045,kw_b01,,,50000000,False
2024-01-18,naver_datalab_keyword,패션의류,,패션_앵커,10.90198,1.0,kw_b01,,,50000000,True
2024-01-18,naver_datalab_keyword,패션의류,,히트텍,0.43812,0.040187195353504596,kw_b01,,,50000000,False
2024-01-18,naver_datalab_keyword,패션의류,,가디건,3.98145,0.3652043023377405,kw_b02,,,50000000,False
2024-01-18,naver_datalab_keyword,패션의류,,반팔,0.22453,0.020595341396700415,kw_b02,,,50000000,False
2024-01-18,naver_datalab_keyword,패션의류,,자켓,1.10626,0.1014733103527983,kw_b02,,,50000000,False
2024-01-18,naver_datalab_keyword,패션의류,,패션_앵커,10.90198,1.0,kw_b02,,,50000000,True
2024-01-19,naver_datalab_keyword,패션의류,,목도리,0.00182,0.0001805793820017919,kw_b01,,,50000000,False
2024-01-19,naver_datalab_keyword,패션의류,,코트,7.28563,0.7228761334580852,kw_b01,,,50000000,False
2024-01-19,naver_datalab_keyword,패션의류,,패딩,4.45243,0.44176761417925176,kw_b01,,,50000000,False
2024-01-19,naver_datalab_keyword,패션의류,,패션_앵커,10.07867,1.0,kw_b01,,,50000000,True
2024-01-19,naver_datalab_keyword,패션의류,,히트텍,0.43264,0.0429262988072831,kw_b01,,,50000000,False
2024-01-19,naver_datalab_keyword,패션의류,,가디건,3.06869,0.3044737053599334,kw_b02,,,50000000,False
2024-01-19,naver_datalab_keyword,패션의류,,반팔,0.24279,0.02408948799792036,kw_b02,,,50000000,False
2024-01-19,naver_datalab_keyword,패션의류,,자켓,1.29976,0.1289614601926643,kw_b02,,,50000000,False
2024-01-19,naver_datalab_keyword,패션의류,,패션_앵커,10.07867,1.0,kw_b02,,,50000000,True
2024-01-20,naver_datalab_keyword,패션의류,,코트,9.9089,0.848920740039495,kw_b01,,,50000000,False
2024-01-20,naver_datalab_keyword,패션의류,,패딩,6.2889,0.5387861056256881,kw_b01,,,50000000,False
2024-01-20,naver_datalab_keyword,패션의류,,패션_앵커,11.67235,1.0,kw_b01,,,50000000,True
2024-01-20,naver_datalab_keyword,패션의류,,히트텍,0.34867,0.029871448337309967,kw_b01,,,50000000,False
2024-01-20,naver_datalab_keyword,패션의류,,가디건,4.5218,0.387394140854241,kw_b02,,,50000000,False
2024-01-20,naver_datalab_keyword,패션의류,,반팔,0.26835,0.022990229045564945,kw_b02,,,50000000,False
2024-01-20,naver_datalab_keyword,패션의류,,자켓,1.92774,0.1651544033549371,kw_b02,,,50000000,False
2024-01-20,naver_datalab_keyword,패션의류,,패션_앵커,11.67235,1.0,kw_b02,,,50000000,True
2024-01-21,naver_datalab_keyword,패션의류,,코트,10.11884,0.8311592304160298,kw_b01,,,50000000,False
2024-01-21,naver_datalab_keyword,패션의류,,패딩,8.13267,0.668015675554464,kw_b01,,,50000000,False
2024-01-21,naver_datalab_keyword,패션의류,,패션_앵커,12.17437,1.0,kw_b01,,,50000000,True
2024-01-21,naver_datalab_keyword,패션의류,,히트텍,0.63527,0.052180934208505246,kw_b01,,,50000000,False
2024-01-21,naver_datalab_keyword,패션의류,,가디건,4.55466,0.3741187429000433,kw_b02,,,50000000,False
2024-01-21,naver_datalab_keyword,패션의류,,반팔,0.2793,0.022941638869198158,kw_b02,,,50000000,False
2024-01-21,naver_datalab_keyword,패션의류,,자켓,1.60097,0.13150331392918074,kw_b02,,,50000000,False
2024-01-21,naver_datalab_keyword,패션의류,,패션_앵커,12.17437,1.0,kw_b02,,,50000000,True
2024-01-22,naver_datalab_keyword,패션의류,,코트,7.93734,0.7832818865064578,kw_b01,,,50000000,False
2024-01-22,naver_datalab_keyword,패션의류,,패딩,6.34002,0.6256532825970252,kw_b01,,,50000000,False
2024-01-22,naver_datalab_keyword,패션의류,,패션_앵커,10.13344,1.0,kw_b01,,,50000000,True
2024-01-22,naver_datalab_keyword,패션의류,,히트텍,1.03689,0.10232359396216882,kw_b01,,,50000000,False
2024-01-22,naver_datalab_keyword,패션의류,,가디건,3.55428,0.3507476237092241,kw_b02,,,50000000,False
2024-01-22,naver_datalab_keyword,패션의류,,반팔,0.40161,0.03963214860896201,kw_b02,,,50000000,False
2024-01-22,naver_datalab_keyword,패션의류,,자켓,1.02046,0.1007022294502163,kw_b02,,,50000000,False
2024-01-22,naver_datalab_keyword,패션의류,,패션_앵커,10.13344,1.0,kw_b02,,,50000000,True
2024-01-23,naver_datalab_keyword,패션의류,,목도리,0.01825,0.001708918306213814,kw_b01,,,50000000,False
2024-01-23,naver_datalab_keyword,패션의류,,코트,7.79678,0.7300854833710544,kw_b01,,,50000000,False
2024-01-23,naver_datalab_keyword,패션의류,,패딩,8.4138,0.7878628408121529,kw_b01,,,50000000,False
2024-01-23,naver_datalab_keyword,패션의류,,패션_앵커,10.67927,1.0,kw_b01,,,50000000,True
2024-01-23,naver_datalab_keyword,패션의류,,히트텍,1.12999,0.10581153955279715,kw_b01,,,50000000,False
2024-01-23,naver_datalab_keyword,패션의류,,가디건,3.43744,0.32187967904173226,kw_b02,,,50000000,False
2024-01-23,naver_datalab_keyword,패션의류,,반팔,0.24461,0.022905123664819785,kw_b02,,,50000000,False
2024-01-23,naver_datalab_keyword,패션의류,,자켓,1.09713,0.10273455020801982,kw_b02,,,50000000,False
2024-01-23,naver_datalab_keyword,패션의류,,패션_앵커,10.67927,1.0,kw_b02,,,50000000,True
2024-01-24,naver_datalab_keyword,패션의류,,코트,7.27286,0.701532056667673,kw_b01,,,50000000,False
2024-01-24,naver_datalab_keyword,패션의류,,패딩,7.94099,0.7659791397988446,kw_b01,,,50000000,False
2024-01-24,naver_datalab_keyword,패션의류,,패션_앵커,10.36711,1.0,kw_b01,,,50000000,True
2024-01-24,naver_datalab_keyword,패션의류,,히트텍,1.19023,0.11480827347254924,kw_b01,,,50000000,False
2024-01-24,naver_datalab_keyword,패션의류,,가디건,3.43927,0.33174819211911516,kw_b02,,,50000000,False
2024-01-24,naver_datalab_keyword,패션의류,,반팔,0.33224,0.03204750407779988,kw_b02,,,50000000,False
2024-01-24,naver_datalab_keyword,패션의류,,자켓,0.91458,0.08821937839957326,kw_b02,,,50000000,False
2024-01-24,naver_datalab_keyword,패션의류,,패션_앵커,10.36711,1.0,kw_b02,,,50000000,True
2024-01-25,naver_datalab_keyword,패션의류,,코트,6.68504,0.7127288234980542,kw_b01,,,50000000,False
2024-01-25,naver_datalab_keyword,패션의류,,패딩,6.29985,0.6716616024308332,kw_b01,,,50000000,False
2024-01-25,naver_datalab_keyword,패션의류,,패션_앵커,9.3795,1.0,kw_b01,,,50000000,True
2024-01-25,naver_datalab_keyword,패션의류,,히트텍,1.02046,0.10879684418145956,kw_b01,,,50000000,False
2024-01-25,naver_datalab_keyword,패션의류,,가디건,3.70579,0.3950946212484674,kw_b02,,,50000000,False
2024-01-25,naver_datalab_keyword,패션의류,,반팔,0.43082,0.04593208593208593,kw_b02,,,50000000,False
2024-01-25,naver_datalab_keyword,패션의류,,자켓,1.11356,0.11872274641505412,kw_b02,,,50000000,False
2024-01-25,naver_datalab_keyword,패션의류,,패션_앵커,9.3795,1.0,kw_b02,,,50000000,True
2024-01-26,naver_datalab_keyword,패션의류,,코트,6.50066,0.6740486510026752,kw_b01,,,50000000,False
2024-01-26,naver_datalab_keyword,패션의류,,패딩,5.20089,0.5392764563157131,kw_b01,,,50000000,False
2024-01-26,naver_datalab_keyword,패션의류,,패션_앵커,9.6442,1.0,kw_b01,,,50000000,True
2024-01-26,naver_datalab_keyword,패션의류,,히트텍,0.76489,0.07931088115136559,kw_b01,,,50000000,False
2024-01-26,naver_datalab_keyword,패션의류,,가디건,2.94273,0.305129507890753,kw_b02,,,50000000,False
2024-01-26,naver_datalab_keyword,패션의류,,반팔,0.25922,0.02687833101760644,kw_b02,,,50000000,False
2024-01-26,naver_datalab_keyword,패션의류,,자켓,0.973,0.10088965388523673,kw_b02,,,50000000,False
2024-01-26,naver_datalab_keyword,패션의류,,패션_앵커,9.6442,1.0,kw_b02,,,50000000,True
2024-01-27,naver_datalab_keyword,패션의류,,목도리,0.00547,0.0004603489731356498,kw_b01,,,50000000,False
2024-01-27,naver_datalab_keyword,패션의류,,코트,8.40833,0.7076354810394293,kw_b01,,,50000000,False
2024-01-27,naver_datalab_keyword,패션의류,,패딩,6.74163,0.5673679063547515,kw_b01,,,50000000,False
2024-01-27,naver_datalab_keyword,패션의류,,패션_앵커,11.88229,1.0,kw_b01,,,50000000,True
2024-01-27,naver_datalab_keyword,패션의류,,히트텍,1.17015,0.09847849194052662,kw_b01,,,50000000,False
2024-01-27,naver_datalab_keyword,패션의류,,가디건,4.28813,0.36088413933677765,kw_b02,,,50000000,False
2024-01-27,naver_datalab_keyword,패션의류,,반팔,0.23914,0.020125750171052885,kw_b02,,,50000000,False
2024-01-27,naver_datalab_keyword,패션의류,,자켓,1.64479,0.13842365402628617,kw_b02,,,50000000,False
2024-01-27,naver_datalab_keyword,패션의류,,패션_앵커,11.88229,1.0,kw_b02,,,50000000,True
2024-01-28,naver_datalab_keyword,패션의류,,목도리,0.00912,0.0006885123377334204,kw_b01,,,50000000,False
2024-01-28,naver_datalab_keyword,패션의류,,코트,10.53505,0.7953412175042183,kw_b01,,,50000000,False
2024-01-28,naver_datalab_keyword,패션의류,,패딩,8.28967,0.6258267621423906,kw_b01,,,50000000,False
2024-01-28,naver_datalab_keyword,패션의류,,패션_앵커,13.24595,1.0,kw_b01,,,50000000,True
2024-01-28,naver_datalab_keyword,패션의류,,히트텍,1.09165,0.08241386989985618,kw_b01,,,50000000,False
2024-01-28,naver_datalab_keyword,패션의류,,가디건,4.69522,0.3544645721899901,kw_b02,,,50000000,False
2024-01-28,naver_datalab_keyword,패션의류,,레인부츠,0.00182,0.00013740048845118697,kw_b02,,,50000000,False
2024-01-28,naver_datalab_keyword,패션의류,,반팔,0.31946,0.024117560461877026,kw_b02,,,50000000,False
2024-01-28,naver_datalab_keyword,패션의류,,자켓,1.70685,0.12885825478731233,kw_b02,,,50000000,False
2024-01-28,naver_datalab_keyword,패션의류,,패션_앵커,13.24595,1.0,kw_b02,,,50000000,True
2024-01-29,naver_datalab_keyword,패션의류,,코트,7.83877,0.711634046501325,kw_b01,,,50000000,False
2024-01-29,naver_datalab_keyword,패션의류,,패딩,5.10962,0.4638711885517881,kw_b01,,,50000000,False
2024-01-29,naver_datalab_keyword,패션의류,,패션_앵커,11.01517,1.0,kw_b01,,,50000000,True
2024-01-29,naver_datalab_keyword,패션의류,,히트텍,1.11173,0.10092717588561957,kw_b01,,,50000000,False
2024-01-29,naver_datalab_keyword,패션의류,,가디건,4.03439,0.3662576247121016,kw_b02,,,50000000,False
2024-01-29,naver_datalab_keyword,패션의류,,반팔,0.30121,0.027345016009739296,kw_b02,,,50000000,False
2024-01-29,naver_datalab_keyword,패션의류,,자켓,1.19753,0.10871643379085388,kw_b02,,,50000000,False
2024-01-29,naver_datalab_keyword,패션의류,,패션_앵커,11.01517,1.0,kw_b02,,,50000000,True
2024-01-30,naver_datalab_keyword,패션의류,,코트,7.78035,0.7218833069675306,kw_b01,,,50000000,False
2024-01-30,naver_datalab_keyword,패션의류,,패딩,4.57109,0.4241189105433829,kw_b01,,,50000000,False
2024-01-30,naver_datalab_keyword,패션의류,,패션_앵커,10.77785,1.0,kw_b01,,,50000000,True
2024-01-30,naver_datalab_keyword,패션의류,,히트텍,0.98577,0.09146258298269135,kw_b01,,,50000000,False
2024-01-30,naver_datalab_keyword,패션의류,,가디건,4.007,0.371781013838567,kw_b02,,,50000000,False
2024-01-30,naver_datalab_keyword,패션의류,,반팔,0.25009,0.02320407131292419,kw_b02,,,50000000,False
2024-01-30,naver_datalab_keyword,패션의류,,자켓,1.33992,0.12432164114364182,kw_b02,,,50000000,False
2024-01-30,naver_datalab_keyword,패션의류,,패션_앵커,10.77785,1.0,kw_b02,,,50000000,True
2024-01-31,naver_datalab_keyword,패션의류,,코트,7.16698,0.6750348491127603,kw_b01,,,50000000,False
2024-01-31,naver_datalab_keyword,패션의류,,패딩,4.05994,0.38239272124477264,kw_b01,,,50000000,False
2024-01-31,naver_datalab_keyword,패션의류,,패션_앵커,10.6172,1.0,kw_b01,,,50000000,True
2024-01-31,naver_datalab_keyword,패션의류,,히트텍,0.87989,0.0828740157480315,kw_b01,,,50000000,False
2024-01-31,naver_datalab_keyword,패션의류,,가디건,3.70214,0.3486926873375278,kw_b02,,,50000000,False
2024-01-31,naver_datalab_keyword,패션의류,,반팔,0.25009,0.023555174622310965,kw_b02,,,50000000,False
2024-01-31,naver_datalab_keyword,패션의류,,자켓,1.99711,0.18810138266209545,kw_b02,,,50000000,False
2024-01-31,naver_datalab_keyword,패션의류,,패션_앵커,10.6172,1.0,kw_b02,,,50000000,True
2024-02-01,naver_datalab_keyword,패션의류,,코트,7.35318,0.6866688829787234,kw_b01,,,50000000,False
2024-02-01,naver_datalab_keyword,패션의류,,패딩,3.80437,0.35526704070045423,kw_b01,,,50000000,False
2024-02-01,naver_datalab_keyword,패션의류,,패션_앵커,10.70848,1.0,kw_b01,,,50000000,True
2024-02-01,naver_datalab_keyword,패션의류,,히트텍,0.63893,0.059665797573511835,kw_b01,,,50000000,False
2024-02-01,naver_datalab_keyword,패션의류,,가디건,3.79342,0.3542444866124791,kw_b02,,,50000000,False
2024-02-01,naver_datalab_keyword,패션의류,,반팔,0.16429,0.015342046677026057,kw_b02,,,50000000,False
2024-02-01,naver_datalab_keyword,패션의류,,자켓,1.7671,0.16501875149414294,kw_b02,,,50000000,False
2024-02-01,naver_datalab_keyword,패션의류,,패션_앵커,10.70848,1.0,kw_b02,,,50000000,True
2024-02-02,naver_datalab_keyword,패션의류,,코트,7.46636,0.6567112193165466,kw_b01,,,50000000,False
2024-02-02,naver_datalab_keyword,패션의류,,패딩,3.68024,0.3236992185988256,kw_b01,,,50000000,False
2024-02-02,naver_datalab_keyword,패션의류,,패션_앵커,11.36932,1.0,kw_b01,,,50000000,True
2024-02-02,naver_datalab_keyword,패션의류,,히트텍,0.51114,0.04495783388980168,kw_b01,,,50000000,False
2024-02-02,naver_datalab_keyword,패션의류,,가디건,3.71857,0.3270705723825172,kw_b02,,,50000000,False
2024-02-02,naver_datalab_keyword,패션의류,,반팔,0.21541,0.018946603666710058,kw_b02,,,50000000,False
2024-02-02,naver_datalab_keyword,패션의류,,자켓,1.84194,0.1620096892338328,kw_b02,,,50000000,False
2024-02-02,naver_datalab_keyword,패션의류,,패션_앵커,11.36932,1.0,kw_b02,,,50000000,True
2024-02-03,naver_datalab_keyword,패션의류,,코트,9.07464,0.6620934803640455,kw_b01,,,50000000,False
2024-02-03,naver_datalab_keyword,패션의류,,패딩,4.5072,0.32884915927208413,kw_b01,,,50000000,False
2024-02-03,naver_datalab_keyword,패션의류,,패션_앵커,13.70598,1.0,kw_b01,,,50000000,True
2024-02-03,naver_datalab_keyword,패션의류,,히트텍,0.4582,0.03343066311201388,kw_b01,,,50000000,False
2024-02-03,naver_datalab_keyword,패션의류,,가디건,4.42687,0.32298821390371213,kw_b02,,,50000000,False
2024-02-03,naver_datalab_keyword,패션의류,,반팔,0.31398,0.022908248808184456,kw_b02,,,50000000,False
2024-02-03,naver_datalab_keyword,패션의류,,자켓,2.43706,0.17780997783449265,kw_b02,,,50000000,False
2024-02-03,naver_datalab_keyword,패션의류,,패션_앵커,13.70598,1.0,kw_b02,,,50000000,True
2024-02-04,naver_datalab_keyword,패션의류,,코트,8.99432,0.5680850391910413,kw_b01,,,50000000,False
2024-02-04,naver_datalab_keyword,패션의류,,패딩,5.28487,0.3337946149424924,kw_b01,,,50000000,False
2024-02-04,naver_datalab_keyword,패션의류,,패션_앵커,15.8327,1.0,kw_b01,,,50000000,True
2024-02-04,naver_datalab_keyword,패션의류,,히트텍,0.36327,0.02294428619250033,kw_b01,,,50000000,False
2024-02-04,naver_datalab_keyword,패션의류,,가디건,4.96175,0.3133862196593127,kw_b02,,,50000000,False
2024-02-04,naver_datalab_keyword,패션의류,,반팔,0.39066,0.024674250127899852,kw_b02,,,50000000,False
2024-02-04,naver_datalab_keyword,패션의류,,자켓,3.05043,0.19266644349984524,kw_b02,,,50000000,False
2024-02-04,naver_datalab_keyword,패션의류,,패션_앵커,15.8327,1.0,kw_b02,,,50000000,True
2024-02-05,naver_datalab_keyword,패션의류,,코트,7.26373,0.6096218760333492,kw_b01,,,50000000,False
2024-02-05,naver_datalab_keyword,패션의류,,패딩,4.04352,0.3393598396661726,kw_b01,,,50000000,False
2024-02-05,naver_datalab_keyword,패션의류,,패션_앵커,11.91514,1.0,kw_b01,,,50000000,True
2024-02-05,naver_datalab_keyword,패션의류,,히트텍,0.25557,0.021449181461569065,kw_b01,,,50000000,False
2024-02-05,naver_datalab_keyword,패션의류,,가디건,4.37758,0.36739643848079,kw_b02,,,50000000,False
2024-02-05,naver_datalab_keyword,패션의류,,반팔,0.3651,0.030641687802241517,kw_b02,,,50000000,False
2024-02-05,naver_datalab_keyword,패션의류,,자켓,1.94965,0.1636279556933448,kw_b02,,,50000000,False
2024-02-05,naver_datalab_keyword,패션의류,,패션_앵커,11.91514,1.0,kw_b02,,,50000000,True
2024-02-06,naver_datalab_keyword,패션의류,,코트,6.16659,0.5369573470610363,kw_b01,,,50000000,False
2024-02-06,naver_datalab_keyword,패션의류,,패딩,3.33887,0.29073292976858883,kw_b01,,,50000000,False
2024-02-06,naver_datalab_keyword,패션의류,,패션_앵커,11.48432,1.0,kw_b01,,,50000000,True
2024-02-06,naver_datalab_keyword,패션의류,,히트텍,0.19533,0.017008407985845048,kw_b01,,,50000000,False
2024-02-06,naver_datalab_keyword,패션의류,,가디건,3.85914,0.3360355684968723,kw_b02,,,50000000,False
2024-02-06,naver_datalab_keyword,패션의류,,반팔,0.29755,0.02590923972860387,kw_b02,,,50000000,False
2024-02-06,naver_datalab_keyword,패션의류,,자켓,2.26546,0.19726548894492665,kw_b02,,,50000000,False
2024-02-06,naver_datalab_keyword,패션의류,,패션_앵커,11.48432,1.0,kw_b02,,,50000000,True
2024-02-07,naver_datalab_keyword,패션의류,,코트,6.31628,0.6678240642842038,kw_b01,,,50000000,False
2024-02-07,naver_datalab_keyword,패션의류,,패딩,2.98289,0.3153827447663354,kw_b01,,,50000000,False
2024-02-07,naver_datalab_keyword,패션의류,,패션_앵커,9.458,1.0,kw_b01,,,50000000,True
2024-02-07,naver_datalab_keyword,패션의류,,히트텍,0.23914,0.025284415309790653,kw_b01,,,50000000,False
2024-02-07,naver_datalab_keyword,패션의류,,가디건,3.74596,0.3960625925142736,kw_b02,,,50000000,False
2024-02-07,naver_datalab_keyword,패션의류,,반팔,0.2793,0.029530556142947768,kw_b02,,,50000000,False
2024-02-07,naver_datalab_keyword,패션의류,,자켓,2.26911,0.2399143582152675,kw_b02,,,50000000,False
2024-02-07,naver_datalab_keyword,패션의류,,패션_앵커,9.458,1.0,kw_b02,,,50000000,True
2024-02-08,naver_datalab_keyword,패션의류,,코트,5.62259,0.6678231392708164,kw_b01,,,50000000,False
2024-02-08,naver_datalab_keyword,패션의류,,패딩,2.45897,0.292064167007155,kw_b01,,,50000000,False
2024-02-08,naver_datalab_keyword,패션의류,,패션_앵커,8.41928,1.0,kw_b01,,,50000000,True
2024-02-08,naver_datalab_keyword,패션의류,,히트텍,0.17524,0.020814131374654363,kw_b01,,,50000000,False
2024-02-08,naver_datalab_keyword,패션의류,,가디건,2.92447,0.34735393050237073,kw_b02,,,50000000,False
2024-02-08,naver_datalab_keyword,패션의류,,반팔,0.27017,0.03208944232760996,kw_b02,,,50000000,False
2024-02-08,naver_datalab_keyword,패션의류,,자켓,2.40785,0.28599238889786294,kw_b02,,,50000000,False
2024-02-08,naver_datalab_keyword,패션의류,,패션_앵커,8.41928,1.0,kw_b02,,,50000000,True
2024-02-09,naver_datalab_keyword,패션의류,,코트,5.5733,0.5083249346728627,kw_b01,,,50000000,False
2024-02-09,naver_datalab_keyword,패션의류,,패딩,2.8551,0.26040559829625004,kw_b01,,,50000000,False
2024-02-09,naver_datalab_keyword,패션의류,,패션_앵커,10.96405,1.0,kw_b01,,,50000000,True
2024-02-09,naver_datalab_keyword,패션의류,,히트텍,0.17707,0.016150054040249724,kw_b01,,,50000000,False
2024-02-09,naver_datalab_keyword,패션의류,,가디건,3.72953,0.34015988617344867,kw_b02,,,50000000,False
2024-02-09,naver_datalab_keyword,패션의류,,반팔,0.24279,0.022144189419055913,kw_b02,,,50000000,False
2024-02-09,naver_datalab_keyword,패션의류,,자켓,2.50278,0.22827148726975888,kw_b02,,,50000000,False
2024-02-09,naver_datalab_keyword,패션의류,,패션_앵커,10.96405,1.0,kw_b02,,,50000000,True
2024-02-10,naver_datalab_keyword,패션의류,,코트,5.44004,0.4874059353779742,kw_b01,,,50000000,False
2024-02-10,naver_datalab_keyword,패션의류,,패딩,2.94455,0.26381996217256015,kw_b01,,,50000000,False
2024-02-10,naver_datalab_keyword,패션의류,,패션_앵커,11.16121,1.0,kw_b01,,,50000000,True
2024-02-10,naver_datalab_keyword,패션의류,,히트텍,0.11683,0.010467503075383404,kw_b01,,,50000000,False
2024-02-10,naver_datalab_keyword,패션의류,,가디건,3.24576,0.290807179508315,kw_b02,,,50000000,False
2024-02-10,naver_datalab_keyword,패션의류,,반팔,0.31216,0.027968293760264343,kw_b02,,,50000000,False
2024-02-10,naver_datalab_keyword,패션의류,,자켓,2.2399,0.20068612632501315,kw_b02,,,50000000,False
2024-02-10,naver_datalab_keyword,패션의류,,패션_앵커,11.16121,1.0,kw_b02,,,50000000,True
2024-02-11,naver_datalab_keyword,패션의류,,코트,6.73798,0.5021085192523941,kw_b01,,,50000000,False
2024-02-11,naver_datalab_keyword,패션의류,,패딩,3.63643,0.27098366018673004,kw_b01,,,50000000,False
2024-02-11,naver_datalab_keyword,패션의류,,패션_앵커,13.41937,1.0,kw_b01,,,50000000,True
2024-02-11,naver_datalab_keyword,패션의류,,히트텍,0.21906,0.016324164249141352,kw_b01,,,50000000,False
2024-02-11,naver_datalab_keyword,패션의류,,가디건,4.44513,0.3312472940234899,kw_b02,,,50000000,False
2024-02-11,naver_datalab_keyword,패션의류,,반팔,0.24096,0.017956133559176028,kw_b02,,,50000000,False
2024-02-11,naver_datalab_keyword,패션의류,,자켓,2.20339,0.1641947423761324,kw_b02,,,50000000,False
2024-02-11,naver_datalab_keyword,패션의류,,패션_앵커,13.41937,1.0,kw_b02,,,50000000,True
2024-02-12,naver_datalab_keyword,패션의류,,코트,7.5905,0.5061473852108008,kw_b01,,,50000000,False
2024-02-12,naver_datalab_keyword,패션의류,,패딩,3.98145,0.26548982370694196,kw_b01,,,50000000,False
2024-02-12,naver_datalab_keyword,패션의류,,패션_앵커,14.99662,1.0,kw_b01,,,50000000,True
2024-02-12,naver_datalab_keyword,패션의류,,히트텍,0.23914,0.015946259890562007,kw_b01,,,50000000,False
2024-02-12,naver_datalab_keyword,패션의류,,가디건,6.29985,0.42008465907651193,kw_b02,,,50000000,False
2024-02-12,naver_datalab_keyword,패션의류,,레인부츠,0.00182,0.00012136067993987978,kw_b02,,,50000000,False
2024-02-12,naver_datalab_keyword,패션의류,,반팔,0.34684,0.023127878148542804,kw_b02,,,50000000,False
2024-02-12,naver_datalab_keyword,패션의류,,자켓,3.463,0.2309187003471449,kw_b02,,,50000000,False
2024-02-12,naver_datalab_keyword,패션의류,,패션_앵커,14.99662,1.0,kw_b02,,,50000000,True
2024-02-13,naver_datalab_keyword,패션의류,,코트,8.00306,0.5632788311365646,kw_b01,,,50000000,False
2024-02-13,naver_datalab_keyword,패션의류,,패딩,3.00297,0.21135783457054796,kw_b01,,,50000000,False
2024-02-13,naver_datalab_keyword,패션의류,,패션_앵커,14.20799,1.0,kw_b01,,,50000000,True
2024-02-13,naver_datalab_keyword,패션의류,,히트텍,0.23184,0.01631757905235012,kw_b01,,,50000000,False
2024-02-13,naver_datalab_keyword,패션의류,,가디건,5.82157,0.40973916789074316,kw_b02,,,50000000,False
2024-02-13,naver_datalab_keyword,패션의류,,반팔,0.43264,0.030450471882370413,kw_b02,,,50000000,False
2024-02-13,naver_datalab_keyword,패션의류,,자켓,3.49586,0.24604887813124868,kw_b02,,,50000000,False
2024-02-13,naver_datalab_keyword,패션의류,,패션_앵커,14.20799,1.0,kw_b02,,,50000000,True
2024-02-14,naver_datalab_keyword,패션의류,,코트,7.19801,0.5037688125685875,kw_b01,,,50000000,False
2024-02-14,naver_datalab_keyword,패션의류,,패딩,2.16323,0.15139848491635124,kw_b01,,,50000000,False
2024-02-14,naver_datalab_keyword,패션의류,,패션_앵커,14.28832,1.0,kw_b01,,,50000000,True
2024-02-14,naver_datalab_keyword,패션의류,,히트텍,0.17159,0.01200910953842019,kw_b01,,,50000000,False
2024-02-14,naver_datalab_keyword,패션의류,,가디건,4.99461,0.349558940449262,kw_b02,,,50000000,False
2024-02-14,naver_datalab_keyword,패션의류,,레인부츠,0.0073,0.0005109068105977469,kw_b02,,,50000000,False
2024-02-14,naver_datalab_keyword,패션의류,,반팔,0.39248,0.027468589729233387,kw_b02,,,50000000,False
2024-02-14,naver_datalab_keyword,패션의류,,자켓,3.56706,0.24964866408367115,kw_b02,,,50000000,False
2024-02-14,naver_datalab_keyword,패션의류,,패션_앵커,14.28832,1.0,kw_b02,,,50000000,True
2024-02-15,naver_datalab_keyword,패션의류,,코트,6.16294,0.4596320819306078,kw_b01,,,50000000,False
2024-02-15,naver_datalab_keyword,패션의류,,패딩,2.27824,0.16991114538476568,kw_b01,,,50000000,False
2024-02-15,naver_datalab_keyword,패션의류,,패션_앵커,13.40842,1.0,kw_b01,,,50000000,True
2024-02-15,naver_datalab_keyword,패션의류,,히트텍,0.23366,0.01742636343431963,kw_b01,,,50000000,False
2024-02-15,naver_datalab_keyword,패션의류,,가디건,5.43456,0.40530949955326584,kw_b02,,,50000000,False
2024-02-15,naver_datalab_keyword,패션의류,,반팔,0.23549,0.017562844839287554,kw_b02,,,50000000,False
2024-02-15,naver_datalab_keyword,패션의류,,자켓,3.00662,0.22423372776210768,kw_b02,,,50000000,False
2024-02-15,naver_datalab_keyword,패션의류,,패션_앵커,13.40842,1.0,kw_b02,,,50000000,True
2024-02-16,naver_datalab_keyword,패션의류,,코트,5.62259,0.4415769128672157,kw_b01,,,50000000,False
2024-02-16,naver_datalab_keyword,패션의류,,패딩,2.07743,0.16315348017510434,kw_b01,,,50000000,False
2024-02-16,naver_datalab_keyword,패션의류,,패션_앵커,12.73298,1.0,kw_b01,,,50000000,True
2024-02-16,naver_datalab_keyword,패션의류,,히트텍,0.15334,0.012042742547306287,kw_b01,,,50000000,False
2024-02-16,naver_datalab_keyword,패션의류,,가디건,4.20416,0.3301787955372584,kw_b02,,,50000000,False
2024-02-16,naver_datalab_keyword,패션의류,,반팔,0.2866,0.02250847798394406,kw_b02,,,50000000,False
2024-02-16,naver_datalab_keyword,패션의류,,자켓,2.88614,0.22666649912275055,kw_b02,,,50000000,False
2024-02-16,naver_datalab_keyword,패션의류,,패션_앵커,12.73298,1.0,kw_b02,,,50000000,True
2024-02-17,naver_datalab_keyword,패션의류,,코트,6.19032,0.3839877328774516,kw_b01,,,50000000,False
2024-02-17,naver_datalab_keyword,패션의류,,패딩,2.19974,0.13645064803109455,kw_b01,,,50000000,False
2024-02-17,naver_datalab_keyword,패션의류,,패션_앵커,16.12114,1.0,kw_b01,,,50000000,True
2024-02-17,naver_datalab_keyword,패션의류,,히트텍,0.13326,0.008266164799759817,kw_b01,,,50000000,False
2024-02-17,naver_datalab_keyword,패션의류,,가디건,5.72482,0.35511260369924214,kw_b02,,,50000000,False
2024-02-17,naver_datalab_keyword,패션의류,,반팔,0.40891,0.025364831519359053,kw_b02,,,50000000,False
2024-02-17,naver_datalab_keyword,패션의류,,자켓,4.00883,0.24866913878298927,kw_b02,,,50000000,False
2024-02-17,naver_datalab_keyword,패션의류,,패션_앵커,16.12114,1.0,kw_b02,,,50000000,True
2024-02-18,naver_datalab_keyword,패션의류,,코트,6.85299,0.38204758403191524,kw_b01,,,50000000,False
2024-02-18,naver_datalab_keyword,패션의류,,패딩,2.57032,0.1432928613917301,kw_b01,,,50000000,False
2024-02-18,naver_datalab_keyword,패션의류,,패션_앵커,17.93753,1.0,kw_b01,,,50000000,True
2024-02-18,naver_datalab_keyword,패션의류,,히트텍,0.23001,0.012822835696999532,kw_b01,,,50000000,False
2024-02-18,naver_datalab_keyword,패션의류,,가디건,7.23087,0.4031140296350724,kw_b02,,,50000000,False
2024-02-18,naver_datalab_keyword,패션의류,,반팔,0.70282,0.039181537257359296,kw_b02,,,50000000,False
2024-02-18,naver_datalab_keyword,패션의류,,자켓,4.33925,0.24190900307901925,kw_b02,,,50000000,False
2024-02-18,naver_datalab_keyword,패션의류,,패션_앵커,17.93753,1.0,kw_b02,,,50000000,True
2024-02-19,naver_datalab_keyword,패션의류,,코트,5.83252,0.38053792513101026,kw_b01,,,50000000,False
2024-02-19,naver_datalab_keyword,패션의류,,패딩,1.76344,0.11505417875858612,kw_b01,,,50000000,False
2024-02-19,naver_datalab_keyword,패션의류,,패션_앵커,15.32704,1.0,kw_b01,,,50000000,True
2024-02-19,naver_datalab_keyword,패션의류,,히트텍,0.1789,0.01167218197381882,kw_b01,,,50000000,False
2024-02-19,naver_datalab_keyword,패션의류,,가디건,6.08809,0.3972123776019375,kw_b02,,,50000000,False
2024-02-19,naver_datalab_keyword,패션의류,,반팔,0.58233,0.037993637388562956,kw_b02,,,50000000,False
2024-02-19,naver_datalab_keyword,패션의류,,자켓,4.30822,0.2810862371338497,kw_b02,,,50000000,False
2024-02-19,naver_datalab_keyword,패션의류,,패션_앵커,15.32704,1.0,kw_b02,,,50000000,True
2024-02-20,naver_datalab_keyword,패션의류,,코트,5.99682,0.38866517988213306,kw_b01,,,50000000,False
2024-02-20,naver_datalab_keyword,패션의류,,패딩,1.85837,0.12044445395018688,kw_b01,,,50000000,False
2024-02-20,naver_datalab_keyword,패션의류,,패션_앵커,15.42927,1.0,kw_b01,,,50000000,True
2024-02-20,naver_datalab_keyword,패션의류,,히트텍,0.21175,0.013723915648634056,kw_b01,,,50000000,False
2024-02-20,naver_datalab_keyword,패션의류,,가디건,5.90372,0.3826311938283535,kw_b02,,,50000000,False
2024-02-20,naver_datalab_keyword,패션의류,,반팔,0.46185,0.029933366905887316,kw_b02,,,50000000,False
2024-02-20,naver_datalab_keyword,패션의류,,자켓,3.51777,0.2279932880816785,kw_b02,,,50000000,False
2024-02-20,naver_datalab_keyword,패션의류,,패션_앵커,15.42927,1.0,kw_b02,,,50000000,True
2024-02-21,naver_datalab_keyword,패션의류,,코트,5.00009,0.34186218552663605,kw_b01,,,50000000,False
2024-02-21,naver_datalab_keyword,패션의류,,패딩,2.17419,0.14865199329415207,kw_b01,,,50000000,False
2024-02-21,naver_datalab_keyword,패션의류,,패션_앵커,14.62604,1.0,kw_b01,,,50000000,True
2024-02-21,naver_datalab_keyword,패션의류,,히트텍,0.23731,0.016225170996387265,kw_b01,,,50000000,False
2024-02-21,naver_datalab_keyword,패션의류,,가디건,5.46559,0.3736889821168272,kw_b02,,,50000000,False
2024-02-21,naver_datalab_keyword,패션의류,,반팔,0.43264,0.02958011874711132,kw_b02,,,50000000,False
2024-02-21,naver_datalab_keyword,패션의류,,자켓,2.92812,0.20019909695310556,kw_b02,,,50000000,False
2024-02-21,naver_datalab_keyword,패션의류,,패션_앵커,14.62604,1.0,kw_b02,,,50000000,True
2024-02-22,naver_datalab_keyword,패션의류,,코트,4.8869,0.40407473096274615,kw_b01,,,50000000,False
2024-02-22,naver_datalab_keyword,패션의류,,패딩,1.71598,0.14188629946130538,kw_b01,,,50000000,False
2024-02-22,naver_datalab_keyword,패션의류,,패션_앵커,12.09405,1.0,kw_b01,,,50000000,True
2024-02-22,naver_datalab_keyword,패션의류,,히트텍,0.1862,0.015396000512648783,kw_b01,,,50000000,False
2024-02-22,naver_datalab_keyword,패션의류,,가디건,4.31552,0.35683001145191234,kw_b02,,,50000000,False
2024-02-22,naver_datalab_keyword,패션의류,,반팔,0.27017,0.022339084095071546,kw_b02,,,50000000,False
2024-02-22,naver_datalab_keyword,패션의류,,자켓,2.88614,0.23864131535755187,kw_b02,,,50000000,False
2024-02-22,naver_datalab_keyword,패션의류,,패션_앵커,12.09405,1.0,kw_b02,,,50000000,True
2024-02-23,naver_datalab_keyword,패션의류,,코트,4.02161,0.32184054303654225,kw_b01,,,50000000,False
2024-02-23,naver_datalab_keyword,패션의류,,패딩,1.98433,0.15880153589326212,kw_b01,,,50000000,False
2024-02-23,naver_datalab_keyword,패션의류,,패션_앵커,12.49566,1.0,kw_b01,,,50000000,True
2024-02-23,naver_datalab_keyword,패션의류,,히트텍,0.18985,0.015193275105116495,kw_b01,,,50000000,False
2024-02-23,naver_datalab_keyword,패션의류,,가디건,4.14574,0.3317743920689263,kw_b02,,,50000000,False
2024-02-23,naver_datalab_keyword,패션의류,,반팔,0.27017,0.021621106848297728,kw_b02,,,50000000,False
2024-02-23,naver_datalab_keyword,패션의류,,자켓,2.36039,0.1888967849637394,kw_b02,,,50000000,False
2024-02-23,naver_datalab_keyword,패션의류,,패션_앵커,12.49566,1.0,kw_b02,,,50000000,True
2024-02-24,naver_datalab_keyword,패션의류,,코트,4.6861,0.3527066989510097,kw_b01,,,50000000,False
2024-02-24,naver_datalab_keyword,패션의류,,패딩,2.3184,0.17449802839205755,kw_b01,,,50000000,False
2024-02-24,naver_datalab_keyword,패션의류,,패션_앵커,13.28611,1.0,kw_b01,,,50000000,True
2024-02-24,naver_datalab_keyword,패션의류,,히트텍,0.19533,0.014701820171592737,kw_b01,,,50000000,False
2024-02-24,naver_datalab_keyword,패션의류,,가디건,5.47107,0.41178870263756656,kw_b02,,,50000000,False
2024-02-24,naver_datalab_keyword,패션의류,,반팔,0.36692,0.027616811843346172,kw_b02,,,50000000,False
2024-02-24,naver_datalab_keyword,패션의류,,자켓,3.62365,0.27273972592429235,kw_b02,,,50000000,False
2024-02-24,naver_datalab_keyword,패션의류,,패션_앵커,13.28611,1.0,kw_b02,,,50000000,True
2024-02-25,naver_datalab_keyword,패션의류,,코트,6.74346,0.4017402991369994,kw_b01,,,50000000,False
2024-02-25,naver_datalab_keyword,패션의류,,패딩,2.75835,0.16432815707730783,kw_b01,,,50000000,False
2024-02-25,naver_datalab_keyword,패션의류,,패션_앵커,16.78562,1.0,kw_b01,,,50000000,True
2024-02-25,naver_datalab_keyword,패션의류,,히트텍,0.30121,0.017944526326701068,kw_b01,,,50000000,False
2024-02-25,naver_datalab_keyword,패션의류,,가디건,6.21223,0.37009237668909456,kw_b02,,,50000000,False
2024-02-25,naver_datalab_keyword,패션의류,,레인부츠,0.00365,0.0002174480299208489,kw_b02,,,50000000,False
2024-02-25,naver_datalab_keyword,패션의류,,반팔,0.26469,0.015768854531438215,kw_b02,,,50000000,False
2024-02-25,naver_datalab_keyword,패션의류,,자켓,3.44657,0.20532872780391787,kw_b02,,,50000000,False
2024-02-25,naver_datalab_keyword,패션의류,,패션_앵커,16.78562,1.0,kw_b02,,,50000000,True
2024-02-26,naver_datalab_keyword,패션의류,,코트,4.80841,0.3614655546985764,kw_b01,,,50000000,False
2024-02-26,naver_datalab_keyword,패션의류,,패딩,2.41881,0.18183068797387567,kw_b01,,,50000000,False
2024-02-26,naver_datalab_keyword,패션의류,,패션_앵커,13.30254,1.0,kw_b01,,,50000000,True
2024-02-26,naver_datalab_keyword,패션의류,,히트텍,0.23001,0.017290682832000505,kw_b01,,,50000000,False
2024-02-26,naver_datalab_keyword,패션의류,,가디건,5.01469,0.3769723676831642,kw_b02,,,50000000,False
2024-02-26,naver_datalab_keyword,패션의류,,반팔,0.3578,0.026897118896090522,kw_b02,,,50000000,False
2024-02-26,naver_datalab_keyword,패션의류,,자켓,2.96281,0.22272513369627153,kw_b02,,,50000000,False
2024-02-26,naver_datalab_keyword,패션의류,,패션_앵커,13.30254,1.0,kw_b02,,,50000000,True
2024-02-27,naver_datalab_keyword,패션의류,,목도리,0.00182,0.00012796535092036618,kw_b01,,,50000000,False
2024-02-27,naver_datalab_keyword,패션의류,,코트,5.60798,0.39430062013977757,kw_b01,,,50000000,False
2024-02-27,naver_datalab_keyword,패션의류,,패딩,2.18331,0.15350990676810147,kw_b01,,,50000000,False
2024-02-27,naver_datalab_keyword,패션의류,,패션_앵커,14.2226,1.0,kw_b01,,,50000000,True
2024-02-27,naver_datalab_keyword,패션의류,,히트텍,0.1935,0.013605107364335635,kw_b01,,,50000000,False
2024-02-27,naver_datalab_keyword,패션의류,,가디건,5.61894,0.3950712246705947,kw_b02,,,50000000,False
2024-02-27,naver_datalab_keyword,패션의류,,반팔,0.31398,0.022076132352734378,kw_b02,,,50000000,False
2024-02-27,naver_datalab_keyword,패션의류,,자켓,3.19648,0.22474653017029236,kw_b02,,,50000000,False
2024-02-27,naver_datalab_keyword,패션의류,,패션_앵커,14.2226,1.0,kw_b02,,,50000000,True
2024-02-28,naver_datalab_keyword,패션의류,,코트,4.70435,0.35921351531927076,kw_b01,,,50000000,False
2024-02-28,naver_datalab_keyword,패션의류,,패딩,1.79448,0.137022430084948,kw_b01,,,50000000,False
2024-02-28,naver_datalab_keyword,패션의류,,패션_앵커,13.09625,1.0,kw_b01,,,50000000,True
2024-02-28,naver_datalab_keyword,패션의류,,히트텍,0.22818,0.017423308198911903,kw_b01,,,50000000,False
2024-02-28,naver_datalab_keyword,패션의류,,가디건,4.8869,0.37315262002481625,kw_b02,,,50000000,False
2024-02-28,naver_datalab_keyword,패션의류,,반팔,0.31581,0.02411453660398969,kw_b02,,,50000000,False
2024-02-28,naver_datalab_keyword,패션의류,,자켓,3.44109,0.2627538417485922,kw_b02,,,50000000,False
2024-02-28,naver_datalab_keyword,패션의류,,패션_앵커,13.09625,1.0,kw_b02,,,50000000,True
2024-02-29,naver_datalab_keyword,패션의류,,코트,4.11836,0.3571877092374995,kw_b01,,,50000000,False
2024-02-29,naver_datalab_keyword,패션의류,,패딩,1.99529,0.17305263851739294,kw_b01,,,50000000,False
2024-02-29,naver_datalab_keyword,패션의류,,패션_앵커,11.52996,1.0,kw_b01,,,50000000,True
2024-02-29,naver_datalab_keyword,패션의류,,히트텍,0.16064,0.013932398724713703,kw_b01,,,50000000,False
2024-02-29,naver_datalab_keyword,패션의류,,가디건,4.31004,0.37381222484726745,kw_b02,,,50000000,False
2024-02-29,naver_datalab_keyword,패션의류,,반팔,0.38153,0.033090314276892546,kw_b02,,,50000000,False
2024-02-29,naver_datalab_keyword,패션의류,,자켓,2.70541,0.23464175070858875,kw_b02,,,50000000,False
2024-02-29,naver_datalab_keyword,패션의류,,패션_앵커,11.52996,1.0,kw_b02,,,50000000,True
2024-03-01,naver_datalab_keyword,패션의류,,코트,4.8869,0.34541888286123235,kw_b01,,,50000000,False
2024-03-01,naver_datalab_keyword,패션의류,,패딩,2.07196,0.146451555901115,kw_b01,,,50000000,False
2024-03-01,naver_datalab_keyword,패션의류,,패션_앵커,14.14775,1.0,kw_b01,,,50000000,True
2024-03-01,naver_datalab_keyword,패션의류,,히트텍,0.19167,0.013547737272711208,kw_b01,,,50000000,False
2024-03-01,naver_datalab_keyword,패션의류,,가디건,5.87999,0.41561308335247654,kw_b02,,,50000000,False
2024-03-01,naver_datalab_keyword,패션의류,,반팔,0.46368,0.03277411602551642,kw_b02,,,50000000,False
2024-03-01,naver_datalab_keyword,패션의류,,자켓,3.2987,0.23316074994257038,kw_b02,,,50000000,False
2024-03-01,naver_datalab_keyword,패션의류,,패션_앵커,14.14775,1.0,kw_b02,,,50000000,True
2024-03-02,naver_datalab_keyword,패션의류,,코트,5.01834,0.34648310336137644,kw_b01,,,50000000,False
2024-03-02,naver_datalab_keyword,패션의류,,패딩,2.24356,0.15490294228319518,kw_b01,,,50000000,False
2024-03-02,naver_datalab_keyword,패션의류,,패션_앵커,14.48365,1.0,kw_b01,,,50000000,True
2024-03-02,naver_datalab_keyword,패션의류,,히트텍,0.16247,0.011217476257711282,kw_b01,,,50000000,False
2024-03-02,naver_datalab_keyword,패션의류,,가디건,5.6664,0.391227349459563,kw_b02,,,50000000,False
2024-03-02,naver_datalab_keyword,패션의류,,반팔,0.47463,0.03277005450974029,kw_b02,,,50000000,False
2024-03-02,naver_datalab_keyword,패션의류,,자켓,3.51777,0.24287869425179426,kw_b02,,,50000000,False
2024-03-02,naver_datalab_keyword,패션의류,,패션_앵커,14.48365,1.0,kw_b02,,,50000000,True
2024-03-03,naver_datalab_keyword,패션의류,,코트,5.57695,0.364906740856966,kw_b01,,,50000000,False
2024-03-03,naver_datalab_keyword,패션의류,,패딩,2.2253,0.14560413316042037,kw_b01,,,50000000,False
2024-03-03,naver_datalab_keyword,패션의류,,패션_앵커,15.28322,1.0,kw_b01,,,50000000,True
2024-03-03,naver_datalab_keyword,패션의류,,히트텍,0.2008,0.013138592521732986,kw_b01,,,50000000,False
2024-03-03,naver_datalab_keyword,패션의류,,가디건,6.80005,0.44493568763650587,kw_b02,,,50000000,False
2024-03-03,naver_datalab_keyword,패션의류,,레인부츠,0.00182,0.0001190848525376197,kw_b02,,,50000000,False
2024-03-03,naver_datalab_keyword,패션의류,,반팔,0.44725,0.02926412104255517,kw_b02,,,50000000,False
2024-03-03,naver_datalab_keyword,패션의류,,자켓,3.76421,0.24629691910474363,kw_b02,,,50000000,False
2024-03-03,naver_datalab_keyword,패션의류,,패션_앵커,15.28322,1.0,kw_b02,,,50000000,True
2024-03-04,naver_datalab_keyword,패션의류,,코트,3.79159,0.31479166043989254,kw_b01,,,50000000,False
2024-03-04,naver_datalab_keyword,패션의류,,패딩,1.87115,0.15534971224001143,kw_b01,,,50000000,False
2024-03-04,naver_datalab_keyword,패션의류,,패션_앵커,12.04476,1.0,kw_b01,,,50000000,True
2024-03-04,naver_datalab_keyword,패션의류,,히트텍,0.1935,0.016065077261813436,kw_b01,,,50000000,False
2024-03-04,naver_datalab_keyword,패션의류,,가디건,5.14613,0.4272505222187906,kw_b02,,,50000000,False
2024-03-04,naver_datalab_keyword,패션의류,,반팔,0.31216,0.025916664175957012,kw_b02,,,50000000,False
2024-03-04,naver_datalab_keyword,패션의류,,자켓,3.04131,0.25250067249160635,kw_b02,,,50000000,False
2024-03-04,naver_datalab_keyword,패션의류,,패션_앵커,12.04476,1.0,kw_b02,,,50000000,True
2024-03-05,naver_datalab_keyword,패션의류,,코트,4.15122,0.32691173378462773,kw_b01,,,50000000,False
2024-03-05,naver_datalab_keyword,패션의류,,패딩,1.75797,0.13844147519075403,kw_b01,,,50000000,False
2024-03-05,naver_datalab_keyword,패션의류,,패션_앵커,12.69829,1.0,kw_b01,,,50000000,True
2024-03-05,naver_datalab_keyword,패션의류,,히트텍,0.16429,0.012937962513062782,kw_b01,,,50000000,False
2024-03-05,naver_datalab_keyword,패션의류,,가디건,5.60433,0.44134525199849745,kw_b02,,,50000000,False
2024-03-05,naver_datalab_keyword,패션의류,,반팔,0.33589,0.02645159308851822,kw_b02,,,50000000,False
2024-03-05,naver_datalab_keyword,패션의류,,자켓,2.85875,0.22512873780642906,kw_b02,,,50000000,False
2024-03-05,naver_datalab_keyword,패션의류,,패션_앵커,12.69829,1.0,kw_b02,,,50000000,True
2024-03-06,naver_datalab_keyword,패션의류,,코트,3.95589,0.30921769499781915,kw_b01,,,50000000,False
2024-03-06,naver_datalab_keyword,패션의류,,패딩,1.45128,0.11344133845896498,kw_b01,,,50000000,False
2024-03-06,naver_datalab_keyword,패션의류,,패션_앵커,12.79322,1.0,kw_b01,,,50000000,True
2024-03-06,naver_datalab_keyword,패션의류,,히트텍,0.1789,0.013983969633915466,kw_b01,,,50000000,False
2024-03-06,naver_datalab_keyword,패션의류,,가디건,5.59155,0.4370713549833427,kw_b02,,,50000000,False
2024-03-06,naver_datalab_keyword,패션의류,,반팔,0.43994,0.03438852767325193,kw_b02,,,50000000,False
2024-03-06,naver_datalab_keyword,패션의류,,자켓,3.09425,0.24186639485602532,kw_b02,,,50000000,False
2024-03-06,naver_datalab_keyword,패션의류,,패션_앵커,12.79322,1.0,kw_b02,,,50000000,True
2024-03-07,naver_datalab_keyword,패션의류,,코트,4.04899,0.3060572114483367,kw_b01,,,50000000,False
2024-03-07,naver_datalab_keyword,패션의류,,패딩,1.49692,0.11314998578935592,kw_b01,,,50000000,False
2024-03-07,naver_datalab_keyword,패션의류,,패션_앵커,13.22952,1.0,kw_b01,,,50000000,True
2024-03-07,naver_datalab_keyword,패션의류,,히트텍,0.19715,0.014902279145426288,kw_b01,,,50000000,False
2024-03-07,naver_datalab_keyword,패션의류,,가디건,5.45647,0.412446558907655,kw_b02,,,50000000,False
2024-03-07,naver_datalab_keyword,패션의류,,반팔,0.29573,0.022353796660800996,kw_b02,,,50000000,False
2024-03-07,naver_datalab_keyword,패션의류,,자켓,3.14719,0.2378914730088469,kw_b02,,,50000000,False
2024-03-07,naver_datalab_keyword,패션의류,,패션_앵커,13.22952,1.0,kw_b02,,,50000000,True
2024-03-08,naver_datalab_keyword,패션의류,,코트,3.68389,0.29803560839022797,kw_b01,,,50000000,False
2024-03-08,naver_datalab_keyword,패션의류,,패딩,1.58819,0.12848841113314355,kw_b01,,,50000000,False
2024-03-08,naver_datalab_keyword,패션의류,,패션_앵커,12.36057,1.0,kw_b01,,,50000000,True
2024-03-08,naver_datalab_keyword,패션의류,,히트텍,0.16794,0.013586752067259036,kw_b01,,,50000000,False
2024-03-08,naver_datalab_keyword,패션의류,,가디건,5.09319,0.4120513859797728,kw_b02,,,50000000,False
2024-03-08,naver_datalab_keyword,패션의류,,반팔,0.31946,0.0258450864320982,kw_b02,,,50000000,False
2024-03-08,naver_datalab_keyword,패션의류,,자켓,3.10885,0.25151348198343604,kw_b02,,,50000000,False
2024-03-08,naver_datalab_keyword,패션의류,,패션_앵커,12.36057,1.0,kw_b02,,,50000000,True
2024-03-09,naver_datalab_keyword,패션의류,,코트,4.17313,0.25714283953751466,kw_b01,,,50000000,False
2024-03-09,naver_datalab_keyword,패션의류,,패딩,1.98798,0.12249674037084597,kw_b01,,,50000000,False
2024-03-09,naver_datalab_keyword,패션의류,,패션_앵커,16.22884,1.0,kw_b01,,,50000000,True
2024-03-09,naver_datalab_keyword,패션의류,,히트텍,0.13508,0.008323453801996939,kw_b01,,,50000000,False
2024-03-09,naver_datalab_keyword,패션의류,,가디건,6.15381,0.37918976340884497,kw_b02,,,50000000,False
2024-03-09,naver_datalab_keyword,패션의류,,반팔,0.37788,0.02328447381328548,kw_b02,,,50000000,False
2024-03-09,naver_datalab_keyword,패션의류,,자켓,4.04717,0.24938134826641953,kw_b02,,,50000000,False
2024-03-09,naver_datalab_keyword,패션의류,,패션_앵커,16.22884,1.0,kw_b02,,,50000000,True
2024-03-10,naver_datalab_keyword,패션의류,,코트,4.68062,0.2479447940344333,kw_b01,,,50000000,False
2024-03-10,naver_datalab_keyword,패션의류,,패딩,1.75979,0.09322072056562065,kw_b01,,,50000000,False
2024-03-10,naver_datalab_keyword,패션의류,,패션_앵커,18.87767,1.0,kw_b01,,,50000000,True
2024-03-10,naver_datalab_keyword,패션의류,,히트텍,0.20445,0.010830256064440156,kw_b01,,,50000000,False
2024-03-10,naver_datalab_keyword,패션의류,,가디건,7.39699,0.39183808171241474,kw_b02,,,50000000,False
2024-03-10,naver_datalab_keyword,패션의류,,레인부츠,0.00182,9.641020316596275e-05,kw_b02,,,50000000,False
2024-03-10,naver_datalab_keyword,패션의류,,반팔,0.43082,0.02282167237800004,kw_b02,,,50000000,False
2024-03-10,naver_datalab_keyword,패션의류,,자켓,4.28813,0.2271535629132197,kw_b02,,,50000000,False
2024-03-10,naver_datalab_keyword,패션의류,,패션_앵커,18.87767,1.0,kw_b02,,,50000000,True
2024-03-11,naver_datalab_keyword,패션의류,,목도리,0.00365,0.00024514890613214804,kw_b01,,,50000000,False
2024-03-11,naver_datalab_keyword,패션의류,,코트,4.08733,0.2745217749318117,kw_b01,,,50000000,False
2024-03-11,naver_datalab_keyword,패션의류,,패딩,1.34905,0.09060770734728063,kw_b01,,,50000000,False
2024-03-11,naver_datalab_keyword,패션의류,,패션_앵커,14.88891,1.0,kw_b01,,,50000000,True
2024-03-11,naver_datalab_keyword,패션의류,,히트텍,0.15334,0.01029894062090509,kw_b01,,,50000000,False
2024-03-11,naver_datalab_keyword,패션의류,,가디건,6.77084,0.45475726564268304,kw_b02,,,50000000,False
2024-03-11,naver_datalab_keyword,패션의류,,반팔,0.39248,0.026360559638012454,kw_b02,,,50000000,False
2024-03-11,naver_datalab_keyword,패션의류,,자켓,3.68571,0.24754733556721076,kw_b02,,,50000000,False
2024-03-11,naver_datalab_keyword,패션의류,,패션_앵커,14.88891,1.0,kw_b02,,,50000000,True
2024-03-12,naver_datalab_keyword,패션의류,,코트,4.34838,0.29909598092226036,kw_b01,,,50000000,False
2024-03-12,naver_datalab_keyword,패션의류,,패딩,1.32897,0.09141095897006618,kw_b01,,,50000000,False
2024-03-12,naver_datalab_keyword,패션의류,,패션_앵커,14.53841,1.0,kw_b01,,,50000000,True
2024-03-12,naver_datalab_keyword,패션의류,,히트텍,0.14969,0.010296174065802242,kw_b01,,,50000000,False
2024-03-12,naver_datalab_keyword,패션의류,,가디건,6.50249,0.4472628024660193,kw_b02,,,50000000,False
2024-03-12,naver_datalab_keyword,패션의류,,반팔,0.24279,0.01669990047054664,kw_b02,,,50000000,False
2024-03-12,naver_datalab_keyword,패션의류,,자켓,4.08733,0.28114009716330735,kw_b02,,,50000000,False
2024-03-12,naver_datalab_keyword,패션의류,,패션_앵커,14.53841,1.0,kw_b02,,,50000000,True
2024-03-13,naver_datalab_keyword,패션의류,,코트,3.86096,0.25849369124245636,kw_b01,,,50000000,False
2024-03-13,naver_datalab_keyword,패션의류,,패딩,1.35635,0.09080848237658656,kw_b01,,,50000000,False
2024-03-13,naver_datalab_keyword,패션의류,,패션_앵커,14.93638,1.0,kw_b01,,,50000000,True
2024-03-13,naver_datalab_keyword,패션의류,,히트텍,0.1862,0.012466206671228237,kw_b01,,,50000000,False
2024-03-13,naver_datalab_keyword,패션의류,,가디건,6.76536,0.45294509111310777,kw_b02,,,50000000,False
2024-03-13,naver_datalab_keyword,패션의류,,반팔,0.34867,0.023343674973454076,kw_b02,,,50000000,False
2024-03-13,naver_datalab_keyword,패션의류,,자켓,4.29179,0.2873380296966199,kw_b02,,,50000000,False
2024-03-13,naver_datalab_keyword,패션의류,,패션_앵커,14.93638,1.0,kw_b02,,,50000000,True
2024-03-14,naver_datalab_keyword,패션의류,,코트,3.91938,0.2603369106537815,kw_b01,,,50000000,False
2024-03-14,naver_datalab_keyword,패션의류,,패딩,1.08618,0.07214731554835825,kw_b01,,,50000000,False
2024-03-14,naver_datalab_keyword,패션의류,,패션_앵커,15.05503,1.0,kw_b01,,,50000000,True
2024-03-14,naver_datalab_keyword,패션의류,,히트텍,0.15151,0.010063746136673258,kw_b01,,,50000000,False
2024-03-14,naver_datalab_keyword,패션의류,,가디건,7.14142,0.4743544184236099,kw_b02,,,50000000,False
2024-03-14,naver_datalab_keyword,패션의류,,반팔,0.39066,0.025948802493253084,kw_b02,,,50000000,False
2024-03-14,naver_datalab_keyword,패션의류,,자켓,4.17678,0.2774341864479845,kw_b02,,,50000000,False
2024-03-14,naver_datalab_keyword,패션의류,,패션_앵커,15.05503,1.0,kw_b02,,,50000000,True
2024-03-15,naver_datalab_keyword,패션의류,,코트,3.51046,0.20280481006149784,kw_b01,,,50000000,False
2024-03-15,naver_datalab_keyword,패션의류,,패딩,0.72655,0.04197393924163251,kw_b01,,,50000000,False
2024-03-15,naver_datalab_keyword,패션의류,,패션_앵커,17.30955,1.0,kw_b01,,,50000000,True
2024-03-15,naver_datalab_keyword,패션의류,,히트텍,0.08579,0.0049562235875571575,kw_b01,,,50000000,False
2024-03-15,naver_datalab_keyword,패션의류,,가디건,6.9041,0.39886074450231224,kw_b02,,,50000000,False
2024-03-15,naver_datalab_keyword,패션의류,,레인부츠,0.00182,0.00010514427007056797,kw_b02,,,50000000,False
2024-03-15,naver_datalab_keyword,패션의류,,반팔,0.35597,0.020564948251109934,kw_b02,,,50000000,False
2024-03-15,naver_datalab_keyword,패션의류,,자켓,3.85549,0.2227377372606451,kw_b02,,,50000000,False
2024-03-15,naver_datalab_keyword,패션의류,,패션_앵커,17.30955,1.0,kw_b02,,,50000000,True
2024-03-16,naver_datalab_keyword,패션의류,,코트,3.15449,0.14368856946859887,kw_b01,,,50000000,False
2024-03-16,naver_datalab_keyword,패션의류,,패딩,0.70099,0.03193043893364478,kw_b01,,,50000000,False
2024-03-16,naver_datalab_keyword,패션의류,,패션_앵커,21.95366,1.0,kw_b01,,,50000000,True
2024-03-16,naver_datalab_keyword,패션의류,,히트텍,0.08579,0.003907776653186758,kw_b01,,,50000000,False
2024-03-16,naver_datalab_keyword,패션의류,,가디건,8.4138,0.3832527241471354,kw_b02,,,50000000,False
2024-03-16,naver_datalab_keyword,패션의류,,반팔,0.52209,0.023781456030566205,kw_b02,,,50000000,False
2024-03-16,naver_datalab_keyword,패션의류,,자켓,5.32138,0.2423914736768266,kw_b02,,,50000000,False
2024-03-16,naver_datalab_keyword,패션의류,,패션_앵커,21.95366,1.0,kw_b02,,,50000000,True
2024-03-17,naver_datalab_keyword,패션의류,,목도리,0.00182,7.347467384511539e-05,kw_b01,,,50000000,False
2024-03-17,naver_datalab_keyword,패션의류,,코트,3.4703,0.1400984399146725,kw_b01,,,50000000,False
2024-03-17,naver_datalab_keyword,패션의류,,패딩,0.92918,0.03751164694692545,kw_b01,,,50000000,False
2024-03-17,naver_datalab_keyword,패션의류,,패션_앵커,24.77044,1.0,kw_b01,,,50000000,True
2024-03-17,naver_datalab_keyword,패션의류,,히트텍,0.10953,0.00442180276167884,kw_b01,,,50000000,False
2024-03-17,naver_datalab_keyword,패션의류,,가디건,10.39266,0.41955895817756966,kw_b02,,,50000000,False
2024-03-17,naver_datalab_keyword,패션의류,,반팔,0.7302,0.02947868507785893,kw_b02,,,50000000,False
2024-03-17,naver_datalab_keyword,패션의류,,자켓,6.28342,0.25366606325927193,kw_b02,,,50000000,False
2024-03-17,naver_datalab_keyword,패션의류,,패션_앵커,24.77044,1.0,kw_b02,,,50000000,True
2024-03-18,naver_datalab_keyword,패션의류,,코트,2.71454,0.1443127422897887,kw_b01,,,50000000,False
2024-03-18,naver_datalab_keyword,패션의류,,패딩,0.66813,0.03551970960312853,kw_b01,,,50000000,False
2024-03-18,naver_datalab_keyword,패션의류,,패션_앵커,18.81012,1.0,kw_b01,,,50000000,True
2024-03-18,naver_datalab_keyword,패션의류,,히트텍,0.11135,0.005919685786161917,kw_b01,,,50000000,False
2024-03-18,naver_datalab_keyword,패션의류,,가디건,8.14545,0.43303551492494463,kw_b02,,,50000000,False
2024-03-18,naver_datalab_keyword,패션의류,,반팔,0.50201,0.026688293322955938,kw_b02,,,50000000,False
2024-03-18,naver_datalab_keyword,패션의류,,자켓,4.40132,0.2339868113547388,kw_b02,,,50000000,False
2024-03-18,naver_datalab_keyword,패션의류,,패션_앵커,18.81012,1.0,kw_b02,,,50000000,True
2024-03-19,naver_datalab_keyword,패션의류,,코트,2.57215,0.15412367643824895,kw_b01,,,50000000,False
2024-03-19,naver_datalab_keyword,패션의류,,패딩,0.78132,0.046816830618250364,kw_b01,,,50000000,False
2024-03-19,naver_datalab_keyword,패션의류,,패션_앵커,16.68887,1.0,kw_b01,,,50000000,True
2024-03-19,naver_datalab_keyword,패션의류,,히트텍,0.16612,0.009953939361981965,kw_b01,,,50000000,False
2024-03-19,naver_datalab_keyword,패션의류,,가디건,7.32214,0.43874390536926705,kw_b02,,,50000000,False
2024-03-19,naver_datalab_keyword,패션의류,,반팔,0.47645,0.02854896706607457,kw_b02,,,50000000,False
2024-03-19,naver_datalab_keyword,패션의류,,자켓,4.01796,0.24075686370617064,kw_b02,,,50000000,False
2024-03-19,naver_datalab_keyword,패션의류,,패션_앵커,16.68887,1.0,kw_b02,,,50000000,True
2024-03-20,naver_datalab_keyword,패션의류,,코트,3.12163,0.19222108167654878,kw_b01,,,50000000,False
2024-03-20,naver_datalab_keyword,패션의류,,패딩,0.84156,0.05182086714175491,kw_b01,,,50000000,False
2024-03-20,naver_datalab_keyword,패션의류,,패션_앵커,16.23979,1.0,kw_b01,,,50000000,True
2024-03-20,naver_datalab_keyword,패션의류,,히트텍,0.12961,0.007981014532823393,kw_b01,,,50000000,False
2024-03-20,naver_datalab_keyword,패션의류,,가디건,7.01181,0.43176728270501036,kw_b02,,,50000000,False
2024-03-20,naver_datalab_keyword,패션의류,,반팔,0.39248,0.024167800199386816,kw_b02,,,50000000,False
2024-03-20,naver_datalab_keyword,패션의류,,자켓,4.1494,0.2555082300941084,kw_b02,,,50000000,False
2024-03-20,naver_datalab_keyword,패션의류,,패션_앵커,16.23979,1.0,kw_b02,,,50000000,True
2024-03-21,naver_datalab_keyword,패션의류,,코트,2.86788,0.18600482154010395,kw_b01,,,50000000,False
2024-03-21,naver_datalab_keyword,패션의류,,패딩,0.81235,0.05268735678553616,kw_b01,,,50000000,False
2024-03-21,naver_datalab_keyword,패션의류,,패션_앵커,15.41831,1.0,kw_b01,,,50000000,True
2024-03-21,naver_datalab_keyword,패션의류,,히트텍,0.13873,0.00899774359187226,kw_b01,,,50000000,False
2024-03-21,naver_datalab_keyword,패션의류,,가디건,6.52074,0.42292183773708014,kw_b02,,,50000000,False
2024-03-21,naver_datalab_keyword,패션의류,,반팔,0.33772,0.02190382733256758,kw_b02,,,50000000,False
2024-03-21,naver_datalab_keyword,패션의류,,자켓,3.68389,0.23892955842760977,kw_b02,,,50000000,False
2024-03-21,naver_datalab_keyword,패션의류,,패션_앵커,15.41831,1.0,kw_b02,,,50000000,True
2024-03-22,naver_datalab_keyword,패션의류,,코트,2.19974,0.15476445934736555,kw_b01,,,50000000,False
2024-03-22,naver_datalab_keyword,패션의류,,패딩,0.74663,0.05252974818956948,kw_b01,,,50000000,False
2024-03-22,naver_datalab_keyword,패션의류,,패션_앵커,14.21347,1.0,kw_b01,,,50000000,True
2024-03-22,naver_datalab_keyword,패션의류,,히트텍,0.08032,0.005650977558611656,kw_b01,,,50000000,False
2024-03-22,naver_datalab_keyword,패션의류,,가디건,6.15381,0.43295620281324687,kw_b02,,,50000000,False
2024-03-22,naver_datalab_keyword,패션의류,,반팔,0.29938,0.021063118295532337,kw_b02,,,50000000,False
2024-03-22,naver_datalab_keyword,패션의류,,자켓,3.10885,0.21872561731934567,kw_b02,,,50000000,False
2024-03-22,naver_datalab_keyword,패션의류,,패션_앵커,14.21347,1.0,kw_b02,,,50000000,True
2024-03-23,naver_datalab_keyword,패션의류,,코트,2.12855,0.11632069109862955,kw_b01,,,50000000,False
2024-03-23,naver_datalab_keyword,패션의류,,패딩,0.62797,0.03431721330915712,kw_b01,,,50000000,False
2024-03-23,naver_datalab_keyword,패션의류,,패션_앵커,18.29898,1.0,kw_b01,,,50000000,True
2024-03-23,naver_datalab_keyword,패션의류,,히트텍,0.07667,0.004189851019018547,kw_b01,,,50000000,False
2024-03-23,naver_datalab_keyword,패션의류,,가디건,7.87893,0.43056662174613014,kw_b02,,,50000000,False
2024-03-23,naver_datalab_keyword,패션의류,,반팔,0.59146,0.03232202013445558,kw_b02,,,50000000,False
2024-03-23,naver_datalab_keyword,패션의류,,자켓,4.20051,0.22954886010039907,kw_b02,,,50000000,False
2024-03-23,naver_datalab_keyword,패션의류,,패션_앵커,18.29898,1.0,kw_b02,,,50000000,True
2024-03-24,naver_datalab_keyword,패션의류,,코트,1.73971,0.08318025296749595,kw_b01,,,50000000,False
2024-03-24,naver_datalab_keyword,패션의류,,패딩,0.55495,0.026533664452300605,kw_b01,,,50000000,False
2024-03-24,naver_datalab_keyword,패션의류,,패션_앵커,20.91494,1.0,kw_b01,,,50000000,True
2024-03-24,naver_datalab_keyword,패션의류,,히트텍,0.07302,0.003491284220753203,kw_b01,,,50000000,False
2024-03-24,naver_datalab_keyword,패션의류,,가디건,9.3649,0.44776126539210725,kw_b02,,,50000000,False
2024-03-24,naver_datalab_keyword,패션의류,,반팔,0.9091,0.04346653636108925,kw_b02,,,50000000,False
2024-03-24,naver_datalab_keyword,패션의류,,자켓,4.62586,0.22117491133132583,kw_b02,,,50000000,False
2024-03-24,naver_datalab_keyword,패션의류,,패션_앵커,20.91494,1.0,kw_b02,,,50000000,True
2024-03-25,naver_datalab_keyword,패션의류,,코트,2.18514,0.12251770365511093,kw_b01,,,50000000,False
2024-03-25,naver_datalab_keyword,패션의류,,패딩,0.40709,0.02282495949044872,kw_b01,,,50000000,False
2024-03-25,naver_datalab_keyword,패션의류,,패션_앵커,17.8353,1.0,kw_b01,,,50000000,True
2024-03-25,naver_datalab_keyword,패션의류,,히트텍,0.07849,0.004400823086799774,kw_b01,,,50000000,False
2024-03-25,naver_datalab_keyword,패션의류,,가디건,7.67447,0.4302966588731336,kw_b02,,,50000000,False
2024-03-25,naver_datalab_keyword,패션의류,,반팔,0.65718,0.03684715143563607,kw_b02,,,50000000,False
2024-03-25,naver_datalab_keyword,패션의류,,자켓,3.61634,0.20276305977471643,kw_b02,,,50000000,False
2024-03-25,naver_datalab_keyword,패션의류,,패션_앵커,17.8353,1.0,kw_b02,,,50000000,True
2024-03-26,naver_datalab_keyword,패션의류,,코트,1.80361,0.10527437082919157,kw_b01,,,50000000,False
2024-03-26,naver_datalab_keyword,패션의류,,패딩,0.52939,0.030899806040810225,kw_b01,,,50000000,False
2024-03-26,naver_datalab_keyword,패션의류,,패션_앵커,17.13247,1.0,kw_b01,,,50000000,True
2024-03-26,naver_datalab_keyword,패션의류,,히트텍,0.07849,0.004581359255262084,kw_b01,,,50000000,False
2024-03-26,naver_datalab_keyword,패션의류,,가디건,8.22395,0.48002126955424407,kw_b02,,,50000000,False
2024-03-26,naver_datalab_keyword,패션의류,,반팔,0.51479,0.03004762302224956,kw_b02,,,50000000,False
2024-03-26,naver_datalab_keyword,패션의류,,자켓,3.25307,0.18987746658829696,kw_b02,,,50000000,False
2024-03-26,naver_datalab_keyword,패션의류,,패션_앵커,17.13247,1.0,kw_b02,,,50000000,True
2024-03-27,naver_datalab_keyword,패션의류,,코트,1.58272,0.10084892477811541,kw_b01,,,50000000,False
2024-03-27,naver_datalab_keyword,패션의류,,패딩,0.49106,0.03128972465220718,kw_b01,,,50000000,False
2024-03-27,naver_datalab_keyword,패션의류,,패션_앵커,15.69397,1.0,kw_b01,,,50000000,True
2024-03-27,naver_datalab_keyword,패션의류,,히트텍,0.07119,0.004536137127826802,kw_b01,,,50000000,False
2024-03-27,naver_datalab_keyword,패션의류,,가디건,8.07426,0.514481676720422,kw_b02,,,50000000,False
2024-03-27,naver_datalab_keyword,패션의류,,반팔,0.5513,0.03512814157284613,kw_b02,,,50000000,False
2024-03-27,naver_datalab_keyword,패션의류,,자켓,3.30966,0.21088736629418814,kw_b02,,,50000000,False
2024-03-27,naver_datalab_keyword,패션의류,,패션_앵커,15.69397,1.0,kw_b02,,,50000000,True
2024-03-28,naver_datalab_keyword,패션의류,,목도리,0.00365,0.0002324112443743744,kw_b01,,,50000000,False
2024-03-28,naver_datalab_keyword,패션의류,,코트,1.65209,0.10519569663519458,kw_b01,,,50000000,False
2024-03-28,naver_datalab_keyword,패션의류,,패딩,0.45637,0.029059046464420066,kw_b01,,,50000000,False
2024-03-28,naver_datalab_keyword,패션의류,,패션_앵커,15.70492,1.0,kw_b01,,,50000000,True
2024-03-28,naver_datalab_keyword,패션의류,,히트텍,0.06754,0.004300563135628835,kw_b01,,,50000000,False
2024-03-28,naver_datalab_keyword,패션의류,,가디건,7.1688,0.45646841881397676,kw_b02,,,50000000,False
2024-03-28,naver_datalab_keyword,패션의류,,반팔,0.31763,0.020224872205652753,kw_b02,,,50000000,False
2024-03-28,naver_datalab_keyword,패션의류,,자켓,3.19282,0.2033006217159973,kw_b02,,,50000000,False
2024-03-28,naver_datalab_keyword,패션의류,,패션_앵커,15.70492,1.0,kw_b02,,,50000000,True
2024-03-29,naver_datalab_keyword,패션의류,,코트,1.39104,0.09581267266965278,kw_b01,,,50000000,False
2024-03-29,naver_datalab_keyword,패션의류,,패딩,0.33772,0.023261628575738394,kw_b01,,,50000000,False
2024-03-29,naver_datalab_keyword,패션의류,,패션_앵커,14.51833,1.0,kw_b01,,,50000000,True
2024-03-29,naver_datalab_keyword,패션의류,,히트텍,0.06389,0.004400643875707468,kw_b01,,,50000000,False
2024-03-29,naver_datalab_keyword,패션의류,,가디건,6.21223,0.4278887447798748,kw_b02,,,50000000,False
2024-03-29,naver_datalab_keyword,패션의류,,반팔,0.39613,0.02728481857073093,kw_b02,,,50000000,False
2024-03-29,naver_datalab_keyword,패션의류,,자켓,3.30783,0.22783818800096153,kw_b02,,,50000000,False
2024-03-29,naver_datalab_keyword,패션의류,,패션_앵커,14.51833,1.0,kw_b02,,,50000000,True
2024-03-30,naver_datalab_keyword,패션의류,,코트,1.44033,0.08323648713857493,kw_b01,,,50000000,False
2024-03-30,naver_datalab_keyword,패션의류,,패딩,0.37057,0.02141519307307472,kw_b01,,,50000000,False
2024-03-30,naver_datalab_keyword,패션의류,,패션_앵커,17.30407,1.0,kw_b01,,,50000000,True
2024-03-30,naver_datalab_keyword,패션의류,,히트텍,0.05476,0.0031645734211662347,kw_b01,,,50000000,False
2024-03-30,naver_datalab_keyword,패션의류,,가디건,7.72376,0.44635510605308465,kw_b02,,,50000000,False
2024-03-30,naver_datalab_keyword,패션의류,,반팔,0.5586,0.032281422809778276,kw_b02,,,50000000,False
2024-03-30,naver_datalab_keyword,패션의류,,자켓,3.75873,0.21721652767239152,kw_b02,,,50000000,False
2024-03-30,naver_datalab_keyword,패션의류,,패션_앵커,17.30407,1.0,kw_b02,,,50000000,True
2024-03-31,naver_datalab_keyword,패션의류,,코트,1.94052,0.09964358721432677,kw_b01,,,50000000,False
2024-03-31,naver_datalab_keyword,패션의류,,패딩,0.3797,0.01949718120157477,kw_b01,,,50000000,False
2024-03-31,naver_datalab_keyword,패션의류,,패션_앵커,19.47461,1.0,kw_b01,,,50000000,True
2024-03-31,naver_datalab_keyword,패션의류,,히트텍,0.06571,0.003374136889005737,kw_b01,,,50000000,False
2024-03-31,naver_datalab_keyword,패션의류,,가디건,9.53467,0.48959491358235163,kw_b02,,,50000000,False
2024-03-31,naver_datalab_keyword,패션의류,,반팔,0.63893,0.0328083591917887,kw_b02,,,50000000,False
2024-03-31,naver_datalab_keyword,패션의류,,자켓,3.99605,0.205192812590342,kw_b02,,,50000000,False
2024-03-31,naver_datalab_keyword,패션의류,,패션_앵커,19.47461,1.0,kw_b02,,,50000000,True
2024-04-01,naver_datalab_keyword,패션의류,,코트,1.37461,0.0766254072750685,kw_b01,,,50000000,False
2024-04-01,naver_datalab_keyword,패션의류,,패딩,0.31216,0.01740085343114438,kw_b01,,,50000000,False
2024-04-01,naver_datalab_keyword,패션의류,,패션_앵커,17.93935,1.0,kw_b01,,,50000000,True
2024-04-01,naver_datalab_keyword,패션의류,,히트텍,0.10953,0.006105572386959393,kw_b01,,,50000000,False
2024-04-01,naver_datalab_keyword,패션의류,,가디건,9.05639,0.5048337871773504,kw_b02,,,50000000,False
2024-04-01,naver_datalab_keyword,패션의류,,레인부츠,0.00182,0.00010145295119388383,kw_b02,,,50000000,False
2024-04-01,naver_datalab_keyword,패션의류,,반팔,0.63345,0.03531064391965149,kw_b02,,,50000000,False
2024-04-01,naver_datalab_keyword,패션의류,,자켓,3.41006,0.19008826964187664,kw_b02,,,50000000,False
2024-04-01,naver_datalab_keyword,패션의류,,패션_앵커,17.93935,1.0,kw_b02,,,50000000,True
2024-04-02,naver_datalab_keyword,패션의류,,코트,1.21944,0.0637158597858164,kw_b01,,,50000000,False
2024-04-02,naver_datalab_keyword,패션의류,,패딩,0.17524,0.009156307213857563,kw_b01,,,50000000,False
2024-04-02,naver_datalab_keyword,패션의류,,패션_앵커,19.13872,1.0,kw_b01,,,50000000,True
2024-04-02,naver_datalab_keyword,패션의류,,히트텍,0.07119,0.003719684493006847,kw_b01,,,50000000,False
2024-04-02,naver_datalab_keyword,패션의류,,가디건,8.99067,0.4697633906551744,kw_b02,,,50000000,False
2024-04-02,naver_datalab_keyword,패션의류,,반팔,0.78679,0.041109854786527,kw_b02,,,50000000,False
2024-04-02,naver_datalab_keyword,패션의류,,자켓,2.98837,0.15614262604813697,kw_b02,,,50000000,False
2024-04-02,naver_datalab_keyword,패션의류,,패션_앵커,19.13872,1.0,kw_b02,,,50000000,True
2024-04-03,naver_datalab_keyword,패션의류,,코트,1.30889,0.07252649462017638,kw_b01,,,50000000,False
2024-04-03,naver_datalab_keyword,패션의류,,패딩,0.24096,0.013351759233914002,kw_b01,,,50000000,False
2024-04-03,naver_datalab_keyword,패션의류,,패션_앵커,18.04706,1.0,kw_b01,,,50000000,True
2024-04-03,naver_datalab_keyword,패션의류,,히트텍,0.07849,0.004349184853377781,kw_b01,,,50000000,False
2024-04-03,naver_datalab_keyword,패션의류,,가디건,8.25498,0.4574141162050772,kw_b02,,,50000000,False
2024-04-03,naver_datalab_keyword,패션의류,,레인부츠,0.00365,0.00020224900897985602,kw_b02,,,50000000,False
2024-04-03,naver_datalab_keyword,패션의류,,반팔,0.7083,0.03924738987957042,kw_b02,,,50000000,False
2024-04-03,naver_datalab_keyword,패션의류,,자켓,3.41006,0.1889537686470816,kw_b02,,,50000000,False
2024-04-03,naver_datalab_keyword,패션의류,,패션_앵커,18.04706,1.0,kw_b02,,,50000000,True
2024-04-04,naver_datalab_keyword,패션의류,,코트,0.7229,0.03929325410543572,kw_b01,,,50000000,False
2024-04-04,naver_datalab_keyword,패션의류,,패딩,0.18072,0.009823041751188744,kw_b01,,,50000000,False
2024-04-04,naver_datalab_keyword,패션의류,,패션_앵커,18.39756,1.0,kw_b01,,,50000000,True
2024-04-04,naver_datalab_keyword,패션의류,,히트텍,0.03833,0.0020834284546428984,kw_b01,,,50000000,False
2024-04-04,naver_datalab_keyword,패션의류,,가디건,7.14324,0.3882710533353336,kw_b02,,,50000000,False
2024-04-04,naver_datalab_keyword,패션의류,,반팔,0.82148,0.04465157336081524,kw_b02,,,50000000,False
2024-04-04,naver_datalab_keyword,패션의류,,자켓,2.89344,0.1572730296843712,kw_b02,,,50000000,False
2024-04-04,naver_datalab_keyword,패션의류,,패션_앵커,18.39756,1.0,kw_b02,,,50000000,True
2024-04-05,naver_datalab_keyword,패션의류,,목도리,0.00182,0.00010593750618453848,kw_b01,,,50000000,False
2024-04-05,naver_datalab_keyword,패션의류,,코트,0.64623,0.03761538166023863,kw_b01,,,50000000,False
2024-04-05,naver_datalab_keyword,패션의류,,패딩,0.12596,0.007331806746705751,kw_b01,,,50000000,False
2024-04-05,naver_datalab_keyword,패션의류,,패션_앵커,17.17994,1.0,kw_b01,,,50000000,True
2024-04-05,naver_datalab_keyword,패션의류,,히트텍,0.02373,0.0013812620998676366,kw_b01,,,50000000,False
2024-04-05,naver_datalab_keyword,패션의류,,가디건,6.12643,0.3566036901176605,kw_b02,,,50000000,False
2024-04-05,naver_datalab_keyword,패션의류,,반팔,0.61337,0.03570268580681889,kw_b02,,,50000000,False
2024-04-05,naver_datalab_keyword,패션의류,,자켓,2.36039,0.13739221440819935,kw_b02,,,50000000,False
2024-04-05,naver_datalab_keyword,패션의류,,패션_앵커,17.17994,1.0,kw_b02,,,50000000,True
2024-04-06,naver_datalab_keyword,패션의류,,코트,0.82878,0.0431597579704009,kw_b01,,,50000000,False
2024-04-06,naver_datalab_keyword,패션의류,,패딩,0.16247,0.00846082902272139,kw_b01,,,50000000,False
2024-04-06,naver_datalab_keyword,패션의류,,패션_앵커,19.20261,1.0,kw_b01,,,50000000,True
2024-04-06,naver_datalab_keyword,패션의류,,히트텍,0.03285,0.0017107049510457172,kw_b01,,,50000000,False
2024-04-06,naver_datalab_keyword,패션의류,,가디건,6.95522,0.36220180485881864,kw_b02,,,50000000,False
2024-04-06,naver_datalab_keyword,패션의류,,반팔,0.92918,0.04838821389384047,kw_b02,,,50000000,False
2024-04-06,naver_datalab_keyword,패션의류,,자켓,3.00662,0.15657350745549692,kw_b02,,,50000000,False
2024-04-06,naver_datalab_keyword,패션의류,,패션_앵커,19.20261,1.0,kw_b02,,,50000000,True
2024-04-07,naver_datalab_keyword,패션의류,,코트,0.87259,0.03696799643110279,kw_b01,,,50000000,False
2024-04-07,naver_datalab_keyword,패션의류,,패딩,0.08397,0.003557458440183478,kw_b01,,,50000000,False
2024-04-07,naver_datalab_keyword,패션의류,,패션_앵커,23.60393,1.0,kw_b01,,,50000000,True
2024-04-07,naver_datalab_keyword,패션의류,,히트텍,0.03833,0.001623882124713978,kw_b01,,,50000000,False
2024-04-07,naver_datalab_keyword,패션의류,,가디건,7.73289,0.3276102750686009,kw_b02,,,50000000,False
2024-04-07,naver_datalab_keyword,패션의류,,반팔,1.55168,0.06573820545985351,kw_b02,,,50000000,False
2024-04-07,naver_datalab_keyword,패션의류,,자켓,2.88614,0.12227370611588835,kw_b02,,,50000000,False
2024-04-07,naver_datalab_keyword,패션의류,,패션_앵커,23.60393,1.0,kw_b02,,,50000000,True
2024-04-08,naver_datalab_keyword,패션의류,,코트,0.58233,0.028560708610440824,kw_b01,,,50000000,False
2024-04-08,naver_datalab_keyword,패션의류,,패딩,0.09492,0.004655405803072215,kw_b01,,,50000000,False
2024-04-08,naver_datalab_keyword,패션의류,,패션_앵커,20.3892,1.0,kw_b01,,,50000000,True
2024-04-08,naver_datalab_keyword,패션의류,,히트텍,0.07667,0.003760324093147353,kw_b01,,,50000000,False
2024-04-08,naver_datalab_keyword,패션의류,,가디건,7.33675,0.3598351087830813,kw_b02,,,50000000,False
2024-04-08,naver_datalab_keyword,패션의류,,반팔,1.13912,0.0558687932827183,kw_b02,,,50000000,False
2024-04-08,naver_datalab_keyword,패션의류,,자켓,2.72732,0.13376297255409728,kw_b02,,,50000000,False
2024-04-08,naver_datalab_keyword,패션의류,,패션_앵커,20.3892,1.0,kw_b02,,,50000000,True
2024-04-09,naver_datalab_keyword,패션의류,,코트,0.73203,0.03583225318854825,kw_b01,,,50000000,False
2024-04-09,naver_datalab_keyword,패션의류,,패딩,0.13873,0.0067907168898095685,kw_b01,,,50000000,False
2024-04-09,naver_datalab_keyword,패션의류,,패션_앵커,20.42936,1.0,kw_b01,,,50000000,True
2024-04-09,naver_datalab_keyword,패션의류,,히트텍,0.03103,0.0015188924175794053,kw_b01,,,50000000,False
2024-04-09,naver_datalab_keyword,패션의류,,가디건,6.48606,0.3174871851100573,kw_b02,,,50000000,False
2024-04-09,naver_datalab_keyword,패션의류,,반팔,1.10808,0.05423958459785329,kw_b02,,,50000000,False
2024-04-09,naver_datalab_keyword,패션의류,,자켓,2.19427,0.10740767209545478,kw_b02,,,50000000,False
2024-04-09,naver_datalab_keyword,패션의류,,패션_앵커,20.42936,1.0,kw_b02,,,50000000,True
2024-04-10,naver_datalab_keyword,패션의류,,코트,0.73933,0.029480101838394352,kw_b01,,,50000000,False
2024-04-10,naver_datalab_keyword,패션의류,,패딩,0.17707,0.00706050293174156,kw_b01,,,50000000,False
2024-04-10,naver_datalab_keyword,패션의류,,패션_앵커,25.07895,1.0,kw_b01,,,50000000,True
2024-04-10,naver_datalab_keyword,패션의류,,히트텍,0.05111,0.002037964109342696,kw_b01,,,50000000,False
2024-04-10,naver_datalab_keyword,패션의류,,가디건,7.14689,0.2849756469070675,kw_b02,,,50000000,False
2024-04-10,naver_datalab_keyword,패션의류,,반팔,1.31802,0.05255483184104598,kw_b02,,,50000000,False
2024-04-10,naver_datalab_keyword,패션의류,,자켓,2.88431,0.1150092009434207,kw_b02,,,50000000,False
2024-04-10,naver_datalab_keyword,패션의류,,패션_앵커,25.07895,1.0,kw_b02,,,50000000,True
2024-04-11,naver_datalab_keyword,패션의류,,코트,0.73385,0.03963673661406074,kw_b01,,,50000000,False
2024-04-11,naver_datalab_keyword,패션의류,,패딩,0.1223,0.006605672668664753,kw_b01,,,50000000,False
2024-04-11,naver_datalab_keyword,패션의류,,패션_앵커,18.51439,1.0,kw_b01,,,50000000,True
2024-04-11,naver_datalab_keyword,패션의류,,히트텍,0.03285,0.0017742955614524702,kw_b01,,,50000000,False
2024-04-11,naver_datalab_keyword,패션의류,,가디건,6.49884,0.35101561542130205,kw_b02,,,50000000,False
2024-04-11,naver_datalab_keyword,패션의류,,반팔,1.15555,0.06241361449121468,kw_b02,,,50000000,False
2024-04-11,naver_datalab_keyword,패션의류,,자켓,1.76162,0.0951486924494947,kw_b02,,,50000000,False
2024-04-11,naver_datalab_keyword,패션의류,,패션_앵커,18.51439,1.0,kw_b02,,,50000000,True
2024-04-12,naver_datalab_keyword,패션의류,,코트,0.52209,0.02460389607635507,kw_b01,,,50000000,False
2024-04-12,naver_datalab_keyword,패션의류,,패딩,0.1223,0.005763482330897403,kw_b01,,,50000000,False
2024-04-12,naver_datalab_keyword,패션의류,,패션_앵커,21.21981,1.0,kw_b01,,,50000000,True
2024-04-12,naver_datalab_keyword,패션의류,,히트텍,0.03833,0.0018063309709182129,kw_b01,,,50000000,False
2024-04-12,naver_datalab_keyword,패션의류,,가디건,5.00191,0.23571888720964043,kw_b02,,,50000000,False
2024-04-12,naver_datalab_keyword,패션의류,,반팔,1.3381,0.0630590000570222,kw_b02,,,50000000,False
2024-04-12,naver_datalab_keyword,패션의류,,자켓,1.77987,0.08387775385359247,kw_b02,,,50000000,False
2024-04-12,naver_datalab_keyword,패션의류,,패션_앵커,21.21981,1.0,kw_b02,,,50000000,True
2024-04-13,naver_datalab_keyword,패션의류,,코트,0.4728,0.018658247829518547,kw_b01,,,50000000,False
2024-04-13,naver_datalab_keyword,패션의류,,패딩,0.14969,0.005907261247040252,kw_b01,,,50000000,False
2024-04-13,naver_datalab_keyword,패션의류,,패션_앵커,25.34,1.0,kw_b01,,,50000000,True
2024-04-13,naver_datalab_keyword,패션의류,,히트텍,0.02738,0.0010805051302288872,kw_b01,,,50000000,False
2024-04-13,naver_datalab_keyword,패션의류,,가디건,4.94897,0.19530268350434096,kw_b02,,,50000000,False
2024-04-13,naver_datalab_keyword,패션의류,,반팔,2.5758,0.10164956590370955,kw_b02,,,50000000,False
2024-04-13,naver_datalab_keyword,패션의류,,자켓,1.84012,0.07261720599842146,kw_b02,,,50000000,False
2024-04-13,naver_datalab_keyword,패션의류,,패션_앵커,25.34,1.0,kw_b02,,,50000000,True
2024-04-14,naver_datalab_keyword,패션의류,,코트,0.46733,0.016086387961696685,kw_b01,,,50000000,False
2024-04-14,naver_datalab_keyword,패션의류,,패딩,0.10953,0.0037702310432555963,kw_b01,,,50000000,False
2024-04-14,naver_datalab_keyword,패션의류,,패션_앵커,29.05127,1.0,kw_b01,,,50000000,True
2024-04-14,naver_datalab_keyword,패션의류,,히트텍,0.01095,0.0003769198386163497,kw_b01,,,50000000,False
2024-04-14,naver_datalab_keyword,패션의류,,가디건,5.97491,0.20566777287189167,kw_b02,,,50000000,False
2024-04-14,naver_datalab_keyword,패션의류,,반팔,3.19465,0.10996593264253164,kw_b02,,,50000000,False
2024-04-14,naver_datalab_keyword,패션의류,,자켓,1.5316,0.052720586741990975,kw_b02,,,50000000,False
2024-04-14,naver_datalab_keyword,패션의류,,패션_앵커,29.05127,1.0,kw_b02,,,50000000,True
2024-04-15,naver_datalab_keyword,패션의류,,코트,0.41621,0.017698780123242126,kw_b01,,,50000000,False
2024-04-15,naver_datalab_keyword,패션의류,,패딩,0.10222,0.004346770390422647,kw_b01,,,50000000,False
2024-04-15,naver_datalab_keyword,패션의류,,패션_앵커,23.51631,1.0,kw_b01,,,50000000,True
2024-04-15,naver_datalab_keyword,패션의류,,히트텍,0.0292,0.0012416914048164868,kw_b01,,,50000000,False
2024-04-15,naver_datalab_keyword,패션의류,,가디건,4.69157,0.19950281315393442,kw_b02,,,50000000,False
2024-04-15,naver_datalab_keyword,패션의류,,반팔,1.74154,0.07405668661452414,kw_b02,,,50000000,False
2024-04-15,naver_datalab_keyword,패션의류,,자켓,1.6174,0.06877779719692417,kw_b02,,,50000000,False
2024-04-15,naver_datalab_keyword,패션의류,,패션_앵커,23.51631,1.0,kw_b02,,,50000000,True
2024-04-16,naver_datalab_keyword,패션의류,,코트,0.38153,0.01618761734039055,kw_b01,,,50000000,False
2024-04-16,naver_datalab_keyword,패션의류,,패딩,0.1935,0.008209849698229686,kw_b01,,,50000000,False
2024-04-16,naver_datalab_keyword,패션의류,,패션_앵커,23.56925,1.0,kw_b01,,,50000000,True
2024-04-16,naver_datalab_keyword,패션의류,,히트텍,0.02373,0.0010068203273332838,kw_b01,,,50000000,False
2024-04-16,naver_datalab_keyword,패션의류,,가디건,4.89786,0.207807206423624,kw_b02,,,50000000,False
2024-04-16,naver_datalab_keyword,패션의류,,반팔,1.70685,0.07241851140787255,kw_b02,,,50000000,False
2024-04-16,naver_datalab_keyword,패션의류,,자켓,1.74701,0.07412242646668858,kw_b02,,,50000000,False
2024-04-16,naver_datalab_keyword,패션의류,,패션_앵커,23.56925,1.0,kw_b02,,,50000000,True
2024-04-17,naver_datalab_keyword,패션의류,,코트,0.33772,0.015337398237370898,kw_b01,,,50000000,False
2024-04-17,naver_datalab_keyword,패션의류,,패딩,0.09857,0.004476511146090398,kw_b01,,,50000000,False
2024-04-17,naver_datalab_keyword,패션의류,,패션_앵커,22.01938,1.0,kw_b01,,,50000000,True
2024-04-17,naver_datalab_keyword,패션의류,,히트텍,0.01642,0.0007457067365202835,kw_b01,,,50000000,False
2024-04-17,naver_datalab_keyword,패션의류,,가디건,4.8577,0.22061020791684416,kw_b02,,,50000000,False
2024-04-17,naver_datalab_keyword,패션의류,,레인부츠,0.00182,8.265446166059171e-05,kw_b02,,,50000000,False
2024-04-17,naver_datalab_keyword,패션의류,,반팔,1.66122,0.07544354109879568,kw_b02,,,50000000,False
2024-04-17,naver_datalab_keyword,패션의류,,자켓,1.61375,0.07328771291471421,kw_b02,,,50000000,False
2024-04-17,naver_datalab_keyword,패션의류,,패션_앵커,22.01938,1.0,kw_b02,,,50000000,True
2024-04-18,naver_datalab_keyword,패션의류,,코트,0.29573,0.013153458648422413,kw_b01,,,50000000,False
2024-04-18,naver_datalab_keyword,패션의류,,패딩,0.05293,0.0023542169081966604,kw_b01,,,50000000,False
2024-04-18,naver_datalab_keyword,패션의류,,패션_앵커,22.48306,1.0,kw_b01,,,50000000,True
2024-04-18,naver_datalab_keyword,패션의류,,히트텍,0.02008,0.0008931168622064791,kw_b01,,,50000000,False
2024-04-18,naver_datalab_keyword,패션의류,,가디건,4.30822,0.19162071355055765,kw_b02,,,50000000,False
2024-04-18,naver_datalab_keyword,패션의류,,반팔,1.8675,0.08306253686108564,kw_b02,,,50000000,False
2024-04-18,naver_datalab_keyword,패션의류,,자켓,1.47136,0.06544304912231698,kw_b02,,,50000000,False
2024-04-18,naver_datalab_keyword,패션의류,,패션_앵커,22.48306,1.0,kw_b02,,,50000000,True
2024-04-19,naver_datalab_keyword,패션의류,,코트,0.23914,0.011326171868524713,kw_b01,,,50000000,False
2024-04-19,naver_datalab_keyword,패션의류,,패딩,0.1004,0.004755154535418087,kw_b01,,,50000000,False
2024-04-19,naver_datalab_keyword,패션의류,,패션_앵커,21.11393,1.0,kw_b01,,,50000000,True
2024-04-19,naver_datalab_keyword,패션의류,,히트텍,0.01825,0.0008643582696352597,kw_b01,,,50000000,False
2024-04-19,naver_datalab_keyword,패션의류,,가디건,3.9924,0.18908843592831842,kw_b02,,,50000000,False
2024-04-19,naver_datalab_keyword,패션의류,,레인부츠,0.00365,0.00017287165392705194,kw_b02,,,50000000,False
2024-04-19,naver_datalab_keyword,패션의류,,반팔,1.65391,0.07833264579355904,kw_b02,,,50000000,False
2024-04-19,naver_datalab_keyword,패션의류,,자켓,1.15372,0.05464259851197764,kw_b02,,,50000000,False
2024-04-19,naver_datalab_keyword,패션의류,,패션_앵커,21.11393,1.0,kw_b02,,,50000000,True
2024-04-20,naver_datalab_keyword,패션의류,,코트,0.2793,0.011290514270191343,kw_b01,,,50000000,False
2024-04-20,naver_datalab_keyword,패션의류,,패딩,0.1223,0.004943895077853209,kw_b01,,,50000000,False
2024-04-20,naver_datalab_keyword,패션의류,,패션_앵커,24.73758,1.0,kw_b01,,,50000000,True
2024-04-20,naver_datalab_keyword,패션의류,,히트텍,0.0219,0.0008852927408420709,kw_b01,,,50000000,False
2024-04-20,naver_datalab_keyword,패션의류,,가디건,4.12201,0.1666294762866861,kw_b02,,,50000000,False
2024-04-20,naver_datalab_keyword,패션의류,,반팔,1.62105,0.06552985376904288,kw_b02,,,50000000,False
2024-04-20,naver_datalab_keyword,패션의류,,자켓,1.52978,0.06184032552901294,kw_b02,,,50000000,False
2024-04-20,naver_datalab_keyword,패션의류,,패션_앵커,24.73758,1.0,kw_b02,,,50000000,True
2024-04-21,naver_datalab_keyword,패션의류,,코트,0.26469,0.010522867528114052,kw_b01,,,50000000,False
2024-04-21,naver_datalab_keyword,패션의류,,패딩,0.12048,0.0047897354633238175,kw_b01,,,50000000,False
2024-04-21,naver_datalab_keyword,패션의류,,패션_앵커,25.15379,1.0,kw_b01,,,50000000,True
2024-04-21,naver_datalab_keyword,패션의류,,히트텍,0.03285,0.0013059662182120467,kw_b01,,,50000000,False
2024-04-21,naver_datalab_keyword,패션의류,,가디건,5.06398,0.20132075524205298,kw_b02,,,50000000,False
2024-04-21,naver_datalab_keyword,패션의류,,레인부츠,0.0073,0.0002902147151582326,kw_b02,,,50000000,False
2024-04-21,naver_datalab_keyword,패션의류,,반팔,1.9606,0.0779445165122234,kw_b02,,,50000000,False
2024-04-21,naver_datalab_keyword,패션의류,,자켓,1.83281,0.07286416877933703,kw_b02,,,50000000,False
2024-04-21,naver_datalab_keyword,패션의류,,패션_앵커,25.15379,1.0,kw_b02,,,50000000,True
2024-04-22,naver_datalab_keyword,패션의류,,코트,0.24279,0.011840988675490875,kw_b01,,,50000000,False
2024-04-22,naver_datalab_keyword,패션의류,,패딩,0.0931,0.004540533159060095,kw_b01,,,50000000,False
2024-04-22,naver_datalab_keyword,패션의류,,패션_앵커,20.5042,1.0,kw_b01,,,50000000,True
2024-04-22,naver_datalab_keyword,패션의류,,히트텍,0.03833,0.0018693731040469758,kw_b01,,,50000000,False
2024-04-22,naver_datalab_keyword,패션의류,,가디건,4.19686,0.2046829430067986,kw_b02,,,50000000,False
2024-04-22,naver_datalab_keyword,패션의류,,레인부츠,0.0073,0.00035602461934628024,kw_b02,,,50000000,False
2024-04-22,naver_datalab_keyword,패션의류,,반팔,1.50422,0.07336155519357009,kw_b02,,,50000000,False
2024-04-22,naver_datalab_keyword,패션의류,,자켓,1.28151,0.06249987807376049,kw_b02,,,50000000,False
2024-04-22,naver_datalab_keyword,패션의류,,패션_앵커,20.5042,1.0,kw_b02,,,50000000,True
2024-04-23,naver_datalab_keyword,패션의류,,코트,0.25009,0.011678186553998712,kw_b01,,,50000000,False
2024-04-23,naver_datalab_keyword,패션의류,,패딩,0.09857,0.004602818379893851,kw_b01,,,50000000,False
2024-04-23,naver_datalab_keyword,패션의류,,패션_앵커,21.41514,1.0,kw_b01,,,50000000,True
2024-04-23,naver_datalab_keyword,패션의류,,히트텍,0.0292,0.0013635213218311903,kw_b01,,,50000000,False
2024-04-23,naver_datalab_keyword,패션의류,,가디건,4.18591,0.19546498411871227,kw_b02,,,50000000,False
2024-04-23,naver_datalab_keyword,패션의류,,반팔,1.49144,0.06964418630931202,kw_b02,,,50000000,False
2024-04-23,naver_datalab_keyword,패션의류,,자켓,1.90583,0.08899451509539512,kw_b02,,,50000000,False
2024-04-23,naver_datalab_keyword,패션의류,,패션_앵커,21.41514,1.0,kw_b02,,,50000000,True
2024-04-24,naver_datalab_keyword,패션의류,,코트,0.25922,0.013084973582204597,kw_b01,,,50000000,False
2024-04-24,naver_datalab_keyword,패션의류,,패딩,0.09675,0.004883771291097503,kw_b01,,,50000000,False
2024-04-24,naver_datalab_keyword,패션의류,,패션_앵커,19.81051,1.0,kw_b01,,,50000000,True
2024-04-24,naver_datalab_keyword,패션의류,,히트텍,0.03468,0.0017505859263592912,kw_b01,,,50000000,False
2024-04-24,naver_datalab_keyword,패션의류,,가디건,4.22242,0.2131403987075547,kw_b02,,,50000000,False
2024-04-24,naver_datalab_keyword,패션의류,,반팔,1.45128,0.0732580837141497,kw_b02,,,50000000,False
2024-04-24,naver_datalab_keyword,패션의류,,자켓,1.40929,0.07113850173468526,kw_b02,,,50000000,False
2024-04-24,naver_datalab_keyword,패션의류,,패션_앵커,19.81051,1.0,kw_b02,,,50000000,True
2024-04-25,naver_datalab_keyword,패션의류,,코트,0.25374,0.013349621829109688,kw_b01,,,50000000,False
2024-04-25,naver_datalab_keyword,패션의류,,패딩,0.1004,0.00528218661481285,kw_b01,,,50000000,False
2024-04-25,naver_datalab_keyword,패션의류,,패션_앵커,19.00728,1.0,kw_b01,,,50000000,True
2024-04-25,naver_datalab_keyword,패션의류,,히트텍,0.03468,0.0018245640617700165,kw_b01,,,50000000,False
2024-04-25,naver_datalab_keyword,패션의류,,가디건,3.52507,0.1854589399430113,kw_b02,,,50000000,False
2024-04-25,naver_datalab_keyword,패션의류,,반팔,1.03871,0.054648008552512506,kw_b02,,,50000000,False
2024-04-25,naver_datalab_keyword,패션의류,,자켓,0.84521,0.04446769869229053,kw_b02,,,50000000,False
2024-04-25,naver_datalab_keyword,패션의류,,패션_앵커,19.00728,1.0,kw_b02,,,50000000,True
2024-04-26,naver_datalab_keyword,패션의류,,코트,0.19715,0.010820241837756196,kw_b01,,,50000000,False
2024-04-26,naver_datalab_keyword,패션의류,,패딩,0.04198,0.0023040007727568104,kw_b01,,,50000000,False
2024-04-26,naver_datalab_keyword,패션의류,,패션_앵커,18.22048,1.0,kw_b01,,,50000000,True
2024-04-26,naver_datalab_keyword,패션의류,,히트텍,0.01277,0.0007008596919510354,kw_b01,,,50000000,False
2024-04-26,naver_datalab_keyword,패션의류,,가디건,2.9409,0.16140628567414253,kw_b02,,,50000000,False
2024-04-26,naver_datalab_keyword,패션의류,,레인부츠,0.00182,9.988759900946628e-05,kw_b02,,,50000000,False
2024-04-26,naver_datalab_keyword,패션의류,,반팔,1.10808,0.060815082807917246,kw_b02,,,50000000,False
2024-04-26,naver_datalab_keyword,패션의류,,자켓,1.16285,0.06382104093854828,kw_b02,,,50000000,False
2024-04-26,naver_datalab_keyword,패션의류,,패션_앵커,18.22048,1.0,kw_b02,,,50000000,True
2024-04-27,naver_datalab_keyword,패션의류,,코트,0.16612,0.0068379079920210676,kw_b01,,,50000000,False
2024-04-27,naver_datalab_keyword,패션의류,,패딩,0.08397,0.0034564118353600354,kw_b01,,,50000000,False
2024-04-27,naver_datalab_keyword,패션의류,,패션_앵커,24.29398,1.0,kw_b01,,,50000000,True
2024-04-27,naver_datalab_keyword,패션의류,,히트텍,0.0146,0.0006009719280249675,kw_b01,,,50000000,False
2024-04-27,naver_datalab_keyword,패션의류,,가디건,2.95003,0.12143049430352704,kw_b02,,,50000000,False
2024-04-27,naver_datalab_keyword,패션의류,,반팔,1.66669,0.0686050618301324,kw_b02,,,50000000,False
2024-04-27,naver_datalab_keyword,패션의류,,자켓,1.16102,0.04779044026544847,kw_b02,,,50000000,False
2024-04-27,naver_datalab_keyword,패션의류,,패션_앵커,24.29398,1.0,kw_b02,,,50000000,True
2024-04-28,naver_datalab_keyword,패션의류,,코트,0.13873,0.004775950663083585,kw_b01,,,50000000,False
2024-04-28,naver_datalab_keyword,패션의류,,패딩,0.0931,0.003205081862128464,kw_b01,,,50000000,False
2024-04-28,naver_datalab_keyword,패션의류,,패션_앵커,29.04762,1.0,kw_b01,,,50000000,True
2024-04-28,naver_datalab_keyword,패션의류,,히트텍,0.00912,0.00031396720282074746,kw_b01,,,50000000,False
2024-04-28,naver_datalab_keyword,패션의류,,가디건,3.61087,0.12430863526856933,kw_b02,,,50000000,False
2024-04-28,naver_datalab_keyword,패션의류,,반팔,2.05005,0.07057548948932822,kw_b02,,,50000000,False
2024-04-28,naver_datalab_keyword,패션의류,,자켓,1.18841,0.04091247406844348,kw_b02,,,50000000,False
2024-04-28,naver_datalab_keyword,패션의류,,패션_앵커,29.04762,1.0,kw_b02,,,50000000,True
2024-04-29,naver_datalab_keyword,패션의류,,코트,0.15516,0.00698915455824318,kw_b01,,,50000000,False
2024-04-29,naver_datalab_keyword,패션의류,,패딩,0.09492,0.004275654490000275,kw_b01,,,50000000,False
2024-04-29,naver_datalab_keyword,패션의류,,패션_앵커,22.20011,1.0,kw_b01,,,50000000,True
2024-04-29,naver_datalab_keyword,패션의류,,히트텍,0.01277,0.000575222375024268,kw_b01,,,50000000,False
2024-04-29,naver_datalab_keyword,패션의류,,가디건,3.13623,0.1412709216305685,kw_b02,,,50000000,False
2024-04-29,naver_datalab_keyword,패션의류,,반팔,1.78535,0.08042077268986506,kw_b02,,,50000000,False
2024-04-29,naver_datalab_keyword,패션의류,,자켓,0.85799,0.03864800669906591,kw_b02,,,50000000,False
2024-04-29,naver_datalab_keyword,패션의류,,패션_앵커,22.20011,1.0,kw_b02,,,50000000,True
2024-04-30,naver_datalab_keyword,패션의류,,코트,0.10953,0.004961092137803586,kw_b01,,,50000000,False
2024-04-30,naver_datalab_keyword,패션의류,,패딩,0.05476,0.0024803195970613014,kw_b01,,,50000000,False
2024-04-30,naver_datalab_keyword,패션의류,,패션_앵커,22.0778,1.0,kw_b01,,,50000000,True
2024-04-30,naver_datalab_keyword,패션의류,,히트텍,0.05111,0.0023149951535026136,kw_b01,,,50000000,False
2024-04-30,naver_datalab_keyword,패션의류,,가디건,2.90804,0.131717834204495,kw_b02,,,50000000,False
2024-04-30,naver_datalab_keyword,패션의류,,반팔,1.56264,0.07077879136508167,kw_b02,,,50000000,False
2024-04-30,naver_datalab_keyword,패션의류,,자켓,0.816,0.03696020436818886,kw_b02,,,50000000,False
2024-04-30,naver_datalab_keyword,패션의류,,패션_앵커,22.0778,1.0,kw_b02,,,50000000,True
2024-05-01,naver_datalab_keyword,패션의류,,코트,0.1223,0.005553277637091718,kw_b01,,,50000000,False
2024-05-01,naver_datalab_keyword,패션의류,,패딩,0.15151,0.006879616474209044,kw_b01,,,50000000,False
2024-05-01,naver_datalab_keyword,패션의류,,패션_앵커,22.02303,1.0,kw_b01,,,50000000,True
2024-05-01,naver_datalab_keyword,패션의류,,히트텍,0.01277,0.0005798475504960036,kw_b01,,,50000000,False
2024-05-01,naver_datalab_keyword,패션의류,,가디건,3.43562,0.1560012405195834,kw_b02,,,50000000,False
2024-05-01,naver_datalab_keyword,패션의류,,반팔,1.67399,0.07601088496905287,kw_b02,,,50000000,False
2024-05-01,naver_datalab_keyword,패션의류,,자켓,1.27603,0.05794071024740919,kw_b02,,,50000000,False
2024-05-01,naver_datalab_keyword,패션의류,,패션_앵커,22.02303,1.0,kw_b02,,,50000000,True
2024-05-02,naver_datalab_keyword,패션의류,,코트,0.15516,0.007712105261588288,kw_b01,,,50000000,False
2024-05-02,naver_datalab_keyword,패션의류,,패딩,0.10222,0.005080764371226829,kw_b01,,,50000000,False
2024-05-02,naver_datalab_keyword,패션의류,,패션_앵커,20.11902,1.0,kw_b01,,,50000000,True
2024-05-02,naver_datalab_keyword,패션의류,,히트텍,0.00912,0.00045330239743287696,kw_b01,,,50000000,False
2024-05-02,naver_datalab_keyword,패션의류,,가디건,3.13988,0.15606525566354623,kw_b02,,,50000000,False
2024-05-02,naver_datalab_keyword,패션의류,,반팔,1.33262,0.06623682465646935,kw_b02,,,50000000,False
2024-05-02,naver_datalab_keyword,패션의류,,자켓,0.80505,0.04001437445760281,kw_b02,,,50000000,False
2024-05-02,naver_datalab_keyword,패션의류,,패션_앵커,20.11902,1.0,kw_b02,,,50000000,True
2024-05-03,naver_datalab_keyword,패션의류,,코트,0.08214,0.004391088026506904,kw_b01,,,50000000,False
2024-05-03,naver_datalab_keyword,패션의류,,패딩,0.07484,0.004000840368928375,kw_b01,,,50000000,False
2024-05-03,naver_datalab_keyword,패션의류,,패션_앵커,18.70607,1.0,kw_b01,,,50000000,True
2024-05-03,naver_datalab_keyword,패션의류,,히트텍,0.03468,0.0018539436664141641,kw_b01,,,50000000,False
2024-05-03,naver_datalab_keyword,패션의류,,가디건,2.11394,0.1130082374330899,kw_b02,,,50000000,False
2024-05-03,naver_datalab_keyword,패션의류,,반팔,1.10808,0.05923638690542695,kw_b02,,,50000000,False
2024-05-03,naver_datalab_keyword,패션의류,,자켓,0.77949,0.04167043104190244,kw_b02,,,50000000,False
2024-05-03,naver_datalab_keyword,패션의류,,패션_앵커,18.70607,1.0,kw_b02,,,50000000,True
2024-05-04,naver_datalab_keyword,패션의류,,코트,0.13326,0.006011571124068163,kw_b01,,,50000000,False
2024-05-04,naver_datalab_keyword,패션의류,,패딩,0.115,0.005187833402880376,kw_b01,,,50000000,False
2024-05-04,naver_datalab_keyword,패션의류,,패션_앵커,22.16725,1.0,kw_b01,,,50000000,True
2024-05-04,naver_datalab_keyword,패션의류,,히트텍,0.0073,0.0003293146420958847,kw_b01,,,50000000,False
2024-05-04,naver_datalab_keyword,패션의류,,가디건,1.84194,0.08309285094001286,kw_b02,,,50000000,False
2024-05-04,naver_datalab_keyword,패션의류,,반팔,1.39834,0.06308134748333691,kw_b02,,,50000000,False
2024-05-04,naver_datalab_keyword,패션의류,,자켓,0.69187,0.031211359099572566,kw_b02,,,50000000,False
2024-05-04,naver_datalab_keyword,패션의류,,패션_앵커,22.16725,1.0,kw_b02,,,50000000,True
2024-05-05,naver_datalab_keyword,패션의류,,코트,0.11683,0.004669705192633833,kw_b01,,,50000000,False
2024-05-05,naver_datalab_keyword,패션의류,,패딩,0.15151,0.006055867788547052,kw_b01,,,50000000,False
2024-05-05,naver_datalab_keyword,패션의류,,패션_앵커,25.01871,1.0,kw_b01,,,50000000,True
2024-05-05,naver_datalab_keyword,패션의류,,히트텍,0.0219,0.0008753448918829149,kw_b01,,,50000000,False
2024-05-05,naver_datalab_keyword,패션의류,,가디건,2.91352,0.11645364609126531,kw_b02,,,50000000,False
2024-05-05,naver_datalab_keyword,패션의류,,레인부츠,0.00182,7.274555722497284e-05,kw_b02,,,50000000,False
2024-05-05,naver_datalab_keyword,패션의류,,반팔,1.66122,0.06639910690838977,kw_b02,,,50000000,False
2024-05-05,naver_datalab_keyword,패션의류,,자켓,0.83243,0.033272299011419856,kw_b02,,,50000000,False
2024-05-05,naver_datalab_keyword,패션의류,,패션_앵커,25.01871,1.0,kw_b02,,,50000000,True
2024-05-06,naver_datalab_keyword,패션의류,,코트,0.12413,0.005186666510672507,kw_b01,,,50000000,False
2024-05-06,naver_datalab_keyword,패션의류,,패딩,0.11865,0.0049576893699451625,kw_b01,,,50000000,False
2024-05-06,naver_datalab_keyword,패션의류,,패션_앵커,23.93252,1.0,kw_b01,,,50000000,True
2024-05-06,naver_datalab_keyword,패션의류,,히트텍,0.04198,0.0017540986072507201,kw_b01,,,50000000,False
2024-05-06,naver_datalab_keyword,패션의류,,가디건,2.61596,0.10930566442647911,kw_b02,,,50000000,False
2024-05-06,naver_datalab_keyword,패션의류,,반팔,1.79265,0.0749043560811816,kw_b02,,,50000000,False
2024-05-06,naver_datalab_keyword,패션의류,,자켓,0.89267,0.037299456973189614,kw_b02,,,50000000,False
2024-05-06,naver_datalab_keyword,패션의류,,패션_앵커,23.93252,1.0,kw_b02,,,50000000,True
2024-05-07,naver_datalab_keyword,패션의류,,코트,0.23366,0.012187832197450602,kw_b01,,,50000000,False
2024-05-07,naver_datalab_keyword,패션의류,,패딩,0.08579,0.004474852881191848,kw_b01,,,50000000,False
2024-05-07,naver_datalab_keyword,패션의류,,패션_앵커,19.17158,1.0,kw_b01,,,50000000,True
2024-05-07,naver_datalab_keyword,패션의류,,히트텍,0.01277,0.0006660901188112821,kw_b01,,,50000000,False
2024-05-07,naver_datalab_keyword,패션의류,,가디건,2.57215,0.13416473759596237,kw_b02,,,50000000,False
2024-05-07,naver_datalab_keyword,패션의류,,반팔,1.06245,0.05541796763751344,kw_b02,,,50000000,False
2024-05-07,naver_datalab_keyword,패션의류,,자켓,1.03506,0.053989290397557226,kw_b02,,,50000000,False
2024-05-07,naver_datalab_keyword,패션의류,,패션_앵커,19.17158,1.0,kw_b02,,,50000000,True
2024-05-08,naver_datalab_keyword,패션의류,,코트,0.11865,0.006994759089060114,kw_b01,,,50000000,False
2024-05-08,naver_datalab_keyword,패션의류,,패딩,0.07302,0.004304739221939903,kw_b01,,,50000000,False
2024-05-08,naver_datalab_keyword,패션의류,,패션_앵커,16.9627,1.0,kw_b01,,,50000000,True
2024-05-08,naver_datalab_keyword,패션의류,,히트텍,0.01642,0.0009680062725863217,kw_b01,,,50000000,False
2024-05-08,naver_datalab_keyword,패션의류,,가디건,2.95368,0.17412793953792732,kw_b02,,,50000000,False
2024-05-08,naver_datalab_keyword,패션의류,,레인부츠,0.00365,0.0002151780082180313,kw_b02,,,50000000,False
2024-05-08,naver_datalab_keyword,패션의류,,반팔,1.02959,0.06069729465238435,kw_b02,,,50000000,False
2024-05-08,naver_datalab_keyword,패션의류,,자켓,1.03141,0.060804588892098534,kw_b02,,,50000000,False
2024-05-08,naver_datalab_keyword,패션의류,,패션_앵커,16.9627,1.0,kw_b02,,,50000000,True
2024-05-09,naver_datalab_keyword,패션의류,,코트,0.14604,0.0071504532929100644,kw_b01,,,50000000,False
2024-05-09,naver_datalab_keyword,패션의류,,패딩,0.06024,0.002949488539885663,kw_b01,,,50000000,False
2024-05-09,naver_datalab_keyword,패션의류,,패션_앵커,20.42388,1.0,kw_b01,,,50000000,True
2024-05-09,naver_datalab_keyword,패션의류,,히트텍,0.0219,0.0010722742201775568,kw_b01,,,50000000,False
2024-05-09,naver_datalab_keyword,패션의류,,가디건,3.64008,0.1782266640814576,kw_b02,,,50000000,False
2024-05-09,naver_datalab_keyword,패션의류,,레인부츠,0.00182,8.911137354900243e-05,kw_b02,,,50000000,False
2024-05-09,naver_datalab_keyword,패션의류,,반팔,0.85251,0.041740844540802235,kw_b02,,,50000000,False
2024-05-09,naver_datalab_keyword,패션의류,,자켓,1.01133,0.04951703594028167,kw_b02,,,50000000,False
2024-05-09,naver_datalab_keyword,패션의류,,패션_앵커,20.42388,1.0,kw_b02,,,50000000,True
2024-05-10,naver_datalab_keyword,패션의류,,코트,0.16612,0.008360026672370192,kw_b01,,,50000000,False
2024-05-10,naver_datalab_keyword,패션의류,,패딩,0.07119,0.003582652894329605,kw_b01,,,50000000,False
2024-05-10,naver_datalab_keyword,패션의류,,패션_앵커,19.87075,1.0,kw_b01,,,50000000,True
2024-05-10,naver_datalab_keyword,패션의류,,히트텍,0.01095,0.0005510612332196821,kw_b01,,,50000000,False
2024-05-10,naver_datalab_keyword,패션의류,,가디건,2.55207,0.12843350150346614,kw_b02,,,50000000,False
2024-05-10,naver_datalab_keyword,패션의류,,반팔,0.8945,0.045015915352968554,kw_b02,,,50000000,False
2024-05-10,naver_datalab_keyword,패션의류,,자켓,0.79775,0.040146949662191914,kw_b02,,,50000000,False
2024-05-10,naver_datalab_keyword,패션의류,,패션_앵커,19.87075,1.0,kw_b02,,,50000000,True
2024-05-11,naver_datalab_keyword,패션의류,,코트,0.06936,0.003199017049432562,kw_b01,,,50000000,False
2024-05-11,naver_datalab_keyword,패션의류,,패딩,0.1223,0.005640712011903148,kw_b01,,,50000000,False
2024-05-11,naver_datalab_keyword,패션의류,,패션_앵커,21.68166,1.0,kw_b01,,,50000000,True
2024-05-11,naver_datalab_keyword,패션의류,,히트텍,0.01825,0.0008417252184565203,kw_b01,,,50000000,False
2024-05-11,naver_datalab_keyword,패션의류,,가디건,3.00297,0.13850277146676038,kw_b02,,,50000000,False
2024-05-11,naver_datalab_keyword,패션의류,,레인부츠,0.00182,8.394191219675983e-05,kw_b02,,,50000000,False
2024-05-11,naver_datalab_keyword,패션의류,,반팔,0.85616,0.03948775139910874,kw_b02,,,50000000,False
2024-05-11,naver_datalab_keyword,패션의류,,자켓,1.11356,0.051359536124079064,kw_b02,,,50000000,False
2024-05-11,naver_datalab_keyword,패션의류,,패션_앵커,21.68166,1.0,kw_b02,,,50000000,True
2024-05-12,naver_datalab_keyword,패션의류,,코트,0.15881,0.0064675139879690645,kw_b01,,,50000000,False
2024-05-12,naver_datalab_keyword,패션의류,,패딩,0.1223,0.0049806495858486025,kw_b01,,,50000000,False
2024-05-12,naver_datalab_keyword,패션의류,,패션_앵커,24.55503,1.0,kw_b01,,,50000000,True
2024-05-12,naver_datalab_keyword,패션의류,,히트텍,0.0219,0.0008918742921511397,kw_b01,,,50000000,False
2024-05-12,naver_datalab_keyword,패션의류,,가디건,2.85693,0.11634805577513041,kw_b02,,,50000000,False
2024-05-12,naver_datalab_keyword,패션의류,,반팔,1.56994,0.06393557653971509,kw_b02,,,50000000,False
2024-05-12,naver_datalab_keyword,패션의류,,자켓,1.19571,0.048695114605846544,kw_b02,,,50000000,False
2024-05-12,naver_datalab_keyword,패션의류,,패션_앵커,24.55503,1.0,kw_b02,,,50000000,True
2024-05-13,naver_datalab_keyword,패션의류,,코트,0.09492,0.004521412403112592,kw_b01,,,50000000,False
2024-05-13,naver_datalab_keyword,패션의류,,패딩,0.07667,0.0036520932253122883,kw_b01,,,50000000,False
2024-05-13,naver_datalab_keyword,패션의류,,패션_앵커,20.99344,1.0,kw_b01,,,50000000,True
2024-05-13,naver_datalab_keyword,패션의류,,히트텍,0.00912,0.0004344214192623981,kw_b01,,,50000000,False
2024-05-13,naver_datalab_keyword,패션의류,,가디건,2.83502,0.13504313728478992,kw_b02,,,50000000,False
2024-05-13,naver_datalab_keyword,패션의류,,반팔,0.95474,0.0454780159897568,kw_b02,,,50000000,False
2024-05-13,naver_datalab_keyword,패션의류,,자켓,0.69917,0.033304213125624,kw_b02,,,50000000,False
2024-05-13,naver_datalab_keyword,패션의류,,패션_앵커,20.99344,1.0,kw_b02,,,50000000,True
2024-05-14,naver_datalab_keyword,패션의류,,코트,0.12048,0.0053617489412682,kw_b01,,,50000000,False
2024-05-14,naver_datalab_keyword,패션의류,,패딩,0.1004,0.0044681241177235,kw_b01,,,50000000,False
2024-05-14,naver_datalab_keyword,패션의류,,패션_앵커,22.47028,1.0,kw_b01,,,50000000,True
2024-05-14,naver_datalab_keyword,패션의류,,히트텍,0.01825,0.0008121839158212536,kw_b01,,,50000000,False
2024-05-14,naver_datalab_keyword,패션의류,,가디건,2.30745,0.10268897405817817,kw_b02,,,50000000,False
2024-05-14,naver_datalab_keyword,패션의류,,반팔,1.14277,0.05085695416345502,kw_b02,,,50000000,False
2024-05-14,naver_datalab_keyword,패션의류,,자켓,0.94561,0.04208269767888963,kw_b02,,,50000000,False
2024-05-14,naver_datalab_keyword,패션의류,,패션_앵커,22.47028,1.0,kw_b02,,,50000000,True
2024-05-15,naver_datalab_keyword,패션의류,,코트,0.21906,0.008303272223079276,kw_b01,,,50000000,False
2024-05-15,naver_datalab_keyword,패션의류,,패딩,0.10222,0.003874557137967514,kw_b01,,,50000000,False
2024-05-15,naver_datalab_keyword,패션의류,,패션_앵커,26.38237,1.0,kw_b01,,,50000000,True
2024-05-15,naver_datalab_keyword,패션의류,,히트텍,0.00365,0.00013834996628430272,kw_b01,,,50000000,False
2024-05-15,naver_datalab_keyword,패션의류,,가디건,3.03948,0.11520875493748287,kw_b02,,,50000000,False
2024-05-15,naver_datalab_keyword,패션의류,,반팔,1.72511,0.06538874255800368,kw_b02,,,50000000,False
2024-05-15,naver_datalab_keyword,패션의류,,자켓,0.9876,0.03743408950750065,kw_b02,,,50000000,False
2024-05-15,naver_datalab_keyword,패션의류,,패션_앵커,26.38237,1.0,kw_b02,,,50000000,True
2024-05-16,naver_datalab_keyword,패션의류,,코트,0.14421,0.0075761794536913195,kw_b01,,,50000000,False
2024-05-16,naver_datalab_keyword,패션의류,,패딩,0.09127,0.004794937235548206,kw_b01,,,50000000,False
2024-05-16,naver_datalab_keyword,패션의류,,패션_앵커,19.03466,1.0,kw_b01,,,50000000,True
2024-05-16,naver_datalab_keyword,패션의류,,히트텍,0.01642,0.0008626368950115211,kw_b01,,,50000000,False
2024-05-16,naver_datalab_keyword,패션의류,,가디건,2.77296,0.14567951305670812,kw_b02,,,50000000,False
2024-05-16,naver_datalab_keyword,패션의류,,레인부츠,0.00182,9.561505170042439e-05,kw_b02,,,50000000,False
2024-05-16,naver_datalab_keyword,패션의류,,반팔,0.95839,0.05034973043910425,kw_b02,,,50000000,False
2024-05-16,naver_datalab_keyword,패션의류,,자켓,0.71742,0.03769019252248267,kw_b02,,,50000000,False
2024-05-16,naver_datalab_keyword,패션의류,,패션_앵커,19.03466,1.0,kw_b02,,,50000000,True
2024-05-17,naver_datalab_keyword,패션의류,,코트,0.115,0.005763047539629722,kw_b01,,,50000000,False
2024-05-17,naver_datalab_keyword,패션의류,,패딩,0.11683,0.005854755165695134,kw_b01,,,50000000,False
2024-05-17,naver_datalab_keyword,패션의류,,패션_앵커,19.95472,1.0,kw_b01,,,50000000,True
2024-05-17,naver_datalab_keyword,패션의류,,히트텍,0.01095,0.0005487423526864822,kw_b01,,,50000000,False
2024-05-17,naver_datalab_keyword,패션의류,,가디건,2.51191,0.1258804934371417,kw_b02,,,50000000,False
2024-05-17,naver_datalab_keyword,패션의류,,반팔,1.09896,0.05507268455783895,kw_b02,,,50000000,False
2024-05-17,naver_datalab_keyword,패션의류,,자켓,0.69004,0.034580289776052986,kw_b02,,,50000000,False
2024-05-17,naver_datalab_keyword,패션의류,,패션_앵커,19.95472,1.0,kw_b02,,,50000000,True
2024-05-18,naver_datalab_keyword,패션의류,,코트,0.16977,0.007570686721977824,kw_b01,,,50000000,False
2024-05-18,naver_datalab_keyword,패션의류,,패딩,0.09127,0.00407007467229143,kw_b01,,,50000000,False
2024-05-18,naver_datalab_keyword,패션의류,,패션_앵커,22.42465,1.0,kw_b01,,,50000000,True
2024-05-18,naver_datalab_keyword,패션의류,,히트텍,0.02008,0.000895443184174558,kw_b01,,,50000000,False
2024-05-18,naver_datalab_keyword,패션의류,,가디건,2.68533,0.11974902618324032,kw_b02,,,50000000,False
2024-05-18,naver_datalab_keyword,패션의류,,반팔,1.09713,0.04892517831939406,kw_b02,,,50000000,False
2024-05-18,naver_datalab_keyword,패션의류,,자켓,0.71012,0.03166693794551977,kw_b02,,,50000000,False
2024-05-18,naver_datalab_keyword,패션의류,,패션_앵커,22.42465,1.0,kw_b02,,,50000000,True
2024-05-19,naver_datalab_keyword,패션의류,,코트,0.13326,0.00513892964802998,kw_b01,,,50000000,False
2024-05-19,naver_datalab_keyword,패션의류,,패딩,0.17342,0.006687627041583064,kw_b01,,,50000000,False
2024-05-19,naver_datalab_keyword,패션의류,,패션_앵커,25.93147,1.0,kw_b01,,,50000000,True
2024-05-19,naver_datalab_keyword,패션의류,,히트텍,0.01642,0.000633207450252531,kw_b01,,,50000000,False
2024-05-19,naver_datalab_keyword,패션의류,,가디건,2.4827,0.09574081222545423,kw_b02,,,50000000,False
2024-05-19,naver_datalab_keyword,패션의류,,레인부츠,0.0073,0.0002815112294058146,kw_b02,,,50000000,False
2024-05-19,naver_datalab_keyword,패션의류,,반팔,1.72511,0.06652573109044724,kw_b02,,,50000000,False
2024-05-19,naver_datalab_keyword,패션의류,,자켓,0.88902,0.034283440159774976,kw_b02,,,50000000,False
2024-05-19,naver_datalab_keyword,패션의류,,패션_앵커,25.93147,1.0,kw_b02,,,50000000,True
2024-05-20,naver_datalab_keyword,패션의류,,코트,0.1223,0.005252017388772535,kw_b01,,,50000000,False
2024-05-20,naver_datalab_keyword,패션의류,,패딩,0.1004,0.004311549843276881,kw_b01,,,50000000,False
2024-05-20,naver_datalab_keyword,패션의류,,패션_앵커,23.28629,1.0,kw_b01,,,50000000,True
2024-05-20,naver_datalab_keyword,패션의류,,히트텍,0.01095,0.0004702337727478271,kw_b01,,,50000000,False
2024-05-20,naver_datalab_keyword,패션의류,,가디건,2.33118,0.10010954943874699,kw_b02,,,50000000,False
2024-05-20,naver_datalab_keyword,패션의류,,반팔,1.48414,0.0637344978525991,kw_b02,,,50000000,False
2024-05-20,naver_datalab_keyword,패션의류,,자켓,0.69369,0.02978963158150139,kw_b02,,,50000000,False
2024-05-20,naver_datalab_keyword,패션의류,,패션_앵커,23.28629,1.0,kw_b02,,,50000000,True
2024-05-21,naver_datalab_keyword,패션의류,,코트,0.08762,0.0036039474782856205,kw_b01,,,50000000,False
2024-05-21,naver_datalab_keyword,패션의류,,패딩,0.08579,0.0035286767194946745,kw_b01,,,50000000,False
2024-05-21,naver_datalab_keyword,패션의류,,패션_앵커,24.31223,1.0,kw_b01,,,50000000,True
2024-05-21,naver_datalab_keyword,패션의류,,히트텍,0.0073,0.00030026040392016696,kw_b01,,,50000000,False
2024-05-21,naver_datalab_keyword,패션의류,,가디건,2.21435,0.09107967471515366,kw_b02,,,50000000,False
2024-05-21,naver_datalab_keyword,패션의류,,반팔,1.59367,0.0655501367007469,kw_b02,,,50000000,False
2024-05-21,naver_datalab_keyword,패션의류,,자켓,0.78314,0.03221177160630678,kw_b02,,,50000000,False
2024-05-21,naver_datalab_keyword,패션의류,,패션_앵커,24.31223,1.0,kw_b02,,,50000000,True
2024-05-22,naver_datalab_keyword,패션의류,,코트,0.06936,0.0027069482631781275,kw_b01,,,50000000,False
2024-05-22,naver_datalab_keyword,패션의류,,패딩,0.05659,0.0022085669292567795,kw_b01,,,50000000,False
2024-05-22,naver_datalab_keyword,패션의류,,패션_앵커,25.62295,1.0,kw_b01,,,50000000,True
2024-05-22,naver_datalab_keyword,패션의류,,히트텍,0.0073,0.0002849008408477556,kw_b01,,,50000000,False
2024-05-22,naver_datalab_keyword,패션의류,,가디건,2.24173,0.08748914547310127,kw_b02,,,50000000,False
2024-05-22,naver_datalab_keyword,패션의류,,반팔,1.32897,0.051866393213896134,kw_b02,,,50000000,False
2024-05-22,naver_datalab_keyword,패션의류,,자켓,0.57138,0.022299540060765836,kw_b02,,,50000000,False
2024-05-22,naver_datalab_keyword,패션의류,,패션_앵커,25.62295,1.0,kw_b02,,,50000000,True
2024-05-23,naver_datalab_keyword,패션의류,,코트,0.12413,0.004651288275328688,kw_b01,,,50000000,False
2024-05-23,naver_datalab_keyword,패션의류,,패딩,0.16247,0.00608793044463588,kw_b01,,,50000000,False
2024-05-23,naver_datalab_keyword,패션의류,,패션_앵커,26.68723,1.0,kw_b01,,,50000000,True
2024-05-23,naver_datalab_keyword,패션의류,,히트텍,0.01277,0.00047850601205145685,kw_b01,,,50000000,False
2024-05-23,naver_datalab_keyword,패션의류,,가디건,2.16688,0.08119538820626944,kw_b02,,,50000000,False
2024-05-23,naver_datalab_keyword,패션의류,,반팔,1.50422,0.05636478570462352,kw_b02,,,50000000,False
2024-05-23,naver_datalab_keyword,패션의류,,자켓,0.50384,0.018879441590603445,kw_b02,,,50000000,False
2024-05-23,naver_datalab_keyword,패션의류,,패션_앵커,26.68723,1.0,kw_b02,,,50000000,True
2024-05-24,naver_datalab_keyword,패션의류,,코트,0.11683,0.005183310299849376,kw_b01,,,50000000,False
2024-05-24,naver_datalab_keyword,패션의류,,패딩,0.08397,0.0037254349557335627,kw_b01,,,50000000,False
2024-05-24,naver_datalab_keyword,패션의류,,패션_앵커,22.53965,1.0,kw_b01,,,50000000,True
2024-05-24,naver_datalab_keyword,패션의류,,히트텍,0.0292,0.0012954948280030968,kw_b01,,,50000000,False
2024-05-24,naver_datalab_keyword,패션의류,,가디건,1.86567,0.08277280259453895,kw_b02,,,50000000,False
2024-05-24,naver_datalab_keyword,패션의류,,반팔,1.15737,0.05134817976321726,kw_b02,,,50000000,False
2024-05-24,naver_datalab_keyword,패션의류,,자켓,0.50566,0.022434243655070064,kw_b02,,,50000000,False
2024-05-24,naver_datalab_keyword,패션의류,,패션_앵커,22.53965,1.0,kw_b02,,,50000000,True
2024-05-25,naver_datalab_keyword,패션의류,,코트,0.10953,0.0041267931091258534,kw_b01,,,50000000,False
2024-05-25,naver_datalab_keyword,패션의류,,패딩,0.16794,0.006327523370278424,kw_b01,,,50000000,False
2024-05-25,naver_datalab_keyword,패션의류,,패션_앵커,26.54119,1.0,kw_b01,,,50000000,True
2024-05-25,naver_datalab_keyword,패션의류,,히트텍,0.01642,0.0006186610321541725,kw_b01,,,50000000,False
2024-05-25,naver_datalab_keyword,패션의류,,가디건,1.60828,0.06059562513964144,kw_b02,,,50000000,False
2024-05-25,naver_datalab_keyword,패션의류,,반팔,1.08435,0.04085536481220322,kw_b02,,,50000000,False
2024-05-25,naver_datalab_keyword,패션의류,,자켓,0.35049,0.013205511885488179,kw_b02,,,50000000,False
2024-05-25,naver_datalab_keyword,패션의류,,패션_앵커,26.54119,1.0,kw_b02,,,50000000,True
2024-05-26,naver_datalab_keyword,패션의류,,코트,0.15334,0.00507388300288901,kw_b01,,,50000000,False
2024-05-26,naver_datalab_keyword,패션의류,,패딩,0.12961,0.0042886785966117415,kw_b01,,,50000000,False
2024-05-26,naver_datalab_keyword,패션의류,,패션_앵커,30.22143,1.0,kw_b01,,,50000000,True
2024-05-26,naver_datalab_keyword,패션의류,,히트텍,0.0146,0.00048310089893165213,kw_b01,,,50000000,False
2024-05-26,naver_datalab_keyword,패션의류,,가디건,2.39872,0.07937149234831045,kw_b02,,,50000000,False
2024-05-26,naver_datalab_keyword,패션의류,,반팔,1.5955,0.052793663304482936,kw_b02,,,50000000,False
2024-05-26,naver_datalab_keyword,패션의류,,자켓,0.58233,0.019268777155812943,kw_b02,,,50000000,False
2024-05-26,naver_datalab_keyword,패션의류,,패션_앵커,30.22143,1.0,kw_b02,,,50000000,True
2024-05-27,naver_datalab_keyword,패션의류,,코트,0.08214,0.003491810993295672,kw_b01,,,50000000,False
2024-05-27,naver_datalab_keyword,패션의류,,패딩,0.07484,0.003181484474534308,kw_b01,,,50000000,False
2024-05-27,naver_datalab_keyword,패션의류,,패션_앵커,23.52361,1.0,kw_b01,,,50000000,True
2024-05-27,naver_datalab_keyword,패션의류,,히트텍,0.02373,0.0010087737383845422,kw_b01,,,50000000,False
2024-05-27,naver_datalab_keyword,패션의류,,가디건,1.75249,0.07449919463891809,kw_b02,,,50000000,False
2024-05-27,naver_datalab_keyword,패션의류,,반팔,1.21214,0.05152865567827387,kw_b02,,,50000000,False
2024-05-27,naver_datalab_keyword,패션의류,,자켓,0.44177,0.018779855642905147,kw_b02,,,50000000,False
2024-05-27,naver_datalab_keyword,패션의류,,패션_앵커,23.52361,1.0,kw_b02,,,50000000,True
2024-05-28,naver_datalab_keyword,패션의류,,코트,0.10405,0.00397112547153537,kw_b01,,,50000000,False
2024-05-28,naver_datalab_keyword,패션의류,,패딩,0.09127,0.0034833697432679785,kw_b01,,,50000000,False
2024-05-28,naver_datalab_keyword,패션의류,,패션_앵커,26.20164,1.0,kw_b01,,,50000000,True
2024-05-28,naver_datalab_keyword,패션의류,,히트텍,0.03651,0.0013934242284070768,kw_b01,,,50000000,False
2024-05-28,naver_datalab_keyword,패션의류,,가디건,1.97155,0.07524528998948157,kw_b02,,,50000000,False
2024-05-28,naver_datalab_keyword,패션의류,,반팔,0.83061,0.031700687437885566,kw_b02,,,50000000,False
2024-05-28,naver_datalab_keyword,패션의류,,자켓,0.48741,0.01860227069755939,kw_b02,,,50000000,False
2024-05-28,naver_datalab_keyword,패션의류,,패션_앵커,26.20164,1.0,kw_b02,,,50000000,True
2024-05-29,naver_datalab_keyword,패션의류,,코트,0.13508,0.005166561165497866,kw_b01,,,50000000,False
2024-05-29,naver_datalab_keyword,패션의류,,패딩,0.07119,0.0027228863589857356,kw_b01,,,50000000,False
2024-05-29,naver_datalab_keyword,패션의류,,패션_앵커,26.14505,1.0,kw_b01,,,50000000,True
2024-05-29,naver_datalab_keyword,패션의류,,히트텍,0.02555,0.0009772404336576138,kw_b01,,,50000000,False
2024-05-29,naver_datalab_keyword,패션의류,,가디건,2.16141,0.08266995090848937,kw_b02,,,50000000,False
2024-05-29,naver_datalab_keyword,패션의류,,반팔,1.33445,0.051040254273753534,kw_b02,,,50000000,False
2024-05-29,naver_datalab_keyword,패션의류,,자켓,0.50384,0.019270951862780907,kw_b02,,,50000000,False
2024-05-29,naver_datalab_keyword,패션의류,,패션_앵커,26.14505,1.0,kw_b02,,,50000000,True
2024-05-30,naver_datalab_keyword,패션의류,,코트,0.10953,0.004414645353195811,kw_b01,,,50000000,False
2024-05-30,naver_datalab_keyword,패션의류,,패딩,0.05659,0.0022808799464744908,kw_b01,,,50000000,False
2024-05-30,naver_datalab_keyword,패션의류,,패션_앵커,24.8106,1.0,kw_b01,,,50000000,True
2024-05-30,naver_datalab_keyword,패션의류,,히트텍,0.02008,0.0008093314954092202,kw_b01,,,50000000,False
2024-05-30,naver_datalab_keyword,패션의류,,가디건,1.73789,0.07004627054565386,kw_b02,,,50000000,False
2024-05-30,naver_datalab_keyword,패션의류,,반팔,1.12634,0.04539753170016041,kw_b02,,,50000000,False
2024-05-30,naver_datalab_keyword,패션의류,,자켓,0.49106,0.019792346819504567,kw_b02,,,50000000,False
2024-05-30,naver_datalab_keyword,패션의류,,패션_앵커,24.8106,1.0,kw_b02,,,50000000,True
2024-05-31,naver_datalab_keyword,패션의류,,코트,0.10405,0.0047136582835579175,kw_b01,,,50000000,False
2024-05-31,naver_datalab_keyword,패션의류,,패딩,0.06206,0.002811433282821762,kw_b01,,,50000000,False
2024-05-31,naver_datalab_keyword,패션의류,,패션_앵커,22.07415,1.0,kw_b01,,,50000000,True
2024-05-31,naver_datalab_keyword,패션의류,,히트텍,0.00365,0.00016535178024974914,kw_b01,,,50000000,False
2024-05-31,naver_datalab_keyword,패션의류,,가디건,1.52065,0.06888826976350165,kw_b02,,,50000000,False
2024-05-31,naver_datalab_keyword,패션의류,,반팔,0.88902,0.040274257445926574,kw_b02,,,50000000,False
2024-05-31,naver_datalab_keyword,패션의류,,자켓,0.2793,0.01265280882842601,kw_b02,,,50000000,False
2024-05-31,naver_datalab_keyword,패션의류,,패션_앵커,22.07415,1.0,kw_b02,,,50000000,True
2024-06-01,naver_datalab_keyword,패션의류,,코트,0.08762,0.003480844825908101,kw_b01,,,50000000,False
2024-06-01,naver_datalab_keyword,패션의류,,패딩,0.14786,0.0058739753019718295,kw_b01,,,50000000,False
2024-06-01,naver_datalab_keyword,패션의류,,패션_앵커,25.17205,1.0,kw_b01,,,50000000,True
2024-06-01,naver_datalab_keyword,패션의류,,가디건,1.64479,0.06534191692770355,kw_b02,,,50000000,False
2024-06-01,naver_datalab_keyword,패션의류,,반팔,1.06062,0.042134828112926834,kw_b02,,,50000000,False
2024-06-01,naver_datalab_keyword,패션의류,,자켓,0.54582,0.02168357364616708,kw_b02,,,50000000,False
2024-06-01,naver_datalab_keyword,패션의류,,패션_앵커,25.17205,1.0,kw_b02,,,50000000,True
2024-06-02,naver_datalab_keyword,패션의류,,코트,0.2008,0.006972379584955911,kw_b01,,,50000000,False
2024-06-02,naver_datalab_keyword,패션의류,,패딩,0.16064,0.005577903667964728,kw_b01,,,50000000,False
2024-06-02,naver_datalab_keyword,패션의류,,패션_앵커,28.79935,1.0,kw_b01,,,50000000,True
2024-06-02,naver_datalab_keyword,패션의류,,히트텍,0.02373,0.0008239769300348793,kw_b01,,,50000000,False
2024-06-02,naver_datalab_keyword,패션의류,,가디건,1.89853,0.0659226683935575,kw_b02,,,50000000,False
2024-06-02,naver_datalab_keyword,패션의류,,반팔,1.55351,0.053942536897534143,kw_b02,,,50000000,False
2024-06-02,naver_datalab_keyword,패션의류,,자켓,0.65718,0.02281926501813409,kw_b02,,,50000000,False
2024-06-02,naver_datalab_keyword,패션의류,,패션_앵커,28.79935,1.0,kw_b02,,,50000000,True
2024-06-03,naver_datalab_keyword,패션의류,,코트,0.12778,0.005491652928222575,kw_b01,,,50000000,False
2024-06-03,naver_datalab_keyword,패션의류,,패딩,0.13508,0.005805387991425148,kw_b01,,,50000000,False
2024-06-03,naver_datalab_keyword,패션의류,,패션_앵커,23.26804,1.0,kw_b01,,,50000000,True
2024-06-03,naver_datalab_keyword,패션의류,,히트텍,0.0073,0.00031373506320257316,kw_b01,,,50000000,False
2024-06-03,naver_datalab_keyword,패션의류,,가디건,1.57907,0.06786433236319002,kw_b02,,,50000000,False
2024-06-03,naver_datalab_keyword,패션의류,,반팔,1.01863,0.043778074990416034,kw_b02,,,50000000,False
2024-06-03,naver_datalab_keyword,패션의류,,자켓,0.41986,0.018044493648798954,kw_b02,,,50000000,False
2024-06-03,naver_datalab_keyword,패션의류,,패션_앵커,23.26804,1.0,kw_b02,,,50000000,True
2024-06-04,naver_datalab_keyword,패션의류,,코트,0.11865,0.00474106739348382,kw_b01,,,50000000,False
2024-06-04,naver_datalab_keyword,패션의류,,패딩,0.11683,0.004668343055884658,kw_b01,,,50000000,False
2024-06-04,naver_datalab_keyword,패션의류,,패션_앵커,25.02601,1.0,kw_b01,,,50000000,True
2024-06-04,naver_datalab_keyword,패션의류,,히트텍,0.00365,0.00014584825947084655,kw_b01,,,50000000,False
2024-06-04,naver_datalab_keyword,패션의류,,가디건,1.7817,0.07119392983539925,kw_b02,,,50000000,False
2024-06-04,naver_datalab_keyword,패션의류,,반팔,1.23952,0.049529269747754436,kw_b02,,,50000000,False
2024-06-04,naver_datalab_keyword,패션의류,,자켓,0.43994,0.017579310485371022,kw_b02,,,50000000,False
2024-06-04,naver_datalab_keyword,패션의류,,패션_앵커,25.02601,1.0,kw_b02,,,50000000,True
2024-06-05,naver_datalab_keyword,패션의류,,코트,0.13691,0.005988338245978068,kw_b01,,,50000000,False
2024-06-05,naver_datalab_keyword,패션의류,,패딩,0.08579,0.003752388708804751,kw_b01,,,50000000,False
2024-06-05,naver_datalab_keyword,패션의류,,패션_앵커,22.86277,1.0,kw_b01,,,50000000,True
2024-06-05,naver_datalab_keyword,패션의류,,히트텍,0.00365,0.00015964819660959717,kw_b01,,,50000000,False
2024-06-05,naver_datalab_keyword,패션의류,,가디건,1.49874,0.06555373648949799,kw_b02,,,50000000,False
2024-06-05,naver_datalab_keyword,패션의류,,반팔,0.90363,0.039524082165022,kw_b02,,,50000000,False
2024-06-05,naver_datalab_keyword,패션의류,,자켓,0.37423,0.016368532771838234,kw_b02,,,50000000,False
2024-06-05,naver_datalab_keyword,패션의류,,패션_앵커,22.86277,1.0,kw_b02,,,50000000,True
2024-06-06,naver_datalab_keyword,패션의류,,코트,0.11318,0.004064967650500417,kw_b01,,,50000000,False
2024-06-06,naver_datalab_keyword,패션의류,,패딩,0.08397,0.0030158626401530306,kw_b01,,,50000000,False
2024-06-06,naver_datalab_keyword,패션의류,,패션_앵커,27.84278,1.0,kw_b01,,,50000000,True
2024-06-06,naver_datalab_keyword,패션의류,,히트텍,0.01095,0.00039327969405353916,kw_b01,,,50000000,False
2024-06-06,naver_datalab_keyword,패션의류,,가디건,1.47684,0.05304211720237706,kw_b02,,,50000000,False
2024-06-06,naver_datalab_keyword,패션의류,,반팔,1.13729,0.040846855091337855,kw_b02,,,50000000,False
2024-06-06,naver_datalab_keyword,패션의류,,자켓,0.49836,0.017899074733198336,kw_b02,,,50000000,False
2024-06-06,naver_datalab_keyword,패션의류,,패션_앵커,27.84278,1.0,kw_b02,,,50000000,True
2024-06-07,naver_datalab_keyword,패션의류,,코트,0.12048,0.00532540533946144,kw_b01,,,50000000,False
2024-06-07,naver_datalab_keyword,패션의류,,패딩,0.10587,0.004679620379222964,kw_b01,,,50000000,False
2024-06-07,naver_datalab_keyword,패션의류,,패션_앵커,22.62363,1.0,kw_b01,,,50000000,True
2024-06-07,naver_datalab_keyword,패션의류,,히트텍,0.0146,0.0006453429445230496,kw_b01,,,50000000,False
2024-06-07,naver_datalab_keyword,패션의류,,가디건,1.23404,0.0545465073465222,kw_b02,,,50000000,False
2024-06-07,naver_datalab_keyword,패션의류,,반팔,1.04054,0.04599350325301466,kw_b02,,,50000000,False
2024-06-07,naver_datalab_keyword,패션의류,,자켓,0.4728,0.020898503025376564,kw_b02,,,50000000,False
2024-06-07,naver_datalab_keyword,패션의류,,패션_앵커,22.62363,1.0,kw_b02,,,50000000,True
2024-06-08,naver_datalab_keyword,패션의류,,코트,0.18255,0.006877042769894261,kw_b01,,,50000000,False
2024-06-08,naver_datalab_keyword,패션의류,,패딩,0.06571,0.0024754340203218404,kw_b01,,,50000000,False
2024-06-08,naver_datalab_keyword,패션의류,,패션_앵커,26.54484,1.0,kw_b01,,,50000000,True
2024-06-08,naver_datalab_keyword,패션의류,,히트텍,0.01277,0.0004810727809999985,kw_b01,,,50000000,False
2024-06-08,naver_datalab_keyword,패션의류,,가디건,1.41112,0.05315986082417524,kw_b02,,,50000000,False
2024-06-08,naver_datalab_keyword,패션의류,,반팔,1.02411,0.03858037946357937,kw_b02,,,50000000,False
2024-06-08,naver_datalab_keyword,패션의류,,자켓,0.33954,0.012791186535688292,kw_b02,,,50000000,False
2024-06-08,naver_datalab_keyword,패션의류,,패션_앵커,26.54484,1.0,kw_b02,,,50000000,True
2024-06-09,naver_datalab_keyword,패션의류,,코트,0.23914,0.00811689083097493,kw_b01,,,50000000,False
2024-06-09,naver_datalab_keyword,패션의류,,패딩,0.08214,0.0027879962066416357,kw_b01,,,50000000,False
2024-06-09,naver_datalab_keyword,패션의류,,패션_앵커,29.46202,1.0,kw_b01,,,50000000,True
2024-06-09,naver_datalab_keyword,패션의류,,히트텍,0.01642,0.0005573277052965139,kw_b01,,,50000000,False
2024-06-09,naver_datalab_keyword,패션의류,,가디건,1.58819,0.05390635129566812,kw_b02,,,50000000,False
2024-06-09,naver_datalab_keyword,패션의류,,반팔,1.19206,0.04046090526039966,kw_b02,,,50000000,False
2024-06-09,naver_datalab_keyword,패션의류,,자켓,0.4436,0.015056672964039805,kw_b02,,,50000000,False
2024-06-09,naver_datalab_keyword,패션의류,,패션_앵커,29.46202,1.0,kw_b02,,,50000000,True
2024-06-10,naver_datalab_keyword,패션의류,,코트,0.18255,0.006982687296099219,kw_b01,,,50000000,False
2024-06-10,naver_datalab_keyword,패션의류,,패딩,0.1077,0.004119613376005949,kw_b01,,,50000000,False
2024-06-10,naver_datalab_keyword,패션의류,,패션_앵커,26.14323,1.0,kw_b01,,,50000000,True
2024-06-10,naver_datalab_keyword,패션의류,,히트텍,0.00912,0.00034884748365064303,kw_b01,,,50000000,False
2024-06-10,naver_datalab_keyword,패션의류,,가디건,1.32897,0.050834193020525775,kw_b02,,,50000000,False
2024-06-10,naver_datalab_keyword,패션의류,,반팔,1.18293,0.0452480431836464,kw_b02,,,50000000,False
2024-06-10,naver_datalab_keyword,패션의류,,자켓,0.272,0.010404223196598126,kw_b02,,,50000000,False
2024-06-10,naver_datalab_keyword,패션의류,,패션_앵커,26.14323,1.0,kw_b02,,,50000000,True
2024-06-11,naver_datalab_keyword,패션의류,,코트,0.22636,0.007606757903403315,kw_b01,,,50000000,False
2024-06-11,naver_datalab_keyword,패션의류,,패딩,0.1935,0.006502507750081911,kw_b01,,,50000000,False
2024-06-11,naver_datalab_keyword,패션의류,,패션_앵커,29.75775,1.0,kw_b01,,,50000000,True
2024-06-11,naver_datalab_keyword,패션의류,,히트텍,0.01277,0.00042913190681419125,kw_b01,,,50000000,False
2024-06-11,naver_datalab_keyword,패션의류,,가디건,1.38921,0.046683973082642334,kw_b02,,,50000000,False
2024-06-11,naver_datalab_keyword,패션의류,,반팔,1.36731,0.04594803034503617,kw_b02,,,50000000,False
2024-06-11,naver_datalab_keyword,패션의류,,자켓,0.38883,0.013066512085087079,kw_b02,,,50000000,False
2024-06-11,naver_datalab_keyword,패션의류,,패션_앵커,29.75775,1.0,kw_b02,,,50000000,True
2024-06-12,naver_datalab_keyword,패션의류,,코트,0.14604,0.004996207685415446,kw_b01,,,50000000,False
2024-06-12,naver_datalab_keyword,패션의류,,패딩,0.17524,0.005995175532677368,kw_b01,,,50000000,False
2024-06-12,naver_datalab_keyword,패션의류,,패션_앵커,29.23017,1.0,kw_b01,,,50000000,True
2024-06-12,naver_datalab_keyword,패션의류,,히트텍,0.00547,0.0001871354152233805,kw_b01,,,50000000,False
2024-06-12,naver_datalab_keyword,패션의류,,가디건,1.33262,0.04559056618555417,kw_b02,,,50000000,False
2024-06-12,naver_datalab_keyword,패션의류,,반팔,1.27238,0.04352968183216177,kw_b02,,,50000000,False
2024-06-12,naver_datalab_keyword,패션의류,,자켓,0.30121,0.01030476387923847,kw_b02,,,50000000,False
2024-06-12,naver_datalab_keyword,패션의류,,패션_앵커,29.23017,1.0,kw_b02,,,50000000,True
2024-06-13,naver_datalab_keyword,패션의류,,코트,0.11135,0.0037656765096186237,kw_b01,,,50000000,False
2024-06-13,naver_datalab_keyword,패션의류,,패딩,0.19533,0.006605743984048547,kw_b01,,,50000000,False
2024-06-13,naver_datalab_keyword,패션의류,,패션_앵커,29.56972,1.0,kw_b01,,,50000000,True
2024-06-13,naver_datalab_keyword,패션의류,,히트텍,0.01095,0.00037031125083362304,kw_b01,,,50000000,False
2024-06-13,naver_datalab_keyword,패션의류,,가디건,0.97665,0.033028719920242734,kw_b02,,,50000000,False
2024-06-13,naver_datalab_keyword,패션의류,,반팔,1.00038,0.03383123005561094,kw_b02,,,50000000,False
2024-06-13,naver_datalab_keyword,패션의류,,자켓,0.27382,0.009260148557375586,kw_b02,,,50000000,False
2024-06-13,naver_datalab_keyword,패션의류,,패션_앵커,29.56972,1.0,kw_b02,,,50000000,True
2024-06-14,naver_datalab_keyword,패션의류,,코트,0.21541,0.007546652896007465,kw_b01,,,50000000,False
2024-06-14,naver_datalab_keyword,패션의류,,패딩,0.12048,0.004220884549979015,kw_b01,,,50000000,False
2024-06-14,naver_datalab_keyword,패션의류,,패션_앵커,28.54378,1.0,kw_b01,,,50000000,True
2024-06-14,naver_datalab_keyword,패션의류,,히트텍,0.00547,0.00019163544562072717,kw_b01,,,50000000,False
2024-06-14,naver_datalab_keyword,패션의류,,가디건,0.76124,0.026669207792380686,kw_b02,,,50000000,False
2024-06-14,naver_datalab_keyword,패션의류,,반팔,1.02411,0.03587856969189084,kw_b02,,,50000000,False
2024-06-14,naver_datalab_keyword,패션의류,,자켓,0.272,0.009529221427575466,kw_b02,,,50000000,False
2024-06-14,naver_datalab_keyword,패션의류,,패션_앵커,28.54378,1.0,kw_b02,,,50000000,True
2024-06-15,naver_datalab_keyword,패션의류,,코트,0.22636,0.007512740560534879,kw_b01,,,50000000,False
2024-06-15,naver_datalab_keyword,패션의류,,패딩,0.1223,0.004059057123844388,kw_b01,,,50000000,False
2024-06-15,naver_datalab_keyword,패션의류,,패션_앵커,30.13015,1.0,kw_b01,,,50000000,True
2024-06-15,naver_datalab_keyword,패션의류,,히트텍,0.00912,0.0003026868435769487,kw_b01,,,50000000,False
2024-06-15,naver_datalab_keyword,패션의류,,가디건,0.92371,0.03065733160969992,kw_b02,,,50000000,False
2024-06-15,naver_datalab_keyword,패션의류,,반팔,0.77584,0.025749622886046035,kw_b02,,,50000000,False
2024-06-15,naver_datalab_keyword,패션의류,,자켓,0.20445,0.006785561970318767,kw_b02,,,50000000,False
2024-06-15,naver_datalab_keyword,패션의류,,패션_앵커,30.13015,1.0,kw_b02,,,50000000,True
2024-06-16,naver_datalab_keyword,패션의류,,코트,0.25739,0.007676159647658338,kw_b01,,,50000000,False
2024-06-16,naver_datalab_keyword,패션의류,,패딩,0.20263,0.0060430484067174675,kw_b01,,,50000000,False
2024-06-16,naver_datalab_keyword,패션의류,,패션_앵커,33.53109,1.0,kw_b01,,,50000000,True
2024-06-16,naver_datalab_keyword,패션의류,,히트텍,0.0073,0.00021770840136720878,kw_b01,,,50000000,False
2024-06-16,naver_datalab_keyword,패션의류,,가디건,1.22492,0.036530873288044025,kw_b02,,,50000000,False
2024-06-16,naver_datalab_keyword,패션의류,,반팔,1.28698,0.0383816929303521,kw_b02,,,50000000,False
2024-06-16,naver_datalab_keyword,패션의류,,자켓,0.46185,0.013773784270061009,kw_b02,,,50000000,False
2024-06-16,naver_datalab_keyword,패션의류,,패션_앵커,33.53109,1.0,kw_b02,,,50000000,True
2024-06-17,naver_datalab_keyword,패션의류,,코트,0.11683,0.004080224270890849,kw_b01,,,50000000,False
2024-06-17,naver_datalab_keyword,패션의류,,패딩,0.1223,0.004271261048788418,kw_b01,,,50000000,False
2024-06-17,naver_datalab_keyword,패션의류,,패션_앵커,28.63323,1.0,kw_b01,,,50000000,True
2024-06-17,naver_datalab_keyword,패션의류,,히트텍,0.01642,0.0005734595782592464,kw_b01,,,50000000,False
2024-06-17,naver_datalab_keyword,패션의류,,가디건,1.13729,0.03971923530806688,kw_b02,,,50000000,False
2024-06-17,naver_datalab_keyword,패션의류,,반팔,1.20484,0.04207838235504691,kw_b02,,,50000000,False
2024-06-17,naver_datalab_keyword,패션의류,,자켓,0.23184,0.008096886030671355,kw_b02,,,50000000,False
2024-06-17,naver_datalab_keyword,패션의류,,패션_앵커,28.63323,1.0,kw_b02,,,50000000,True
2024-06-18,naver_datalab_keyword,패션의류,,코트,0.17159,0.005833868532434765,kw_b01,,,50000000,False
2024-06-18,naver_datalab_keyword,패션의류,,패딩,0.17524,0.005957964459606436,kw_b01,,,50000000,False
2024-06-18,naver_datalab_keyword,패션의류,,패션_앵커,29.41273,1.0,kw_b01,,,50000000,True
2024-06-18,naver_datalab_keyword,패션의류,,가디건,0.98212,0.03339098410790158,kw_b02,,,50000000,False
2024-06-18,naver_datalab_keyword,패션의류,,반팔,1.22492,0.041645913181129396,kw_b02,,,50000000,False
2024-06-18,naver_datalab_keyword,패션의류,,자켓,0.29208,0.009930394084466148,kw_b02,,,50000000,False
2024-06-18,naver_datalab_keyword,패션의류,,패션_앵커,29.41273,1.0,kw_b02,,,50000000,True
2024-06-19,naver_datalab_keyword,패션의류,,코트,0.19715,0.006253435583269657,kw_b01,,,50000000,False
2024-06-19,naver_datalab_keyword,패션의류,,패딩,0.22453,0.007121906626992322,kw_b01,,,50000000,False
2024-06-19,naver_datalab_keyword,패션의류,,패션_앵커,31.52667,1.0,kw_b01,,,50000000,True
2024-06-19,naver_datalab_keyword,패션의류,,히트텍,0.00182,5.772890064190097e-05,kw_b01,,,50000000,False
2024-06-19,naver_datalab_keyword,패션의류,,가디건,0.93283,0.0295885991130684,kw_b02,,,50000000,False
2024-06-19,naver_datalab_keyword,패션의류,,반팔,0.96752,0.03068893733464397,kw_b02,,,50000000,False
2024-06-19,naver_datalab_keyword,패션의류,,자켓,0.24461,0.007758827684623844,kw_b02,,,50000000,False
2024-06-19,naver_datalab_keyword,패션의류,,패션_앵커,31.52667,1.0,kw_b02,,,50000000,True
2024-06-20,naver_datalab_keyword,패션의류,,코트,0.1935,0.006578784084306353,kw_b01,,,50000000,False
2024-06-20,naver_datalab_keyword,패션의류,,패딩,0.20445,0.006951071865821364,kw_b01,,,50000000,False
2024-06-20,naver_datalab_keyword,패션의류,,패션_앵커,29.41273,1.0,kw_b01,,,50000000,True
2024-06-20,naver_datalab_keyword,패션의류,,히트텍,0.01825,0.0006204796358583511,kw_b01,,,50000000,False
2024-06-20,naver_datalab_keyword,패션의류,,가디건,1.10808,0.037673483556269684,kw_b02,,,50000000,False
2024-06-20,naver_datalab_keyword,패션의류,,반팔,0.75211,0.025570900763036957,kw_b02,,,50000000,False
2024-06-20,naver_datalab_keyword,패션의류,,자켓,0.18985,0.006454688157134683,kw_b02,,,50000000,False
2024-06-20,naver_datalab_keyword,패션의류,,패션_앵커,29.41273,1.0,kw_b02,,,50000000,True
2024-06-21,naver_datalab_keyword,패션의류,,코트,0.10587,0.0039902668695909775,kw_b01,,,50000000,False
2024-06-21,naver_datalab_keyword,패션의류,,패딩,0.25374,0.009563524279682769,kw_b01,,,50000000,False
2024-06-21,naver_datalab_keyword,패션의류,,패션_앵커,26.53206,1.0,kw_b01,,,50000000,True
2024-06-21,naver_datalab_keyword,패션의류,,히트텍,0.01277,0.00048130450481417576,kw_b01,,,50000000,False
2024-06-21,naver_datalab_keyword,패션의류,,가디건,0.61519,0.023186665490730837,kw_b02,,,50000000,False
2024-06-21,naver_datalab_keyword,패션의류,,반팔,0.71925,0.02710871300607642,kw_b02,,,50000000,False
2024-06-21,naver_datalab_keyword,패션의류,,자켓,0.19715,0.007430632977612744,kw_b02,,,50000000,False
2024-06-21,naver_datalab_keyword,패션의류,,패션_앵커,26.53206,1.0,kw_b02,,,50000000,True
2024-06-22,naver_datalab_keyword,패션의류,,코트,0.26287,0.007656187744507536,kw_b01,,,50000000,False
2024-06-22,naver_datalab_keyword,패션의류,,패딩,0.23549,0.00685873493344269,kw_b01,,,50000000,False
2024-06-22,naver_datalab_keyword,패션의류,,패션_앵커,34.33432,1.0,kw_b01,,,50000000,True
2024-06-22,naver_datalab_keyword,패션의류,,히트텍,0.01277,0.00037193105906859375,kw_b01,,,50000000,False
2024-06-22,naver_datalab_keyword,패션의류,,가디건,0.8233,0.023978922547468542,kw_b02,,,50000000,False
2024-06-22,naver_datalab_keyword,패션의류,,반팔,0.73385,0.021373657611392916,kw_b02,,,50000000,False
2024-06-22,naver_datalab_keyword,패션의류,,자켓,0.30668,0.008932170492964474,kw_b02,,,50000000,False
2024-06-22,naver_datalab_keyword,패션의류,,패션_앵커,34.33432,1.0,kw_b02,,,50000000,True
2024-06-23,naver_datalab_keyword,패션의류,,코트,0.19167,0.005700050139742973,kw_b01,,,50000000,False
2024-06-23,naver_datalab_keyword,패션의류,,패딩,0.1789,0.005320284708092127,kw_b01,,,50000000,False
2024-06-23,naver_datalab_keyword,패션의류,,패션_앵커,33.62602,1.0,kw_b01,,,50000000,True
2024-06-23,naver_datalab_keyword,패션의류,,히트텍,0.02373,0.000705703499849224,kw_b01,,,50000000,False
2024-06-23,naver_datalab_keyword,패션의류,,가디건,1.13729,0.033821724961800415,kw_b02,,,50000000,False
2024-06-23,naver_datalab_keyword,패션의류,,반팔,0.9949,0.02958720657395672,kw_b02,,,50000000,False
2024-06-23,naver_datalab_keyword,패션의류,,자켓,0.35049,0.010423178241135884,kw_b02,,,50000000,False
2024-06-23,naver_datalab_keyword,패션의류,,패션_앵커,33.62602,1.0,kw_b02,,,50000000,True
2024-06-24,naver_datalab_keyword,패션의류,,코트,0.2008,0.007033457259487637,kw_b01,,,50000000,False
2024-06-24,naver_datalab_keyword,패션의류,,패딩,0.13873,0.004859320346656971,kw_b01,,,50000000,False
2024-06-24,naver_datalab_keyword,패션의류,,패션_앵커,28.54926,1.0,kw_b01,,,50000000,True
2024-06-24,naver_datalab_keyword,패션의류,,히트텍,0.01277,0.00044729705778713704,kw_b01,,,50000000,False
2024-06-24,naver_datalab_keyword,패션의류,,가디건,1.06792,0.037406223488804964,kw_b02,,,50000000,False
2024-06-24,naver_datalab_keyword,패션의류,,반팔,0.86712,0.030372766229317328,kw_b02,,,50000000,False
2024-06-24,naver_datalab_keyword,패션의류,,자켓,0.20263,0.007097556994472011,kw_b02,,,50000000,False
2024-06-24,naver_datalab_keyword,패션의류,,패션_앵커,28.54926,1.0,kw_b02,,,50000000,True
2024-06-25,naver_datalab_keyword,패션의류,,코트,0.23001,0.007832236697609466,kw_b01,,,50000000,False
2024-06-25,naver_datalab_keyword,패션의류,,패딩,0.14969,0.005097202344529199,kw_b01,,,50000000,False
2024-06-25,naver_datalab_keyword,패션의류,,패션_앵커,29.36709,1.0,kw_b01,,,50000000,True
2024-06-25,naver_datalab_keyword,패션의류,,히트텍,0.00547,0.0001862629222030511,kw_b01,,,50000000,False
2024-06-25,naver_datalab_keyword,패션의류,,가디건,1.10808,0.03773203269373983,kw_b02,,,50000000,False
2024-06-25,naver_datalab_keyword,패션의류,,반팔,0.93831,0.03195107176094056,kw_b02,,,50000000,False
2024-06-25,naver_datalab_keyword,패션의류,,자켓,0.2939,0.010007801249630112,kw_b02,,,50000000,False
2024-06-25,naver_datalab_keyword,패션의류,,패션_앵커,29.36709,1.0,kw_b02,,,50000000,True
2024-06-26,naver_datalab_keyword,패션의류,,코트,0.17342,0.005297962261107483,kw_b01,,,50000000,False
2024-06-26,naver_datalab_keyword,패션의류,,패딩,0.23184,0.007082686948536263,kw_b01,,,50000000,False
2024-06-26,naver_datalab_keyword,패션의류,,패션_앵커,32.73334,1.0,kw_b01,,,50000000,True
2024-06-26,naver_datalab_keyword,패션의류,,히트텍,0.0146,0.00044602842239747,kw_b01,,,50000000,False
2024-06-26,naver_datalab_keyword,패션의류,,가디건,1.05879,0.032345920092480634,kw_b02,,,50000000,False
2024-06-26,naver_datalab_keyword,패션의류,,레인부츠,0.00182,5.560080333995859e-05,kw_b02,,,50000000,False
2024-06-26,naver_datalab_keyword,패션의류,,반팔,0.75393,0.02303248003411812,kw_b02,,,50000000,False
2024-06-26,naver_datalab_keyword,패션의류,,자켓,0.32129,0.009815374783019394,kw_b02,,,50000000,False
2024-06-26,naver_datalab_keyword,패션의류,,패션_앵커,32.73334,1.0,kw_b02,,,50000000,True
2024-06-27,naver_datalab_keyword,패션의류,,코트,0.20993,0.0067431444323527035,kw_b01,,,50000000,False
2024-06-27,naver_datalab_keyword,패션의류,,패딩,0.16977,0.005453168343164476,kw_b01,,,50000000,False
2024-06-27,naver_datalab_keyword,패션의류,,패션_앵커,31.13236,1.0,kw_b01,,,50000000,True
2024-06-27,naver_datalab_keyword,패션의류,,히트텍,0.00912,0.00029294277722601177,kw_b01,,,50000000,False
2024-06-27,naver_datalab_keyword,패션의류,,가디건,1.03141,0.03312983660731149,kw_b02,,,50000000,False
2024-06-27,naver_datalab_keyword,패션의류,,반팔,0.75028,0.024099682773808345,kw_b02,,,50000000,False
2024-06-27,naver_datalab_keyword,패션의류,,자켓,0.24096,0.007739856535129364,kw_b02,,,50000000,False
2024-06-27,naver_datalab_keyword,패션의류,,패션_앵커,31.13236,1.0,kw_b02,,,50000000,True
2024-06-28,naver_datalab_keyword,패션의류,,코트,0.27747,0.010130994226351976,kw_b01,,,50000000,False
2024-06-28,naver_datalab_keyword,패션의류,,패딩,0.20445,0.007464885463573221,kw_b01,,,50000000,False
2024-06-28,naver_datalab_keyword,패션의류,,패션_앵커,27.38823,1.0,kw_b01,,,50000000,True
2024-06-28,naver_datalab_keyword,패션의류,,히트텍,0.0073,0.0002665378522087773,kw_b01,,,50000000,False
2024-06-28,naver_datalab_keyword,패션의류,,가디건,0.99673,0.03639264019617186,kw_b02,,,50000000,False
2024-06-28,naver_datalab_keyword,패션의류,,반팔,0.61519,0.022461838534290096,kw_b02,,,50000000,False
2024-06-28,naver_datalab_keyword,패션의류,,자켓,0.19715,0.007198347611364443,kw_b02,,,50000000,False
2024-06-28,naver_datalab_keyword,패션의류,,패션_앵커,27.38823,1.0,kw_b02,,,50000000,True
2024-06-29,naver_datalab_keyword,패션의류,,코트,0.16612,0.004864689476316705,kw_b01,,,50000000,False
2024-06-29,naver_datalab_keyword,패션의류,,패딩,0.28112,0.008232371211065206,kw_b01,,,50000000,False
2024-06-29,naver_datalab_keyword,패션의류,,패션_앵커,34.14812,1.0,kw_b01,,,50000000,True
2024-06-29,naver_datalab_keyword,패션의류,,히트텍,0.00912,0.0002670718036600551,kw_b01,,,50000000,False
2024-06-29,naver_datalab_keyword,패션의류,,가디건,1.20849,0.03538964956196711,kw_b02,,,50000000,False
2024-06-29,naver_datalab_keyword,패션의류,,레인부츠,0.00182,5.3297223976019766e-05,kw_b02,,,50000000,False
2024-06-29,naver_datalab_keyword,패션의류,,반팔,0.61337,0.017962043005588596,kw_b02,,,50000000,False
2024-06-29,naver_datalab_keyword,패션의류,,자켓,0.24279,0.007109908246779033,kw_b02,,,50000000,False
2024-06-29,naver_datalab_keyword,패션의류,,패션_앵커,34.14812,1.0,kw_b02,,,50000000,True
2024-06-30,naver_datalab_keyword,패션의류,,코트,0.43994,0.012850313736463708,kw_b01,,,50000000,False
2024-06-30,naver_datalab_keyword,패션의류,,패딩,0.15516,0.004532105922056892,kw_b01,,,50000000,False
2024-06-30,naver_datalab_keyword,패션의류,,패션_앵커,34.23574,1.0,kw_b01,,,50000000,True
2024-06-30,naver_datalab_keyword,패션의류,,히트텍,0.01277,0.0003730020148534835,kw_b01,,,50000000,False
2024-06-30,naver_datalab_keyword,패션의류,,가디건,1.29064,0.03769861554036805,kw_b02,,,50000000,False
2024-06-30,naver_datalab_keyword,패션의류,,반팔,0.85069,0.024848009711488636,kw_b02,,,50000000,False
2024-06-30,naver_datalab_keyword,패션의류,,자켓,0.33954,0.00991770588279967,kw_b02,,,50000000,False
2024-06-30,naver_datalab_keyword,패션의류,,패션_앵커,34.23574,1.0,kw_b02,,,50000000,True
2024-07-01,naver_datalab_keyword,패션의류,,코트,0.13691,0.00471092548644753,kw_b01,,,50000000,False
2024-07-01,naver_datalab_keyword,패션의류,,패딩,0.16977,0.005841602657469851,kw_b01,,,50000000,False
2024-07-01,naver_datalab_keyword,패션의류,,패션_앵커,29.06223,1.0,kw_b01,,,50000000,True
2024-07-01,naver_datalab_keyword,패션의류,,히트텍,0.00547,0.00018821680235824986,kw_b01,,,50000000,False
2024-07-01,naver_datalab_keyword,패션의류,,가디건,1.10261,0.03793962128852466,kw_b02,,,50000000,False
2024-07-01,naver_datalab_keyword,패션의류,,레인부츠,0.00182,6.262423771334822e-05,kw_b02,,,50000000,False
2024-07-01,naver_datalab_keyword,패션의류,,반팔,0.85069,0.029271325703499006,kw_b02,,,50000000,False
2024-07-01,naver_datalab_keyword,패션의류,,자켓,0.39613,0.013630406200762984,kw_b02,,,50000000,False
2024-07-01,naver_datalab_keyword,패션의류,,패션_앵커,29.06223,1.0,kw_b02,,,50000000,True
2024-07-02,naver_datalab_keyword,패션의류,,코트,0.26104,0.008877275005764244,kw_b01,,,50000000,False
2024-07-02,naver_datalab_keyword,패션의류,,패딩,0.25739,0.00875314822913599,kw_b01,,,50000000,False
2024-07-02,naver_datalab_keyword,패션의류,,패션_앵커,29.40542,1.0,kw_b01,,,50000000,True
2024-07-02,naver_datalab_keyword,패션의류,,히트텍,0.01642,0.0005584004581468315,kw_b01,,,50000000,False
2024-07-02,naver_datalab_keyword,패션의류,,가디건,1.06975,0.03637934775289726,kw_b02,,,50000000,False
2024-07-02,naver_datalab_keyword,패션의류,,레인부츠,0.00182,6.189335163381444e-05,kw_b02,,,50000000,False
2024-07-02,naver_datalab_keyword,패션의류,,반팔,0.80505,0.027377605897144133,kw_b02,,,50000000,False
2024-07-02,naver_datalab_keyword,패션의류,,자켓,0.17159,0.0058353187949704505,kw_b02,,,50000000,False
2024-07-02,naver_datalab_keyword,패션의류,,패션_앵커,29.40542,1.0,kw_b02,,,50000000,True
2024-07-03,naver_datalab_keyword,패션의류,,코트,0.13508,0.004345262431912266,kw_b01,,,50000000,False
2024-07-03,naver_datalab_keyword,패션의류,,패딩,0.23366,0.007516390434117709,kw_b01,,,50000000,False
2024-07-03,naver_datalab_keyword,패션의류,,패션_앵커,31.08673,1.0,kw_b01,,,50000000,True
2024-07-03,naver_datalab_keyword,패션의류,,히트텍,0.0219,0.0007044806578240941,kw_b01,,,50000000,False
2024-07-03,naver_datalab_keyword,패션의류,,가디건,1.23039,0.03957926742375284,kw_b02,,,50000000,False
2024-07-03,naver_datalab_keyword,패션의류,,반팔,0.75941,0.024428751431881064,kw_b02,,,50000000,False
2024-07-03,naver_datalab_keyword,패션의류,,자켓,0.33041,0.010628650874504974,kw_b02,,,50000000,False
2024-07-03,naver_datalab_keyword,패션의류,,패션_앵커,31.08673,1.0,kw_b02,,,50000000,True
2024-07-04,naver_datalab_keyword,패션의류,,코트,0.10405,0.0032084182975740906,kw_b01,,,50000000,False
2024-07-04,naver_datalab_keyword,패션의류,,패딩,0.17159,0.005291037921006614,kw_b01,,,50000000,False
2024-07-04,naver_datalab_keyword,패션의류,,패션_앵커,32.43031,1.0,kw_b01,,,50000000,True
2024-07-04,naver_datalab_keyword,패션의류,,히트텍,0.0073,0.00022509806412581319,kw_b01,,,50000000,False
2024-07-04,naver_datalab_keyword,패션의류,,가디건,0.99673,0.03073451965152353,kw_b02,,,50000000,False
2024-07-04,naver_datalab_keyword,패션의류,,반팔,0.75941,0.023416674092847093,kw_b02,,,50000000,False
2024-07-04,naver_datalab_keyword,패션의류,,자켓,0.37057,0.011426656112753779,kw_b02,,,50000000,False
2024-07-04,naver_datalab_keyword,패션의류,,패션_앵커,32.43031,1.0,kw_b02,,,50000000,True
2024-07-05,naver_datalab_keyword,패션의류,,코트,0.29208,0.005178951131184492,kw_b01,,,50000000,False
2024-07-05,naver_datalab_keyword,패션의류,,패딩,0.34319,0.00608519665403727,kw_b01,,,50000000,False
2024-07-05,naver_datalab_keyword,패션의류,,패션_앵커,56.39752,1.0,kw_b01,,,50000000,True
2024-07-05,naver_datalab_keyword,패션의류,,히트텍,0.05476,0.0009709646807164571,kw_b01,,,50000000,False
2024-07-05,naver_datalab_keyword,패션의류,,가디건,1.88028,0.03333976387614207,kw_b02,,,50000000,False
2024-07-05,naver_datalab_keyword,패션의류,,레인부츠,0.00365,6.471915786367911e-05,kw_b02,,,50000000,False
2024-07-05,naver_datalab_keyword,패션의류,,반팔,1.32167,0.02343489571881884,kw_b02,,,50000000,False
2024-07-05,naver_datalab_keyword,패션의류,,자켓,0.39431,0.006991619489651318,kw_b02,,,50000000,False
2024-07-05,naver_datalab_keyword,패션의류,,패션_앵커,56.39752,1.0,kw_b02,,,50000000,True
2024-07-06,naver_datalab_keyword,패션의류,,코트,0.33954,0.010786790137301727,kw_b01,,,50000000,False
2024-07-06,naver_datalab_keyword,패션의류,,패딩,0.18437,0.0058572200554112015,kw_b01,,,50000000,False
2024-07-06,naver_datalab_keyword,패션의류,,패션_앵커,31.47739,1.0,kw_b01,,,50000000,True
2024-07-06,naver_datalab_keyword,패션의류,,히트텍,0.02373,0.0007538744476590976,kw_b01,,,50000000,False
2024-07-06,naver_datalab_keyword,패션의류,,가디건,1.35818,0.043147795925901095,kw_b02,,,50000000,False
2024-07-06,naver_datalab_keyword,패션의류,,반팔,0.6225,0.019776099606733596,kw_b02,,,50000000,False
2024-07-06,naver_datalab_keyword,패션의류,,자켓,0.31763,0.010090734968814125,kw_b02,,,50000000,False
2024-07-06,naver_datalab_keyword,패션의류,,패션_앵커,31.47739,1.0,kw_b02,,,50000000,True
2024-07-07,naver_datalab_keyword,패션의류,,코트,0.25374,0.007031732584656392,kw_b01,,,50000000,False
2024-07-07,naver_datalab_keyword,패션의류,,패딩,0.2866,0.007942360521646258,kw_b01,,,50000000,False
2024-07-07,naver_datalab_keyword,패션의류,,패션_앵커,36.08499,1.0,kw_b01,,,50000000,True
2024-07-07,naver_datalab_keyword,패션의류,,히트텍,0.00547,0.00015158657380811246,kw_b01,,,50000000,False
2024-07-07,naver_datalab_keyword,패션의류,,가디건,1.43668,0.03981378406922103,kw_b02,,,50000000,False
2024-07-07,naver_datalab_keyword,패션의류,,반팔,1.07888,0.029898303976251626,kw_b02,,,50000000,False
2024-07-07,naver_datalab_keyword,패션의류,,자켓,0.33772,0.00935901603409063,kw_b02,,,50000000,False
2024-07-07,naver_datalab_keyword,패션의류,,패션_앵커,36.08499,1.0,kw_b02,,,50000000,True
2024-07-08,naver_datalab_keyword,패션의류,,코트,0.25374,0.00845270297280371,kw_b01,,,50000000,False
2024-07-08,naver_datalab_keyword,패션의류,,패딩,0.19533,0.006506922328674032,kw_b01,,,50000000,False
2024-07-08,naver_datalab_keyword,패션의류,,패션_앵커,30.0188,1.0,kw_b01,,,50000000,True
2024-07-08,naver_datalab_keyword,패션의류,,히트텍,0.01642,0.0005469905525870455,kw_b01,,,50000000,False
2024-07-08,naver_datalab_keyword,패션의류,,가디건,1.31254,0.043723933001985425,kw_b02,,,50000000,False
2024-07-08,naver_datalab_keyword,패션의류,,레인부츠,0.00912,0.00030380961264274387,kw_b02,,,50000000,False
2024-07-08,naver_datalab_keyword,패션의류,,반팔,0.72838,0.02426412781323704,kw_b02,,,50000000,False
2024-07-08,naver_datalab_keyword,패션의류,,자켓,0.34502,0.011493464095833277,kw_b02,,,50000000,False
2024-07-08,naver_datalab_keyword,패션의류,,패션_앵커,30.0188,1.0,kw_b02,,,50000000,True
2024-07-09,naver_datalab_keyword,패션의류,,코트,0.27017,0.008810361509510997,kw_b01,,,50000000,False
2024-07-09,naver_datalab_keyword,패션의류,,패딩,0.30851,0.010060645627935143,kw_b01,,,50000000,False
2024-07-09,naver_datalab_keyword,패션의류,,패션_앵커,30.66503,1.0,kw_b01,,,50000000,True
2024-07-09,naver_datalab_keyword,패션의류,,히트텍,0.01095,0.00035708427482379764,kw_b01,,,50000000,False
2024-07-09,naver_datalab_keyword,패션의류,,가디건,1.2669,0.04131416144057253,kw_b02,,,50000000,False
2024-07-09,naver_datalab_keyword,패션의류,,레인부츠,0.00182,5.9350993623681434e-05,kw_b02,,,50000000,False
2024-07-09,naver_datalab_keyword,패션의류,,반팔,0.89815,0.029289063144565648,kw_b02,,,50000000,False
2024-07-09,naver_datalab_keyword,패션의류,,자켓,0.25922,0.008453277234687199,kw_b02,,,50000000,False
2024-07-09,naver_datalab_keyword,패션의류,,패션_앵커,30.66503,1.0,kw_b02,,,50000000,True
2024-07-10,naver_datalab_keyword,패션의류,,코트,0.1789,0.006238836179809606,kw_b01,,,50000000,False
2024-07-10,naver_datalab_keyword,패션의류,,패딩,0.25739,0.00897604272957627,kw_b01,,,50000000,False
2024-07-10,naver_datalab_keyword,패션의류,,패션_앵커,28.67522,1.0,kw_b01,,,50000000,True
2024-07-10,naver_datalab_keyword,패션의류,,히트텍,0.01642,0.0005726198438930896,kw_b01,,,50000000,False
2024-07-10,naver_datalab_keyword,패션의류,,가디건,1.09165,0.03806945509049277,kw_b02,,,50000000,False
2024-07-10,naver_datalab_keyword,패션의류,,반팔,0.76854,0.0268015380527159,kw_b02,,,50000000,False
2024-07-10,naver_datalab_keyword,패션의류,,자켓,0.25922,0.009039860897318312,kw_b02,,,50000000,False
2024-07-10,naver_datalab_keyword,패션의류,,패션_앵커,28.67522,1.0,kw_b02,,,50000000,True
2024-07-11,naver_datalab_keyword,패션의류,,코트,0.28843,0.010173797225283136,kw_b01,,,50000000,False
2024-07-11,naver_datalab_keyword,패션의류,,패딩,0.21358,0.007533611660978303,kw_b01,,,50000000,False
2024-07-11,naver_datalab_keyword,패션의류,,패션_앵커,28.35028,1.0,kw_b01,,,50000000,True
2024-07-11,naver_datalab_keyword,패션의류,,히트텍,0.03285,0.0011587187145947059,kw_b01,,,50000000,False
2024-07-11,naver_datalab_keyword,패션의류,,가디건,1.01498,0.03580141007425676,kw_b02,,,50000000,False
2024-07-11,naver_datalab_keyword,패션의류,,반팔,0.79409,0.02800995263538843,kw_b02,,,50000000,False
2024-07-11,naver_datalab_keyword,패션의류,,자켓,0.21358,0.007533611660978303,kw_b02,,,50000000,False
2024-07-11,naver_datalab_keyword,패션의류,,패션_앵커,28.35028,1.0,kw_b02,,,50000000,True
2024-07-12,naver_datalab_keyword,패션의류,,코트,0.3797,0.014304098272960017,kw_b01,,,50000000,False
2024-07-12,naver_datalab_keyword,패션의류,,패딩,0.20993,0.007908505005115873,kw_b01,,,50000000,False
2024-07-12,naver_datalab_keyword,패션의류,,패션_앵커,26.54484,1.0,kw_b01,,,50000000,True
2024-07-12,naver_datalab_keyword,패션의류,,히트텍,0.01095,0.0004125095498786205,kw_b01,,,50000000,False
2024-07-12,naver_datalab_keyword,패션의류,,가디건,0.85434,0.03218478619573521,kw_b02,,,50000000,False
2024-07-12,naver_datalab_keyword,패션의류,,반팔,0.46733,0.017605304835139335,kw_b02,,,50000000,False
2024-07-12,naver_datalab_keyword,패션의류,,자켓,0.26469,0.00997142947555909,kw_b02,,,50000000,False
2024-07-12,naver_datalab_keyword,패션의류,,패션_앵커,26.54484,1.0,kw_b02,,,50000000,True
2024-07-13,naver_datalab_keyword,패션의류,,코트,0.272,0.00932992608091653,kw_b01,,,50000000,False
2024-07-13,naver_datalab_keyword,패션의류,,패딩,0.29573,0.01014389352907884,kw_b01,,,50000000,False
2024-07-13,naver_datalab_keyword,패션의류,,패션_앵커,29.1535,1.0,kw_b01,,,50000000,True
2024-07-13,naver_datalab_keyword,패션의류,,히트텍,0.01825,0.0006259968785909067,kw_b01,,,50000000,False
2024-07-13,naver_datalab_keyword,패션의류,,가디건,0.85434,0.02930488620577289,kw_b02,,,50000000,False
2024-07-13,naver_datalab_keyword,패션의류,,반팔,0.76306,0.026173872776853548,kw_b02,,,50000000,False
2024-07-13,naver_datalab_keyword,패션의류,,자켓,0.39431,0.013525305709434544,kw_b02,,,50000000,False
2024-07-13,naver_datalab_keyword,패션의류,,패션_앵커,29.1535,1.0,kw_b02,,,50000000,True
2024-07-14,naver_datalab_keyword,패션의류,,코트,0.49288,0.014091586161152074,kw_b01,,,50000000,False
2024-07-14,naver_datalab_keyword,패션의류,,패딩,0.3724,0.010647027037844977,kw_b01,,,50000000,False
2024-07-14,naver_datalab_keyword,패션의류,,패션_앵커,34.9769,1.0,kw_b01,,,50000000,True
2024-07-14,naver_datalab_keyword,패션의류,,히트텍,0.01642,0.0004694526959221658,kw_b01,,,50000000,False
2024-07-14,naver_datalab_keyword,패션의류,,가디건,1.04419,0.029853703444273218,kw_b02,,,50000000,False
2024-07-14,naver_datalab_keyword,패션의류,,반팔,0.81052,0.023173008471305347,kw_b02,,,50000000,False
2024-07-14,naver_datalab_keyword,패션의류,,자켓,0.28478,0.008141945112345577,kw_b02,,,50000000,False
2024-07-14,naver_datalab_keyword,패션의류,,패션_앵커,34.9769,1.0,kw_b02,,,50000000,True
2024-07-15,naver_datalab_keyword,패션의류,,코트,0.18437,0.006379637754777202,kw_b01,,,50000000,False
2024-07-15,naver_datalab_keyword,패션의류,,패딩,0.12778,0.004421490005453332,kw_b01,,,50000000,False
2024-07-15,naver_datalab_keyword,패션의류,,패션_앵커,28.89976,1.0,kw_b01,,,50000000,True
2024-07-15,naver_datalab_keyword,패션의류,,히트텍,0.00547,0.00018927492823469813,kw_b01,,,50000000,False
2024-07-15,naver_datalab_keyword,패션의류,,가디건,0.93831,0.032467743676764096,kw_b02,,,50000000,False
2024-07-15,naver_datalab_keyword,패션의류,,반팔,0.79592,0.027540713140870372,kw_b02,,,50000000,False
2024-07-15,naver_datalab_keyword,패션의류,,자켓,0.21906,0.007579993743892683,kw_b02,,,50000000,False
2024-07-15,naver_datalab_keyword,패션의류,,패션_앵커,28.89976,1.0,kw_b02,,,50000000,True
2024-07-16,naver_datalab_keyword,패션의류,,코트,0.3651,0.011876376387772959,kw_b01,,,50000000,False
2024-07-16,naver_datalab_keyword,패션의류,,패딩,0.31581,0.010273016781765483,kw_b01,,,50000000,False
2024-07-16,naver_datalab_keyword,패션의류,,패션_앵커,30.7417,1.0,kw_b01,,,50000000,True
2024-07-16,naver_datalab_keyword,패션의류,,히트텍,0.01825,0.0005936561738615625,kw_b01,,,50000000,False
2024-07-16,naver_datalab_keyword,패션의류,,가디건,1.06427,0.03461975102222714,kw_b02,,,50000000,False
2024-07-16,naver_datalab_keyword,패션의류,,반팔,0.74115,0.024108946479862857,kw_b02,,,50000000,False
2024-07-16,naver_datalab_keyword,패션의류,,자켓,0.42351,0.01377640143518413,kw_b02,,,50000000,False
2024-07-16,naver_datalab_keyword,패션의류,,패션_앵커,30.7417,1.0,kw_b02,,,50000000,True
2024-07-17,naver_datalab_keyword,패션의류,,코트,0.33406,0.012090035040327865,kw_b01,,,50000000,False
2024-07-17,naver_datalab_keyword,패션의류,,패딩,0.27017,0.009777778742876666,kw_b01,,,50000000,False
2024-07-17,naver_datalab_keyword,패션의류,,패션_앵커,27.63102,1.0,kw_b01,,,50000000,True
2024-07-17,naver_datalab_keyword,패션의류,,히트텍,0.01277,0.0004621617298239443,kw_b01,,,50000000,False
2024-07-17,naver_datalab_keyword,패션의류,,가디건,1.0022,0.03627082894514933,kw_b02,,,50000000,False
2024-07-17,naver_datalab_keyword,패션의류,,반팔,0.74115,0.026823114021849354,kw_b02,,,50000000,False
2024-07-17,naver_datalab_keyword,패션의류,,자켓,0.2866,0.010372400295030731,kw_b02,,,50000000,False
2024-07-17,naver_datalab_keyword,패션의류,,패션_앵커,27.63102,1.0,kw_b02,,,50000000,True
2024-07-18,naver_datalab_keyword,패션의류,,코트,0.33589,0.012428043592318435,kw_b01,,,50000000,False
2024-07-18,naver_datalab_keyword,패션의류,,패딩,0.25009,0.009253414576209226,kw_b01,,,50000000,False
2024-07-18,naver_datalab_keyword,패션의류,,패션_앵커,27.02678,1.0,kw_b01,,,50000000,True
2024-07-18,naver_datalab_keyword,패션의류,,히트텍,0.02555,0.0009453586405779749,kw_b01,,,50000000,False
2024-07-18,naver_datalab_keyword,패션의류,,가디건,1.12999,0.041810012143510995,kw_b02,,,50000000,False
2024-07-18,naver_datalab_keyword,패션의류,,레인부츠,0.00912,0.00033744308422978985,kw_b02,,,50000000,False
2024-07-18,naver_datalab_keyword,패션의류,,반팔,0.53852,0.019925422118358162,kw_b02,,,50000000,False
2024-07-18,naver_datalab_keyword,패션의류,,자켓,0.27017,0.009996381366925695,kw_b02,,,50000000,False
2024-07-18,naver_datalab_keyword,패션의류,,패션_앵커,27.02678,1.0,kw_b02,,,50000000,True
2024-07-19,naver_datalab_keyword,패션의류,,코트,0.3651,0.014442383946683037,kw_b01,,,50000000,False
2024-07-19,naver_datalab_keyword,패션의류,,패딩,0.16977,0.0067156491992012585,kw_b01,,,50000000,False
2024-07-19,naver_datalab_keyword,패션의류,,패션_앵커,25.27976,1.0,kw_b01,,,50000000,True
2024-07-19,naver_datalab_keyword,패션의류,,히트텍,0.0292,0.0011550742570340857,kw_b01,,,50000000,False
2024-07-19,naver_datalab_keyword,패션의류,,가디건,0.92371,0.036539508286471074,kw_b02,,,50000000,False
2024-07-19,naver_datalab_keyword,패션의류,,반팔,0.54765,0.021663575920024557,kw_b02,,,50000000,False
2024-07-19,naver_datalab_keyword,패션의류,,자켓,0.24279,0.009604125988537866,kw_b02,,,50000000,False
2024-07-19,naver_datalab_keyword,패션의류,,패션_앵커,25.27976,1.0,kw_b02,,,50000000,True
2024-07-20,naver_datalab_keyword,패션의류,,코트,0.51844,0.015979987103567232,kw_b01,,,50000000,False
2024-07-20,naver_datalab_keyword,패션의류,,패딩,0.22088,0.006808231524257253,kw_b01,,,50000000,False
2024-07-20,naver_datalab_keyword,패션의류,,패션_앵커,32.44308,1.0,kw_b01,,,50000000,True
2024-07-20,naver_datalab_keyword,패션의류,,히트텍,0.03285,0.0010125425822702404,kw_b01,,,50000000,False
2024-07-20,naver_datalab_keyword,패션의류,,가디건,0.9091,0.028021383912994698,kw_b02,,,50000000,False
2024-07-20,naver_datalab_keyword,패션의류,,반팔,0.51662,0.01592388885395591,kw_b02,,,50000000,False
2024-07-20,naver_datalab_keyword,패션의류,,자켓,0.30303,0.009340358560284659,kw_b02,,,50000000,False
2024-07-20,naver_datalab_keyword,패션의류,,패션_앵커,32.44308,1.0,kw_b02,,,50000000,True
2024-07-21,naver_datalab_keyword,패션의류,,코트,0.57321,0.015127367733507513,kw_b01,,,50000000,False
2024-07-21,naver_datalab_keyword,패션의류,,패딩,0.49288,0.013007409166782126,kw_b01,,,50000000,False
2024-07-21,naver_datalab_keyword,패션의류,,패션_앵커,37.89225,1.0,kw_b01,,,50000000,True
2024-07-21,naver_datalab_keyword,패션의류,,히트텍,0.03651,0.0009635215644359995,kw_b01,,,50000000,False
2024-07-21,naver_datalab_keyword,패션의류,,가디건,1.22857,0.03242272496354796,kw_b02,,,50000000,False
2024-07-21,naver_datalab_keyword,패션의류,,레인부츠,0.0146,0.0003853030632913063,kw_b02,,,50000000,False
2024-07-21,naver_datalab_keyword,패션의류,,반팔,0.69004,0.018210583958461164,kw_b02,,,50000000,False
2024-07-21,naver_datalab_keyword,패션의류,,자켓,0.27565,0.0072745746161814095,kw_b02,,,50000000,False
2024-07-21,naver_datalab_keyword,패션의류,,패션_앵커,37.89225,1.0,kw_b02,,,50000000,True
2024-07-22,naver_datalab_keyword,패션의류,,코트,0.40891,0.013350628760384111,kw_b01,,,50000000,False
2024-07-22,naver_datalab_keyword,패션의류,,패딩,0.22088,0.007211579273174152,kw_b01,,,50000000,False
2024-07-22,naver_datalab_keyword,패션의류,,패션_앵커,30.62852,1.0,kw_b01,,,50000000,True
2024-07-22,naver_datalab_keyword,패션의류,,히트텍,0.01825,0.0005958498810912182,kw_b01,,,50000000,False
2024-07-22,naver_datalab_keyword,패션의류,,가디건,1.19753,0.03909852647140639,kw_b02,,,50000000,False
2024-07-22,naver_datalab_keyword,패션의류,,레인부츠,0.00182,5.942174156635711e-05,kw_b02,,,50000000,False
2024-07-22,naver_datalab_keyword,패션의류,,반팔,0.66996,0.021873730758130004,kw_b02,,,50000000,False
2024-07-22,naver_datalab_keyword,패션의류,,자켓,0.23914,0.0078077556473509,kw_b02,,,50000000,False
2024-07-22,naver_datalab_keyword,패션의류,,패션_앵커,30.62852,1.0,kw_b02,,,50000000,True
2024-07-23,naver_datalab_keyword,패션의류,,코트,0.34684,0.011295137072890824,kw_b01,,,50000000,False
2024-07-23,naver_datalab_keyword,패션의류,,패딩,0.26652,0.008679448543036738,kw_b01,,,50000000,False
2024-07-23,naver_datalab_keyword,패션의류,,패션_앵커,30.70702,1.0,kw_b01,,,50000000,True
2024-07-23,naver_datalab_keyword,패션의류,,히트텍,0.00912,0.00029700049044159934,kw_b01,,,50000000,False
2024-07-23,naver_datalab_keyword,패션의류,,가디건,1.19753,0.038998574267382506,kw_b02,,,50000000,False
2024-07-23,naver_datalab_keyword,패션의류,,레인부츠,0.0073,0.00023773065572628018,kw_b02,,,50000000,False
2024-07-23,naver_datalab_keyword,패션의류,,반팔,0.79409,0.025860210466531756,kw_b02,,,50000000,False
2024-07-23,naver_datalab_keyword,패션의류,,자켓,0.23366,0.007609334933835976,kw_b02,,,50000000,False
2024-07-23,naver_datalab_keyword,패션의류,,패션_앵커,30.70702,1.0,kw_b02,,,50000000,True
2024-07-24,naver_datalab_keyword,패션의류,,코트,0.31216,0.01089785080250159,kw_b01,,,50000000,False
2024-07-24,naver_datalab_keyword,패션의류,,패딩,0.33772,0.011790178668057526,kw_b01,,,50000000,False
2024-07-24,naver_datalab_keyword,패션의류,,패션_앵커,28.64418,1.0,kw_b01,,,50000000,True
2024-07-24,naver_datalab_keyword,패션의류,,히트텍,0.01825,0.0006371276817838737,kw_b01,,,50000000,False
2024-07-24,naver_datalab_keyword,패션의류,,가디건,0.90728,0.03167414811665057,kw_b02,,,50000000,False
2024-07-24,naver_datalab_keyword,패션의류,,레인부츠,0.00182,6.353821264913153e-05,kw_b02,,,50000000,False
2024-07-24,naver_datalab_keyword,패션의류,,반팔,0.77949,0.027212857899929412,kw_b02,,,50000000,False
2024-07-24,naver_datalab_keyword,패션의류,,자켓,0.28112,0.009814210076881238,kw_b02,,,50000000,False
2024-07-24,naver_datalab_keyword,패션의류,,패션_앵커,28.64418,1.0,kw_b02,,,50000000,True
2024-07-25,naver_datalab_keyword,패션의류,,코트,0.3578,0.01250633530820182,kw_b01,,,50000000,False
2024-07-25,naver_datalab_keyword,패션의류,,패딩,0.50384,0.01761093343120292,kw_b01,,,50000000,False
2024-07-25,naver_datalab_keyword,패션의류,,패션_앵커,28.6095,1.0,kw_b01,,,50000000,True
2024-07-25,naver_datalab_keyword,패션의류,,히트텍,0.02373,0.0008294447648508362,kw_b01,,,50000000,False
2024-07-25,naver_datalab_keyword,패션의류,,가디건,0.78132,0.02730980967860326,kw_b02,,,50000000,False
2024-07-25,naver_datalab_keyword,패션의류,,레인부츠,0.00365,0.00012757999965046576,kw_b02,,,50000000,False
2024-07-25,naver_datalab_keyword,패션의류,,반팔,0.69917,0.024438385850853735,kw_b02,,,50000000,False
2024-07-25,naver_datalab_keyword,패션의류,,자켓,0.40343,0.014101260070955452,kw_b02,,,50000000,False
2024-07-25,naver_datalab_keyword,패션의류,,패션_앵커,28.6095,1.0,kw_b02,,,50000000,True
2024-07-26,naver_datalab_keyword,패션의류,,코트,0.41439,0.014777603117635983,kw_b01,,,50000000,False
2024-07-26,naver_datalab_keyword,패션의류,,패딩,0.41074,0.01464744010361689,kw_b01,,,50000000,False
2024-07-26,naver_datalab_keyword,패션의류,,패션_앵커,28.04176,1.0,kw_b01,,,50000000,True
2024-07-26,naver_datalab_keyword,패션의류,,히트텍,0.00912,0.0003252292295490725,kw_b01,,,50000000,False
2024-07-26,naver_datalab_keyword,패션의류,,가디건,1.05697,0.037692712582947714,kw_b02,,,50000000,False
2024-07-26,naver_datalab_keyword,패션의류,,레인부츠,0.00182,6.490320151088948e-05,kw_b02,,,50000000,False
2024-07-26,naver_datalab_keyword,패션의류,,반팔,0.50566,0.018032391690107896,kw_b02,,,50000000,False
2024-07-26,naver_datalab_keyword,패션의류,,자켓,0.1789,0.006379770741922048,kw_b02,,,50000000,False
2024-07-26,naver_datalab_keyword,패션의류,,패션_앵커,28.04176,1.0,kw_b02,,,50000000,True
2024-07-27,naver_datalab_keyword,패션의류,,코트,0.28478,0.010146981221421752,kw_b01,,,50000000,False
2024-07-27,naver_datalab_keyword,패션의류,,패딩,0.41256,0.014699903689548979,kw_b01,,,50000000,False
2024-07-27,naver_datalab_keyword,패션의류,,패션_앵커,28.06549,1.0,kw_b01,,,50000000,True
2024-07-27,naver_datalab_keyword,패션의류,,히트텍,0.03103,0.0011056283000938161,kw_b01,,,50000000,False
2024-07-27,naver_datalab_keyword,패션의류,,가디건,0.76489,0.027253755412786306,kw_b02,,,50000000,False
2024-07-27,naver_datalab_keyword,패션의류,,반팔,0.70099,0.024976937869247963,kw_b02,,,50000000,False
2024-07-27,naver_datalab_keyword,패션의류,,자켓,0.42717,0.01522047183213263,kw_b02,,,50000000,False
2024-07-27,naver_datalab_keyword,패션의류,,패션_앵커,28.06549,1.0,kw_b02,,,50000000,True
2024-07-28,naver_datalab_keyword,패션의류,,코트,0.37423,0.011693543725254375,kw_b01,,,50000000,False
2024-07-28,naver_datalab_keyword,패션의류,,패딩,0.3724,0.011636361818359642,kw_b01,,,50000000,False
2024-07-28,naver_datalab_keyword,패션의류,,패션_앵커,32.00313,1.0,kw_b01,,,50000000,True
2024-07-28,naver_datalab_keyword,패션의류,,히트텍,0.01277,0.0003990234705167901,kw_b01,,,50000000,False
2024-07-28,naver_datalab_keyword,패션의류,,가디건,0.88355,0.027608237069311658,kw_b02,,,50000000,False
2024-07-28,naver_datalab_keyword,패션의류,,반팔,0.81235,0.02538345468083903,kw_b02,,,50000000,False
2024-07-28,naver_datalab_keyword,패션의류,,자켓,0.40526,0.01266313638697215,kw_b02,,,50000000,False
2024-07-28,naver_datalab_keyword,패션의류,,패션_앵커,32.00313,1.0,kw_b02,,,50000000,True
2024-07-29,naver_datalab_keyword,패션의류,,코트,0.38153,0.014572470089635605,kw_b01,,,50000000,False
2024-07-29,naver_datalab_keyword,패션의류,,패딩,0.23001,0.00878519079840926,kw_b01,,,50000000,False
2024-07-29,naver_datalab_keyword,패션의류,,패션_앵커,26.18156,1.0,kw_b01,,,50000000,True
2024-07-29,naver_datalab_keyword,패션의류,,히트텍,0.01825,0.0006970554848526977,kw_b01,,,50000000,False
2024-07-29,naver_datalab_keyword,패션의류,,가디건,0.7375,0.028168680552266557,kw_b02,,,50000000,False
2024-07-29,naver_datalab_keyword,패션의류,,반팔,0.76854,0.02935424779883246,kw_b02,,,50000000,False
2024-07-29,naver_datalab_keyword,패션의류,,자켓,0.20445,0.0078089311714046065,kw_b02,,,50000000,False
2024-07-29,naver_datalab_keyword,패션의류,,패션_앵커,26.18156,1.0,kw_b02,,,50000000,True
2024-07-30,naver_datalab_keyword,패션의류,,코트,0.44907,0.016157380739158705,kw_b01,,,50000000,False
2024-07-30,naver_datalab_keyword,패션의류,,패딩,0.29938,0.010771587159439135,kw_b01,,,50000000,False
2024-07-30,naver_datalab_keyword,패션의류,,패션_앵커,27.79349,1.0,kw_b01,,,50000000,True
2024-07-30,naver_datalab_keyword,패션의류,,히트텍,0.00547,0.00019680867713986263,kw_b01,,,50000000,False
2024-07-30,naver_datalab_keyword,패션의류,,가디건,0.69004,0.024827396631369434,kw_b02,,,50000000,False
2024-07-30,naver_datalab_keyword,패션의류,,반팔,0.6298,0.022659982607437932,kw_b02,,,50000000,False
2024-07-30,naver_datalab_keyword,패션의류,,자켓,0.14969,0.005385793579719567,kw_b02,,,50000000,False
2024-07-30,naver_datalab_keyword,패션의류,,패션_앵커,27.79349,1.0,kw_b02,,,50000000,True
2024-07-31,naver_datalab_keyword,패션의류,,코트,0.58416,0.021750753993372306,kw_b01,,,50000000,False
2024-07-31,naver_datalab_keyword,패션의류,,패딩,0.40161,0.014953643370443461,kw_b01,,,50000000,False
2024-07-31,naver_datalab_keyword,패션의류,,패션_앵커,26.857,1.0,kw_b01,,,50000000,True
2024-07-31,naver_datalab_keyword,패션의류,,히트텍,0.01642,0.0006113862307778233,kw_b01,,,50000000,False
2024-07-31,naver_datalab_keyword,패션의류,,가디건,0.87077,0.03242245969393454,kw_b02,,,50000000,False
2024-07-31,naver_datalab_keyword,패션의류,,반팔,0.66083,0.024605503220761816,kw_b02,,,50000000,False
2024-07-31,naver_datalab_keyword,패션의류,,자켓,0.27017,0.01005957478497226,kw_b02,,,50000000,False
2024-07-31,naver_datalab_keyword,패션의류,,패션_앵커,26.857,1.0,kw_b02,,,50000000,True
2024-08-01,naver_datalab_keyword,패션의류,,코트,0.37057,0.015372553249301521,kw_b01,,,50000000,False
2024-08-01,naver_datalab_keyword,패션의류,,패딩,0.38335,0.015902712815715623,kw_b01,,,50000000,False
2024-08-01,naver_datalab_keyword,패션의류,,패션_앵커,24.10595,1.0,kw_b01,,,50000000,True
2024-08-01,naver_datalab_keyword,패션의류,,히트텍,0.02738,0.0011358191649779412,kw_b01,,,50000000,False
2024-08-01,naver_datalab_keyword,패션의류,,가디건,0.9949,0.04127196812405236,kw_b02,,,50000000,False
2024-08-01,naver_datalab_keyword,패션의류,,반팔,0.54035,0.022415627676984313,kw_b02,,,50000000,False
2024-08-01,naver_datalab_keyword,패션의류,,자켓,0.18437,0.00764831919090515,kw_b02,,,50000000,False
2024-08-01,naver_datalab_keyword,패션의류,,패션_앵커,24.10595,1.0,kw_b02,,,50000000,True
2024-08-02,naver_datalab_keyword,패션의류,,코트,0.51114,0.021521711395845973,kw_b01,,,50000000,False
2024-08-02,naver_datalab_keyword,패션의류,,패딩,0.43447,0.01829349679178542,kw_b01,,,50000000,False
2024-08-02,naver_datalab_keyword,패션의류,,패션_앵커,23.74997,1.0,kw_b01,,,50000000,True
2024-08-02,naver_datalab_keyword,패션의류,,히트텍,0.01642,0.000691369294361214,kw_b01,,,50000000,False
2024-08-02,naver_datalab_keyword,패션의류,,가디건,0.69552,0.0292850896232711,kw_b02,,,50000000,False
2024-08-02,naver_datalab_keyword,패션의류,,반팔,0.46733,0.01967707748683472,kw_b02,,,50000000,False
2024-08-02,naver_datalab_keyword,패션의류,,자켓,0.17707,0.007455588364953724,kw_b02,,,50000000,False
2024-08-02,naver_datalab_keyword,패션의류,,패션_앵커,23.74997,1.0,kw_b02,,,50000000,True
2024-08-03,naver_datalab_keyword,패션의류,,코트,0.56591,0.02162085957730992,kw_b01,,,50000000,False
2024-08-03,naver_datalab_keyword,패션의류,,패딩,0.49106,0.01876117987671858,kw_b01,,,50000000,False
2024-08-03,naver_datalab_keyword,패션의류,,패션_앵커,26.17426,1.0,kw_b01,,,50000000,True
2024-08-03,naver_datalab_keyword,패션의류,,히트텍,0.01095,0.00041834993615865357,kw_b01,,,50000000,False
2024-08-03,naver_datalab_keyword,패션의류,,가디건,0.7302,0.027897636838634596,kw_b02,,,50000000,False
2024-08-03,naver_datalab_keyword,패션의류,,반팔,0.47098,0.017994013966392938,kw_b02,,,50000000,False
2024-08-03,naver_datalab_keyword,패션의류,,자켓,0.2081,0.007950559060695507,kw_b02,,,50000000,False
2024-08-03,naver_datalab_keyword,패션의류,,패션_앵커,26.17426,1.0,kw_b02,,,50000000,True
2024-08-04,naver_datalab_keyword,패션의류,,코트,0.52209,0.017553291279938838,kw_b01,,,50000000,False
2024-08-04,naver_datalab_keyword,패션의류,,패딩,0.48923,0.016448498712644328,kw_b01,,,50000000,False
2024-08-04,naver_datalab_keyword,패션의류,,패션_앵커,29.74314,1.0,kw_b01,,,50000000,True
2024-08-04,naver_datalab_keyword,패션의류,,히트텍,0.01095,0.0003681521184380667,kw_b01,,,50000000,False
2024-08-04,naver_datalab_keyword,패션의류,,가디건,1.04967,0.035291162937067175,kw_b02,,,50000000,False
2024-08-04,naver_datalab_keyword,패션의류,,레인부츠,0.00182,6.119058041619009e-05,kw_b02,,,50000000,False
2024-08-04,naver_datalab_keyword,패션의류,,반팔,0.58781,0.019762876414527855,kw_b02,,,50000000,False
2024-08-04,naver_datalab_keyword,패션의류,,자켓,0.41439,0.01393228825201374,kw_b02,,,50000000,False
2024-08-04,naver_datalab_keyword,패션의류,,패션_앵커,29.74314,1.0,kw_b02,,,50000000,True
2024-08-05,naver_datalab_keyword,패션의류,,코트,0.51297,0.020676962219408703,kw_b01,,,50000000,False
2024-08-05,naver_datalab_keyword,패션의류,,패딩,0.48376,0.019499556003784148,kw_b01,,,50000000,False
2024-08-05,naver_datalab_keyword,패션의류,,패션_앵커,24.80877,1.0,kw_b01,,,50000000,True
2024-08-05,naver_datalab_keyword,패션의류,,히트텍,0.01825,0.0007356269577250303,kw_b01,,,50000000,False
2024-08-05,naver_datalab_keyword,패션의류,,가디건,1.1665,0.047019662804725915,kw_b02,,,50000000,False
2024-08-05,naver_datalab_keyword,패션의류,,반팔,0.64075,0.025827560173277437,kw_b02,,,50000000,False
2024-08-05,naver_datalab_keyword,패션의류,,자켓,0.20263,0.008167676188702625,kw_b02,,,50000000,False
2024-08-05,naver_datalab_keyword,패션의류,,패션_앵커,24.80877,1.0,kw_b02,,,50000000,True
2024-08-06,naver_datalab_keyword,패션의류,,코트,0.38883,0.014911595785805011,kw_b01,,,50000000,False
2024-08-06,naver_datalab_keyword,패션의류,,패딩,0.70647,0.027093061427353002,kw_b01,,,50000000,False
2024-08-06,naver_datalab_keyword,패션의류,,패션_앵커,26.07568,1.0,kw_b01,,,50000000,True
2024-08-06,naver_datalab_keyword,패션의류,,히트텍,0.0292,0.001119817393065109,kw_b01,,,50000000,False
2024-08-06,naver_datalab_keyword,패션의류,,가디건,1.0022,0.03843428052499494,kw_b02,,,50000000,False
2024-08-06,naver_datalab_keyword,패션의류,,반팔,0.42351,0.016241570689623435,kw_b02,,,50000000,False
2024-08-06,naver_datalab_keyword,패션의류,,자켓,0.32859,0.012601397163947403,kw_b02,,,50000000,False
2024-08-06,naver_datalab_keyword,패션의류,,패션_앵커,26.07568,1.0,kw_b02,,,50000000,True
2024-08-07,naver_datalab_keyword,패션의류,,코트,0.50749,0.019434984197035945,kw_b01,,,50000000,False
2024-08-07,naver_datalab_keyword,패션의류,,패딩,0.99855,0.03824076034985959,kw_b01,,,50000000,False
2024-08-07,naver_datalab_keyword,패션의류,,패션_앵커,26.11219,1.0,kw_b01,,,50000000,True
2024-08-07,naver_datalab_keyword,패션의류,,히트텍,0.01095,0.00041934437517496617,kw_b01,,,50000000,False
2024-08-07,naver_datalab_keyword,패션의류,,가디건,1.02594,0.039289695732146565,kw_b02,,,50000000,False
2024-08-07,naver_datalab_keyword,패션의류,,반팔,0.68091,0.02607632680368824,kw_b02,,,50000000,False
2024-08-07,naver_datalab_keyword,패션의류,,자켓,0.21723,0.008319103070251865,kw_b02,,,50000000,False
2024-08-07,naver_datalab_keyword,패션의류,,패션_앵커,26.11219,1.0,kw_b02,,,50000000,True
2024-08-08,naver_datalab_keyword,패션의류,,코트,0.65353,0.02859631988602254,kw_b01,,,50000000,False
2024-08-08,naver_datalab_keyword,패션의류,,패딩,0.91275,0.039938933141503936,kw_b01,,,50000000,False
2024-08-08,naver_datalab_keyword,패션의류,,패션_앵커,22.85364,1.0,kw_b01,,,50000000,True
2024-08-08,naver_datalab_keyword,패션의류,,히트텍,0.03103,0.0013577705783411307,kw_b01,,,50000000,False
2024-08-08,naver_datalab_keyword,패션의류,,가디건,0.96387,0.042175775937662446,kw_b02,,,50000000,False
2024-08-08,naver_datalab_keyword,패션의류,,반팔,0.51114,0.022365802559242205,kw_b02,,,50000000,False
2024-08-08,naver_datalab_keyword,패션의류,,자켓,0.33041,0.014457653135342991,kw_b02,,,50000000,False
2024-08-08,naver_datalab_keyword,패션의류,,패션_앵커,22.85364,1.0,kw_b02,,,50000000,True
2024-08-09,naver_datalab_keyword,패션의류,,코트,0.79592,0.036681569668113645,kw_b01,,,50000000,False
2024-08-09,naver_datalab_keyword,패션의류,,패딩,0.78679,0.03626079530502454,kw_b01,,,50000000,False
2024-08-09,naver_datalab_keyword,패션의류,,패션_앵커,21.69809,1.0,kw_b01,,,50000000,True
2024-08-09,naver_datalab_keyword,패션의류,,히트텍,0.04016,0.0018508541535222685,kw_b01,,,50000000,False
2024-08-09,naver_datalab_keyword,패션의류,,가디건,1.08253,0.04989056640469276,kw_b02,,,50000000,False
2024-08-09,naver_datalab_keyword,패션의류,,반팔,0.37423,0.017247140186071677,kw_b02,,,50000000,False
2024-08-09,naver_datalab_keyword,패션의류,,자켓,0.26104,0.012030551997894745,kw_b02,,,50000000,False
2024-08-09,naver_datalab_keyword,패션의류,,패션_앵커,21.69809,1.0,kw_b02,,,50000000,True
2024-08-10,naver_datalab_keyword,패션의류,,코트,0.63527,0.02678530394301835,kw_b01,,,50000000,False
2024-08-10,naver_datalab_keyword,패션의류,,패딩,0.66266,0.02794016640307356,kw_b01,,,50000000,False
2024-08-10,naver_datalab_keyword,패션의류,,패션_앵커,23.71711,1.0,kw_b01,,,50000000,True
2024-08-10,naver_datalab_keyword,패션의류,,히트텍,0.04381,0.001847189644944093,kw_b01,,,50000000,False
2024-08-10,naver_datalab_keyword,패션의류,,가디건,1.2596,0.053109337520465184,kw_b02,,,50000000,False
2024-08-10,naver_datalab_keyword,패션의류,,반팔,0.53487,0.022552073165744053,kw_b02,,,50000000,False
2024-08-10,naver_datalab_keyword,패션의류,,자켓,0.34319,0.014470144128015595,kw_b02,,,50000000,False
2024-08-10,naver_datalab_keyword,패션의류,,패션_앵커,23.71711,1.0,kw_b02,,,50000000,True
2024-08-11,naver_datalab_keyword,패션의류,,코트,1.31072,0.047691767501178,kw_b01,,,50000000,False
2024-08-11,naver_datalab_keyword,패션의류,,패딩,0.87989,0.03201561684159203,kw_b01,,,50000000,False
2024-08-11,naver_datalab_keyword,패션의류,,패션_앵커,27.48315,1.0,kw_b01,,,50000000,True
2024-08-11,naver_datalab_keyword,패션의류,,히트텍,0.00912,0.0003318396908651301,kw_b01,,,50000000,False
2024-08-11,naver_datalab_keyword,패션의류,,가디건,1.4385,0.052341161766391406,kw_b02,,,50000000,False
2024-08-11,naver_datalab_keyword,패션의류,,반팔,0.67909,0.024709321893596623,kw_b02,,,50000000,False
2024-08-11,naver_datalab_keyword,패션의류,,자켓,0.44542,0.016207021393108142,kw_b02,,,50000000,False
2024-08-11,naver_datalab_keyword,패션의류,,패션_앵커,27.48315,1.0,kw_b02,,,50000000,True
2024-08-12,naver_datalab_keyword,패션의류,,코트,0.9018,0.041183592142693064,kw_b01,,,50000000,False
2024-08-12,naver_datalab_keyword,패션의류,,패딩,0.72107,0.03292997647630482,kw_b01,,,50000000,False
2024-08-12,naver_datalab_keyword,패션의류,,패션_앵커,21.89707,1.0,kw_b01,,,50000000,True
2024-08-12,naver_datalab_keyword,패션의류,,히트텍,0.0146,0.0006667558719043233,kw_b01,,,50000000,False
2024-08-12,naver_datalab_keyword,패션의류,,가디건,0.97847,0.044684973834398845,kw_b02,,,50000000,False
2024-08-12,naver_datalab_keyword,패션의류,,반팔,0.50019,0.022842782162179692,kw_b02,,,50000000,False
2024-08-12,naver_datalab_keyword,패션의류,,자켓,0.25922,0.011838113501030046,kw_b02,,,50000000,False
2024-08-12,naver_datalab_keyword,패션의류,,패션_앵커,21.89707,1.0,kw_b02,,,50000000,True
2024-08-13,naver_datalab_keyword,패션의류,,코트,0.73203,0.034066667411262755,kw_b01,,,50000000,False
2024-08-13,naver_datalab_keyword,패션의류,,패딩,0.51844,0.02412677493093871,kw_b01,,,50000000,False
2024-08-13,naver_datalab_keyword,패션의류,,패션_앵커,21.48816,1.0,kw_b01,,,50000000,True
2024-08-13,naver_datalab_keyword,패션의류,,히트텍,0.01825,0.000849304919546392,kw_b01,,,50000000,False
2024-08-13,naver_datalab_keyword,패션의류,,가디건,1.39104,0.06473518439922264,kw_b02,,,50000000,False
2024-08-13,naver_datalab_keyword,패션의류,,반팔,0.40526,0.018859688312075115,kw_b02,,,50000000,False
2024-08-13,naver_datalab_keyword,패션의류,,자켓,0.24279,0.011298780351598276,kw_b02,,,50000000,False
2024-08-13,naver_datalab_keyword,패션의류,,패션_앵커,21.48816,1.0,kw_b02,,,50000000,True
2024-08-14,naver_datalab_keyword,패션의류,,코트,0.78862,0.04018589198086046,kw_b01,,,50000000,False
2024-08-14,naver_datalab_keyword,패션의류,,패딩,0.55313,0.028185973512431014,kw_b01,,,50000000,False
2024-08-14,naver_datalab_keyword,패션의류,,패션_앵커,19.6243,1.0,kw_b01,,,50000000,True
2024-08-14,naver_datalab_keyword,패션의류,,히트텍,0.03103,0.0015812028964090436,kw_b01,,,50000000,False
2024-08-14,naver_datalab_keyword,패션의류,,가디건,1.17198,0.05972085628531973,kw_b02,,,50000000,False
2024-08-14,naver_datalab_keyword,패션의류,,반팔,0.28843,0.014697594309096375,kw_b02,,,50000000,False
2024-08-14,naver_datalab_keyword,패션의류,,자켓,0.3724,0.018976473046172348,kw_b02,,,50000000,False
2024-08-14,naver_datalab_keyword,패션의류,,패션_앵커,19.6243,1.0,kw_b02,,,50000000,True
2024-08-15,naver_datalab_keyword,패션의류,,코트,1.1738,0.05015960651758663,kw_b01,,,50000000,False
2024-08-15,naver_datalab_keyword,패션의류,,패딩,0.69552,0.02972142573275844,kw_b01,,,50000000,False
2024-08-15,naver_datalab_keyword,패션의류,,패션_앵커,23.4013,1.0,kw_b01,,,50000000,True
2024-08-15,naver_datalab_keyword,패션의류,,히트텍,0.01825,0.0007798712037365446,kw_b01,,,50000000,False
2024-08-15,naver_datalab_keyword,패션의류,,가디건,1.31254,0.056088336972732286,kw_b02,,,50000000,False
2024-08-15,naver_datalab_keyword,패션의류,,반팔,0.45455,0.0194241345566272,kw_b02,,,50000000,False
2024-08-15,naver_datalab_keyword,패션의류,,자켓,0.35232,0.01505557383564161,kw_b02,,,50000000,False
2024-08-15,naver_datalab_keyword,패션의류,,패션_앵커,23.4013,1.0,kw_b02,,,50000000,True
2024-08-16,naver_datalab_keyword,패션의류,,코트,0.8945,0.04848588001194666,kw_b01,,,50000000,False
2024-08-16,naver_datalab_keyword,패션의류,,패딩,0.78862,0.04274671290667566,kw_b01,,,50000000,False
2024-08-16,naver_datalab_keyword,패션의류,,패션_앵커,18.44867,1.0,kw_b01,,,50000000,True
2024-08-16,naver_datalab_keyword,패션의류,,히트텍,0.01825,0.00098923120203245,kw_b01,,,50000000,False
2024-08-16,naver_datalab_keyword,패션의류,,가디건,1.07888,0.058480096397192864,kw_b02,,,50000000,False
2024-08-16,naver_datalab_keyword,패션의류,,반팔,0.33772,0.01830592666029584,kw_b02,,,50000000,False
2024-08-16,naver_datalab_keyword,패션의류,,자켓,0.27017,0.014644416101540112,kw_b02,,,50000000,False
2024-08-16,naver_datalab_keyword,패션의류,,패션_앵커,18.44867,1.0,kw_b02,,,50000000,True
2024-08-17,naver_datalab_keyword,패션의류,,코트,1.23952,0.05773291911000983,kw_b01,,,50000000,False
2024-08-17,naver_datalab_keyword,패션의류,,패딩,0.81235,0.037836692299451795,kw_b01,,,50000000,False
2024-08-17,naver_datalab_keyword,패션의류,,패션_앵커,21.4699,1.0,kw_b01,,,50000000,True
2024-08-17,naver_datalab_keyword,패션의류,,히트텍,0.0146,0.0006800217979590031,kw_b01,,,50000000,False
2024-08-17,naver_datalab_keyword,패션의류,,가디건,1.44946,0.06751125994997648,kw_b02,,,50000000,False
2024-08-17,naver_datalab_keyword,패션의류,,반팔,0.44177,0.02057624860851704,kw_b02,,,50000000,False
2024-08-17,naver_datalab_keyword,패션의류,,자켓,0.37788,0.01760045458991425,kw_b02,,,50000000,False
2024-08-17,naver_datalab_keyword,패션의류,,패션_앵커,21.4699,1.0,kw_b02,,,50000000,True
2024-08-18,naver_datalab_keyword,패션의류,,코트,1.00585,0.04613923098376537,kw_b01,,,50000000,False
2024-08-18,naver_datalab_keyword,패션의류,,패딩,1.03871,0.04764654830754778,kw_b01,,,50000000,False
2024-08-18,naver_datalab_keyword,패션의류,,패션_앵커,21.80032,1.0,kw_b01,,,50000000,True
2024-08-18,naver_datalab_keyword,패션의류,,히트텍,0.02008,0.0009210873968822477,kw_b01,,,50000000,False
2024-08-18,naver_datalab_keyword,패션의류,,가디건,1.36366,0.06255229281038077,kw_b02,,,50000000,False
2024-08-18,naver_datalab_keyword,패션의류,,반팔,0.39613,0.01817083418958988,kw_b02,,,50000000,False
2024-08-18,naver_datalab_keyword,패션의류,,자켓,0.45455,0.020850611367172592,kw_b02,,,50000000,False
2024-08-18,naver_datalab_keyword,패션의류,,패션_앵커,21.80032,1.0,kw_b02,,,50000000,True
2024-08-19,naver_datalab_keyword,패션의류,,코트,0.83791,0.0412805844145607,kw_b01,,,50000000,False
2024-08-19,naver_datalab_keyword,패션의류,,패딩,0.76306,0.03759301445665368,kw_b01,,,50000000,False
2024-08-19,naver_datalab_keyword,패션의류,,패션_앵커,20.29792,1.0,kw_b01,,,50000000,True
2024-08-19,naver_datalab_keyword,패션의류,,히트텍,0.01825,0.000899106903564503,kw_b01,,,50000000,False
2024-08-19,naver_datalab_keyword,패션의류,,가디건,1.62653,0.08013284119752172,kw_b02,,,50000000,False
2024-08-19,naver_datalab_keyword,패션의류,,반팔,0.64805,0.03192691664958774,kw_b02,,,50000000,False
2024-08-19,naver_datalab_keyword,패션의류,,자켓,0.34319,0.016907643738865854,kw_b02,,,50000000,False
2024-08-19,naver_datalab_keyword,패션의류,,패션_앵커,20.29792,1.0,kw_b02,,,50000000,True
2024-08-20,naver_datalab_keyword,패션의류,,코트,1.10991,0.05634304018193678,kw_b01,,,50000000,False
2024-08-20,naver_datalab_keyword,패션의류,,패딩,0.82878,0.042071866044981636,kw_b01,,,50000000,False
2024-08-20,naver_datalab_keyword,패션의류,,패션_앵커,19.69915,1.0,kw_b01,,,50000000,True
2024-08-20,naver_datalab_keyword,패션의류,,히트텍,0.04381,0.0022239538254188633,kw_b01,,,50000000,False
2024-08-20,naver_datalab_keyword,패션의류,,가디건,1.56081,0.0792323526649627,kw_b02,,,50000000,False
2024-08-20,naver_datalab_keyword,패션의류,,레인부츠,0.00547,0.00027767695560468347,kw_b02,,,50000000,False
2024-08-20,naver_datalab_keyword,패션의류,,반팔,0.41621,0.02112832279565362,kw_b02,,,50000000,False
2024-08-20,naver_datalab_keyword,패션의류,,자켓,0.34502,0.0175144612838625,kw_b02,,,50000000,False
2024-08-20,naver_datalab_keyword,패션의류,,패션_앵커,19.69915,1.0,kw_b02,,,50000000,True
2024-08-21,naver_datalab_keyword,패션의류,,코트,1.09531,0.055725823109648576,kw_b01,,,50000000,False
2024-08-21,naver_datalab_keyword,패션의류,,패딩,0.82878,0.042165640482433785,kw_b01,,,50000000,False
2024-08-21,naver_datalab_keyword,패션의류,,패션_앵커,19.65534,1.0,kw_b01,,,50000000,True
2024-08-21,naver_datalab_keyword,패션의류,,히트텍,0.04016,0.00204321064911622,kw_b01,,,50000000,False
2024-08-21,naver_datalab_keyword,패션의류,,가디건,1.65391,0.0841455807938199,kw_b02,,,50000000,False
2024-08-21,naver_datalab_keyword,패션의류,,반팔,0.41804,0.02126852041226456,kw_b02,,,50000000,False
2024-08-21,naver_datalab_keyword,패션의류,,자켓,0.46733,0.023776235872795894,kw_b02,,,50000000,False
2024-08-21,naver_datalab_keyword,패션의류,,패션_앵커,19.65534,1.0,kw_b02,,,50000000,True
2024-08-22,naver_datalab_keyword,패션의류,,코트,1.17563,0.06577455167193234,kw_b01,,,50000000,False
2024-08-22,naver_datalab_keyword,패션의류,,패딩,0.68639,0.038402383847041706,kw_b01,,,50000000,False
2024-08-22,naver_datalab_keyword,패션의류,,패션_앵커,17.87363,1.0,kw_b01,,,50000000,True
2024-08-22,naver_datalab_keyword,패션의류,,히트텍,0.0292,0.0016336916451778405,kw_b01,,,50000000,False
2024-08-22,naver_datalab_keyword,패션의류,,가디건,1.52795,0.08548627223457127,kw_b02,,,50000000,False
2024-08-22,naver_datalab_keyword,패션의류,,레인부츠,0.00182,0.00010182598610355032,kw_b02,,,50000000,False
2024-08-22,naver_datalab_keyword,패션의류,,반팔,0.47645,0.026656588504965138,kw_b02,,,50000000,False
2024-08-22,naver_datalab_keyword,패션의류,,자켓,0.55678,0.03115091897952459,kw_b02,,,50000000,False
2024-08-22,naver_datalab_keyword,패션의류,,패션_앵커,17.87363,1.0,kw_b02,,,50000000,True
2024-08-23,naver_datalab_keyword,패션의류,,코트,0.95474,0.05666889644811841,kw_b01,,,50000000,False
2024-08-23,naver_datalab_keyword,패션의류,,패딩,0.5513,0.03272258689470189,kw_b01,,,50000000,False
2024-08-23,naver_datalab_keyword,패션의류,,패션_앵커,16.84769,1.0,kw_b01,,,50000000,True
2024-08-23,naver_datalab_keyword,패션의류,,히트텍,0.0073,0.0004332938224765532,kw_b01,,,50000000,False
2024-08-23,naver_datalab_keyword,패션의류,,가디건,1.54073,0.09145051932935613,kw_b02,,,50000000,False
2024-08-23,naver_datalab_keyword,패션의류,,반팔,0.26835,0.015927999624874387,kw_b02,,,50000000,False
2024-08-23,naver_datalab_keyword,패션의류,,자켓,0.44725,0.026546666041457313,kw_b02,,,50000000,False
2024-08-23,naver_datalab_keyword,패션의류,,패션_앵커,16.84769,1.0,kw_b02,,,50000000,True
2024-08-24,naver_datalab_keyword,패션의류,,코트,1.24682,0.07101223272593067,kw_b01,,,50000000,False
2024-08-24,naver_datalab_keyword,패션의류,,패딩,0.58051,0.03306276063884924,kw_b01,,,50000000,False
2024-08-24,naver_datalab_keyword,패션의류,,패션_앵커,17.55782,1.0,kw_b01,,,50000000,True
2024-08-24,naver_datalab_keyword,패션의류,,히트텍,0.0219,0.0012473074675557671,kw_b01,,,50000000,False
2024-08-24,naver_datalab_keyword,패션의류,,가디건,1.57542,0.08972754020715556,kw_b02,,,50000000,False
2024-08-24,naver_datalab_keyword,패션의류,,레인부츠,0.00182,0.00010365751556856148,kw_b02,,,50000000,False
2024-08-24,naver_datalab_keyword,패션의류,,반팔,0.37788,0.021522034056619784,kw_b02,,,50000000,False
2024-08-24,naver_datalab_keyword,패션의류,,자켓,0.6298,0.03587005676103298,kw_b02,,,50000000,False
2024-08-24,naver_datalab_keyword,패션의류,,패션_앵커,17.55782,1.0,kw_b02,,,50000000,True
2024-08-25,naver_datalab_keyword,패션의류,,코트,1.69042,0.08314585077404801,kw_b01,,,50000000,False
2024-08-25,naver_datalab_keyword,패션의류,,패딩,0.66996,0.03295299049028124,kw_b01,,,50000000,False
2024-08-25,naver_datalab_keyword,패션의류,,패션_앵커,20.33078,1.0,kw_b01,,,50000000,True
2024-08-25,naver_datalab_keyword,패션의류,,히트텍,0.01277,0.0006281116612348371,kw_b01,,,50000000,False
2024-08-25,naver_datalab_keyword,패션의류,,가디건,1.67217,0.08224819706868108,kw_b02,,,50000000,False
2024-08-25,naver_datalab_keyword,패션의류,,레인부츠,0.00365,0.00017953074107338724,kw_b02,,,50000000,False
2024-08-25,naver_datalab_keyword,패션의류,,반팔,0.51662,0.025410731905022826,kw_b02,,,50000000,False
2024-08-25,naver_datalab_keyword,패션의류,,자켓,0.70464,0.03465877846300044,kw_b02,,,50000000,False
2024-08-25,naver_datalab_keyword,패션의류,,패션_앵커,20.33078,1.0,kw_b02,,,50000000,True
2024-08-26,naver_datalab_keyword,패션의류,,코트,0.87807,0.0525566030790447,kw_b01,,,50000000,False
2024-08-26,naver_datalab_keyword,패션의류,,패딩,0.54217,0.03245141445598377,kw_b01,,,50000000,False
2024-08-26,naver_datalab_keyword,패션의류,,패션_앵커,16.70713,1.0,kw_b01,,,50000000,True
2024-08-26,naver_datalab_keyword,패션의류,,히트텍,0.01642,0.0009828139243544523,kw_b01,,,50000000,False
2024-08-26,naver_datalab_keyword,패션의류,,가디건,1.74884,0.10467626695907675,kw_b02,,,50000000,False
2024-08-26,naver_datalab_keyword,패션의류,,반팔,0.50566,0.030266119914072617,kw_b02,,,50000000,False
2024-08-26,naver_datalab_keyword,패션의류,,자켓,0.53122,0.03179600565746481,kw_b02,,,50000000,False
2024-08-26,naver_datalab_keyword,패션의류,,패션_앵커,16.70713,1.0,kw_b02,,,50000000,True
2024-08-27,naver_datalab_keyword,패션의류,,코트,0.83973,0.05011940011662475,kw_b01,,,50000000,False
2024-08-27,naver_datalab_keyword,패션의류,,패딩,0.58599,0.03497489344710912,kw_b01,,,50000000,False
2024-08-27,naver_datalab_keyword,패션의류,,패션_앵커,16.75459,1.0,kw_b01,,,50000000,True
2024-08-27,naver_datalab_keyword,패션의류,,히트텍,0.01642,0.0009800299500017607,kw_b01,,,50000000,False
2024-08-27,naver_datalab_keyword,패션의류,,가디건,2.17601,0.12987545502456344,kw_b02,,,50000000,False
2024-08-27,naver_datalab_keyword,패션의류,,반팔,0.47098,0.028110505837504827,kw_b02,,,50000000,False
2024-08-27,naver_datalab_keyword,패션의류,,자켓,0.66631,0.03976880365320786,kw_b02,,,50000000,False
2024-08-27,naver_datalab_keyword,패션의류,,패션_앵커,16.75459,1.0,kw_b02,,,50000000,True
2024-08-28,naver_datalab_keyword,패션의류,,코트,0.90363,0.053641040801098425,kw_b01,,,50000000,False
2024-08-28,naver_datalab_keyword,패션의류,,패딩,0.51297,0.030450787047507786,kw_b01,,,50000000,False
2024-08-28,naver_datalab_keyword,패션의류,,패션_앵커,16.84587,1.0,kw_b01,,,50000000,True
2024-08-28,naver_datalab_keyword,패션의류,,히트텍,0.01277,0.000758049302291897,kw_b01,,,50000000,False
2024-08-28,naver_datalab_keyword,패션의류,,가디건,2.4827,0.14737736905247398,kw_b02,,,50000000,False
2024-08-28,naver_datalab_keyword,패션의류,,레인부츠,0.00182,0.0001080383500525648,kw_b02,,,50000000,False
2024-08-28,naver_datalab_keyword,패션의류,,반팔,0.30851,0.018313687568525697,kw_b02,,,50000000,False
2024-08-28,naver_datalab_keyword,패션의류,,자켓,0.66448,0.03944468288072981,kw_b02,,,50000000,False
2024-08-28,naver_datalab_keyword,패션의류,,패션_앵커,16.84587,1.0,kw_b02,,,50000000,True
2024-08-29,naver_datalab_keyword,패션의류,,코트,1.19023,0.08192966974268041,kw_b01,,,50000000,False
2024-08-29,naver_datalab_keyword,패션의류,,패딩,0.47098,0.032419982570938075,kw_b01,,,50000000,False
2024-08-29,naver_datalab_keyword,패션의류,,패션_앵커,14.52746,1.0,kw_b01,,,50000000,True
2024-08-29,naver_datalab_keyword,패션의류,,히트텍,0.02008,0.0013822099665048123,kw_b01,,,50000000,False
2024-08-29,naver_datalab_keyword,패션의류,,가디건,2.18879,0.15066570481006317,kw_b02,,,50000000,False
2024-08-29,naver_datalab_keyword,패션의류,,반팔,0.35597,0.024503251084497912,kw_b02,,,50000000,False
2024-08-29,naver_datalab_keyword,패션의류,,자켓,0.60607,0.041718924023883046,kw_b02,,,50000000,False
2024-08-29,naver_datalab_keyword,패션의류,,패션_앵커,14.52746,1.0,kw_b02,,,50000000,True
2024-08-30,naver_datalab_keyword,패션의류,,코트,0.87624,0.0666290523472704,kw_b01,,,50000000,False
2024-08-30,naver_datalab_keyword,패션의류,,패딩,0.48741,0.03706252442776302,kw_b01,,,50000000,False
2024-08-30,naver_datalab_keyword,패션의류,,패션_앵커,13.15102,1.0,kw_b01,,,50000000,True
2024-08-30,naver_datalab_keyword,패션의류,,히트텍,0.01642,0.0012485723540835616,kw_b01,,,50000000,False
2024-08-30,naver_datalab_keyword,패션의류,,가디건,2.36952,0.18017765922339102,kw_b02,,,50000000,False
2024-08-30,naver_datalab_keyword,패션의류,,레인부츠,0.00182,0.00013839230721267247,kw_b02,,,50000000,False
2024-08-30,naver_datalab_keyword,패션의류,,반팔,0.26652,0.020266108636440364,kw_b02,,,50000000,False
2024-08-30,naver_datalab_keyword,패션의류,,자켓,0.61519,0.046778881029760425,kw_b02,,,50000000,False
2024-08-30,naver_datalab_keyword,패션의류,,패션_앵커,13.15102,1.0,kw_b02,,,50000000,True
2024-08-31,naver_datalab_keyword,패션의류,,코트,0.66266,0.04264051241198871,kw_b01,,,50000000,False
2024-08-31,naver_datalab_keyword,패션의류,,패딩,0.58233,0.037471477971921324,kw_b01,,,50000000,False
2024-08-31,naver_datalab_keyword,패션의류,,패션_앵커,15.54062,1.0,kw_b01,,,50000000,True
2024-08-31,naver_datalab_keyword,패션의류,,히트텍,0.01095,0.0007046050929756985,kw_b01,,,50000000,False
2024-08-31,naver_datalab_keyword,패션의류,,가디건,2.70541,0.17408636206277484,kw_b02,,,50000000,False
2024-08-31,naver_datalab_keyword,패션의류,,레인부츠,0.00182,0.00011711244467723938,kw_b02,,,50000000,False
2024-08-31,naver_datalab_keyword,패션의류,,반팔,0.24644,0.015857797179263118,kw_b02,,,50000000,False
2024-08-31,naver_datalab_keyword,패션의류,,자켓,0.87624,0.05638385083735398,kw_b02,,,50000000,False
2024-08-31,naver_datalab_keyword,패션의류,,패션_앵커,15.54062,1.0,kw_b02,,,50000000,True
2024-09-01,naver_datalab_keyword,패션의류,,코트,0.98943,0.05460957873966857,kw_b01,,,50000000,False
2024-09-01,naver_datalab_keyword,패션의류,,패딩,0.86164,0.047556469305810437,kw_b01,,,50000000,False
2024-09-01,naver_datalab_keyword,패션의류,,패션_앵커,18.11825,1.0,kw_b01,,,50000000,True
2024-09-01,naver_datalab_keyword,패션의류,,히트텍,0.00912,0.0005033598719523133,kw_b01,,,50000000,False
2024-09-01,naver_datalab_keyword,패션의류,,가디건,3.36807,0.18589378113228375,kw_b02,,,50000000,False
2024-09-01,naver_datalab_keyword,패션의류,,반팔,0.38518,0.02125922757440702,kw_b02,,,50000000,False
2024-09-01,naver_datalab_keyword,패션의류,,자켓,0.66448,0.03667462365294661,kw_b02,,,50000000,False
2024-09-01,naver_datalab_keyword,패션의류,,패션_앵커,18.11825,1.0,kw_b02,,,50000000,True
2024-09-02,naver_datalab_keyword,패션의류,,코트,0.87624,0.0632989209623135,kw_b01,,,50000000,False
2024-09-02,naver_datalab_keyword,패션의류,,패딩,0.75211,0.05433186278298823,kw_b01,,,50000000,False
2024-09-02,naver_datalab_keyword,패션의류,,패션_앵커,13.84289,1.0,kw_b01,,,50000000,True
2024-09-02,naver_datalab_keyword,패션의류,,히트텍,0.0292,0.0021093861180721653,kw_b01,,,50000000,False
2024-09-02,naver_datalab_keyword,패션의류,,가디건,3.50499,0.25319785102677256,kw_b02,,,50000000,False
2024-09-02,naver_datalab_keyword,패션의류,,반팔,0.40161,0.029012005441060355,kw_b02,,,50000000,False
2024-09-02,naver_datalab_keyword,패션의류,,자켓,0.76489,0.0552550804058979,kw_b02,,,50000000,False
2024-09-02,naver_datalab_keyword,패션의류,,패션_앵커,13.84289,1.0,kw_b02,,,50000000,True
2024-09-03,naver_datalab_keyword,패션의류,,코트,0.70647,0.048593346865303706,kw_b01,,,50000000,False
2024-09-03,naver_datalab_keyword,패션의류,,패딩,0.73385,0.05047663396478707,kw_b01,,,50000000,False
2024-09-03,naver_datalab_keyword,패션의류,,패션_앵커,14.53841,1.0,kw_b01,,,50000000,True
2024-09-03,naver_datalab_keyword,패션의류,,히트텍,0.0219,0.0015063545463362223,kw_b01,,,50000000,False
2024-09-03,naver_datalab_keyword,패션의류,,가디건,3.69302,0.2540181491648674,kw_b02,,,50000000,False
2024-09-03,naver_datalab_keyword,패션의류,,반팔,0.3724,0.02561490561897759,kw_b02,,,50000000,False
2024-09-03,naver_datalab_keyword,패션의류,,자켓,0.90545,0.06227985041005171,kw_b02,,,50000000,False
2024-09-03,naver_datalab_keyword,패션의류,,패션_앵커,14.53841,1.0,kw_b02,,,50000000,True
2024-09-04,naver_datalab_keyword,패션의류,,코트,0.72838,0.047494288009514773,kw_b01,,,50000000,False
2024-09-04,naver_datalab_keyword,패션의류,,패딩,0.66266,0.043208991038173834,kw_b01,,,50000000,False
2024-09-04,naver_datalab_keyword,패션의류,,패션_앵커,15.33616,1.0,kw_b01,,,50000000,True
2024-09-04,naver_datalab_keyword,패션의류,,히트텍,0.02373,0.0015473234499379246,kw_b01,,,50000000,False
2024-09-04,naver_datalab_keyword,패션의류,,가디건,3.11068,0.20283304295208188,kw_b02,,,50000000,False
2024-09-04,naver_datalab_keyword,패션의류,,반팔,0.35415,0.023092482081564097,kw_b02,,,50000000,False
2024-09-04,naver_datalab_keyword,패션의류,,자켓,0.91823,0.05987352766272652,kw_b02,,,50000000,False
2024-09-04,naver_datalab_keyword,패션의류,,패션_앵커,15.33616,1.0,kw_b02,,,50000000,True
2024-09-05,naver_datalab_keyword,패션의류,,코트,0.79409,0.05894237884965533,kw_b01,,,50000000,False
2024-09-05,naver_datalab_keyword,패션의류,,패딩,0.63345,0.047018662723764516,kw_b01,,,50000000,False
2024-09-05,naver_datalab_keyword,패션의류,,패션_앵커,13.47231,1.0,kw_b01,,,50000000,True
2024-09-05,naver_datalab_keyword,패션의류,,히트텍,0.04928,0.003657873074476463,kw_b01,,,50000000,False
2024-09-05,naver_datalab_keyword,패션의류,,가디건,3.33156,0.24728944034096603,kw_b02,,,50000000,False
2024-09-05,naver_datalab_keyword,패션의류,,반팔,0.29573,0.021950949762884017,kw_b02,,,50000000,False
2024-09-05,naver_datalab_keyword,패션의류,,자켓,0.92918,0.06896961248664854,kw_b02,,,50000000,False
2024-09-05,naver_datalab_keyword,패션의류,,패션_앵커,13.47231,1.0,kw_b02,,,50000000,True
2024-09-06,naver_datalab_keyword,패션의류,,코트,0.73933,0.0627222719930502,kw_b01,,,50000000,False
2024-09-06,naver_datalab_keyword,패션의류,,패딩,0.60972,0.051726595268151654,kw_b01,,,50000000,False
2024-09-06,naver_datalab_keyword,패션의류,,패션_앵커,11.78736,1.0,kw_b01,,,50000000,True
2024-09-06,naver_datalab_keyword,패션의류,,히트텍,0.03285,0.0027868835769841592,kw_b01,,,50000000,False
2024-09-06,naver_datalab_keyword,패션의류,,가디건,3.24942,0.27566987009813904,kw_b02,,,50000000,False
2024-09-06,naver_datalab_keyword,패션의류,,반팔,0.30121,0.025553643903299804,kw_b02,,,50000000,False
2024-09-06,naver_datalab_keyword,패션의류,,자켓,0.91275,0.07743464185364661,kw_b02,,,50000000,False
2024-09-06,naver_datalab_keyword,패션의류,,패션_앵커,11.78736,1.0,kw_b02,,,50000000,True
2024-09-07,naver_datalab_keyword,패션의류,,코트,0.82695,0.06277646658716018,kw_b01,,,50000000,False
2024-09-07,naver_datalab_keyword,패션의류,,패딩,0.59876,0.045453820828016245,kw_b01,,,50000000,False
2024-09-07,naver_datalab_keyword,패션의류,,패션_앵커,13.17293,1.0,kw_b01,,,50000000,True
2024-09-07,naver_datalab_keyword,패션의류,,히트텍,0.0219,0.0016625002941638648,kw_b01,,,50000000,False
2024-09-07,naver_datalab_keyword,패션의류,,가디건,3.45205,0.2620563534460443,kw_b02,,,50000000,False
2024-09-07,naver_datalab_keyword,패션의류,,반팔,0.30486,0.023142915053826298,kw_b02,,,50000000,False
2024-09-07,naver_datalab_keyword,패션의류,,자켓,0.98395,0.07469484769143996,kw_b02,,,50000000,False
2024-09-07,naver_datalab_keyword,패션의류,,패션_앵커,13.17293,1.0,kw_b02,,,50000000,True
2024-09-08,naver_datalab_keyword,패션의류,,코트,1.07888,0.06652406694089058,kw_b01,,,50000000,False
2024-09-08,naver_datalab_keyword,패션의류,,패딩,0.79592,0.049076667803271565,kw_b01,,,50000000,False
2024-09-08,naver_datalab_keyword,패션의류,,패션_앵커,16.21789,1.0,kw_b01,,,50000000,True
2024-09-08,naver_datalab_keyword,패션의류,,히트텍,0.04563,0.002813559593757264,kw_b01,,,50000000,False
2024-09-08,naver_datalab_keyword,패션의류,,가디건,3.90112,0.24054423849218362,kw_b02,,,50000000,False
2024-09-08,naver_datalab_keyword,패션의류,,레인부츠,0.00182,0.00011222175017835242,kw_b02,,,50000000,False
2024-09-08,naver_datalab_keyword,패션의류,,반팔,0.41986,0.025888694521913762,kw_b02,,,50000000,False
2024-09-08,naver_datalab_keyword,패션의류,,자켓,1.32897,0.0819446919420467,kw_b02,,,50000000,False
2024-09-08,naver_datalab_keyword,패션의류,,패션_앵커,16.21789,1.0,kw_b02,,,50000000,True
2024-09-09,naver_datalab_keyword,패션의류,,코트,0.79227,0.051926014915776794,kw_b01,,,50000000,False
2024-09-09,naver_datalab_keyword,패션의류,,패딩,0.85981,0.05635264099957595,kw_b01,,,50000000,False
2024-09-09,naver_datalab_keyword,패션의류,,패션_앵커,15.25767,1.0,kw_b01,,,50000000,True
2024-09-09,naver_datalab_keyword,패션의류,,히트텍,0.07302,0.0047857897044568404,kw_b01,,,50000000,False
2024-09-09,naver_datalab_keyword,패션의류,,가디건,3.55428,0.23295037839984742,kw_b02,,,50000000,False
2024-09-09,naver_datalab_keyword,패션의류,,반팔,0.40709,0.0266810069951703,kw_b02,,,50000000,False
2024-09-09,naver_datalab_keyword,패션의류,,자켓,0.85981,0.05635264099957595,kw_b02,,,50000000,False
2024-09-09,naver_datalab_keyword,패션의류,,패션_앵커,15.25767,1.0,kw_b02,,,50000000,True
2024-09-10,naver_datalab_keyword,패션의류,,코트,0.98943,0.07681408976433214,kw_b01,,,50000000,False
2024-09-10,naver_datalab_keyword,패션의류,,패딩,0.544,0.042233270500992175,kw_b01,,,50000000,False
2024-09-10,naver_datalab_keyword,패션의류,,패션_앵커,12.88084,1.0,kw_b01,,,50000000,True
2024-09-10,naver_datalab_keyword,패션의류,,히트텍,0.03285,0.0025502995146279277,kw_b01,,,50000000,False
2024-09-10,naver_datalab_keyword,패션의류,,가디건,3.18187,0.24702348604594113,kw_b02,,,50000000,False
2024-09-10,naver_datalab_keyword,패션의류,,반팔,0.43812,0.03401330969098289,kw_b02,,,50000000,False
2024-09-10,naver_datalab_keyword,패션의류,,자켓,1.15007,0.08928532611227218,kw_b02,,,50000000,False
2024-09-10,naver_datalab_keyword,패션의류,,패션_앵커,12.88084,1.0,kw_b02,,,50000000,True
2024-09-11,naver_datalab_keyword,패션의류,,코트,0.85251,0.06528681443905308,kw_b01,,,50000000,False
2024-09-11,naver_datalab_keyword,패션의류,,패딩,0.59329,0.04543526074596873,kw_b01,,,50000000,False
2024-09-11,naver_datalab_keyword,패션의류,,패션_앵커,13.05792,1.0,kw_b01,,,50000000,True
2024-09-11,naver_datalab_keyword,패션의류,,히트텍,0.03833,0.0029353832769690737,kw_b01,,,50000000,False
2024-09-11,naver_datalab_keyword,패션의류,,가디건,3.55428,0.2721934274371416,kw_b02,,,50000000,False
2024-09-11,naver_datalab_keyword,패션의류,,반팔,0.4728,0.03620791060138215,kw_b02,,,50000000,False
2024-09-11,naver_datalab_keyword,패션의류,,자켓,0.82513,0.06319000269568201,kw_b02,,,50000000,False
2024-09-11,naver_datalab_keyword,패션의류,,패션_앵커,13.05792,1.0,kw_b02,,,50000000,True
2024-09-12,naver_datalab_keyword,패션의류,,코트,0.67726,0.058068012092715386,kw_b01,,,50000000,False
2024-09-12,naver_datalab_keyword,패션의류,,패딩,0.48193,0.04132049296849412,kw_b01,,,50000000,False
2024-09-12,naver_datalab_keyword,패션의류,,패션_앵커,11.66322,1.0,kw_b01,,,50000000,True
2024-09-12,naver_datalab_keyword,패션의류,,히트텍,0.04016,0.0034433029643614714,kw_b01,,,50000000,False
2024-09-12,naver_datalab_keyword,패션의류,,가디건,2.7693,0.23743871760971666,kw_b02,,,50000000,False
2024-09-12,naver_datalab_keyword,패션의류,,반팔,0.25374,0.02175557007413047,kw_b02,,,50000000,False
2024-09-12,naver_datalab_keyword,패션의류,,자켓,0.77401,0.06636331990650951,kw_b02,,,50000000,False
2024-09-12,naver_datalab_keyword,패션의류,,패션_앵커,11.66322,1.0,kw_b02,,,50000000,True
2024-09-13,naver_datalab_keyword,패션의류,,코트,0.52392,0.05849946069553528,kw_b01,,,50000000,False
2024-09-13,naver_datalab_keyword,패션의류,,패딩,0.44725,0.04993870017574849,kw_b01,,,50000000,False
2024-09-13,naver_datalab_keyword,패션의류,,패션_앵커,8.95598,1.0,kw_b01,,,50000000,True
2024-09-13,naver_datalab_keyword,패션의류,,히트텍,0.09675,0.0108028378803883,kw_b01,,,50000000,False
2024-09-13,naver_datalab_keyword,패션의류,,가디건,2.46079,0.2747650173403692,kw_b02,,,50000000,False
2024-09-13,naver_datalab_keyword,패션의류,,반팔,0.18255,0.020383028992918696,kw_b02,,,50000000,False
2024-09-13,naver_datalab_keyword,패션의류,,자켓,0.72107,0.08051268537893116,kw_b02,,,50000000,False
2024-09-13,naver_datalab_keyword,패션의류,,패션_앵커,8.95598,1.0,kw_b02,,,50000000,True
2024-09-14,naver_datalab_keyword,패션의류,,코트,0.78497,0.0725736812811917,kw_b01,,,50000000,False
2024-09-14,naver_datalab_keyword,패션의류,,패딩,0.59511,0.05502034914359784,kw_b01,,,50000000,False
2024-09-14,naver_datalab_keyword,패션의류,,패션_앵커,10.81618,1.0,kw_b01,,,50000000,True
2024-09-14,naver_datalab_keyword,패션의류,,히트텍,0.06754,0.006244348744196195,kw_b01,,,50000000,False
2024-09-14,naver_datalab_keyword,패션의류,,가디건,2.7401,0.25333343195102154,kw_b02,,,50000000,False
2024-09-14,naver_datalab_keyword,패션의류,,반팔,0.24096,0.02227773576253354,kw_b02,,,50000000,False
2024-09-14,naver_datalab_keyword,패션의류,,자켓,0.79227,0.07324859608475451,kw_b02,,,50000000,False
2024-09-14,naver_datalab_keyword,패션의류,,패션_앵커,10.81618,1.0,kw_b02,,,50000000,True
2024-09-15,naver_datalab_keyword,패션의류,,코트,1.29429,0.1288621354660847,kw_b01,,,50000000,False
2024-09-15,naver_datalab_keyword,패션의류,,패딩,0.78679,0.07833440694385398,kw_b01,,,50000000,False
2024-09-15,naver_datalab_keyword,패션의류,,패션_앵커,10.04399,1.0,kw_b01,,,50000000,True
2024-09-15,naver_datalab_keyword,패션의류,,히트텍,0.12596,0.012540832876177693,kw_b01,,,50000000,False
2024-09-15,naver_datalab_keyword,패션의류,,가디건,2.80034,0.27880752569447,kw_b02,,,50000000,False
2024-09-15,naver_datalab_keyword,패션의류,,반팔,0.29025,0.02889787823365017,kw_b02,,,50000000,False
2024-09-15,naver_datalab_keyword,패션의류,,자켓,1.1592,0.11541230128664007,kw_b02,,,50000000,False
2024-09-15,naver_datalab_keyword,패션의류,,패션_앵커,10.04399,1.0,kw_b02,,,50000000,True
2024-09-16,naver_datalab_keyword,패션의류,,코트,1.06427,0.0957931033862012,kw_b01,,,50000000,False
2024-09-16,naver_datalab_keyword,패션의류,,패딩,1.14825,0.10335199804862068,kw_b01,,,50000000,False
2024-09-16,naver_datalab_keyword,패션의류,,패션_앵커,11.11009,1.0,kw_b01,,,50000000,True
2024-09-16,naver_datalab_keyword,패션의류,,히트텍,0.10953,0.009858606005891942,kw_b01,,,50000000,False
2024-09-16,naver_datalab_keyword,패션의류,,가디건,2.53929,0.22855710439789417,kw_b02,,,50000000,False
2024-09-16,naver_datalab_keyword,패션의류,,반팔,0.23184,0.020867517724878916,kw_b02,,,50000000,False
2024-09-16,naver_datalab_keyword,패션의류,,자켓,0.71742,0.06457373432618457,kw_b02,,,50000000,False
2024-09-16,naver_datalab_keyword,패션의류,,패션_앵커,11.11009,1.0,kw_b02,,,50000000,True
2024-09-17,naver_datalab_keyword,패션의류,,코트,1.00585,0.08541227759563397,kw_b01,,,50000000,False
2024-09-17,naver_datalab_keyword,패션의류,,패딩,1.10808,0.0940931913885471,kw_b01,,,50000000,False
2024-09-17,naver_datalab_keyword,패션의류,,패션_앵커,11.77641,1.0,kw_b01,,,50000000,True
2024-09-17,naver_datalab_keyword,패션의류,,히트텍,0.10587,0.008990006292240164,kw_b01,,,50000000,False
2024-09-17,naver_datalab_keyword,패션의류,,가디건,3.11615,0.264609503235706,kw_b02,,,50000000,False
2024-09-17,naver_datalab_keyword,패션의류,,반팔,0.22453,0.019066082108214644,kw_b02,,,50000000,False
2024-09-17,naver_datalab_keyword,패션의류,,자켓,1.088,0.09238808771094077,kw_b02,,,50000000,False
2024-09-17,naver_datalab_keyword,패션의류,,패션_앵커,11.77641,1.0,kw_b02,,,50000000,True
2024-09-18,naver_datalab_keyword,패션의류,,코트,1.1592,0.08347555574758582,kw_b01,,,50000000,False
2024-09-18,naver_datalab_keyword,패션의류,,패딩,1.16833,0.08413301936385176,kw_b01,,,50000000,False
2024-09-18,naver_datalab_keyword,패션의류,,패션_앵커,13.8867,1.0,kw_b01,,,50000000,True
2024-09-18,naver_datalab_keyword,패션의류,,히트텍,0.14969,0.010779378830103624,kw_b01,,,50000000,False
2024-09-18,naver_datalab_keyword,패션의류,,가디건,3.72953,0.2685684863934556,kw_b02,,,50000000,False
2024-09-18,naver_datalab_keyword,패션의류,,반팔,0.3578,0.025765660668121297,kw_b02,,,50000000,False
2024-09-18,naver_datalab_keyword,패션의류,,자켓,1.35088,0.09727869112172079,kw_b02,,,50000000,False
2024-09-18,naver_datalab_keyword,패션의류,,패션_앵커,13.8867,1.0,kw_b02,,,50000000,True
2024-09-19,naver_datalab_keyword,패션의류,,코트,0.85434,0.06732833379041639,kw_b01,,,50000000,False
2024-09-19,naver_datalab_keyword,패션의류,,패딩,0.82878,0.06531401605780052,kw_b01,,,50000000,False
2024-09-19,naver_datalab_keyword,패션의류,,패션_앵커,12.68916,1.0,kw_b01,,,50000000,True
2024-09-19,naver_datalab_keyword,패션의류,,히트텍,0.11683,0.009207071232453528,kw_b01,,,50000000,False
2024-09-19,naver_datalab_keyword,패션의류,,가디건,3.5342,0.2785211944683494,kw_b02,,,50000000,False
2024-09-19,naver_datalab_keyword,패션의류,,반팔,0.46185,0.03639720832584663,kw_b02,,,50000000,False
2024-09-19,naver_datalab_keyword,패션의류,,자켓,1.10626,0.08718149979982916,kw_b02,,,50000000,False
2024-09-19,naver_datalab_keyword,패션의류,,패션_앵커,12.68916,1.0,kw_b02,,,50000000,True
2024-09-20,naver_datalab_keyword,패션의류,,코트,0.9949,0.08227604195094036,kw_b01,,,50000000,False
2024-09-20,naver_datalab_keyword,패션의류,,패딩,1.00951,0.08348425681967414,kw_b01,,,50000000,False
2024-09-20,naver_datalab_keyword,패션의류,,패션_앵커,12.09222,1.0,kw_b01,,,50000000,True
2024-09-20,naver_datalab_keyword,패션의류,,히트텍,0.04198,0.0034716536748421716,kw_b01,,,50000000,False
2024-09-20,naver_datalab_keyword,패션의류,,가디건,4.06177,0.3358994460901307,kw_b02,,,50000000,False
2024-09-20,naver_datalab_keyword,패션의류,,반팔,0.27382,0.022644311797172068,kw_b02,,,50000000,False
2024-09-20,naver_datalab_keyword,패션의류,,자켓,1.088,0.08997520719933975,kw_b02,,,50000000,False
2024-09-20,naver_datalab_keyword,패션의류,,패션_앵커,12.09222,1.0,kw_b02,,,50000000,True
2024-09-21,naver_datalab_keyword,패션의류,,코트,1.31254,0.09425753893705154,kw_b01,,,50000000,False
2024-09-21,naver_datalab_keyword,패션의류,,패딩,1.28333,0.0921598788944233,kw_b01,,,50000000,False
2024-09-21,naver_datalab_keyword,패션의류,,패션_앵커,13.92504,1.0,kw_b01,,,50000000,True
2024-09-21,naver_datalab_keyword,패션의류,,히트텍,0.08397,0.006030144258113442,kw_b01,,,50000000,False
2024-09-21,naver_datalab_keyword,패션의류,,가디건,6.21953,0.4466436003056365,kw_b02,,,50000000,False
2024-09-21,naver_datalab_keyword,패션의류,,레인부츠,0.00182,0.00013069980409392002,kw_b02,,,50000000,False
2024-09-21,naver_datalab_keyword,패션의류,,반팔,0.24461,0.017566197296381196,kw_b02,,,50000000,False
2024-09-21,naver_datalab_keyword,패션의류,,자켓,1.62653,0.11680612766641964,kw_b02,,,50000000,False
2024-09-21,naver_datalab_keyword,패션의류,,패션_앵커,13.92504,1.0,kw_b02,,,50000000,True
2024-09-22,naver_datalab_keyword,패션의류,,코트,1.60828,0.10112488131841875,kw_b01,,,50000000,False
2024-09-22,naver_datalab_keyword,패션의류,,패딩,1.56811,0.09859908575883902,kw_b01,,,50000000,False
2024-09-22,naver_datalab_keyword,패션의류,,패션_앵커,15.9039,1.0,kw_b01,,,50000000,True
2024-09-22,naver_datalab_keyword,패션의류,,히트텍,0.08214,0.005164770905249656,kw_b01,,,50000000,False
2024-09-22,naver_datalab_keyword,패션의류,,가디건,8.08156,0.508149573375084,kw_b02,,,50000000,False
2024-09-22,naver_datalab_keyword,패션의류,,반팔,0.26835,0.016873219776281288,kw_b02,,,50000000,False
2024-09-22,naver_datalab_keyword,패션의류,,자켓,1.96608,0.12362250768679381,kw_b02,,,50000000,False
2024-09-22,naver_datalab_keyword,패션의류,,패션_앵커,15.9039,1.0,kw_b02,,,50000000,True
2024-09-23,naver_datalab_keyword,패션의류,,코트,1.72328,0.13809185342364874,kw_b01,,,50000000,False
2024-09-23,naver_datalab_keyword,패션의류,,패딩,1.7105,0.13706775177635158,kw_b01,,,50000000,False
2024-09-23,naver_datalab_keyword,패션의류,,패션_앵커,12.47923,1.0,kw_b01,,,50000000,True
2024-09-23,naver_datalab_keyword,패션의류,,히트텍,0.14421,0.011556001452012665,kw_b01,,,50000000,False
2024-09-23,naver_datalab_keyword,패션의류,,가디건,8.70223,0.6973370953175797,kw_b02,,,50000000,False
2024-09-23,naver_datalab_keyword,패션의류,,반팔,0.21358,0.01711483801484547,kw_b02,,,50000000,False
2024-09-23,naver_datalab_keyword,패션의류,,자켓,2.13037,0.17071325714807725,kw_b02,,,50000000,False
2024-09-23,naver_datalab_keyword,패션의류,,패션_앵커,12.47923,1.0,kw_b02,,,50000000,True
2024-09-24,naver_datalab_keyword,패션의류,,코트,1.17015,0.10023402071922825,kw_b01,,,50000000,False
2024-09-24,naver_datalab_keyword,패션의류,,패딩,1.40017,0.11993733178690066,kw_b01,,,50000000,False
2024-09-24,naver_datalab_keyword,패션의류,,패션_앵커,11.67418,1.0,kw_b01,,,50000000,True
2024-09-24,naver_datalab_keyword,패션의류,,히트텍,0.16064,0.013760281236026857,kw_b01,,,50000000,False
2024-09-24,naver_datalab_keyword,패션의류,,가디건,8.43023,0.7221260936528304,kw_b02,,,50000000,False
2024-09-24,naver_datalab_keyword,패션의류,,반팔,0.29938,0.025644627716893176,kw_b02,,,50000000,False
2024-09-24,naver_datalab_keyword,패션의류,,자켓,1.84559,0.15809161756971368,kw_b02,,,50000000,False
2024-09-24,naver_datalab_keyword,패션의류,,패션_앵커,11.67418,1.0,kw_b02,,,50000000,True
2024-09-25,naver_datalab_keyword,패션의류,,목도리,0.00182,0.00018153291580762698,kw_b01,,,50000000,False
2024-09-25,naver_datalab_keyword,패션의류,,코트,0.9803,0.09777841613528392,kw_b01,,,50000000,False
2024-09-25,naver_datalab_keyword,패션의류,,패딩,1.21761,0.12144851297611248,kw_b01,,,50000000,False
2024-09-25,naver_datalab_keyword,패션의류,,패션_앵커,10.02573,1.0,kw_b01,,,50000000,True
2024-09-25,naver_datalab_keyword,패션의류,,히트텍,0.12596,0.012563673667653128,kw_b01,,,50000000,False
2024-09-25,naver_datalab_keyword,패션의류,,가디건,7.50652,0.7487255292133341,kw_b02,,,50000000,False
2024-09-25,naver_datalab_keyword,패션의류,,반팔,0.19898,0.019846933839231657,kw_b02,,,50000000,False
2024-09-25,naver_datalab_keyword,패션의류,,자켓,1.90218,0.18972982515986367,kw_b02,,,50000000,False
2024-09-25,naver_datalab_keyword,패션의류,,패션_앵커,10.02573,1.0,kw_b02,,,50000000,True
2024-09-26,naver_datalab_keyword,패션의류,,코트,1.12269,0.10429007893120992,kw_b01,,,50000000,False
2024-09-26,naver_datalab_keyword,패션의류,,패딩,1.11356,0.10344196554225844,kw_b01,,,50000000,False
2024-09-26,naver_datalab_keyword,패션의류,,패션_앵커,10.76507,1.0,kw_b01,,,50000000,True
2024-09-26,naver_datalab_keyword,패션의류,,히트텍,0.06571,0.006104001181599377,kw_b01,,,50000000,False
2024-09-26,naver_datalab_keyword,패션의류,,가디건,5.68648,0.5282343728373341,kw_b02,,,50000000,False
2024-09-26,naver_datalab_keyword,패션의류,,반팔,0.28112,0.026114089364955358,kw_b02,,,50000000,False
2024-09-26,naver_datalab_keyword,패션의류,,자켓,1.53891,0.14295401701986146,kw_b02,,,50000000,False
2024-09-26,naver_datalab_keyword,패션의류,,패션_앵커,10.76507,1.0,kw_b02,,,50000000,True
2024-09-27,naver_datalab_keyword,패션의류,,코트,1.19023,0.11884734362612058,kw_b01,,,50000000,False
2024-09-27,naver_datalab_keyword,패션의류,,패딩,0.973,0.0971564028366075,kw_b01,,,50000000,False
2024-09-27,naver_datalab_keyword,패션의류,,패션_앵커,10.01478,1.0,kw_b01,,,50000000,True
2024-09-27,naver_datalab_keyword,패션의류,,히트텍,0.10405,0.010389644106011316,kw_b01,,,50000000,False
2024-09-27,naver_datalab_keyword,패션의류,,가디건,4.71531,0.47083510571375503,kw_b02,,,50000000,False
2024-09-27,naver_datalab_keyword,패션의류,,반팔,0.18437,0.01840979032989242,kw_b02,,,50000000,False
2024-09-27,naver_datalab_keyword,패션의류,,자켓,1.17745,0.1175712297224702,kw_b02,,,50000000,False
2024-09-27,naver_datalab_keyword,패션의류,,패션_앵커,10.01478,1.0,kw_b02,,,50000000,True
2024-09-28,naver_datalab_keyword,패션의류,,코트,1.13182,0.09975867254031967,kw_b01,,,50000000,False
2024-09-28,naver_datalab_keyword,패션의류,,패딩,1.06427,0.09380481209422524,kw_b01,,,50000000,False
2024-09-28,naver_datalab_keyword,패션의류,,패션_앵커,11.34558,1.0,kw_b01,,,50000000,True
2024-09-28,naver_datalab_keyword,패션의류,,히트텍,0.04928,0.004343541714041944,kw_b01,,,50000000,False
2024-09-28,naver_datalab_keyword,패션의류,,가디건,5.78871,0.5102171947137123,kw_b02,,,50000000,False
2024-09-28,naver_datalab_keyword,패션의류,,반팔,0.15516,0.01367581031555901,kw_b02,,,50000000,False
2024-09-28,naver_datalab_keyword,패션의류,,자켓,1.5955,0.14062745139516886,kw_b02,,,50000000,False
2024-09-28,naver_datalab_keyword,패션의류,,패션_앵커,11.34558,1.0,kw_b02,,,50000000,True
2024-09-29,naver_datalab_keyword,패션의류,,코트,1.5097,0.10877271351787542,kw_b01,,,50000000,False
2024-09-29,naver_datalab_keyword,패션의류,,패딩,1.61923,0.11666426502586566,kw_b01,,,50000000,False
2024-09-29,naver_datalab_keyword,패션의류,,패션_앵커,13.8794,1.0,kw_b01,,,50000000,True
2024-09-29,naver_datalab_keyword,패션의류,,히트텍,0.40709,0.029330518610314566,kw_b01,,,50000000,False
2024-09-29,naver_datalab_keyword,패션의류,,가디건,7.04101,0.5072993068864649,kw_b02,,,50000000,False
2024-09-29,naver_datalab_keyword,패션의류,,반팔,0.22818,0.016440191939132813,kw_b02,,,50000000,False
2024-09-29,naver_datalab_keyword,패션의류,,자켓,2.30745,0.16624998198769397,kw_b02,,,50000000,False
2024-09-29,naver_datalab_keyword,패션의류,,패션_앵커,13.8794,1.0,kw_b02,,,50000000,True
2024-09-30,naver_datalab_keyword,패션의류,,코트,1.16285,0.09610711829890772,kw_b01,,,50000000,False
2024-09-30,naver_datalab_keyword,패션의류,,패딩,1.29429,0.10697035915474332,kw_b01,,,50000000,False
2024-09-30,naver_datalab_keyword,패션의류,,패션_앵커,12.09952,1.0,kw_b01,,,50000000,True
2024-09-30,naver_datalab_keyword,패션의류,,히트텍,0.06936,0.005732458808283304,kw_b01,,,50000000,False
2024-09-30,naver_datalab_keyword,패션의류,,가디건,5.70474,0.47148481923249846,kw_b02,,,50000000,False
2024-09-30,naver_datalab_keyword,패션의류,,반팔,0.23001,0.019009845018645367,kw_b02,,,50000000,False
2024-09-30,naver_datalab_keyword,패션의류,,자켓,1.60097,0.1323168191796038,kw_b02,,,50000000,False
2024-09-30,naver_datalab_keyword,패션의류,,패션_앵커,12.09952,1.0,kw_b02,,,50000000,True
2024-10-01,naver_datalab_keyword,패션의류,,코트,1.89671,0.1478161250979032,kw_b01,,,50000000,False
2024-10-01,naver_datalab_keyword,패션의류,,패딩,2.26181,0.17626942964801603,kw_b01,,,50000000,False
2024-10-01,naver_datalab_keyword,패션의류,,패션_앵커,12.83155,1.0,kw_b01,,,50000000,True
2024-10-01,naver_datalab_keyword,패션의류,,히트텍,0.24279,0.018921330626463676,kw_b01,,,50000000,False
2024-10-01,naver_datalab_keyword,패션의류,,가디건,8.78621,0.6847348917317082,kw_b02,,,50000000,False
2024-10-01,naver_datalab_keyword,패션의류,,레인부츠,0.00182,0.00014183789175898468,kw_b02,,,50000000,False
2024-10-01,naver_datalab_keyword,패션의류,,반팔,0.17707,0.013799579941628252,kw_b02,,,50000000,False
2024-10-01,naver_datalab_keyword,패션의류,,자켓,2.95003,0.2299044152888778,kw_b02,,,50000000,False
2024-10-01,naver_datalab_keyword,패션의류,,패션_앵커,12.83155,1.0,kw_b02,,,50000000,True
2024-10-02,naver_datalab_keyword,패션의류,,코트,1.93504,0.20221206015867313,kw_b01,,,50000000,False
2024-10-02,naver_datalab_keyword,패션의류,,패딩,2.55754,0.267263432455253,kw_b01,,,50000000,False
2024-10-02,naver_datalab_keyword,패션의류,,패션_앵커,9.56936,1.0,kw_b01,,,50000000,True
2024-10-02,naver_datalab_keyword,패션의류,,히트텍,0.38518,0.04025138567260507,kw_b01,,,50000000,False
2024-10-02,naver_datalab_keyword,패션의류,,가디건,10.06407,1.0516972921909093,kw_b02,,,50000000,False
2024-10-02,naver_datalab_keyword,패션의류,,반팔,0.15334,0.016024060125233035,kw_b02,,,50000000,False
2024-10-02,naver_datalab_keyword,패션의류,,자켓,2.7547,0.28786669118937946,kw_b02,,,50000000,False
2024-10-02,naver_datalab_keyword,패션의류,,패션_앵커,9.56936,1.0,kw_b02,,,50000000,True
2024-10-03,naver_datalab_keyword,패션의류,,코트,2.46444,0.22484945804897633,kw_b01,,,50000000,False
2024-10-03,naver_datalab_keyword,패션의류,,패딩,2.88614,0.2633243312287873,kw_b01,,,50000000,False
2024-10-03,naver_datalab_keyword,패션의류,,패션_앵커,10.9604,1.0,kw_b01,,,50000000,True
2024-10-03,naver_datalab_keyword,패션의류,,히트텍,0.32129,0.029313711178424146,kw_b01,,,50000000,False
2024-10-03,naver_datalab_keyword,패션의류,,가디건,10.90016,0.9945038502244443,kw_b02,,,50000000,False
2024-10-03,naver_datalab_keyword,패션의류,,반팔,0.22636,0.02065253092952812,kw_b02,,,50000000,False
2024-10-03,naver_datalab_keyword,패션의류,,자켓,3.66563,0.33444308601875844,kw_b02,,,50000000,False
2024-10-03,naver_datalab_keyword,패션의류,,패션_앵커,10.9604,1.0,kw_b02,,,50000000,True
2024-10-04,naver_datalab_keyword,패션의류,,코트,1.82004,0.2064183349891803,kw_b01,,,50000000,False
2024-10-04,naver_datalab_keyword,패션의류,,패딩,2.07926,0.2358175574215968,kw_b01,,,50000000,False
2024-10-04,naver_datalab_keyword,패션의류,,패션_앵커,8.81724,1.0,kw_b01,,,50000000,True
2024-10-04,naver_datalab_keyword,패션의류,,히트텍,0.37605,0.04264940049267118,kw_b01,,,50000000,False
2024-10-04,naver_datalab_keyword,패션의류,,가디건,8.52516,0.9668739877784884,kw_b02,,,50000000,False
2024-10-04,naver_datalab_keyword,패션의류,,반팔,0.11135,0.012628668381488992,kw_b02,,,50000000,False
2024-10-04,naver_datalab_keyword,패션의류,,자켓,2.33118,0.26438885637682535,kw_b02,,,50000000,False
2024-10-04,naver_datalab_keyword,패션의류,,패션_앵커,8.81724,1.0,kw_b02,,,50000000,True
2024-10-05,naver_datalab_keyword,패션의류,,코트,2.13585,0.20068572437976614,kw_b01,,,50000000,False
2024-10-05,naver_datalab_keyword,패션의류,,패딩,2.10664,0.19794113557009646,kw_b01,,,50000000,False
2024-10-05,naver_datalab_keyword,패션의류,,패션_앵커,10.64276,1.0,kw_b01,,,50000000,True
2024-10-05,naver_datalab_keyword,패션의류,,히트텍,0.33772,0.03173237017465394,kw_b01,,,50000000,False
2024-10-05,naver_datalab_keyword,패션의류,,가디건,7.66899,0.7205828187425066,kw_b02,,,50000000,False
2024-10-05,naver_datalab_keyword,패션의류,,반팔,0.1004,0.009433643152716024,kw_b02,,,50000000,False
2024-10-05,naver_datalab_keyword,패션의류,,자켓,2.28554,0.21475068497269506,kw_b02,,,50000000,False
2024-10-05,naver_datalab_keyword,패션의류,,패션_앵커,10.64276,1.0,kw_b02,,,50000000,True
2024-10-06,naver_datalab_keyword,패션의류,,코트,3.12711,0.2716460022012368,kw_b01,,,50000000,False
2024-10-06,naver_datalab_keyword,패션의류,,패딩,3.2056,0.2784642768103088,kw_b01,,,50000000,False
2024-10-06,naver_datalab_keyword,패션의류,,패션_앵커,11.51171,1.0,kw_b01,,,50000000,True
2024-10-06,naver_datalab_keyword,패션의류,,히트텍,0.49106,0.04265743317022406,kw_b01,,,50000000,False
2024-10-06,naver_datalab_keyword,패션의류,,가디건,10.12066,0.8791621748636823,kw_b02,,,50000000,False
2024-10-06,naver_datalab_keyword,패션의류,,반팔,0.12778,0.01110000165049328,kw_b02,,,50000000,False
2024-10-06,naver_datalab_keyword,패션의류,,자켓,3.58531,0.31144895067718004,kw_b02,,,50000000,False
2024-10-06,naver_datalab_keyword,패션의류,,패션_앵커,11.51171,1.0,kw_b02,,,50000000,True
2024-10-07,naver_datalab_keyword,패션의류,,코트,2.57215,0.252011961052118,kw_b01,,,50000000,False
2024-10-07,naver_datalab_keyword,패션의류,,패딩,2.12672,0.20836999312200313,kw_b01,,,50000000,False
2024-10-07,naver_datalab_keyword,패션의류,,패션_앵커,10.20646,1.0,kw_b01,,,50000000,True
2024-10-07,naver_datalab_keyword,패션의류,,히트텍,0.43629,0.04274645665588265,kw_b01,,,50000000,False
2024-10-07,naver_datalab_keyword,패션의류,,가디건,10.09876,0.9894478594929095,kw_b02,,,50000000,False
2024-10-07,naver_datalab_keyword,패션의류,,반팔,0.13691,0.013414053452421311,kw_b02,,,50000000,False
2024-10-07,naver_datalab_keyword,패션의류,,자켓,3.0121,0.29511701412634744,kw_b02,,,50000000,False
2024-10-07,naver_datalab_keyword,패션의류,,패션_앵커,10.20646,1.0,kw_b02,,,50000000,True
2024-10-08,naver_datalab_keyword,패션의류,,코트,1.99894,0.21200387324354453,kw_b01,,,50000000,False
2024-10-08,naver_datalab_keyword,패션의류,,패딩,1.93322,0.20503373179379328,kw_b01,,,50000000,False
2024-10-08,naver_datalab_keyword,패션의류,,패션_앵커,9.42879,1.0,kw_b01,,,50000000,True
2024-10-08,naver_datalab_keyword,패션의류,,히트텍,0.40526,0.04298112483150012,kw_b01,,,50000000,False
2024-10-08,naver_datalab_keyword,패션의류,,가디건,8.48135,0.8995162687895267,kw_b02,,,50000000,False
2024-10-08,naver_datalab_keyword,패션의류,,반팔,0.1223,0.012970911431901657,kw_b02,,,50000000,False
2024-10-08,naver_datalab_keyword,패션의류,,자켓,3.0267,0.321006194856392,kw_b02,,,50000000,False
2024-10-08,naver_datalab_keyword,패션의류,,패션_앵커,9.42879,1.0,kw_b02,,,50000000,True
2024-10-09,naver_datalab_keyword,패션의류,,코트,2.44619,0.2224433954629073,kw_b01,,,50000000,False
2024-10-09,naver_datalab_keyword,패션의류,,패딩,2.37317,0.2158033483951401,kw_b01,,,50000000,False
2024-10-09,naver_datalab_keyword,패션의류,,패션_앵커,10.99691,1.0,kw_b01,,,50000000,True
2024-10-09,naver_datalab_keyword,패션의류,,히트텍,0.30668,0.027887833946081218,kw_b01,,,50000000,False
2024-10-09,naver_datalab_keyword,패션의류,,가디건,9.03996,0.8220454654989447,kw_b02,,,50000000,False
2024-10-09,naver_datalab_keyword,패션의류,,반팔,0.1789,0.01626820625066496,kw_b02,,,50000000,False
2024-10-09,naver_datalab_keyword,패션의류,,자켓,2.73645,0.24883808269777602,kw_b02,,,50000000,False
2024-10-09,naver_datalab_keyword,패션의류,,패션_앵커,10.99691,1.0,kw_b02,,,50000000,True
2024-10-10,naver_datalab_keyword,패션의류,,코트,2.86606,0.3167239100549448,kw_b01,,,50000000,False
2024-10-10,naver_datalab_keyword,패션의류,,패딩,3.11433,0.34415984829397017,kw_b01,,,50000000,False
2024-10-10,naver_datalab_keyword,패션의류,,패션_앵커,9.04908,1.0,kw_b01,,,50000000,True
2024-10-10,naver_datalab_keyword,패션의류,,히트텍,0.23001,0.025418053547984987,kw_b01,,,50000000,False
2024-10-10,naver_datalab_keyword,패션의류,,가디건,8.03592,0.8880372369345835,kw_b02,,,50000000,False
2024-10-10,naver_datalab_keyword,패션의류,,반팔,0.15881,0.017549850371529483,kw_b02,,,50000000,False
2024-10-10,naver_datalab_keyword,패션의류,,자켓,2.77843,0.30704005269043927,kw_b02,,,50000000,False
2024-10-10,naver_datalab_keyword,패션의류,,패션_앵커,9.04908,1.0,kw_b02,,,50000000,True
2024-10-11,naver_datalab_keyword,패션의류,,코트,2.05553,0.2525795174578989,kw_b01,,,50000000,False
2024-10-11,naver_datalab_keyword,패션의류,,패딩,1.79265,0.22027733575812686,kw_b01,,,50000000,False
2024-10-11,naver_datalab_keyword,패션의류,,패션_앵커,8.13815,1.0,kw_b01,,,50000000,True
2024-10-11,naver_datalab_keyword,패션의류,,히트텍,0.23366,0.028711685088134282,kw_b01,,,50000000,False
2024-10-11,naver_datalab_keyword,패션의류,,가디건,6.30898,0.7752351578675744,kw_b02,,,50000000,False
2024-10-11,naver_datalab_keyword,패션의류,,반팔,0.16977,0.02086100649410493,kw_b02,,,50000000,False
2024-10-11,naver_datalab_keyword,패션의류,,자켓,2.27824,0.2799456879020416,kw_b02,,,50000000,False
2024-10-11,naver_datalab_keyword,패션의류,,패션_앵커,8.13815,1.0,kw_b02,,,50000000,True
2024-10-12,naver_datalab_keyword,패션의류,,코트,1.99346,0.20843632500616907,kw_b01,,,50000000,False
2024-10-12,naver_datalab_keyword,패션의류,,패딩,1.98798,0.2078633358009511,kw_b01,,,50000000,False
2024-10-12,naver_datalab_keyword,패션의류,,패션_앵커,9.56388,1.0,kw_b01,,,50000000,True
2024-10-12,naver_datalab_keyword,패션의류,,히트텍,0.1223,0.012787697043459351,kw_b01,,,50000000,False
2024-10-12,naver_datalab_keyword,패션의류,,가디건,6.52987,0.6827636900504817,kw_b02,,,50000000,False
2024-10-12,naver_datalab_keyword,패션의류,,레인부츠,0.00547,0.0005719436044785171,kw_b02,,,50000000,False
2024-10-12,naver_datalab_keyword,패션의류,,반팔,0.16247,0.016987875213825353,kw_b02,,,50000000,False
2024-10-12,naver_datalab_keyword,패션의류,,자켓,2.16141,0.22599718942521238,kw_b02,,,50000000,False
2024-10-12,naver_datalab_keyword,패션의류,,패션_앵커,9.56388,1.0,kw_b02,,,50000000,True
2024-10-13,naver_datalab_keyword,패션의류,,코트,3.0194,0.2491710527835957,kw_b01,,,50000000,False
2024-10-13,naver_datalab_keyword,패션의류,,패딩,3.49951,0.28879134626969627,kw_b01,,,50000000,False
2024-10-13,naver_datalab_keyword,패션의류,,패션_앵커,12.11778,1.0,kw_b01,,,50000000,True
2024-10-13,naver_datalab_keyword,패션의류,,히트텍,0.2866,0.023651196836384225,kw_b01,,,50000000,False
2024-10-13,naver_datalab_keyword,패션의류,,가디건,7.70003,0.6354323976834041,kw_b02,,,50000000,False
2024-10-13,naver_datalab_keyword,패션의류,,레인부츠,0.00182,0.00015019252701402403,kw_b02,,,50000000,False
2024-10-13,naver_datalab_keyword,패션의류,,반팔,0.22818,0.018830181765967034,kw_b02,,,50000000,False
2024-10-13,naver_datalab_keyword,패션의류,,자켓,2.54842,0.21030419763355995,kw_b02,,,50000000,False
2024-10-13,naver_datalab_keyword,패션의류,,패션_앵커,12.11778,1.0,kw_b02,,,50000000,True
2024-10-14,naver_datalab_keyword,패션의류,,코트,2.25451,0.21746754881543648,kw_b01,,,50000000,False
2024-10-14,naver_datalab_keyword,패션의류,,패딩,2.98472,0.2879028002982509,kw_b01,,,50000000,False
2024-10-14,naver_datalab_keyword,패션의류,,패션_앵커,10.36711,1.0,kw_b01,,,50000000,True
2024-10-14,naver_datalab_keyword,패션의류,,히트텍,0.56408,0.05441053485494029,kw_b01,,,50000000,False
2024-10-14,naver_datalab_keyword,패션의류,,가디건,7.49374,0.7228378979291239,kw_b02,,,50000000,False
2024-10-14,naver_datalab_keyword,패션의류,,반팔,0.17342,0.016727901990043512,kw_b02,,,50000000,False
2024-10-14,naver_datalab_keyword,패션의류,,자켓,2.62509,0.2532132870202014,kw_b02,,,50000000,False
2024-10-14,naver_datalab_keyword,패션의류,,패션_앵커,10.36711,1.0,kw_b02,,,50000000,True
2024-10-15,naver_datalab_keyword,패션의류,,코트,2.19062,0.21684132796035796,kw_b01,,,50000000,False
2024-10-15,naver_datalab_keyword,패션의류,,패딩,2.05553,0.20346927119370525,kw_b01,,,50000000,False
2024-10-15,naver_datalab_keyword,패션의류,,패션_앵커,10.10241,1.0,kw_b01,,,50000000,True
2024-10-15,naver_datalab_keyword,패션의류,,히트텍,0.57503,0.05692008144591241,kw_b01,,,50000000,False
2024-10-15,naver_datalab_keyword,패션의류,,가디건,7.16515,0.7092515548270164,kw_b02,,,50000000,False
2024-10-15,naver_datalab_keyword,패션의류,,레인부츠,0.00547,0.0005414549597571272,kw_b02,,,50000000,False
2024-10-15,naver_datalab_keyword,패션의류,,반팔,0.13326,0.013190911871523724,kw_b02,,,50000000,False
2024-10-15,naver_datalab_keyword,패션의류,,자켓,2.63422,0.26075164242987564,kw_b02,,,50000000,False
2024-10-15,naver_datalab_keyword,패션의류,,패션_앵커,10.10241,1.0,kw_b02,,,50000000,True
2024-10-16,naver_datalab_keyword,패션의류,,코트,1.92409,0.22306841526811014,kw_b01,,,50000000,False
2024-10-16,naver_datalab_keyword,패션의류,,패딩,1.79813,0.20846530544103803,kw_b01,,,50000000,False
2024-10-16,naver_datalab_keyword,패션의류,,패션_앵커,8.62556,1.0,kw_b01,,,50000000,True
2024-10-16,naver_datalab_keyword,패션의류,,히트텍,0.28295,0.032803667240156,kw_b01,,,50000000,False
2024-10-16,naver_datalab_keyword,패션의류,,가디건,7.03554,0.8156618236960846,kw_b02,,,50000000,False
2024-10-16,naver_datalab_keyword,패션의류,,반팔,0.16977,0.0196822003440936,kw_b02,,,50000000,False
2024-10-16,naver_datalab_keyword,패션의류,,자켓,2.44254,0.28317465764541666,kw_b02,,,50000000,False
2024-10-16,naver_datalab_keyword,패션의류,,패션_앵커,8.62556,1.0,kw_b02,,,50000000,True
2024-10-17,naver_datalab_keyword,패션의류,,코트,1.76892,0.1835569529620521,kw_b01,,,50000000,False
2024-10-17,naver_datalab_keyword,패션의류,,패딩,1.98616,0.2060994718218514,kw_b01,,,50000000,False
2024-10-17,naver_datalab_keyword,패션의류,,패션_앵커,9.6369,1.0,kw_b01,,,50000000,True
2024-10-17,naver_datalab_keyword,패션의류,,히트텍,0.28112,0.029171206508316987,kw_b01,,,50000000,False
2024-10-17,naver_datalab_keyword,패션의류,,가디건,6.14286,0.6374311241166765,kw_b02,,,50000000,False
2024-10-17,naver_datalab_keyword,패션의류,,반팔,0.16794,0.017426765868692212,kw_b02,,,50000000,False
2024-10-17,naver_datalab_keyword,패션의류,,자켓,2.01537,0.20913052952713007,kw_b02,,,50000000,False
2024-10-17,naver_datalab_keyword,패션의류,,패션_앵커,9.6369,1.0,kw_b02,,,50000000,True
2024-10-18,naver_datalab_keyword,패션의류,,코트,2.33483,0.28116017422362233,kw_b01,,,50000000,False
2024-10-18,naver_datalab_keyword,패션의류,,패딩,2.44254,0.29413060991514006,kw_b01,,,50000000,False
2024-10-18,naver_datalab_keyword,패션의류,,패션_앵커,8.30427,1.0,kw_b01,,,50000000,True
2024-10-18,naver_datalab_keyword,패션의류,,히트텍,0.20263,0.024400699880904642,kw_b01,,,50000000,False
2024-10-18,naver_datalab_keyword,패션의류,,가디건,5.28487,0.6364039223194813,kw_b02,,,50000000,False
2024-10-18,naver_datalab_keyword,패션의류,,반팔,0.14056,0.016926231926466744,kw_b02,,,50000000,False
2024-10-18,naver_datalab_keyword,패션의류,,자켓,1.91314,0.23038027424445495,kw_b02,,,50000000,False
2024-10-18,naver_datalab_keyword,패션의류,,패션_앵커,8.30427,1.0,kw_b02,,,50000000,True
2024-10-19,naver_datalab_keyword,패션의류,,목도리,0.00182,0.00019583158483704017,kw_b01,,,50000000,False
2024-10-19,naver_datalab_keyword,패션의류,,코트,2.49,0.2679234320023242,kw_b01,,,50000000,False
2024-10-19,naver_datalab_keyword,패션의류,,패딩,2.96098,0.3186007725663622,kw_b01,,,50000000,False
2024-10-19,naver_datalab_keyword,패션의류,,패션_앵커,9.2937,1.0,kw_b01,,,50000000,True
2024-10-19,naver_datalab_keyword,패션의류,,히트텍,0.21358,0.022981159279942327,kw_b01,,,50000000,False
2024-10-19,naver_datalab_keyword,패션의류,,가디건,6.38383,0.6868986517748582,kw_b02,,,50000000,False
2024-10-19,naver_datalab_keyword,패션의류,,반팔,0.13326,0.014338745601859324,kw_b02,,,50000000,False
2024-10-19,naver_datalab_keyword,패션의류,,자켓,2.25999,0.24317440847025407,kw_b02,,,50000000,False
2024-10-19,naver_datalab_keyword,패션의류,,패션_앵커,9.2937,1.0,kw_b02,,,50000000,True
2024-10-20,naver_datalab_keyword,패션의류,,목도리,0.00182,0.0001773351976264366,kw_b01,,,50000000,False
2024-10-20,naver_datalab_keyword,패션의류,,코트,4.0709,0.3966559648447586,kw_b01,,,50000000,False
2024-10-20,naver_datalab_keyword,패션의류,,패딩,4.88873,0.47634280257818096,kw_b01,,,50000000,False
2024-10-20,naver_datalab_keyword,패션의류,,패션_앵커,10.26305,1.0,kw_b01,,,50000000,True
2024-10-20,naver_datalab_keyword,패션의류,,히트텍,0.50749,0.04944826343046171,kw_b01,,,50000000,False
2024-10-20,naver_datalab_keyword,패션의류,,가디건,7.4189,0.7228747789399838,kw_b02,,,50000000,False
2024-10-20,naver_datalab_keyword,패션의류,,반팔,0.15699,0.015296622349106746,kw_b02,,,50000000,False
2024-10-20,naver_datalab_keyword,패션의류,,자켓,2.95551,0.28797579666863166,kw_b02,,,50000000,False
2024-10-20,naver_datalab_keyword,패션의류,,패션_앵커,10.26305,1.0,kw_b02,,,50000000,True
2024-10-21,naver_datalab_keyword,패션의류,,코트,3.70032,0.4095775296419938,kw_b01,,,50000000,False
2024-10-21,naver_datalab_keyword,패션의류,,패딩,4.12201,0.4562531545811159,kw_b01,,,50000000,False
2024-10-21,naver_datalab_keyword,패션의류,,패션_앵커,9.03448,1.0,kw_b01,,,50000000,True
2024-10-21,naver_datalab_keyword,패션의류,,히트텍,0.77949,0.08627945382578743,kw_b01,,,50000000,False
2024-10-21,naver_datalab_keyword,패션의류,,가디건,7.14324,0.7906642108898353,kw_b02,,,50000000,False
2024-10-21,naver_datalab_keyword,패션의류,,반팔,0.11865,0.013133019277257794,kw_b02,,,50000000,False
2024-10-21,naver_datalab_keyword,패션의류,,자켓,2.61961,0.28995692059753303,kw_b02,,,50000000,False
2024-10-21,naver_datalab_keyword,패션의류,,패션_앵커,9.03448,1.0,kw_b02,,,50000000,True
2024-10-22,naver_datalab_keyword,패션의류,,목도리,0.00365,0.00044570571700007077,kw_b01,,,50000000,False
2024-10-22,naver_datalab_keyword,패션의류,,코트,3.78064,0.46165831833401305,kw_b01,,,50000000,False
2024-10-22,naver_datalab_keyword,패션의류,,패딩,4.16217,0.5082473874318314,kw_b01,,,50000000,False
2024-10-22,naver_datalab_keyword,패션의류,,패션_앵커,8.18926,1.0,kw_b01,,,50000000,True
2024-10-22,naver_datalab_keyword,패션의류,,히트텍,0.61702,0.07534502506942019,kw_b01,,,50000000,False
2024-10-22,naver_datalab_keyword,패션의류,,가디건,7.78035,0.9500675274689043,kw_b02,,,50000000,False
2024-10-22,naver_datalab_keyword,패션의류,,반팔,0.13143,0.01604906914666282,kw_b02,,,50000000,False
2024-10-22,naver_datalab_keyword,패션의류,,자켓,2.69081,0.32857791790711244,kw_b02,,,50000000,False
2024-10-22,naver_datalab_keyword,패션의류,,패션_앵커,8.18926,1.0,kw_b02,,,50000000,True
2024-10-23,naver_datalab_keyword,패션의류,,코트,4.08003,0.47776869607576794,kw_b01,,,50000000,False
2024-10-23,naver_datalab_keyword,패션의류,,패딩,5.06398,0.59298856173944,kw_b01,,,50000000,False
2024-10-23,naver_datalab_keyword,패션의류,,패션_앵커,8.53976,1.0,kw_b01,,,50000000,True
2024-10-23,naver_datalab_keyword,패션의류,,히트텍,0.7229,0.08465109089716807,kw_b01,,,50000000,False
2024-10-23,naver_datalab_keyword,패션의류,,가디건,7.29841,0.8546387720498,kw_b02,,,50000000,False
2024-10-23,naver_datalab_keyword,패션의류,,레인부츠,0.00182,0.0002131207434400967,kw_b02,,,50000000,False
2024-10-23,naver_datalab_keyword,패션의류,,반팔,0.14604,0.017101183171424023,kw_b02,,,50000000,False
2024-10-23,naver_datalab_keyword,패션의류,,자켓,2.43341,0.28495063093108003,kw_b02,,,50000000,False
2024-10-23,naver_datalab_keyword,패션의류,,패션_앵커,8.53976,1.0,kw_b02,,,50000000,True
2024-10-24,naver_datalab_keyword,패션의류,,목도리,0.00365,0.00047971085920814853,kw_b01,,,50000000,False
2024-10-24,naver_datalab_keyword,패션의류,,코트,3.59809,0.47288845079678005,kw_b01,,,50000000,False
2024-10-24,naver_datalab_keyword,패션의류,,패딩,4.37211,0.5746160670280926,kw_b01,,,50000000,False
2024-10-24,naver_datalab_keyword,패션의류,,패션_앵커,7.60875,1.0,kw_b01,,,50000000,True
2024-10-24,naver_datalab_keyword,패션의류,,히트텍,0.84886,0.11156366025956957,kw_b01,,,50000000,False
2024-10-24,naver_datalab_keyword,패션의류,,가디건,6.43312,0.8454897322161985,kw_b02,,,50000000,False
2024-10-24,naver_datalab_keyword,패션의류,,반팔,0.115,0.015114177755873174,kw_b02,,,50000000,False
2024-10-24,naver_datalab_keyword,패션의류,,자켓,2.24721,0.29534549038935437,kw_b02,,,50000000,False
2024-10-24,naver_datalab_keyword,패션의류,,패션_앵커,7.60875,1.0,kw_b02,,,50000000,True
2024-10-25,naver_datalab_keyword,패션의류,,목도리,0.00182,0.00025682092384977386,kw_b01,,,50000000,False
2024-10-25,naver_datalab_keyword,패션의류,,코트,2.98837,0.4216900792334884,kw_b01,,,50000000,False
2024-10-25,naver_datalab_keyword,패션의류,,패딩,3.15631,0.4453881594265274,kw_b01,,,50000000,False
2024-10-25,naver_datalab_keyword,패션의류,,패션_앵커,7.08665,1.0,kw_b01,,,50000000,True
2024-10-25,naver_datalab_keyword,패션의류,,히트텍,0.55678,0.07856744724235007,kw_b01,,,50000000,False
2024-10-25,naver_datalab_keyword,패션의류,,가디건,5.01652,0.7078831323686086,kw_b02,,,50000000,False
2024-10-25,naver_datalab_keyword,패션의류,,반팔,0.06936,0.00978741718583534,kw_b02,,,50000000,False
2024-10-25,naver_datalab_keyword,패션의류,,자켓,1.75432,0.2475527929275469,kw_b02,,,50000000,False
2024-10-25,naver_datalab_keyword,패션의류,,패션_앵커,7.08665,1.0,kw_b02,,,50000000,True
2024-10-26,naver_datalab_keyword,패션의류,,목도리,0.00182,0.00022710228711968165,kw_b01,,,50000000,False
2024-10-26,naver_datalab_keyword,패션의류,,코트,3.69119,0.46059213801829546,kw_b01,,,50000000,False
2024-10-26,naver_datalab_keyword,패션의류,,패딩,3.77699,0.4712983886967947,kw_b01,,,50000000,False
2024-10-26,naver_datalab_keyword,패션의류,,패션_앵커,8.01401,1.0,kw_b01,,,50000000,True
2024-10-26,naver_datalab_keyword,패션의류,,히트텍,0.39431,0.0492025839748141,kw_b01,,,50000000,False
2024-10-26,naver_datalab_keyword,패션의류,,가디건,5.33233,0.6653760102620285,kw_b02,,,50000000,False
2024-10-26,naver_datalab_keyword,패션의류,,반팔,0.11865,0.014805322179533092,kw_b02,,,50000000,False
2024-10-26,naver_datalab_keyword,패션의류,,자켓,1.9606,0.24464656270705923,kw_b02,,,50000000,False
2024-10-26,naver_datalab_keyword,패션의류,,패션_앵커,8.01401,1.0,kw_b02,,,50000000,True
2024-10-27,naver_datalab_keyword,패션의류,,목도리,0.00182,0.00018726110062197438,kw_b01,,,50000000,False
2024-10-27,naver_datalab_keyword,패션의류,,코트,5.18811,0.5338083454658634,kw_b01,,,50000000,False
2024-10-27,naver_datalab_keyword,패션의류,,패딩,4.56196,0.46938332450188036,kw_b01,,,50000000,False
2024-10-27,naver_datalab_keyword,패션의류,,패션_앵커,9.71905,1.0,kw_b01,,,50000000,True
2024-10-27,naver_datalab_keyword,패션의류,,히트텍,0.34319,0.03531106435299747,kw_b01,,,50000000,False
2024-10-27,naver_datalab_keyword,패션의류,,가디건,6.86576,0.7064229528606192,kw_b02,,,50000000,False
2024-10-27,naver_datalab_keyword,패션의류,,반팔,0.18802,0.019345512164254737,kw_b02,,,50000000,False
2024-10-27,naver_datalab_keyword,패션의류,,자켓,2.48087,0.25525848719782285,kw_b02,,,50000000,False
2024-10-27,naver_datalab_keyword,패션의류,,패션_앵커,9.71905,1.0,kw_b02,,,50000000,True
2024-10-28,naver_datalab_keyword,패션의류,,코트,4.6222,0.5154718504549495,kw_b01,,,50000000,False
2024-10-28,naver_datalab_keyword,패션의류,,패딩,4.69888,0.5240232721789955,kw_b01,,,50000000,False
2024-10-28,naver_datalab_keyword,패션의류,,패션_앵커,8.96693,1.0,kw_b01,,,50000000,True
2024-10-28,naver_datalab_keyword,패션의류,,히트텍,0.53852,0.060056228831941366,kw_b01,,,50000000,False
2024-10-28,naver_datalab_keyword,패션의류,,가디건,6.21406,0.6929974918952194,kw_b02,,,50000000,False
2024-10-28,naver_datalab_keyword,패션의류,,반팔,0.07484,0.008346223289353213,kw_b02,,,50000000,False
2024-10-28,naver_datalab_keyword,패션의류,,자켓,2.33483,0.26038231590968147,kw_b02,,,50000000,False
2024-10-28,naver_datalab_keyword,패션의류,,패션_앵커,8.96693,1.0,kw_b02,,,50000000,True
2024-10-29,naver_datalab_keyword,패션의류,,코트,3.71675,0.4011031347935319,kw_b01,,,50000000,False
2024-10-29,naver_datalab_keyword,패션의류,,패딩,3.74961,0.4046493106216923,kw_b01,,,50000000,False
2024-10-29,naver_datalab_keyword,패션의류,,패션_앵커,9.26632,1.0,kw_b01,,,50000000,True
2024-10-29,naver_datalab_keyword,패션의류,,히트텍,0.53852,0.05811584318262266,kw_b01,,,50000000,False
2024-10-29,naver_datalab_keyword,패션의류,,가디건,6.04611,0.6524823230797123,kw_b02,,,50000000,False
2024-10-29,naver_datalab_keyword,패션의류,,반팔,0.14786,0.01595671204965941,kw_b02,,,50000000,False
2024-10-29,naver_datalab_keyword,패션의류,,자켓,2.33118,0.25157559851159894,kw_b02,,,50000000,False
2024-10-29,naver_datalab_keyword,패션의류,,패션_앵커,9.26632,1.0,kw_b02,,,50000000,True
2024-10-30,naver_datalab_keyword,패션의류,,코트,3.41736,0.4461387022739319,kw_b01,,,50000000,False
2024-10-30,naver_datalab_keyword,패션의류,,패딩,3.10703,0.40562490698263415,kw_b01,,,50000000,False
2024-10-30,naver_datalab_keyword,패션의류,,패션_앵커,7.65986,1.0,kw_b01,,,50000000,True
2024-10-30,naver_datalab_keyword,패션의류,,히트텍,0.4655,0.060771345690391214,kw_b01,,,50000000,False
2024-10-30,naver_datalab_keyword,패션의류,,가디건,5.3944,0.7042426362883917,kw_b02,,,50000000,False
2024-10-30,naver_datalab_keyword,패션의류,,반팔,0.13326,0.017397184804944215,kw_b02,,,50000000,False
2024-10-30,naver_datalab_keyword,패션의류,,자켓,2.10664,0.27502330329797153,kw_b02,,,50000000,False
2024-10-30,naver_datalab_keyword,패션의류,,패션_앵커,7.65986,1.0,kw_b02,,,50000000,True
2024-10-31,naver_datalab_keyword,패션의류,,코트,2.84233,0.5063418996483452,kw_b01,,,50000000,False
2024-10-31,naver_datalab_keyword,패션의류,,패딩,2.89527,0.5157728032265305,kw_b01,,,50000000,False
2024-10-31,naver_datalab_keyword,패션의류,,패션_앵커,5.61346,1.0,kw_b01,,,50000000,True
2024-10-31,naver_datalab_keyword,패션의류,,히트텍,0.36692,0.06536432075760762,kw_b01,,,50000000,False
2024-10-31,naver_datalab_keyword,패션의류,,가디건,4.65506,0.8292675105906161,kw_b02,,,50000000,False
2024-10-31,naver_datalab_keyword,패션의류,,반팔,0.08945,0.01593491358271013,kw_b02,,,50000000,False
2024-10-31,naver_datalab_keyword,패션의류,,자켓,1.75979,0.31349470736408563,kw_b02,,,50000000,False
2024-10-31,naver_datalab_keyword,패션의류,,패션_앵커,5.61346,1.0,kw_b02,,,50000000,True
2024-11-01,naver_datalab_keyword,패션의류,,코트,2.62326,0.5353941481892696,kw_b01,,,50000000,False
2024-11-01,naver_datalab_keyword,패션의류,,패딩,3.30783,0.6751114358488718,kw_b01,,,50000000,False
2024-11-01,naver_datalab_keyword,패션의류,,패션_앵커,4.89968,1.0,kw_b01,,,50000000,True
2024-11-01,naver_datalab_keyword,패션의류,,히트텍,0.25374,0.051787055481174286,kw_b01,,,50000000,False
2024-11-01,naver_datalab_keyword,패션의류,,가디건,3.70762,0.7567065604284361,kw_b02,,,50000000,False
2024-11-01,naver_datalab_keyword,패션의류,,레인부츠,0.00182,0.0003714528295725435,kw_b02,,,50000000,False
2024-11-01,naver_datalab_keyword,패션의류,,반팔,0.08579,0.017509306730235444,kw_b02,,,50000000,False
2024-11-01,naver_datalab_keyword,패션의류,,자켓,1.23404,0.2518613460470888,kw_b02,,,50000000,False
2024-11-01,naver_datalab_keyword,패션의류,,패션_앵커,4.89968,1.0,kw_b02,,,50000000,True
2024-11-02,naver_datalab_keyword,패션의류,,코트,3.37538,0.5136110629258688,kw_b01,,,50000000,False
2024-11-02,naver_datalab_keyword,패션의류,,패딩,3.76604,0.57305542114409,kw_b01,,,50000000,False
2024-11-02,naver_datalab_keyword,패션의류,,패션_앵커,6.57186,1.0,kw_b01,,,50000000,True
2024-11-02,naver_datalab_keyword,패션의류,,히트텍,0.23001,0.03499922396399193,kw_b01,,,50000000,False
2024-11-02,naver_datalab_keyword,패션의류,,가디건,4.01796,0.6113885566643235,kw_b02,,,50000000,False
2024-11-02,naver_datalab_keyword,패션의류,,레인부츠,0.00182,0.0002769383401350607,kw_b02,,,50000000,False
2024-11-02,naver_datalab_keyword,패션의류,,반팔,0.08945,0.01361106292586878,kw_b02,,,50000000,False
2024-11-02,naver_datalab_keyword,패션의류,,자켓,1.22309,0.18611017276691835,kw_b02,,,50000000,False
2024-11-02,naver_datalab_keyword,패션의류,,패션_앵커,6.57186,1.0,kw_b02,,,50000000,True
2024-11-03,naver_datalab_keyword,패션의류,,코트,4.16582,0.56096253804099,kw_b01,,,50000000,False
2024-11-03,naver_datalab_keyword,패션의류,,패딩,4.11288,0.5538337238426113,kw_b01,,,50000000,False
2024-11-03,naver_datalab_keyword,패션의류,,패션_앵커,7.4262,1.0,kw_b01,,,50000000,True
2024-11-03,naver_datalab_keyword,패션의류,,히트텍,0.33954,0.04572190353074251,kw_b01,,,50000000,False
2024-11-03,naver_datalab_keyword,패션의류,,가디건,4.68792,0.6312676739112871,kw_b02,,,50000000,False
2024-11-03,naver_datalab_keyword,패션의류,,반팔,0.17342,0.02335245482211629,kw_b02,,,50000000,False
2024-11-03,naver_datalab_keyword,패션의류,,자켓,1.78353,0.24016724569766504,kw_b02,,,50000000,False
2024-11-03,naver_datalab_keyword,패션의류,,패션_앵커,7.4262,1.0,kw_b02,,,50000000,True
2024-11-04,naver_datalab_keyword,패션의류,,코트,4.26258,0.6248330755868923,kw_b01,,,50000000,False
2024-11-04,naver_datalab_keyword,패션의류,,패딩,4.12384,0.604495781997816,kw_b01,,,50000000,False
2024-11-04,naver_datalab_keyword,패션의류,,패션_앵커,6.82195,1.0,kw_b01,,,50000000,True
2024-11-04,naver_datalab_keyword,패션의류,,히트텍,0.46733,0.06850387352589803,kw_b01,,,50000000,False
2024-11-04,naver_datalab_keyword,패션의류,,가디건,4.48894,0.6580142041498399,kw_b02,,,50000000,False
2024-11-04,naver_datalab_keyword,패션의류,,반팔,0.10405,0.015252237263539017,kw_b02,,,50000000,False
2024-11-04,naver_datalab_keyword,패션의류,,자켓,1.38556,0.20310321828802613,kw_b02,,,50000000,False
2024-11-04,naver_datalab_keyword,패션의류,,패션_앵커,6.82195,1.0,kw_b02,,,50000000,True
2024-11-05,naver_datalab_keyword,패션의류,,코트,5.29582,0.8467594680072015,kw_b01,,,50000000,False
2024-11-05,naver_datalab_keyword,패션의류,,패딩,6.78727,1.0852304523985405,kw_b01,,,50000000,False
2024-11-05,naver_datalab_keyword,패션의류,,패션_앵커,6.25422,1.0,kw_b01,,,50000000,True
2024-11-05,naver_datalab_keyword,패션의류,,히트텍,0.81052,0.12959569698539547,kw_b01,,,50000000,False
2024-11-05,naver_datalab_keyword,패션의류,,가디건,4.65506,0.7443070438839695,kw_b02,,,50000000,False
2024-11-05,naver_datalab_keyword,패션의류,,반팔,0.07667,0.01225892277534209,kw_b02,,,50000000,False
2024-11-05,naver_datalab_keyword,패션의류,,자켓,1.60462,0.25656596665931164,kw_b02,,,50000000,False
2024-11-05,naver_datalab_keyword,패션의류,,패션_앵커,6.25422,1.0,kw_b02,,,50000000,True
2024-11-06,naver_datalab_keyword,패션의류,,코트,6.47693,1.1097911815454313,kw_b01,,,50000000,False
2024-11-06,naver_datalab_keyword,패션의류,,패딩,9.46165,1.6212087721913515,kw_b01,,,50000000,False
2024-11-06,naver_datalab_keyword,패션의류,,패션_앵커,5.83617,1.0,kw_b01,,,50000000,True
2024-11-06,naver_datalab_keyword,패션의류,,히트텍,1.50787,0.2583663601300168,kw_b01,,,50000000,False
2024-11-06,naver_datalab_keyword,패션의류,,가디건,4.16582,0.7137934638641438,kw_b02,,,50000000,False
2024-11-06,naver_datalab_keyword,패션의류,,반팔,0.06389,0.010947247938288296,kw_b02,,,50000000,False
2024-11-06,naver_datalab_keyword,패션의류,,자켓,1.34175,0.22990248741897512,kw_b02,,,50000000,False
2024-11-06,naver_datalab_keyword,패션의류,,패션_앵커,5.83617,1.0,kw_b02,,,50000000,True
2024-11-07,naver_datalab_keyword,패션의류,,목도리,0.00365,0.000751384400024703,kw_b01,,,50000000,False
2024-11-07,naver_datalab_keyword,패션의류,,코트,5.79784,1.19353603557239,kw_b01,,,50000000,False
2024-11-07,naver_datalab_keyword,패션의류,,패딩,8.89574,1.8312658253906169,kw_b01,,,50000000,False
2024-11-07,naver_datalab_keyword,패션의류,,패션_앵커,4.8577,1.0,kw_b01,,,50000000,True
2024-11-07,naver_datalab_keyword,패션의류,,히트텍,1.31984,0.27170059904893257,kw_b01,,,50000000,False
2024-11-07,naver_datalab_keyword,패션의류,,가디건,3.40093,0.7001111637194556,kw_b02,,,50000000,False
2024-11-07,naver_datalab_keyword,패션의류,,반팔,0.05841,0.012024208987792575,kw_b02,,,50000000,False
2024-11-07,naver_datalab_keyword,패션의류,,자켓,1.25595,0.2585482841674043,kw_b02,,,50000000,False
2024-11-07,naver_datalab_keyword,패션의류,,패션_앵커,4.8577,1.0,kw_b02,,,50000000,True
2024-11-08,naver_datalab_keyword,패션의류,,코트,5.3013,1.1916300648717177,kw_b01,,,50000000,False
2024-11-08,naver_datalab_keyword,패션의류,,패딩,6.60472,1.4846137592778246,kw_b01,,,50000000,False
2024-11-08,naver_datalab_keyword,패션의류,,패션_앵커,4.44878,1.0,kw_b01,,,50000000,True
2024-11-08,naver_datalab_keyword,패션의류,,히트텍,0.80322,0.18054837506012886,kw_b01,,,50000000,False
2024-11-08,naver_datalab_keyword,패션의류,,가디건,2.79121,0.6274102113388389,kw_b02,,,50000000,False
2024-11-08,naver_datalab_keyword,패션의류,,반팔,0.06754,0.015181690261150248,kw_b02,,,50000000,False
2024-11-08,naver_datalab_keyword,패션의류,,자켓,1.2523,0.2814929036724675,kw_b02,,,50000000,False
2024-11-08,naver_datalab_keyword,패션의류,,패션_앵커,4.44878,1.0,kw_b02,,,50000000,True
2024-11-09,naver_datalab_keyword,패션의류,,목도리,0.00547,0.0009154949614303814,kw_b01,,,50000000,False
2024-11-09,naver_datalab_keyword,패션의류,,코트,5.14613,0.8612899608529668,kw_b01,,,50000000,False
2024-11-09,naver_datalab_keyword,패션의류,,패딩,5.27026,0.8820651691824647,kw_b01,,,50000000,False
2024-11-09,naver_datalab_keyword,패션의류,,패션_앵커,5.97491,1.0,kw_b01,,,50000000,True
2024-11-09,naver_datalab_keyword,패션의류,,히트텍,0.72838,0.12190643875807335,kw_b01,,,50000000,False
2024-11-09,naver_datalab_keyword,패션의류,,가디건,3.77699,0.6321417393734801,kw_b02,,,50000000,False
2024-11-09,naver_datalab_keyword,패션의류,,반팔,0.10587,0.017719095350390214,kw_b02,,,50000000,False
2024-11-09,naver_datalab_keyword,패션의류,,자켓,1.41477,0.23678515659650104,kw_b02,,,50000000,False
2024-11-09,naver_datalab_keyword,패션의류,,패션_앵커,5.97491,1.0,kw_b02,,,50000000,True
2024-11-10,naver_datalab_keyword,패션의류,,목도리,0.00547,0.0007502287031741395,kw_b01,,,50000000,False
2024-11-10,naver_datalab_keyword,패션의류,,코트,7.98663,1.0953928825652062,kw_b01,,,50000000,False
2024-11-10,naver_datalab_keyword,패션의류,,패딩,6.61932,0.9078617659039571,kw_b01,,,50000000,False
2024-11-10,naver_datalab_keyword,패션의류,,패션_앵커,7.29111,1.0,kw_b01,,,50000000,True
2024-11-10,naver_datalab_keyword,패션의류,,히트텍,0.72473,0.09939913127082159,kw_b01,,,50000000,False
2024-11-10,naver_datalab_keyword,패션의류,,가디건,3.63643,0.49874847588364457,kw_b02,,,50000000,False
2024-11-10,naver_datalab_keyword,패션의류,,반팔,0.07667,0.010515545643941733,kw_b02,,,50000000,False
2024-11-10,naver_datalab_keyword,패션의류,,자켓,2.00441,0.2749115018152243,kw_b02,,,50000000,False
2024-11-10,naver_datalab_keyword,패션의류,,패션_앵커,7.29111,1.0,kw_b02,,,50000000,True
2024-11-11,naver_datalab_keyword,패션의류,,목도리,0.00547,0.0009485329818963723,kw_b01,,,50000000,False
2024-11-11,naver_datalab_keyword,패션의류,,코트,5.70291,0.9889210654088924,kw_b01,,,50000000,False
2024-11-11,naver_datalab_keyword,패션의류,,패딩,4.94897,0.8581830477908026,kw_b01,,,50000000,False
2024-11-11,naver_datalab_keyword,패션의류,,패션_앵커,5.7668,1.0,kw_b01,,,50000000,True
2024-11-11,naver_datalab_keyword,패션의류,,히트텍,0.66083,0.11459214815842408,kw_b01,,,50000000,False
2024-11-11,naver_datalab_keyword,패션의류,,가디건,3.86461,0.6701480890615246,kw_b02,,,50000000,False
2024-11-11,naver_datalab_keyword,패션의류,,반팔,0.09857,0.017092668377609768,kw_b02,,,50000000,False
2024-11-11,naver_datalab_keyword,패션의류,,자켓,1.33992,0.2323506970937088,kw_b02,,,50000000,False
2024-11-11,naver_datalab_keyword,패션의류,,패션_앵커,5.7668,1.0,kw_b02,,,50000000,True
2024-11-12,naver_datalab_keyword,패션의류,,목도리,0.00912,0.0015088645794039985,kw_b01,,,50000000,False
2024-11-12,naver_datalab_keyword,패션의류,,코트,4.40497,0.7287832463089069,kw_b01,,,50000000,False
2024-11-12,naver_datalab_keyword,패션의류,,패딩,4.21694,0.6976744955561291,kw_b01,,,50000000,False
2024-11-12,naver_datalab_keyword,패션의류,,패션_앵커,6.04428,1.0,kw_b01,,,50000000,True
2024-11-12,naver_datalab_keyword,패션의류,,히트텍,0.45637,0.07550444387089943,kw_b01,,,50000000,False
2024-11-12,naver_datalab_keyword,패션의류,,가디건,3.93216,0.6505588754988187,kw_b02,,,50000000,False
2024-11-12,naver_datalab_keyword,패션의류,,레인부츠,0.00182,0.0003011111331705348,kw_b02,,,50000000,False
2024-11-12,naver_datalab_keyword,패션의류,,반팔,0.06936,0.011475312195993568,kw_b02,,,50000000,False
2024-11-12,naver_datalab_keyword,패션의류,,자켓,1.34358,0.2222895034644325,kw_b02,,,50000000,False
2024-11-12,naver_datalab_keyword,패션의류,,패션_앵커,6.04428,1.0,kw_b02,,,50000000,True
2024-11-13,naver_datalab_keyword,패션의류,,코트,4.46521,0.8014419892775156,kw_b01,,,50000000,False
2024-11-13,naver_datalab_keyword,패션의류,,패딩,4.29179,0.7703155540638288,kw_b01,,,50000000,False
2024-11-13,naver_datalab_keyword,패션의류,,패션_앵커,5.57147,1.0,kw_b01,,,50000000,True
2024-11-13,naver_datalab_keyword,패션의류,,히트텍,0.64258,0.11533401418297147,kw_b01,,,50000000,False
2024-11-13,naver_datalab_keyword,패션의류,,가디건,3.39911,0.610092130084161,kw_b02,,,50000000,False
2024-11-13,naver_datalab_keyword,패션의류,,반팔,0.05659,0.010157103959996196,kw_b02,,,50000000,False
2024-11-13,naver_datalab_keyword,패션의류,,자켓,1.26873,0.22771907593507637,kw_b02,,,50000000,False
2024-11-13,naver_datalab_keyword,패션의류,,패션_앵커,5.57147,1.0,kw_b02,,,50000000,True
2024-11-14,naver_datalab_keyword,패션의류,,목도리,0.00365,0.0006077306670884705,kw_b01,,,50000000,False
2024-11-14,naver_datalab_keyword,패션의류,,코트,4.27536,0.7118540780392777,kw_b01,,,50000000,False
2024-11-14,naver_datalab_keyword,패션의류,,패딩,3.99788,0.6656532272163437,kw_b01,,,50000000,False
2024-11-14,naver_datalab_keyword,패션의류,,패션_앵커,6.00595,1.0,kw_b01,,,50000000,True
2024-11-14,naver_datalab_keyword,패션의류,,히트텍,0.52939,0.08814425694519601,kw_b01,,,50000000,False
2024-11-14,naver_datalab_keyword,패션의류,,가디건,3.69849,0.6158043273753527,kw_b02,,,50000000,False
2024-11-14,naver_datalab_keyword,패션의류,,반팔,0.0931,0.015501294549571673,kw_b02,,,50000000,False
2024-11-14,naver_datalab_keyword,패션의류,,자켓,1.06975,0.17811503592270997,kw_b02,,,50000000,False
2024-11-14,naver_datalab_keyword,패션의류,,패션_앵커,6.00595,1.0,kw_b02,,,50000000,True
2024-11-15,naver_datalab_keyword,패션의류,,목도리,0.00547,0.001086050113171584,kw_b01,,,50000000,False
2024-11-15,naver_datalab_keyword,패션의류,,코트,4.51085,0.8956141047532065,kw_b01,,,50000000,False
2024-11-15,naver_datalab_keyword,패션의류,,패딩,3.81533,0.7575209466703728,kw_b01,,,50000000,False
2024-11-15,naver_datalab_keyword,패션의류,,패션_앵커,5.0366,1.0,kw_b01,,,50000000,True
2024-11-15,naver_datalab_keyword,패션의류,,히트텍,0.49288,0.0978596672358337,kw_b01,,,50000000,False
2024-11-15,naver_datalab_keyword,패션의류,,가디건,2.73827,0.5436743040940317,kw_b02,,,50000000,False
2024-11-15,naver_datalab_keyword,패션의류,,레인부츠,0.00912,0.0018107453440813247,kw_b02,,,50000000,False
2024-11-15,naver_datalab_keyword,패션의류,,반팔,0.1004,0.019934082515983005,kw_b02,,,50000000,False
2024-11-15,naver_datalab_keyword,패션의류,,자켓,1.16102,0.23051661835365125,kw_b02,,,50000000,False
2024-11-15,naver_datalab_keyword,패션의류,,패션_앵커,5.0366,1.0,kw_b02,,,50000000,True
2024-11-16,naver_datalab_keyword,패션의류,,목도리,0.00182,0.00032925324640082786,kw_b01,,,50000000,False
2024-11-16,naver_datalab_keyword,패션의류,,코트,5.20089,0.94088456960088,kw_b01,,,50000000,False
2024-11-16,naver_datalab_keyword,패션의류,,패딩,4.16765,0.7539627980013243,kw_b01,,,50000000,False
2024-11-16,naver_datalab_keyword,패션의류,,패션_앵커,5.52766,1.0,kw_b01,,,50000000,True
2024-11-16,naver_datalab_keyword,패션의류,,히트텍,0.43629,0.07892851586385559,kw_b01,,,50000000,False
2024-11-16,naver_datalab_keyword,패션의류,,가디건,3.06686,0.5548206655257378,kw_b02,,,50000000,False
2024-11-16,naver_datalab_keyword,패션의류,,반팔,0.13143,0.023776788007945495,kw_b02,,,50000000,False
2024-11-16,naver_datalab_keyword,패션의류,,자켓,1.1738,0.21235025309081962,kw_b02,,,50000000,False
2024-11-16,naver_datalab_keyword,패션의류,,패션_앵커,5.52766,1.0,kw_b02,,,50000000,True
2024-11-17,naver_datalab_keyword,패션의류,,목도리,0.00365,0.0005459952371264794,kw_b01,,,50000000,False
2024-11-17,naver_datalab_keyword,패션의류,,코트,8.17101,1.2222828883596808,kw_b01,,,50000000,False
2024-11-17,naver_datalab_keyword,패션의류,,패딩,10.6811,1.5977615691155178,kw_b01,,,50000000,False
2024-11-17,naver_datalab_keyword,패션의류,,패션_앵커,6.68504,1.0,kw_b01,,,50000000,True
2024-11-17,naver_datalab_keyword,패션의류,,히트텍,1.28151,0.19169817981642592,kw_b01,,,50000000,False
2024-11-17,naver_datalab_keyword,패션의류,,가디건,3.96867,0.593664361021026,kw_b02,,,50000000,False
2024-11-17,naver_datalab_keyword,패션의류,,반팔,0.14421,0.021572047437262903,kw_b02,,,50000000,False
2024-11-17,naver_datalab_keyword,패션의류,,자켓,1.46771,0.21955141629668634,kw_b02,,,50000000,False
2024-11-17,naver_datalab_keyword,패션의류,,패션_앵커,6.68504,1.0,kw_b02,,,50000000,True
2024-11-18,naver_datalab_keyword,패션의류,,목도리,0.00912,0.001722708203075563,kw_b01,,,50000000,False
2024-11-18,naver_datalab_keyword,패션의류,,코트,9.19147,1.7362084174696213,kw_b01,,,50000000,False
2024-11-18,naver_datalab_keyword,패션의류,,패딩,17.95761,3.392074786692079,kw_b01,,,50000000,False
2024-11-18,naver_datalab_keyword,패션의류,,패션_앵커,5.29399,1.0,kw_b01,,,50000000,True
2024-11-18,naver_datalab_keyword,패션의류,,히트텍,2.89161,0.5462061696376457,kw_b01,,,50000000,False
2024-11-18,naver_datalab_keyword,패션의류,,가디건,2.91535,0.5506904999820551,kw_b02,,,50000000,False
2024-11-18,naver_datalab_keyword,패션의류,,반팔,0.08214,0.01551570743427925,kw_b02,,,50000000,False
2024-11-18,naver_datalab_keyword,패션의류,,자켓,0.96752,0.18275818428066545,kw_b02,,,50000000,False
2024-11-18,naver_datalab_keyword,패션의류,,패션_앵커,5.29399,1.0,kw_b02,,,50000000,True
2024-11-19,naver_datalab_keyword,패션의류,,목도리,0.00547,0.0009594673289973128,kw_b01,,,50000000,False
2024-11-19,naver_datalab_keyword,패션의류,,코트,8.35721,1.4658994436141923,kw_b01,,,50000000,False
2024-11-19,naver_datalab_keyword,패션의류,,패딩,15.21568,2.668911855297593,kw_b01,,,50000000,False
2024-11-19,naver_datalab_keyword,패션의류,,패션_앵커,5.70108,1.0,kw_b01,,,50000000,True
2024-11-19,naver_datalab_keyword,패션의류,,히트텍,2.42063,0.4245914809123885,kw_b01,,,50000000,False
2024-11-19,naver_datalab_keyword,패션의류,,가디건,3.07051,0.5385839174331881,kw_b02,,,50000000,False
2024-11-19,naver_datalab_keyword,패션의류,,반팔,0.0931,0.016330239182751338,kw_b02,,,50000000,False
2024-11-19,naver_datalab_keyword,패션의류,,자켓,0.96569,0.16938720382804662,kw_b02,,,50000000,False
2024-11-19,naver_datalab_keyword,패션의류,,패션_앵커,5.70108,1.0,kw_b02,,,50000000,True
2024-11-20,naver_datalab_keyword,패션의류,,목도리,0.0146,0.002736142189438491,kw_b01,,,50000000,False
2024-11-20,naver_datalab_keyword,패션의류,,코트,8.09799,1.5176200060719867,kw_b01,,,50000000,False
2024-11-20,naver_datalab_keyword,패션의류,,패딩,11.43321,2.142663578199319,kw_b01,,,50000000,False
2024-11-20,naver_datalab_keyword,패션의류,,패션_앵커,5.33598,1.0,kw_b01,,,50000000,True
2024-11-20,naver_datalab_keyword,패션의류,,히트텍,1.9533,0.3660620916870003,kw_b01,,,50000000,False
2024-11-20,naver_datalab_keyword,패션의류,,가디건,2.95733,0.554224341170694,kw_b02,,,50000000,False
2024-11-20,naver_datalab_keyword,패션의류,,반팔,0.10587,0.019840779013414595,kw_b02,,,50000000,False
2024-11-20,naver_datalab_keyword,패션의류,,자켓,0.80687,0.15121308550631749,kw_b02,,,50000000,False
2024-11-20,naver_datalab_keyword,패션의류,,패션_앵커,5.33598,1.0,kw_b02,,,50000000,True
2024-11-21,naver_datalab_keyword,패션의류,,코트,7.03371,1.5375103284558247,kw_b01,,,50000000,False
2024-11-21,naver_datalab_keyword,패션의류,,패딩,6.89132,1.5063850623204815,kw_b01,,,50000000,False
2024-11-21,naver_datalab_keyword,패션의류,,패션_앵커,4.57474,1.0,kw_b01,,,50000000,True
2024-11-21,naver_datalab_keyword,패션의류,,히트텍,1.54438,0.33758858426926996,kw_b01,,,50000000,False
2024-11-21,naver_datalab_keyword,패션의류,,가디건,2.57945,0.5638462513716627,kw_b02,,,50000000,False
2024-11-21,naver_datalab_keyword,패션의류,,반팔,0.06389,0.013965821008407035,kw_b02,,,50000000,False
2024-11-21,naver_datalab_keyword,패션의류,,자켓,0.69187,0.15123701019074307,kw_b02,,,50000000,False
2024-11-21,naver_datalab_keyword,패션의류,,패션_앵커,4.57474,1.0,kw_b02,,,50000000,True
2024-11-22,naver_datalab_keyword,패션의류,,목도리,0.00365,0.0009453607392979985,kw_b01,,,50000000,False
2024-11-22,naver_datalab_keyword,패션의류,,코트,6.22318,1.6118219302971282,kw_b01,,,50000000,False
2024-11-22,naver_datalab_keyword,패션의류,,패딩,5.74672,1.4884173884215324,kw_b01,,,50000000,False
2024-11-22,naver_datalab_keyword,패션의류,,패션_앵커,3.86096,1.0,kw_b01,,,50000000,True
2024-11-22,naver_datalab_keyword,패션의류,,히트텍,1.58089,0.4094551614106336,kw_b01,,,50000000,False
2024-11-22,naver_datalab_keyword,패션의류,,가디건,2.19609,0.5687937714972442,kw_b02,,,50000000,False
2024-11-22,naver_datalab_keyword,패션의류,,반팔,0.05476,0.014183001118892712,kw_b02,,,50000000,False
2024-11-22,naver_datalab_keyword,패션의류,,자켓,0.46185,0.11962050888898097,kw_b02,,,50000000,False
2024-11-22,naver_datalab_keyword,패션의류,,패션_앵커,3.86096,1.0,kw_b02,,,50000000,True
2024-11-23,naver_datalab_keyword,패션의류,,목도리,0.01277,0.0028954027262586045,kw_b01,,,50000000,False
2024-11-23,naver_datalab_keyword,패션의류,,코트,7.43168,1.685020088698633,kw_b01,,,50000000,False
2024-11-23,naver_datalab_keyword,패션의류,,패딩,7.0757,1.604307053264527,kw_b01,,,50000000,False
2024-11-23,naver_datalab_keyword,패션의류,,패션_앵커,4.41044,1.0,kw_b01,,,50000000,True
2024-11-23,naver_datalab_keyword,패션의류,,히트텍,1.21944,0.27648942055667913,kw_b01,,,50000000,False
2024-11-23,naver_datalab_keyword,패션의류,,가디건,2.54659,0.5774004407723492,kw_b02,,,50000000,False
2024-11-23,naver_datalab_keyword,패션의류,,반팔,0.06389,0.014486083021195164,kw_b02,,,50000000,False
2024-11-23,naver_datalab_keyword,패션의류,,자켓,0.46368,0.10513236774562174,kw_b02,,,50000000,False
2024-11-23,naver_datalab_keyword,패션의류,,패션_앵커,4.41044,1.0,kw_b02,,,50000000,True
2024-11-24,naver_datalab_keyword,패션의류,,목도리,0.02555,0.004570882672329433,kw_b01,,,50000000,False
2024-11-24,naver_datalab_keyword,패션의류,,코트,9.44887,1.6903982839958278,kw_b01,,,50000000,False
2024-11-24,naver_datalab_keyword,패션의류,,패딩,7.84242,1.4030051540950992,kw_b01,,,50000000,False
2024-11-24,naver_datalab_keyword,패션의류,,패션_앵커,5.58973,1.0,kw_b01,,,50000000,True
2024-11-24,naver_datalab_keyword,패션의류,,히트텍,2.42976,0.43468289166024116,kw_b01,,,50000000,False
2024-11-24,naver_datalab_keyword,패션의류,,가디건,2.51373,0.449705084145388,kw_b02,,,50000000,False
2024-11-24,naver_datalab_keyword,패션의류,,반팔,0.08397,0.015022192485146867,kw_b02,,,50000000,False
2024-11-24,naver_datalab_keyword,패션의류,,자켓,0.70282,0.12573415889497344,kw_b02,,,50000000,False
2024-11-24,naver_datalab_keyword,패션의류,,패션_앵커,5.58973,1.0,kw_b02,,,50000000,True
2024-11-25,naver_datalab_keyword,패션의류,,목도리,0.00547,0.001245911497007079,kw_b01,,,50000000,False
2024-11-25,naver_datalab_keyword,패션의류,,코트,8.32983,1.8972999936223907,kw_b01,,,50000000,False
2024-11-25,naver_datalab_keyword,패션의류,,패딩,8.85558,2.017050993540393,kw_b01,,,50000000,False
2024-11-25,naver_datalab_keyword,패션의류,,패션_앵커,4.39036,1.0,kw_b01,,,50000000,True
2024-11-25,naver_datalab_keyword,패션의류,,히트텍,2.19062,0.49896136079956993,kw_b01,,,50000000,False
2024-11-25,naver_datalab_keyword,패션의류,,가디건,2.43341,0.5542620650698348,kw_b02,,,50000000,False
2024-11-25,naver_datalab_keyword,패션의류,,반팔,0.06936,0.015798248890751557,kw_b02,,,50000000,False
2024-11-25,naver_datalab_keyword,패션의류,,자켓,0.49471,0.11268096465893457,kw_b02,,,50000000,False
2024-11-25,naver_datalab_keyword,패션의류,,패션_앵커,4.39036,1.0,kw_b02,,,50000000,True
2024-11-26,naver_datalab_keyword,패션의류,,코트,7.81503,1.4772264164496045,kw_b01,,,50000000,False
2024-11-26,naver_datalab_keyword,패션의류,,패딩,9.79755,1.85196981668475,kw_b01,,,50000000,False
2024-11-26,naver_datalab_keyword,패션의류,,패션_앵커,5.29034,1.0,kw_b01,,,50000000,True
2024-11-26,naver_datalab_keyword,패션의류,,히트텍,2.39142,0.4520352189084256,kw_b01,,,50000000,False
2024-11-26,naver_datalab_keyword,패션의류,,가디건,2.43158,0.4596264134252241,kw_b02,,,50000000,False
2024-11-26,naver_datalab_keyword,패션의류,,반팔,0.09675,0.01828804953934908,kw_b02,,,50000000,False
2024-11-26,naver_datalab_keyword,패션의류,,자켓,0.55313,0.10455471671007914,kw_b02,,,50000000,False
2024-11-26,naver_datalab_keyword,패션의류,,패션_앵커,5.29034,1.0,kw_b02,,,50000000,True
2024-11-27,naver_datalab_keyword,패션의류,,목도리,0.00912,0.0022493692147185695,kw_b01,,,50000000,False
2024-11-27,naver_datalab_keyword,패션의류,,코트,7.30206,1.8009900184241097,kw_b01,,,50000000,False
2024-11-27,naver_datalab_keyword,패션의류,,패딩,13.67859,3.373706057758474,kw_b01,,,50000000,False
2024-11-27,naver_datalab_keyword,패션의류,,패션_앵커,4.05447,1.0,kw_b01,,,50000000,True
2024-11-27,naver_datalab_keyword,패션의류,,히트텍,3.49586,0.8622236691848749,kw_b01,,,50000000,False
2024-11-27,naver_datalab_keyword,패션의류,,가디건,2.47905,0.6114362666390428,kw_b02,,,50000000,False
2024-11-27,naver_datalab_keyword,패션의류,,레인부츠,0.00182,0.00044888727749866193,kw_b02,,,50000000,False
2024-11-27,naver_datalab_keyword,패션의류,,반팔,0.11135,0.02746351557663517,kw_b02,,,50000000,False
2024-11-27,naver_datalab_keyword,패션의류,,자켓,0.47645,0.11751227657375686,kw_b02,,,50000000,False
2024-11-27,naver_datalab_keyword,패션의류,,패션_앵커,4.05447,1.0,kw_b02,,,50000000,True
2024-11-28,naver_datalab_keyword,패션의류,,목도리,0.00547,0.0015493336732237187,kw_b01,,,50000000,False
2024-11-28,naver_datalab_keyword,패션의류,,코트,6.67409,1.8903825183045135,kw_b01,,,50000000,False
2024-11-28,naver_datalab_keyword,패션의류,,패딩,10.08963,2.8578068572885247,kw_b01,,,50000000,False
2024-11-28,naver_datalab_keyword,패션의류,,패션_앵커,3.53055,1.0,kw_b01,,,50000000,True
2024-11-28,naver_datalab_keyword,패션의류,,히트텍,2.76748,0.7838665363753523,kw_b01,,,50000000,False
2024-11-28,naver_datalab_keyword,패션의류,,가디건,2.53746,0.7187152143433743,kw_b02,,,50000000,False
2024-11-28,naver_datalab_keyword,패션의류,,반팔,0.07667,0.021716163204033367,kw_b02,,,50000000,False
2024-11-28,naver_datalab_keyword,패션의류,,자켓,0.39978,0.11323448187959384,kw_b02,,,50000000,False
2024-11-28,naver_datalab_keyword,패션의류,,패션_앵커,3.53055,1.0,kw_b02,,,50000000,True
2024-11-29,naver_datalab_keyword,패션의류,,목도리,0.01825,0.005193334319829715,kw_b01,,,50000000,False
2024-11-29,naver_datalab_keyword,패션의류,,코트,5.73029,1.6306472175110696,kw_b01,,,50000000,False
2024-11-29,naver_datalab_keyword,패션의류,,패딩,9.24076,2.6296085506471036,kw_b01,,,50000000,False
2024-11-29,naver_datalab_keyword,패션의류,,패션_앵커,3.51412,1.0,kw_b01,,,50000000,True
2024-11-29,naver_datalab_keyword,패션의류,,히트텍,2.43523,0.6929843033248722,kw_b01,,,50000000,False
2024-11-29,naver_datalab_keyword,패션의류,,가디건,2.02814,0.577140222872298,kw_b02,,,50000000,False
2024-11-29,naver_datalab_keyword,패션의류,,반팔,0.05659,0.016103604885433623,kw_b02,,,50000000,False
2024-11-29,naver_datalab_keyword,패션의류,,자켓,0.31033,0.08830944873823318,kw_b02,,,50000000,False
2024-11-29,naver_datalab_keyword,패션의류,,패션_앵커,3.51412,1.0,kw_b02,,,50000000,True
2024-11-30,naver_datalab_keyword,패션의류,,코트,6.88402,1.4667447905569524,kw_b01,,,50000000,False
2024-11-30,naver_datalab_keyword,패션의류,,패딩,9.10202,1.9393233050666894,kw_b01,,,50000000,False
2024-11-30,naver_datalab_keyword,패션의류,,패션_앵커,4.6934,1.0,kw_b01,,,50000000,True
2024-11-30,naver_datalab_keyword,패션의류,,히트텍,1.48414,0.31621851962330083,kw_b01,,,50000000,False
2024-11-30,naver_datalab_keyword,패션의류,,가디건,2.17053,0.46246431158648316,kw_b02,,,50000000,False
2024-11-30,naver_datalab_keyword,패션의류,,레인부츠,0.00182,0.00038777858269058683,kw_b02,,,50000000,False
2024-11-30,naver_datalab_keyword,패션의류,,반팔,0.05476,0.011667447905569525,kw_b02,,,50000000,False
2024-11-30,naver_datalab_keyword,패션의류,,자켓,0.49836,0.10618315080751696,kw_b02,,,50000000,False
2024-11-30,naver_datalab_keyword,패션의류,,패션_앵커,4.6934,1.0,kw_b02,,,50000000,True
2024-12-01,naver_datalab_keyword,패션의류,,목도리,0.0146,0.002506343108071455,kw_b01,,,50000000,False
2024-12-01,naver_datalab_keyword,패션의류,,코트,9.5438,1.6383587229323526,kw_b01,,,50000000,False
2024-12-01,naver_datalab_keyword,패션의류,,패딩,11.29264,1.9385774271186325,kw_b01,,,50000000,False
2024-12-01,naver_datalab_keyword,패션의류,,패션_앵커,5.82522,1.0,kw_b01,,,50000000,True
2024-12-01,naver_datalab_keyword,패션의류,,히트텍,2.16323,0.3713559316214667,kw_b01,,,50000000,False
2024-12-01,naver_datalab_keyword,패션의류,,가디건,2.63604,0.45252196483566287,kw_b02,,,50000000,False
2024-12-01,naver_datalab_keyword,패션의류,,반팔,0.115,0.01974174365946694,kw_b02,,,50000000,False
2024-12-01,naver_datalab_keyword,패션의류,,자켓,0.44177,0.07583747909950182,kw_b02,,,50000000,False
2024-12-01,naver_datalab_keyword,패션의류,,패션_앵커,5.82522,1.0,kw_b02,,,50000000,True
2024-12-02,naver_datalab_keyword,패션의류,,목도리,0.00547,0.00107206133680365,kw_b01,,,50000000,False
2024-12-02,naver_datalab_keyword,패션의류,,코트,8.50873,1.6676198278430205,kw_b01,,,50000000,False
2024-12-02,naver_datalab_keyword,패션의류,,패딩,9.81215,1.9230761692720177,kw_b01,,,50000000,False
2024-12-02,naver_datalab_keyword,패션의류,,패션_앵커,5.10232,1.0,kw_b01,,,50000000,True
2024-12-02,naver_datalab_keyword,패션의류,,히트텍,1.5955,0.31270088900735354,kw_b01,,,50000000,False
2024-12-02,naver_datalab_keyword,패션의류,,가디건,2.53199,0.4962428855893006,kw_b02,,,50000000,False
2024-12-02,naver_datalab_keyword,패션의류,,반팔,0.07302,0.014311136894589129,kw_b02,,,50000000,False
2024-12-02,naver_datalab_keyword,패션의류,,자켓,0.48376,0.09481177189984165,kw_b02,,,50000000,False
2024-12-02,naver_datalab_keyword,패션의류,,패션_앵커,5.10232,1.0,kw_b02,,,50000000,True
2024-12-03,naver_datalab_keyword,패션의류,,목도리,0.01277,0.002631785038600888,kw_b01,,,50000000,False
2024-12-03,naver_datalab_keyword,패션의류,,코트,7.31119,1.5067721578988587,kw_b01,,,50000000,False
2024-12-03,naver_datalab_keyword,패션의류,,패딩,9.2006,1.8961629934339332,kw_b01,,,50000000,False
2024-12-03,naver_datalab_keyword,패션의류,,패션_앵커,4.85222,1.0,kw_b01,,,50000000,True
2024-12-03,naver_datalab_keyword,패션의류,,히트텍,1.78353,0.36756989584149113,kw_b01,,,50000000,False
2024-12-03,naver_datalab_keyword,패션의류,,가디건,2.39325,0.49322784210114134,kw_b02,,,50000000,False
2024-12-03,naver_datalab_keyword,패션의류,,반팔,0.05293,0.01090840893446711,kw_b02,,,50000000,False
2024-12-03,naver_datalab_keyword,패션의류,,자켓,0.51114,0.10534147256307423,kw_b02,,,50000000,False
2024-12-03,naver_datalab_keyword,패션의류,,패션_앵커,4.85222,1.0,kw_b02,,,50000000,True
2024-12-04,naver_datalab_keyword,패션의류,,목도리,0.00182,0.0004085976121735148,kw_b01,,,50000000,False
2024-12-04,naver_datalab_keyword,패션의류,,코트,5.95848,1.3377036814195848,kw_b01,,,50000000,False
2024-12-04,naver_datalab_keyword,패션의류,,패딩,7.47914,1.6790982115996822,kw_b01,,,50000000,False
2024-12-04,naver_datalab_keyword,패션의류,,패션_앵커,4.45426,1.0,kw_b01,,,50000000,True
2024-12-04,naver_datalab_keyword,패션의류,,히트텍,1.62836,0.3655736306367388,kw_b01,,,50000000,False
2024-12-04,naver_datalab_keyword,패션의류,,가디건,2.55937,0.5745892695980926,kw_b02,,,50000000,False
2024-12-04,naver_datalab_keyword,패션의류,,반팔,0.03285,0.007374962395549429,kw_b02,,,50000000,False
2024-12-04,naver_datalab_keyword,패션의류,,자켓,0.26652,0.059834854723343496,kw_b02,,,50000000,False
2024-12-04,naver_datalab_keyword,패션의류,,패션_앵커,4.45426,1.0,kw_b02,,,50000000,True
2024-12-05,naver_datalab_keyword,패션의류,,목도리,0.01095,0.0023034979510438316,kw_b01,,,50000000,False
2024-12-05,naver_datalab_keyword,패션의류,,코트,7.49739,1.5771892696964853,kw_b01,,,50000000,False
2024-12-05,naver_datalab_keyword,패션의류,,패딩,7.15237,1.5046090995531847,kw_b01,,,50000000,False
2024-12-05,naver_datalab_keyword,패션의류,,패션_앵커,4.75364,1.0,kw_b01,,,50000000,True
2024-12-05,naver_datalab_keyword,패션의류,,히트텍,1.49327,0.31413190733837654,kw_b01,,,50000000,False
2024-12-05,naver_datalab_keyword,패션의류,,가디건,2.19792,0.4623656818774665,kw_b02,,,50000000,False
2024-12-05,naver_datalab_keyword,패션의류,,반팔,0.06571,0.013823091357359835,kw_b02,,,50000000,False
2024-12-05,naver_datalab_keyword,패션의류,,자켓,0.34684,0.07296303464292626,kw_b02,,,50000000,False
2024-12-05,naver_datalab_keyword,패션의류,,패션_앵커,4.75364,1.0,kw_b02,,,50000000,True
2024-12-06,naver_datalab_keyword,패션의류,,목도리,0.00547,0.0013509541885754226,kw_b01,,,50000000,False
2024-12-06,naver_datalab_keyword,패션의류,,코트,7.07022,1.7461687976507723,kw_b01,,,50000000,False
2024-12-06,naver_datalab_keyword,패션의류,,패딩,5.99134,1.479712224530068,kw_b01,,,50000000,False
2024-12-06,naver_datalab_keyword,패션의류,,패션_앵커,4.04899,1.0,kw_b01,,,50000000,True
2024-12-06,naver_datalab_keyword,패션의류,,히트텍,1.2669,0.31289284488230396,kw_b01,,,50000000,False
2024-12-06,naver_datalab_keyword,패션의류,,가디건,2.24356,0.5541036159634872,kw_b02,,,50000000,False
2024-12-06,naver_datalab_keyword,패션의류,,반팔,0.1004,0.024796307227234447,kw_b02,,,50000000,False
2024-12-06,naver_datalab_keyword,패션의류,,자켓,0.36327,0.08971867058204638,kw_b02,,,50000000,False
2024-12-06,naver_datalab_keyword,패션의류,,패션_앵커,4.04899,1.0,kw_b02,,,50000000,True
2024-12-07,naver_datalab_keyword,패션의류,,목도리,0.0073,0.0015274522932708402,kw_b01,,,50000000,False
2024-12-07,naver_datalab_keyword,패션의류,,코트,8.84097,1.8498849179779042,kw_b01,,,50000000,False
2024-12-07,naver_datalab_keyword,패션의류,,패딩,8.10347,1.6955703883495143,kw_b01,,,50000000,False
2024-12-07,naver_datalab_keyword,패션의류,,패션_앵커,4.7792,1.0,kw_b01,,,50000000,True
2024-12-07,naver_datalab_keyword,패션의류,,히트텍,1.4166,0.29640944091061266,kw_b01,,,50000000,False
2024-12-07,naver_datalab_keyword,패션의류,,가디건,2.29832,0.48090056913290924,kw_b02,,,50000000,False
2024-12-07,naver_datalab_keyword,패션의류,,반팔,0.08397,0.017569886173418144,kw_b02,,,50000000,False
2024-12-07,naver_datalab_keyword,패션의류,,자켓,0.34137,0.07142827251422831,kw_b02,,,50000000,False
2024-12-07,naver_datalab_keyword,패션의류,,패션_앵커,4.7792,1.0,kw_b02,,,50000000,True
2024-12-08,naver_datalab_keyword,패션의류,,목도리,0.01277,0.0021398851466499992,kw_b01,,,50000000,False
2024-12-08,naver_datalab_keyword,패션의류,,코트,10.04947,1.6840024733519785,kw_b01,,,50000000,False
2024-12-08,naver_datalab_keyword,패션의류,,패딩,11.36749,1.9048647616047296,kw_b01,,,50000000,False
2024-12-08,naver_datalab_keyword,패션의류,,패션_앵커,5.96761,1.0,kw_b01,,,50000000,True
2024-12-08,naver_datalab_keyword,패션의류,,히트텍,2.01354,0.3374114595290242,kw_b01,,,50000000,False
2024-12-08,naver_datalab_keyword,패션의류,,가디건,2.50643,0.4200056639090021,kw_b02,,,50000000,False
2024-12-08,naver_datalab_keyword,패션의류,,반팔,0.13508,0.022635527455715104,kw_b02,,,50000000,False
2024-12-08,naver_datalab_keyword,패션의류,,자켓,0.65901,0.11043114412637556,kw_b02,,,50000000,False
2024-12-08,naver_datalab_keyword,패션의류,,패션_앵커,5.96761,1.0,kw_b02,,,50000000,True
2024-12-09,naver_datalab_keyword,패션의류,,목도리,0.00547,0.0010975869140350666,kw_b01,,,50000000,False
2024-12-09,naver_datalab_keyword,패션의류,,코트,9.35394,1.876921780378276,kw_b01,,,50000000,False
2024-12-09,naver_datalab_keyword,패션의류,,패딩,10.28496,2.0637362901963616,kw_b01,,,50000000,False
2024-12-09,naver_datalab_keyword,패션의류,,패션_앵커,4.98366,1.0,kw_b01,,,50000000,True
2024-12-09,naver_datalab_keyword,패션의류,,히트텍,2.40603,0.4827837372533439,kw_b01,,,50000000,False
2024-12-09,naver_datalab_keyword,패션의류,,가디건,2.55754,0.5131850888704285,kw_b02,,,50000000,False
2024-12-09,naver_datalab_keyword,패션의류,,반팔,0.05293,0.01062070847529727,kw_b02,,,50000000,False
2024-12-09,naver_datalab_keyword,패션의류,,자켓,0.32676,0.06556627057223004,kw_b02,,,50000000,False
2024-12-09,naver_datalab_keyword,패션의류,,패션_앵커,4.98366,1.0,kw_b02,,,50000000,True
2024-12-10,naver_datalab_keyword,패션의류,,목도리,0.0073,0.001333844945093095,kw_b01,,,50000000,False
2024-12-10,naver_datalab_keyword,패션의류,,코트,7.55581,1.3805861609018983,kw_b01,,,50000000,False
2024-12-10,naver_datalab_keyword,패션의류,,패딩,8.43388,1.5410257815783224,kw_b01,,,50000000,False
2024-12-10,naver_datalab_keyword,패션의류,,패션_앵커,5.4729,1.0,kw_b01,,,50000000,True
2024-12-10,naver_datalab_keyword,패션의류,,히트텍,1.75249,0.3202123188803011,kw_b01,,,50000000,False
2024-12-10,naver_datalab_keyword,패션의류,,가디건,2.54659,0.46530906831844177,kw_b02,,,50000000,False
2024-12-10,naver_datalab_keyword,패션의류,,반팔,0.07667,0.014009026293190082,kw_b02,,,50000000,False
2024-12-10,naver_datalab_keyword,패션의류,,자켓,0.29938,0.05470226022766723,kw_b02,,,50000000,False
2024-12-10,naver_datalab_keyword,패션의류,,패션_앵커,5.4729,1.0,kw_b02,,,50000000,True
2024-12-11,naver_datalab_keyword,패션의류,,목도리,0.00912,0.0018346852066434916,kw_b01,,,50000000,False
2024-12-11,naver_datalab_keyword,패션의류,,코트,7.38604,1.4858616582979272,kw_b01,,,50000000,False
2024-12-11,naver_datalab_keyword,패션의류,,패딩,8.76065,1.7623941837260202,kw_b01,,,50000000,False
2024-12-11,naver_datalab_keyword,패션의류,,패션_앵커,4.97088,1.0,kw_b01,,,50000000,True
2024-12-11,naver_datalab_keyword,패션의류,,히트텍,1.55168,0.312153984807519,kw_b01,,,50000000,False
2024-12-11,naver_datalab_keyword,패션의류,,가디건,2.2326,0.44913576670529165,kw_b02,,,50000000,False
2024-12-11,naver_datalab_keyword,패션의류,,반팔,0.06754,0.013587131453585683,kw_b02,,,50000000,False
2024-12-11,naver_datalab_keyword,패션의류,,자켓,0.27565,0.055452958027552464,kw_b02,,,50000000,False
2024-12-11,naver_datalab_keyword,패션의류,,패션_앵커,4.97088,1.0,kw_b02,,,50000000,True
2024-12-12,naver_datalab_keyword,패션의류,,목도리,0.0073,0.0012991774249235621,kw_b01,,,50000000,False
2024-12-12,naver_datalab_keyword,패션의류,,코트,6.92418,1.232292923576333,kw_b01,,,50000000,False
2024-12-12,naver_datalab_keyword,패션의류,,패딩,7.5905,1.3508775676551092,kw_b01,,,50000000,False
2024-12-12,naver_datalab_keyword,패션의류,,패션_앵커,5.61894,1.0,kw_b01,,,50000000,True
2024-12-12,naver_datalab_keyword,패션의류,,히트텍,1.57542,0.28037672585932577,kw_b01,,,50000000,False
2024-12-12,naver_datalab_keyword,패션의류,,가디건,1.98798,0.35379982701363605,kw_b02,,,50000000,False
2024-12-12,naver_datalab_keyword,패션의류,,반팔,0.09127,0.016243277201749798,kw_b02,,,50000000,False
2024-12-12,naver_datalab_keyword,패션의류,,자켓,0.32859,0.058479001377484005,kw_b02,,,50000000,False
2024-12-12,naver_datalab_keyword,패션의류,,패션_앵커,5.61894,1.0,kw_b02,,,50000000,True
2024-12-13,naver_datalab_keyword,패션의류,,목도리,0.00365,0.0009256652743646513,kw_b01,,,50000000,False
2024-12-13,naver_datalab_keyword,패션의류,,코트,6.64853,1.6861132456360588,kw_b01,,,50000000,False
2024-12-13,naver_datalab_keyword,패션의류,,패딩,6.46963,1.640742966845967,kw_b01,,,50000000,False
2024-12-13,naver_datalab_keyword,패션의류,,패션_앵커,3.94311,1.0,kw_b01,,,50000000,True
2024-12-13,naver_datalab_keyword,패션의류,,히트텍,1.16467,0.29536837673815847,kw_b01,,,50000000,False
2024-12-13,naver_datalab_keyword,패션의류,,가디건,1.94052,0.49212930909865565,kw_b02,,,50000000,False
2024-12-13,naver_datalab_keyword,패션의류,,반팔,0.05659,0.014351615856519347,kw_b02,,,50000000,False
2024-12-13,naver_datalab_keyword,패션의류,,자켓,0.29208,0.07407351050313078,kw_b02,,,50000000,False
2024-12-13,naver_datalab_keyword,패션의류,,패션_앵커,3.94311,1.0,kw_b02,,,50000000,True
2024-12-14,naver_datalab_keyword,패션의류,,목도리,0.0073,0.0013486924149908085,kw_b01,,,50000000,False
2024-12-14,naver_datalab_keyword,패션의류,,코트,6.75988,1.2489039564723379,kw_b01,,,50000000,False
2024-12-14,naver_datalab_keyword,패션의류,,패딩,8.14728,1.5052294162748376,kw_b01,,,50000000,False
2024-12-14,naver_datalab_keyword,패션의류,,패션_앵커,5.41265,1.0,kw_b01,,,50000000,True
2024-12-14,naver_datalab_keyword,패션의류,,히트텍,1.12816,0.20843025135562063,kw_b01,,,50000000,False
2024-12-14,naver_datalab_keyword,패션의류,,가디건,2.11942,0.3915679011205232,kw_b02,,,50000000,False
2024-12-14,naver_datalab_keyword,패션의류,,반팔,0.08762,0.016188004027602006,kw_b02,,,50000000,False
2024-12-14,naver_datalab_keyword,패션의류,,자켓,0.47463,0.08768902478453253,kw_b02,,,50000000,False
2024-12-14,naver_datalab_keyword,패션의류,,패션_앵커,5.41265,1.0,kw_b02,,,50000000,True
2024-12-15,naver_datalab_keyword,패션의류,,목도리,0.00182,0.0002796575270899022,kw_b01,,,50000000,False
2024-12-15,naver_datalab_keyword,패션의류,,코트,9.99835,1.536326283505123,kw_b01,,,50000000,False
2024-12-15,naver_datalab_keyword,패션의류,,패딩,8.87018,1.3629739580452247,kw_b01,,,50000000,False
2024-12-15,naver_datalab_keyword,패션의류,,패션_앵커,6.50796,1.0,kw_b01,,,50000000,True
2024-12-15,naver_datalab_keyword,패션의류,,히트텍,1.63931,0.25189306633722397,kw_b01,,,50000000,False
2024-12-15,naver_datalab_keyword,패션의류,,가디건,2.83685,0.4359046460027413,kw_b02,,,50000000,False
2024-12-15,naver_datalab_keyword,패션의류,,반팔,0.1223,0.01879237118851376,kw_b02,,,50000000,False
2024-12-15,naver_datalab_keyword,패션의류,,자켓,0.37788,0.058064278206995744,kw_b02,,,50000000,False
2024-12-15,naver_datalab_keyword,패션의류,,패션_앵커,6.50796,1.0,kw_b02,,,50000000,True
2024-12-16,naver_datalab_keyword,패션의류,,목도리,0.00365,0.0006127594994510346,kw_b01,,,50000000,False
2024-12-16,naver_datalab_keyword,패션의류,,코트,7.92639,1.3306769229736126,kw_b01,,,50000000,False
2024-12-16,naver_datalab_keyword,패션의류,,패딩,9.04908,1.519153351039005,kw_b01,,,50000000,False
2024-12-16,naver_datalab_keyword,패션의류,,패션_앵커,5.95666,1.0,kw_b01,,,50000000,True
2024-12-16,naver_datalab_keyword,패션의류,,히트텍,1.67399,0.2810282943797363,kw_b01,,,50000000,False
2024-12-16,naver_datalab_keyword,패션의류,,가디건,2.35126,0.3947279179943122,kw_b02,,,50000000,False
2024-12-16,naver_datalab_keyword,패션의류,,반팔,0.10587,0.017773383070378367,kw_b02,,,50000000,False
2024-12-16,naver_datalab_keyword,패션의류,,자켓,0.39248,0.06588927351905262,kw_b02,,,50000000,False
2024-12-16,naver_datalab_keyword,패션의류,,패션_앵커,5.95666,1.0,kw_b02,,,50000000,True
2024-12-17,naver_datalab_keyword,패션의류,,목도리,0.00182,0.0003114582406374284,kw_b01,,,50000000,False
2024-12-17,naver_datalab_keyword,패션의류,,코트,7.64161,1.3077156078227359,kw_b01,,,50000000,False
2024-12-17,naver_datalab_keyword,패션의류,,패딩,8.11989,1.3895640953678288,kw_b01,,,50000000,False
2024-12-17,naver_datalab_keyword,패션의류,,패션_앵커,5.84348,1.0,kw_b01,,,50000000,True
2024-12-17,naver_datalab_keyword,패션의류,,히트텍,1.72876,0.2958442571892092,kw_b01,,,50000000,False
2024-12-17,naver_datalab_keyword,패션의류,,가디건,2.14315,0.36675919144071684,kw_b02,,,50000000,False
2024-12-17,naver_datalab_keyword,패션의류,,반팔,0.11683,0.019993223216302616,kw_b02,,,50000000,False
2024-12-17,naver_datalab_keyword,패션의류,,자켓,0.31581,0.05404484998665179,kw_b02,,,50000000,False
2024-12-17,naver_datalab_keyword,패션의류,,패션_앵커,5.84348,1.0,kw_b02,,,50000000,True
2024-12-18,naver_datalab_keyword,패션의류,,목도리,0.00912,0.002099979276520297,kw_b01,,,50000000,False
2024-12-18,naver_datalab_keyword,패션의류,,코트,6.08262,1.4005894678670934,kw_b01,,,50000000,False
2024-12-18,naver_datalab_keyword,패션의류,,패딩,7.14142,1.6443896935227613,kw_b01,,,50000000,False
2024-12-18,naver_datalab_keyword,패션의류,,패션_앵커,4.3429,1.0,kw_b01,,,50000000,True
2024-12-18,naver_datalab_keyword,패션의류,,히트텍,2.20157,0.5069354578737709,kw_b01,,,50000000,False
2024-12-18,naver_datalab_keyword,패션의류,,가디건,2.70541,0.6229501024660941,kw_b02,,,50000000,False
2024-12-18,naver_datalab_keyword,패션의류,,반팔,0.08762,0.020175458794814524,kw_b02,,,50000000,False
2024-12-18,naver_datalab_keyword,패션의류,,자켓,0.24096,0.05548366299016786,kw_b02,,,50000000,False
2024-12-18,naver_datalab_keyword,패션의류,,패션_앵커,4.3429,1.0,kw_b02,,,50000000,True
2024-12-19,naver_datalab_keyword,패션의류,,목도리,0.0146,0.00369752240673253,kw_b01,,,50000000,False
2024-12-19,naver_datalab_keyword,패션의류,,코트,5.56965,1.410541484428619,kw_b01,,,50000000,False
2024-12-19,naver_datalab_keyword,패션의류,,패딩,6.21588,1.5742024368192191,kw_b01,,,50000000,False
2024-12-19,naver_datalab_keyword,패션의류,,패션_앵커,3.94859,1.0,kw_b01,,,50000000,True
2024-12-19,naver_datalab_keyword,패션의류,,히트텍,1.96973,0.4988438911104977,kw_b01,,,50000000,False
2024-12-19,naver_datalab_keyword,패션의류,,가디건,1.90766,0.48312435578269713,kw_b02,,,50000000,False
2024-12-19,naver_datalab_keyword,패션의류,,반팔,0.10222,0.025887721946315015,kw_b02,,,50000000,False
2024-12-19,naver_datalab_keyword,패션의류,,자켓,0.32494,0.08229266649614167,kw_b02,,,50000000,False
2024-12-19,naver_datalab_keyword,패션의류,,패션_앵커,3.94859,1.0,kw_b02,,,50000000,True
2024-12-20,naver_datalab_keyword,패션의류,,목도리,0.00547,0.0014067663661964586,kw_b01,,,50000000,False
2024-12-20,naver_datalab_keyword,패션의류,,코트,5.54592,1.4262913575166845,kw_b01,,,50000000,False
2024-12-20,naver_datalab_keyword,패션의류,,패딩,5.23375,1.3460079468154873,kw_b01,,,50000000,False
2024-12-20,naver_datalab_keyword,패션의류,,패션_앵커,3.88835,1.0,kw_b01,,,50000000,True
2024-12-20,naver_datalab_keyword,패션의류,,히트텍,1.33445,0.34319184229814703,kw_b01,,,50000000,False
2024-12-20,naver_datalab_keyword,패션의류,,가디건,1.70138,0.4375583473709928,kw_b02,,,50000000,False
2024-12-20,naver_datalab_keyword,패션의류,,반팔,0.04381,0.011266989854308383,kw_b02,,,50000000,False
2024-12-20,naver_datalab_keyword,패션의류,,자켓,0.33406,0.08591304795093035,kw_b02,,,50000000,False
2024-12-20,naver_datalab_keyword,패션의류,,패션_앵커,3.88835,1.0,kw_b02,,,50000000,True
2024-12-21,naver_datalab_keyword,패션의류,,목도리,0.0292,0.007124940218823507,kw_b01,,,50000000,False
2024-12-21,naver_datalab_keyword,패션의류,,코트,6.7252,1.64098109450794,kw_b01,,,50000000,False
2024-12-21,naver_datalab_keyword,패션의류,,패딩,6.7398,1.6445435646173516,kw_b01,,,50000000,False
2024-12-21,naver_datalab_keyword,패션의류,,패션_앵커,4.09828,1.0,kw_b01,,,50000000,True
2024-12-21,naver_datalab_keyword,패션의류,,히트텍,1.36913,0.33407429458211735,kw_b01,,,50000000,False
2024-12-21,naver_datalab_keyword,패션의류,,가디건,2.35491,0.5746093483119747,kw_b02,,,50000000,False
2024-12-21,naver_datalab_keyword,패션의류,,반팔,0.07667,0.018707848170451995,kw_b02,,,50000000,False
2024-12-21,naver_datalab_keyword,패션의류,,자켓,0.42169,0.10289438496149604,kw_b02,,,50000000,False
2024-12-21,naver_datalab_keyword,패션의류,,패션_앵커,4.09828,1.0,kw_b02,,,50000000,True
2024-12-22,naver_datalab_keyword,패션의류,,목도리,0.01642,0.0033980803536321383,kw_b01,,,50000000,False
2024-12-22,naver_datalab_keyword,패션의류,,코트,7.70915,1.5953904481244336,kw_b01,,,50000000,False
2024-12-22,naver_datalab_keyword,패션의류,,패딩,7.87345,1.6293919464253934,kw_b01,,,50000000,False
2024-12-22,naver_datalab_keyword,패션의류,,패션_앵커,4.83214,1.0,kw_b01,,,50000000,True
2024-12-22,naver_datalab_keyword,패션의류,,히트텍,2.01171,0.41631864970799687,kw_b01,,,50000000,False
2024-12-22,naver_datalab_keyword,패션의류,,가디건,2.6543,0.5493011377981598,kw_b02,,,50000000,False
2024-12-22,naver_datalab_keyword,패션의류,,반팔,0.06571,0.013598529843920086,kw_b02,,,50000000,False
2024-12-22,naver_datalab_keyword,패션의류,,자켓,0.33224,0.06875628603475892,kw_b02,,,50000000,False
2024-12-22,naver_datalab_keyword,패션의류,,패션_앵커,4.83214,1.0,kw_b02,,,50000000,True
2024-12-23,naver_datalab_keyword,패션의류,,목도리,0.01277,0.003165286449748289,kw_b01,,,50000000,False
2024-12-23,naver_datalab_keyword,패션의류,,코트,5.88911,1.4597274928799644,kw_b01,,,50000000,False
2024-12-23,naver_datalab_keyword,패션의류,,패딩,5.85625,1.4515825192904008,kw_b01,,,50000000,False
2024-12-23,naver_datalab_keyword,패션의류,,패션_앵커,4.03439,1.0,kw_b01,,,50000000,True
2024-12-23,naver_datalab_keyword,패션의류,,히트텍,1.36366,0.3380089678984927,kw_b01,,,50000000,False
2024-12-23,naver_datalab_keyword,패션의류,,가디건,2.26911,0.56244190571561,kw_b02,,,50000000,False
2024-12-23,naver_datalab_keyword,패션의류,,반팔,0.05293,0.013119703350444552,kw_b02,,,50000000,False
2024-12-23,naver_datalab_keyword,패션의류,,자켓,0.41804,0.10361913449121181,kw_b02,,,50000000,False
2024-12-23,naver_datalab_keyword,패션의류,,패션_앵커,4.03439,1.0,kw_b02,,,50000000,True
2024-12-24,naver_datalab_keyword,패션의류,,목도리,0.0073,0.0018004819372199078,kw_b01,,,50000000,False
2024-12-24,naver_datalab_keyword,패션의류,,코트,5.52401,1.3624493460304306,kw_b01,,,50000000,False
2024-12-24,naver_datalab_keyword,패션의류,,패딩,4.6222,1.1400257000298437,kw_b01,,,50000000,False
2024-12-24,naver_datalab_keyword,패션의류,,패션_앵커,4.05447,1.0,kw_b01,,,50000000,True
2024-12-24,naver_datalab_keyword,패션의류,,히트텍,0.83608,0.20621190932476993,kw_b01,,,50000000,False
2024-12-24,naver_datalab_keyword,패션의류,,가디건,1.72511,0.42548347872841574,kw_b02,,,50000000,False
2024-12-24,naver_datalab_keyword,패션의류,,반팔,0.06389,0.01575791657109314,kw_b02,,,50000000,False
2024-12-24,naver_datalab_keyword,패션의류,,자켓,0.25009,0.06168253803826393,kw_b02,,,50000000,False
2024-12-24,naver_datalab_keyword,패션의류,,패션_앵커,4.05447,1.0,kw_b02,,,50000000,True
2024-12-25,naver_datalab_keyword,패션의류,,목도리,0.01277,0.002516290865095676,kw_b01,,,50000000,False
2024-12-25,naver_datalab_keyword,패션의류,,코트,7.53573,1.484893387692047,kw_b01,,,50000000,False
2024-12-25,naver_datalab_keyword,패션의류,,패딩,5.1443,1.0136691540572973,kw_b01,,,50000000,False
2024-12-25,naver_datalab_keyword,패션의류,,패션_앵커,5.07493,1.0,kw_b01,,,50000000,True
2024-12-25,naver_datalab_keyword,패션의류,,히트텍,0.98395,0.19388444766725846,kw_b01,,,50000000,False
2024-12-25,naver_datalab_keyword,패션의류,,가디건,2.24903,0.4431647333066663,kw_b02,,,50000000,False
2024-12-25,naver_datalab_keyword,패션의류,,반팔,0.05841,0.011509518357888679,kw_b02,,,50000000,False
2024-12-25,naver_datalab_keyword,패션의류,,자켓,0.35597,0.07014283940862238,kw_b02,,,50000000,False
2024-12-25,naver_datalab_keyword,패션의류,,패션_앵커,5.07493,1.0,kw_b02,,,50000000,True
2024-12-26,naver_datalab_keyword,패션의류,,목도리,0.00547,0.0013229208738533276,kw_b01,,,50000000,False
2024-12-26,naver_datalab_keyword,패션의류,,코트,5.80149,1.4030918136108486,kw_b01,,,50000000,False
2024-12-26,naver_datalab_keyword,패션의류,,패딩,4.50355,1.0891846986183096,kw_b01,,,50000000,False
2024-12-26,naver_datalab_keyword,패션의류,,패션_앵커,4.13479,1.0,kw_b01,,,50000000,True
2024-12-26,naver_datalab_keyword,패션의류,,히트텍,0.8945,0.2163350496639491,kw_b01,,,50000000,False
2024-12-26,naver_datalab_keyword,패션의류,,가디건,1.7032,0.4119193477782427,kw_b02,,,50000000,False
2024-12-26,naver_datalab_keyword,패션의류,,반팔,0.06936,0.01677473342056066,kw_b02,,,50000000,False
2024-12-26,naver_datalab_keyword,패션의류,,자켓,0.272,0.06578326831592415,kw_b02,,,50000000,False
2024-12-26,naver_datalab_keyword,패션의류,,패션_앵커,4.13479,1.0,kw_b02,,,50000000,True
2024-12-27,naver_datalab_keyword,패션의류,,목도리,0.00182,0.0005613628161906907,kw_b01,,,50000000,False
2024-12-27,naver_datalab_keyword,패션의류,,코트,5.54592,1.7105897085539972,kw_b01,,,50000000,False
2024-12-27,naver_datalab_keyword,패션의류,,패딩,4.44878,1.372186631545506,kw_b01,,,50000000,False
2024-12-27,naver_datalab_keyword,패션의류,,패션_앵커,3.24211,1.0,kw_b01,,,50000000,True
2024-12-27,naver_datalab_keyword,패션의류,,히트텍,0.64805,0.1998852599078995,kw_b01,,,50000000,False
2024-12-27,naver_datalab_keyword,패션의류,,가디건,1.77075,0.5461720916316843,kw_b02,,,50000000,False
2024-12-27,naver_datalab_keyword,패션의류,,반팔,0.0931,0.02871586713590841,kw_b02,,,50000000,False
2024-12-27,naver_datalab_keyword,패션의류,,자켓,0.17707,0.05461566695762945,kw_b02,,,50000000,False
2024-12-27,naver_datalab_keyword,패션의류,,패션_앵커,3.24211,1.0,kw_b02,,,50000000,True
2024-12-28,naver_datalab_keyword,패션의류,,목도리,0.01095,0.00236619645265014,kw_b01,,,50000000,False
2024-12-28,naver_datalab_keyword,패션의류,,코트,6.02238,1.301382118037548,kw_b01,,,50000000,False
2024-12-28,naver_datalab_keyword,패션의류,,패딩,4.94532,1.0686391453168758,kw_b01,,,50000000,False
2024-12-28,naver_datalab_keyword,패션의류,,패션_앵커,4.62768,1.0,kw_b01,,,50000000,True
2024-12-28,naver_datalab_keyword,패션의류,,히트텍,0.80505,0.17396405974483978,kw_b01,,,50000000,False
2024-12-28,naver_datalab_keyword,패션의류,,가디건,1.91131,0.41301688967257894,kw_b02,,,50000000,False
2024-12-28,naver_datalab_keyword,패션의류,,반팔,0.07484,0.01617225045811292,kw_b02,,,50000000,False
2024-12-28,naver_datalab_keyword,패션의류,,자켓,0.36327,0.0784993776579193,kw_b02,,,50000000,False
2024-12-28,naver_datalab_keyword,패션의류,,패션_앵커,4.62768,1.0,kw_b02,,,50000000,True
2024-12-29,naver_datalab_keyword,패션의류,,목도리,0.00547,0.0010532213748101025,kw_b01,,,50000000,False
2024-12-29,naver_datalab_keyword,패션의류,,코트,7.83694,1.5089639343883516,kw_b01,,,50000000,False
2024-12-29,naver_datalab_keyword,패션의류,,패딩,5.44916,1.0492087361536047,kw_b01,,,50000000,False
2024-12-29,naver_datalab_keyword,패션의류,,패션_앵커,5.19359,1.0,kw_b01,,,50000000,True
2024-12-29,naver_datalab_keyword,패션의류,,히트텍,0.82148,0.15817190036179213,kw_b01,,,50000000,False
2024-12-29,naver_datalab_keyword,패션의류,,가디건,2.05553,0.395782108329691,kw_b02,,,50000000,False
2024-12-29,naver_datalab_keyword,패션의류,,반팔,0.07667,0.01476242830104032,kw_b02,,,50000000,False
2024-12-29,naver_datalab_keyword,패션의류,,자켓,0.44725,0.08611576963141102,kw_b02,,,50000000,False
2024-12-29,naver_datalab_keyword,패션의류,,패션_앵커,5.19359,1.0,kw_b02,,,50000000,True
2024-12-30,naver_datalab_keyword,패션의류,,목도리,0.00182,0.00047071724894217937,kw_b01,,,50000000,False
2024-12-30,naver_datalab_keyword,패션의류,,코트,6.09175,1.5755449457381985,kw_b01,,,50000000,False
2024-12-30,naver_datalab_keyword,패션의류,,패딩,4.07272,1.053351403358128,kw_b01,,,50000000,False
2024-12-30,naver_datalab_keyword,패션의류,,패션_앵커,3.86644,1.0,kw_b01,,,50000000,True
2024-12-30,naver_datalab_keyword,패션의류,,히트텍,0.72473,0.18744116034388222,kw_b01,,,50000000,False
2024-12-30,naver_datalab_keyword,패션의류,,가디건,1.48779,0.38479583285916763,kw_b02,,,50000000,False
2024-12-30,naver_datalab_keyword,패션의류,,반팔,0.08214,0.021244348806654184,kw_b02,,,50000000,False
2024-12-30,naver_datalab_keyword,패션의류,,자켓,0.22453,0.05807150764010304,kw_b02,,,50000000,False
2024-12-30,naver_datalab_keyword,패션의류,,패션_앵커,3.86644,1.0,kw_b02,,,50000000,True
2024-12-31,naver_datalab_keyword,패션의류,,목도리,0.00547,0.0014371288949608534,kw_b01,,,50000000,False
2024-12-31,naver_datalab_keyword,패션의류,,코트,5.18811,1.3630681519625873,kw_b01,,,50000000,False
2024-12-31,naver_datalab_keyword,패션의류,,패딩,3.35347,0.8810545951342547,kw_b01,,,50000000,False
2024-12-31,naver_datalab_keyword,패션의류,,패션_앵커,3.8062,1.0,kw_b01,,,50000000,True
2024-12-31,naver_datalab_keyword,패션의류,,히트텍,0.38883,0.10215700698859756,kw_b01,,,50000000,False
2024-12-31,naver_datalab_keyword,패션의류,,가디건,1.40929,0.3702616783143292,kw_b02,,,50000000,False
2024-12-31,naver_datalab_keyword,패션의류,,반팔,0.07484,0.01966265566706952,kw_b02,,,50000000,False
2024-12-31,naver_datalab_keyword,패션의류,,자켓,0.39431,0.10359676317587095,kw_b02,,,50000000,False
2024-12-31,naver_datalab_keyword,패션의류,,패션_앵커,3.8062,1.0,kw_b02,,,50000000,True
2025-01-01,naver_datalab_keyword,패션의류,,목도리,0.00365,0.000772877709571614,kw_b01,,,50000000,False
2025-01-01,naver_datalab_keyword,패션의류,,코트,6.17754,1.3080775249279528,kw_b01,,,50000000,False
2025-01-01,naver_datalab_keyword,패션의류,,패딩,3.41371,0.7228439358744423,kw_b01,,,50000000,False
2025-01-01,naver_datalab_keyword,패션의류,,패션_앵커,4.72261,1.0,kw_b01,,,50000000,True
2025-01-01,naver_datalab_keyword,패션의류,,히트텍,0.61885,0.13103982755298446,kw_b01,,,50000000,False
2025-01-01,naver_datalab_keyword,패션의류,,가디건,1.98251,0.41979117479529326,kw_b02,,,50000000,False
2025-01-01,naver_datalab_keyword,패션의류,,반팔,0.17707,0.037494097543519365,kw_b02,,,50000000,False
2025-01-01,naver_datalab_keyword,패션의류,,자켓,0.4436,0.09393111012766245,kw_b02,,,50000000,False
2025-01-01,naver_datalab_keyword,패션의류,,패션_앵커,4.72261,1.0,kw_b02,,,50000000,True
2025-01-02,naver_datalab_keyword,패션의류,,목도리,0.00912,0.0023699515095447717,kw_b01,,,50000000,False
2025-01-02,naver_datalab_keyword,패션의류,,코트,5.33233,1.3856758259748763,kw_b01,,,50000000,False
2025-01-02,naver_datalab_keyword,패션의류,,패딩,3.1837,0.8273261645765011,kw_b01,,,50000000,False
2025-01-02,naver_datalab_keyword,패션의류,,패션_앵커,3.84818,1.0,kw_b01,,,50000000,True
2025-01-02,naver_datalab_keyword,패션의류,,히트텍,0.69917,0.18168848650530897,kw_b01,,,50000000,False
2025-01-02,naver_datalab_keyword,패션의류,,가디건,1.38556,0.3600559225400059,kw_b02,,,50000000,False
2025-01-02,naver_datalab_keyword,패션의류,,레인부츠,0.00182,0.00047295084949248734,kw_b02,,,50000000,False
2025-01-02,naver_datalab_keyword,패션의류,,반팔,0.04746,0.012333102921381017,kw_b02,,,50000000,False
2025-01-02,naver_datalab_keyword,패션의류,,자켓,0.30303,0.07874631644049915,kw_b02,,,50000000,False
2025-01-02,naver_datalab_keyword,패션의류,,패션_앵커,3.84818,1.0,kw_b02,,,50000000,True
2025-01-03,naver_datalab_keyword,패션의류,,목도리,0.01095,0.003076058711988201,kw_b01,,,50000000,False
2025-01-03,naver_datalab_keyword,패션의류,,코트,5.13883,1.4435929489430435,kw_b01,,,50000000,False
2025-01-03,naver_datalab_keyword,패션의류,,패딩,3.09607,0.869743661774001,kw_b01,,,50000000,False
2025-01-03,naver_datalab_keyword,패션의류,,패션_앵커,3.55975,1.0,kw_b01,,,50000000,True
2025-01-03,naver_datalab_keyword,패션의류,,히트텍,0.75028,0.21076761008497785,kw_b01,,,50000000,False
2025-01-03,naver_datalab_keyword,패션의류,,가디건,1.22857,0.3451281691129995,kw_b02,,,50000000,False
2025-01-03,naver_datalab_keyword,패션의류,,반팔,0.04198,0.011792962988973945,kw_b02,,,50000000,False
2025-01-03,naver_datalab_keyword,패션의류,,자켓,0.30486,0.08564084556499754,kw_b02,,,50000000,False
2025-01-03,naver_datalab_keyword,패션의류,,패션_앵커,3.55975,1.0,kw_b02,,,50000000,True
2025-01-04,naver_datalab_keyword,패션의류,,목도리,0.00365,0.0007527992789626633,kw_b01,,,50000000,False
2025-01-04,naver_datalab_keyword,패션의류,,코트,5.49663,1.1336600275957653,kw_b01,,,50000000,False
2025-01-04,naver_datalab_keyword,패션의류,,패딩,3.35347,0.6916410405542254,kw_b01,,,50000000,False
2025-01-04,naver_datalab_keyword,패션의류,,패션_앵커,4.84857,1.0,kw_b01,,,50000000,True
2025-01-04,naver_datalab_keyword,패션의류,,히트텍,0.53305,0.10993963168521854,kw_b01,,,50000000,False
2025-01-04,naver_datalab_keyword,패션의류,,가디건,1.78353,0.367846602194049,kw_b02,,,50000000,False
2025-01-04,naver_datalab_keyword,패션의류,,반팔,0.04563,0.009411022218922281,kw_b02,,,50000000,False
2025-01-04,naver_datalab_keyword,패션의류,,자켓,0.31763,0.06551003697997555,kw_b02,,,50000000,False
2025-01-04,naver_datalab_keyword,패션의류,,패션_앵커,4.84857,1.0,kw_b02,,,50000000,True
2025-01-05,naver_datalab_keyword,패션의류,,목도리,0.00182,0.0003283858931194134,kw_b01,,,50000000,False
2025-01-05,naver_datalab_keyword,패션의류,,코트,5.87451,1.0599484686752336,kw_b01,,,50000000,False
2025-01-05,naver_datalab_keyword,패션의류,,패딩,4.16035,0.75065947826338,kw_b01,,,50000000,False
2025-01-05,naver_datalab_keyword,패션의류,,패션_앵커,5.54226,1.0,kw_b01,,,50000000,True
2025-01-05,naver_datalab_keyword,패션의류,,히트텍,0.84703,0.15283115552139379,kw_b01,,,50000000,False
2025-01-05,naver_datalab_keyword,패션의류,,가디건,1.86202,0.3359676377506649,kw_b02,,,50000000,False
2025-01-05,naver_datalab_keyword,패션의류,,반팔,0.10405,0.018773929768722507,kw_b02,,,50000000,False
2025-01-05,naver_datalab_keyword,패션의류,,자켓,0.44542,0.08036793654574127,kw_b02,,,50000000,False
2025-01-05,naver_datalab_keyword,패션의류,,패션_앵커,5.54226,1.0,kw_b02,,,50000000,True
2025-01-06,naver_datalab_keyword,패션의류,,코트,5.10414,0.9206452276207638,kw_b01,,,50000000,False
2025-01-06,naver_datalab_keyword,패션의류,,패딩,4.24615,0.7658876389091808,kw_b01,,,50000000,False
2025-01-06,naver_datalab_keyword,패션의류,,패션_앵커,5.54409,1.0,kw_b01,,,50000000,True
2025-01-06,naver_datalab_keyword,패션의류,,히트텍,0.9949,0.1794523537677058,kw_b01,,,50000000,False
2025-01-06,naver_datalab_keyword,패션의류,,가디건,1.63201,0.29436931940138056,kw_b02,,,50000000,False
2025-01-06,naver_datalab_keyword,패션의류,,반팔,0.08579,0.01547413552088801,kw_b02,,,50000000,False
2025-01-06,naver_datalab_keyword,패션의류,,자켓,0.35597,0.06420711063492837,kw_b02,,,50000000,False
2025-01-06,naver_datalab_keyword,패션의류,,패션_앵커,5.54409,1.0,kw_b02,,,50000000,True
2025-01-07,naver_datalab_keyword,패션의류,,목도리,0.00182,0.000356064044574523,kw_b01,,,50000000,False
2025-01-07,naver_datalab_keyword,패션의류,,코트,5.00921,0.9799997652324982,kw_b01,,,50000000,False
2025-01-07,naver_datalab_keyword,패션의류,,패딩,4.64411,0.9085717527741693,kw_b01,,,50000000,False
2025-01-07,naver_datalab_keyword,패션의류,,패션_앵커,5.11144,1.0,kw_b01,,,50000000,True
2025-01-07,naver_datalab_keyword,패션의류,,히트텍,3.68571,0.7210707745762446,kw_b01,,,50000000,False
2025-01-07,naver_datalab_keyword,패션의류,,가디건,2.14133,0.41892891240041946,kw_b02,,,50000000,False
2025-01-07,naver_datalab_keyword,패션의류,,반팔,0.115,0.022498552267071512,kw_b02,,,50000000,False
2025-01-07,naver_datalab_keyword,패션의류,,자켓,0.36327,0.07106999201790493,kw_b02,,,50000000,False
2025-01-07,naver_datalab_keyword,패션의류,,패션_앵커,5.11144,1.0,kw_b02,,,50000000,True
2025-01-08,naver_datalab_keyword,패션의류,,코트,4.49624,0.9746720195617679,kw_b01,,,50000000,False
2025-01-08,naver_datalab_keyword,패션의류,,패딩,4.83944,1.0490691685381566,kw_b01,,,50000000,False
2025-01-08,naver_datalab_keyword,패션의류,,패션_앵커,4.61308,1.0,kw_b01,,,50000000,True
2025-01-08,naver_datalab_keyword,패션의류,,히트텍,1.05514,0.22872787812047482,kw_b01,,,50000000,False
2025-01-08,naver_datalab_keyword,패션의류,,가디건,1.69407,0.3672318711143097,kw_b02,,,50000000,False
2025-01-08,naver_datalab_keyword,패션의류,,반팔,0.07302,0.015828903899347074,kw_b02,,,50000000,False
2025-01-08,naver_datalab_keyword,패션의류,,자켓,0.31946,0.06925091262236945,kw_b02,,,50000000,False
2025-01-08,naver_datalab_keyword,패션의류,,패션_앵커,4.61308,1.0,kw_b02,,,50000000,True
2025-01-09,naver_datalab_keyword,패션의류,,코트,4.44695,0.9643697478991596,kw_b01,,,50000000,False
2025-01-09,naver_datalab_keyword,패션의류,,패딩,5.15708,1.1183692057468149,kw_b01,,,50000000,False
2025-01-09,naver_datalab_keyword,패션의류,,패션_앵커,4.61125,1.0,kw_b01,,,50000000,True
2025-01-09,naver_datalab_keyword,패션의류,,히트텍,1.54621,0.33531255082678235,kw_b01,,,50000000,False
2025-01-09,naver_datalab_keyword,패션의류,,가디건,1.42207,0.308391433992952,kw_b02,,,50000000,False
2025-01-09,naver_datalab_keyword,패션의류,,반팔,0.09127,0.019792897804283005,kw_b02,,,50000000,False
2025-01-09,naver_datalab_keyword,패션의류,,자켓,0.26652,0.057797777175386277,kw_b02,,,50000000,False
2025-01-09,naver_datalab_keyword,패션의류,,패션_앵커,4.61125,1.0,kw_b02,,,50000000,True
2025-01-10,naver_datalab_keyword,패션의류,,코트,3.69302,0.8550300173412948,kw_b01,,,50000000,False
2025-01-10,naver_datalab_keyword,패션의류,,패딩,4.28266,0.9915469870368613,kw_b01,,,50000000,False
2025-01-10,naver_datalab_keyword,패션의류,,패션_앵커,4.31917,1.0,kw_b01,,,50000000,True
2025-01-10,naver_datalab_keyword,패션의류,,히트텍,1.15372,0.26711613573904247,kw_b01,,,50000000,False
2025-01-10,naver_datalab_keyword,패션의류,,가디건,1.67765,0.3884195343086751,kw_b02,,,50000000,False
2025-01-10,naver_datalab_keyword,패션의류,,반팔,0.05111,0.011833292044536335,kw_b02,,,50000000,False
2025-01-10,naver_datalab_keyword,패션의류,,자켓,0.31033,0.07184945255685699,kw_b02,,,50000000,False
2025-01-10,naver_datalab_keyword,패션의류,,패션_앵커,4.31917,1.0,kw_b02,,,50000000,True
2025-01-11,naver_datalab_keyword,패션의류,,코트,4.18408,0.841100566284654,kw_b01,,,50000000,False
2025-01-11,naver_datalab_keyword,패션의류,,패딩,4.59847,0.9244029084154685,kw_b01,,,50000000,False
2025-01-11,naver_datalab_keyword,패션의류,,패션_앵커,4.97453,1.0,kw_b01,,,50000000,True
2025-01-11,naver_datalab_keyword,패션의류,,히트텍,0.91458,0.18385254486353486,kw_b01,,,50000000,False
2025-01-11,naver_datalab_keyword,패션의류,,가디건,2.02814,0.4077048484982501,kw_b02,,,50000000,False
2025-01-11,naver_datalab_keyword,패션의류,,반팔,0.07849,0.015778375042466326,kw_b02,,,50000000,False
2025-01-11,naver_datalab_keyword,패션의류,,자켓,0.50384,0.10128394039235868,kw_b02,,,50000000,False
2025-01-11,naver_datalab_keyword,패션의류,,패션_앵커,4.97453,1.0,kw_b02,,,50000000,True
2025-01-12,naver_datalab_keyword,패션의류,,목도리,0.00182,0.0003085666232638889,kw_b01,,,50000000,False
2025-01-12,naver_datalab_keyword,패션의류,,코트,5.97491,1.012998792860243,kw_b01,,,50000000,False
2025-01-12,naver_datalab_keyword,패션의류,,패딩,4.5218,0.7666354709201388,kw_b01,,,50000000,False
2025-01-12,naver_datalab_keyword,패션의류,,패션_앵커,5.89824,1.0,kw_b01,,,50000000,True
2025-01-12,naver_datalab_keyword,패션의류,,히트텍,1.09896,0.18631998697916666,kw_b01,,,50000000,False
2025-01-12,naver_datalab_keyword,패션의류,,가디건,2.23625,0.3791385226779514,kw_b02,,,50000000,False
2025-01-12,naver_datalab_keyword,패션의류,,반팔,0.06754,0.011450873480902778,kw_b02,,,50000000,False
2025-01-12,naver_datalab_keyword,패션의류,,자켓,0.49106,0.08325534396701388,kw_b02,,,50000000,False
2025-01-12,naver_datalab_keyword,패션의류,,패션_앵커,5.89824,1.0,kw_b02,,,50000000,True
2025-01-13,naver_datalab_keyword,패션의류,,코트,4.78285,1.1073539592097557,kw_b01,,,50000000,False
2025-01-13,naver_datalab_keyword,패션의류,,패딩,3.71675,0.8605241284783883,kw_b01,,,50000000,False
2025-01-13,naver_datalab_keyword,패션의류,,패션_앵커,4.31917,1.0,kw_b01,,,50000000,True
2025-01-13,naver_datalab_keyword,패션의류,,히트텍,1.05697,0.24471599867567148,kw_b01,,,50000000,False
2025-01-13,naver_datalab_keyword,패션의류,,가디건,1.75067,0.4053255602349526,kw_b02,,,50000000,False
2025-01-13,naver_datalab_keyword,패션의류,,반팔,0.10587,0.024511653859422066,kw_b02,,,50000000,False
2025-01-13,naver_datalab_keyword,패션의류,,자켓,0.3724,0.0862202691720863,kw_b02,,,50000000,False
2025-01-13,naver_datalab_keyword,패션의류,,패션_앵커,4.31917,1.0,kw_b02,,,50000000,True
2025-01-14,naver_datalab_keyword,패션의류,,목도리,0.00182,0.00034131420973570656,kw_b01,,,50000000,False
2025-01-14,naver_datalab_keyword,패션의류,,코트,5.33416,1.0003431895625365,kw_b01,,,50000000,False
2025-01-14,naver_datalab_keyword,패션의류,,패딩,4.63681,0.8695654620025391,kw_b01,,,50000000,False
2025-01-14,naver_datalab_keyword,패션의류,,패션_앵커,5.33233,1.0,kw_b01,,,50000000,True
2025-01-14,naver_datalab_keyword,패션의류,,히트텍,2.53381,0.47517876800573106,kw_b01,,,50000000,False
2025-01-14,naver_datalab_keyword,패션의류,,가디건,1.91131,0.358438056159315,kw_b02,,,50000000,False
2025-01-14,naver_datalab_keyword,패션의류,,반팔,0.07302,0.013693826151044666,kw_b02,,,50000000,False
2025-01-14,naver_datalab_keyword,패션의류,,자켓,0.38335,0.07189164961658413,kw_b02,,,50000000,False
2025-01-14,naver_datalab_keyword,패션의류,,패션_앵커,5.33233,1.0,kw_b02,,,50000000,True
2025-01-15,naver_datalab_keyword,패션의류,,목도리,0.00365,0.0007095231615574519,kw_b01,,,50000000,False
2025-01-15,naver_datalab_keyword,패션의류,,코트,5.28122,1.026615866104232,kw_b01,,,50000000,False
2025-01-15,naver_datalab_keyword,패션의류,,패딩,4.45791,0.8665727115448165,kw_b01,,,50000000,False
2025-01-15,naver_datalab_keyword,패션의류,,패션_앵커,5.1443,1.0,kw_b01,,,50000000,True
2025-01-15,naver_datalab_keyword,패션의류,,히트텍,0.59511,0.11568337771902883,kw_b01,,,50000000,False
2025-01-15,naver_datalab_keyword,패션의류,,가디건,2.0464,0.39779950624963556,kw_b02,,,50000000,False
2025-01-15,naver_datalab_keyword,패션의류,,반팔,0.13143,0.025548665513286547,kw_b02,,,50000000,False
2025-01-15,naver_datalab_keyword,패션의류,,자켓,0.48923,0.09510137433664444,kw_b02,,,50000000,False
2025-01-15,naver_datalab_keyword,패션의류,,패션_앵커,5.1443,1.0,kw_b02,,,50000000,True
2025-01-16,naver_datalab_keyword,패션의류,,목도리,0.00547,0.0010528503951557331,kw_b01,,,50000000,False
2025-01-16,naver_datalab_keyword,패션의류,,코트,5.0658,0.9750511027019952,kw_b01,,,50000000,False
2025-01-16,naver_datalab_keyword,패션의류,,패딩,4.28448,0.8246648009208111,kw_b01,,,50000000,False
2025-01-16,naver_datalab_keyword,패션의류,,패션_앵커,5.19542,1.0,kw_b01,,,50000000,True
2025-01-16,naver_datalab_keyword,패션의류,,히트텍,0.58051,0.11173495116852919,kw_b01,,,50000000,False
2025-01-16,naver_datalab_keyword,패션의류,,가디건,1.90218,0.36612631895015224,kw_b02,,,50000000,False
2025-01-16,naver_datalab_keyword,패션의류,,반팔,0.06571,0.012647678147291268,kw_b02,,,50000000,False
2025-01-16,naver_datalab_keyword,패션의류,,자켓,0.56043,0.10787000858448402,kw_b02,,,50000000,False
2025-01-16,naver_datalab_keyword,패션의류,,패션_앵커,5.19542,1.0,kw_b02,,,50000000,True
2025-01-17,naver_datalab_keyword,패션의류,,목도리,0.00182,0.0004284399371935301,kw_b01,,,50000000,False
2025-01-17,naver_datalab_keyword,패션의류,,코트,5.04025,1.1865079084833463,kw_b01,,,50000000,False
2025-01-17,naver_datalab_keyword,패션의류,,패딩,3.53237,0.8315430664529175,kw_b01,,,50000000,False
2025-01-17,naver_datalab_keyword,패션의류,,패션_앵커,4.24797,1.0,kw_b01,,,50000000,True
2025-01-17,naver_datalab_keyword,패션의류,,히트텍,0.3651,0.08594693465349332,kw_b01,,,50000000,False
2025-01-17,naver_datalab_keyword,패션의류,,가디건,1.60097,0.37687883859820104,kw_b02,,,50000000,False
2025-01-17,naver_datalab_keyword,패션의류,,레인부츠,0.00182,0.0004284399371935301,kw_b02,,,50000000,False
2025-01-17,naver_datalab_keyword,패션의류,,반팔,0.05111,0.012031629225253476,kw_b02,,,50000000,False
2025-01-17,naver_datalab_keyword,패션의류,,자켓,0.50749,0.11946647457491462,kw_b02,,,50000000,False
2025-01-17,naver_datalab_keyword,패션의류,,패션_앵커,4.24797,1.0,kw_b02,,,50000000,True
2025-01-18,naver_datalab_keyword,패션의류,,코트,5.21185,0.8833539263093488,kw_b01,,,50000000,False
2025-01-18,naver_datalab_keyword,패션의류,,패딩,3.40824,0.577660943005761,kw_b01,,,50000000,False
2025-01-18,naver_datalab_keyword,패션의류,,패션_앵커,5.90007,1.0,kw_b01,,,50000000,True
2025-01-18,naver_datalab_keyword,패션의류,,히트텍,0.3797,0.06435516866749037,kw_b01,,,50000000,False
2025-01-18,naver_datalab_keyword,패션의류,,가디건,1.8602,0.3152843949309076,kw_b02,,,50000000,False
2025-01-18,naver_datalab_keyword,패션의류,,반팔,0.12048,0.02042009671071699,kw_b02,,,50000000,False
2025-01-18,naver_datalab_keyword,패션의류,,자켓,0.47645,0.08075327919838239,kw_b02,,,50000000,False
2025-01-18,naver_datalab_keyword,패션의류,,패션_앵커,5.90007,1.0,kw_b02,,,50000000,True
2025-01-19,naver_datalab_keyword,패션의류,,코트,6.25057,1.0873298483965521,kw_b01,,,50000000,False
2025-01-19,naver_datalab_keyword,패션의류,,패딩,3.51959,0.6122570039401241,kw_b01,,,50000000,False
2025-01-19,naver_datalab_keyword,패션의류,,패션_앵커,5.74855,1.0,kw_b01,,,50000000,True
2025-01-19,naver_datalab_keyword,패션의류,,히트텍,0.41621,0.07240260587452489,kw_b01,,,50000000,False
2025-01-19,naver_datalab_keyword,패션의류,,가디건,2.21252,0.38488314444512095,kw_b02,,,50000000,False
2025-01-19,naver_datalab_keyword,패션의류,,레인부츠,0.00182,0.00031660157778918164,kw_b02,,,50000000,False
2025-01-19,naver_datalab_keyword,패션의류,,반팔,0.13508,0.023498099520748713,kw_b02,,,50000000,False
2025-01-19,naver_datalab_keyword,패션의류,,자켓,0.84338,0.14671177949221978,kw_b02,,,50000000,False
2025-01-19,naver_datalab_keyword,패션의류,,패션_앵커,5.74855,1.0,kw_b02,,,50000000,True
2025-01-20,naver_datalab_keyword,패션의류,,목도리,0.00182,0.0003951565102035056,kw_b01,,,50000000,False
2025-01-20,naver_datalab_keyword,패션의류,,코트,4.77007,1.0356726453991407,kw_b01,,,50000000,False
2025-01-20,naver_datalab_keyword,패션의류,,패딩,2.78756,0.6052321327378485,kw_b01,,,50000000,False
2025-01-20,naver_datalab_keyword,패션의류,,패션_앵커,4.60577,1.0,kw_b01,,,50000000,True
2025-01-20,naver_datalab_keyword,패션의류,,히트텍,0.3797,0.08244006973861048,kw_b01,,,50000000,False
2025-01-20,naver_datalab_keyword,패션의류,,가디건,1.69955,0.36900453127272964,kw_b02,,,50000000,False
2025-01-20,naver_datalab_keyword,패션의류,,반팔,0.10587,0.022986384469914915,kw_b02,,,50000000,False
2025-01-20,naver_datalab_keyword,패션의류,,자켓,0.50201,0.10899588993805596,kw_b02,,,50000000,False
2025-01-20,naver_datalab_keyword,패션의류,,패션_앵커,4.60577,1.0,kw_b02,,,50000000,True
2025-01-21,naver_datalab_keyword,패션의류,,코트,4.6861,1.098417103625449,kw_b01,,,50000000,False
2025-01-21,naver_datalab_keyword,패션의류,,패딩,2.60136,0.6097561547314608,kw_b01,,,50000000,False
2025-01-21,naver_datalab_keyword,패션의류,,패션_앵커,4.26623,1.0,kw_b01,,,50000000,True
2025-01-21,naver_datalab_keyword,패션의류,,히트텍,0.27565,0.06461208139270504,kw_b01,,,50000000,False
2025-01-21,naver_datalab_keyword,패션의류,,가디건,1.77987,0.4171997290347684,kw_b02,,,50000000,False
2025-01-21,naver_datalab_keyword,패션의류,,반팔,0.10405,0.024389214833705635,kw_b02,,,50000000,False
2025-01-21,naver_datalab_keyword,패션의류,,자켓,0.55313,0.12965311293577703,kw_b02,,,50000000,False
2025-01-21,naver_datalab_keyword,패션의류,,패션_앵커,4.26623,1.0,kw_b02,,,50000000,True
2025-01-22,naver_datalab_keyword,패션의류,,목도리,0.00182,0.0003519165919005043,kw_b01,,,50000000,False
2025-01-22,naver_datalab_keyword,패션의류,,코트,4.57292,0.8842233084800296,kw_b01,,,50000000,False
2025-01-22,naver_datalab_keyword,패션의류,,패딩,2.31293,0.4472299136837546,kw_b01,,,50000000,False
2025-01-22,naver_datalab_keyword,패션의류,,패션_앵커,5.17168,1.0,kw_b01,,,50000000,True
2025-01-22,naver_datalab_keyword,패션의류,,히트텍,0.24279,0.04694606008105683,kw_b01,,,50000000,False
2025-01-22,naver_datalab_keyword,패션의류,,가디건,1.72693,0.33392050552238345,kw_b02,,,50000000,False
2025-01-22,naver_datalab_keyword,패션의류,,반팔,0.10405,0.0201191875754107,kw_b02,,,50000000,False
2025-01-22,naver_datalab_keyword,패션의류,,자켓,0.49106,0.09495173715311078,kw_b02,,,50000000,False
2025-01-22,naver_datalab_keyword,패션의류,,패션_앵커,5.17168,1.0,kw_b02,,,50000000,True
2025-01-23,naver_datalab_keyword,패션의류,,코트,3.59444,0.8030186588504432,kw_b01,,,50000000,False
2025-01-23,naver_datalab_keyword,패션의류,,패딩,1.92592,0.430261652845296,kw_b01,,,50000000,False
2025-01-23,naver_datalab_keyword,패션의류,,패션_앵커,4.47616,1.0,kw_b01,,,50000000,True
2025-01-23,naver_datalab_keyword,패션의류,,히트텍,0.16794,0.0375187660852159,kw_b01,,,50000000,False
2025-01-23,naver_datalab_keyword,패션의류,,가디건,1.52795,0.3413528560194452,kw_b02,,,50000000,False
2025-01-23,naver_datalab_keyword,패션의류,,반팔,0.07849,0.0175351193880469,kw_b02,,,50000000,False
2025-01-23,naver_datalab_keyword,패션의류,,자켓,0.58051,0.12968928724621104,kw_b02,,,50000000,False
2025-01-23,naver_datalab_keyword,패션의류,,패션_앵커,4.47616,1.0,kw_b02,,,50000000,True
2025-01-24,naver_datalab_keyword,패션의류,,코트,3.45387,0.8706854826511783,kw_b01,,,50000000,False
2025-01-24,naver_datalab_keyword,패션의류,,패딩,1.48049,0.37321646449062734,kw_b01,,,50000000,False
2025-01-24,naver_datalab_keyword,패션의류,,패션_앵커,3.96684,1.0,kw_b01,,,50000000,True
2025-01-24,naver_datalab_keyword,패션의류,,히트텍,0.18255,0.046018997489185344,kw_b01,,,50000000,False
2025-01-24,naver_datalab_keyword,패션의류,,가디건,1.18841,0.29958606850793074,kw_b02,,,50000000,False
2025-01-24,naver_datalab_keyword,패션의류,,레인부츠,0.00365,0.0009201278599590606,kw_b02,,,50000000,False
2025-01-24,naver_datalab_keyword,패션의류,,반팔,0.07302,0.01840759899567414,kw_b02,,,50000000,False
2025-01-24,naver_datalab_keyword,패션의류,,자켓,0.53852,0.13575541236853517,kw_b02,,,50000000,False
2025-01-24,naver_datalab_keyword,패션의류,,패션_앵커,3.96684,1.0,kw_b02,,,50000000,True
2025-01-25,naver_datalab_keyword,패션의류,,코트,3.84088,0.7359206000977171,kw_b01,,,50000000,False
2025-01-25,naver_datalab_keyword,패션의류,,패딩,1.87115,0.3585162334862957,kw_b01,,,50000000,False
2025-01-25,naver_datalab_keyword,패션의류,,패션_앵커,5.21915,1.0,kw_b01,,,50000000,True
2025-01-25,naver_datalab_keyword,패션의류,,히트텍,0.11135,0.02133489169692383,kw_b01,,,50000000,False
2025-01-25,naver_datalab_keyword,패션의류,,가디건,1.60462,0.30744853089104546,kw_b02,,,50000000,False
2025-01-25,naver_datalab_keyword,패션의류,,반팔,0.06206,0.011890825134360959,kw_b02,,,50000000,False
2025-01-25,naver_datalab_keyword,패션의류,,자켓,0.63345,0.12137033808187156,kw_b02,,,50000000,False
2025-01-25,naver_datalab_keyword,패션의류,,패션_앵커,5.21915,1.0,kw_b02,,,50000000,True
2025-01-26,naver_datalab_keyword,패션의류,,코트,4.37028,0.7762638346397532,kw_b01,,,50000000,False
2025-01-26,naver_datalab_keyword,패션의류,,패딩,1.98068,0.35181504434367283,kw_b01,,,50000000,False
2025-01-26,naver_datalab_keyword,패션의류,,패션_앵커,5.62989,1.0,kw_b01,,,50000000,True
2025-01-26,naver_datalab_keyword,패션의류,,히트텍,0.10222,0.018156660254463233,kw_b01,,,50000000,False
2025-01-26,naver_datalab_keyword,패션의류,,가디건,1.53891,0.27334637088824115,kw_b02,,,50000000,False
2025-01-26,naver_datalab_keyword,패션의류,,레인부츠,0.00182,0.00032327452223755704,kw_b02,,,50000000,False
2025-01-26,naver_datalab_keyword,패션의류,,반팔,0.07302,0.012970058029552976,kw_b02,,,50000000,False
2025-01-26,naver_datalab_keyword,패션의류,,자켓,0.62067,0.11024549325120031,kw_b02,,,50000000,False
2025-01-26,naver_datalab_keyword,패션의류,,패션_앵커,5.62989,1.0,kw_b02,,,50000000,True
2025-01-27,naver_datalab_keyword,패션의류,,코트,4.23702,0.9412002523479915,kw_b01,,,50000000,False
2025-01-27,naver_datalab_keyword,패션의류,,패딩,2.16871,0.4817514194574518,kw_b01,,,50000000,False
2025-01-27,naver_datalab_keyword,패션의류,,패션_앵커,4.50172,1.0,kw_b01,,,50000000,True
2025-01-27,naver_datalab_keyword,패션의류,,히트텍,0.1223,0.02716739379614903,kw_b01,,,50000000,False
2025-01-27,naver_datalab_keyword,패션의류,,가디건,1.54256,0.3426601387913953,kw_b02,,,50000000,False
2025-01-27,naver_datalab_keyword,패션의류,,반팔,0.07667,0.01703126804865696,kw_b02,,,50000000,False
2025-01-27,naver_datalab_keyword,패션의류,,자켓,0.67179,0.14922962778671264,kw_b02,,,50000000,False
2025-01-27,naver_datalab_keyword,패션의류,,패션_앵커,4.50172,1.0,kw_b02,,,50000000,True
2025-01-28,naver_datalab_keyword,패션의류,,코트,3.53602,0.8030678106987288,kw_b01,,,50000000,False
2025-01-28,naver_datalab_keyword,패션의류,,패딩,2.09569,0.47595352407600033,kw_b01,,,50000000,False
2025-01-28,naver_datalab_keyword,패션의류,,패션_앵커,4.40314,1.0,kw_b01,,,50000000,True
2025-01-28,naver_datalab_keyword,패션의류,,히트텍,0.1223,0.027775632843834178,kw_b01,,,50000000,False
2025-01-28,naver_datalab_keyword,패션의류,,가디건,1.60462,0.3644262957798299,kw_b02,,,50000000,False
2025-01-28,naver_datalab_keyword,패션의류,,레인부츠,0.00182,0.0004133413881911545,kw_b02,,,50000000,False
2025-01-28,naver_datalab_keyword,패션의류,,반팔,0.06024,0.01368114572782151,kw_b02,,,50000000,False
2025-01-28,naver_datalab_keyword,패션의류,,자켓,0.57503,0.13059543870964813,kw_b02,,,50000000,False
2025-01-28,naver_datalab_keyword,패션의류,,패션_앵커,4.40314,1.0,kw_b02,,,50000000,True
2025-01-29,naver_datalab_keyword,패션의류,,목도리,0.00182,0.000394999565934543,kw_b01,,,50000000,False
2025-01-29,naver_datalab_keyword,패션의류,,코트,3.6419,0.7904114940533034,kw_b01,,,50000000,False
2025-01-29,naver_datalab_keyword,패션의류,,패딩,2.1395,0.46434152270162343,kw_b01,,,50000000,False
2025-01-29,naver_datalab_keyword,패션의류,,패션_앵커,4.6076,1.0,kw_b01,,,50000000,True
2025-01-29,naver_datalab_keyword,패션의류,,히트텍,0.10953,0.02377159475648928,kw_b01,,,50000000,False
2025-01-29,naver_datalab_keyword,패션의류,,가디건,1.74154,0.37797117805365055,kw_b02,,,50000000,False
2025-01-29,naver_datalab_keyword,패션의류,,레인부츠,0.00182,0.000394999565934543,kw_b02,,,50000000,False
2025-01-29,naver_datalab_keyword,패션의류,,반팔,0.06571,0.014261220592065285,kw_b02,,,50000000,False
2025-01-29,naver_datalab_keyword,패션의류,,자켓,0.60607,0.13153702578348817,kw_b02,,,50000000,False
2025-01-29,naver_datalab_keyword,패션의류,,패션_앵커,4.6076,1.0,kw_b02,,,50000000,True
2025-01-30,naver_datalab_keyword,패션의류,,코트,3.67294,0.632307244710172,kw_b01,,,50000000,False
2025-01-30,naver_datalab_keyword,패션의류,,패딩,2.08656,0.3592073392221099,kw_b01,,,50000000,False
2025-01-30,naver_datalab_keyword,패션의류,,패션_앵커,5.80879,1.0,kw_b01,,,50000000,True
2025-01-30,naver_datalab_keyword,패션의류,,히트텍,0.22453,0.03865348893659437,kw_b01,,,50000000,False
2025-01-30,naver_datalab_keyword,패션의류,,가디건,1.62653,0.280011844118999,kw_b02,,,50000000,False
2025-01-30,naver_datalab_keyword,패션의류,,반팔,0.11135,0.019169224571726644,kw_b02,,,50000000,False
2025-01-30,naver_datalab_keyword,패션의류,,자켓,0.75941,0.130734628037853,kw_b02,,,50000000,False
2025-01-30,naver_datalab_keyword,패션의류,,패션_앵커,5.80879,1.0,kw_b02,,,50000000,True
2025-01-31,naver_datalab_keyword,패션의류,,코트,3.66381,0.6983301343935896,kw_b01,,,50000000,False
2025-01-31,naver_datalab_keyword,패션의류,,패딩,1.88941,0.36012564495009086,kw_b01,,,50000000,False
2025-01-31,naver_datalab_keyword,패션의류,,패션_앵커,5.24653,1.0,kw_b01,,,50000000,True
2025-01-31,naver_datalab_keyword,패션의류,,히트텍,0.21541,0.04105761331775478,kw_b01,,,50000000,False
2025-01-31,naver_datalab_keyword,패션의류,,가디건,1.79083,0.3413360830872977,kw_b02,,,50000000,False
2025-01-31,naver_datalab_keyword,패션의류,,반팔,0.05293,0.01008857282813593,kw_b02,,,50000000,False
2025-01-31,naver_datalab_keyword,패션의류,,자켓,0.76306,0.145440891408226,kw_b02,,,50000000,False
2025-01-31,naver_datalab_keyword,패션의류,,패션_앵커,5.24653,1.0,kw_b02,,,50000000,True
2025-02-01,naver_datalab_keyword,패션의류,,목도리,0.00182,0.00026735807619705174,kw_b01,,,50000000,False
2025-02-01,naver_datalab_keyword,패션의류,,코트,4.19868,0.6167862677840864,kw_b01,,,50000000,False
2025-02-01,naver_datalab_keyword,패션의류,,패딩,2.02267,0.2971303076821377,kw_b01,,,50000000,False
2025-02-01,naver_datalab_keyword,패션의류,,패션_앵커,6.80735,1.0,kw_b01,,,50000000,True
2025-02-01,naver_datalab_keyword,패션의류,,히트텍,0.20445,0.030033713559608367,kw_b01,,,50000000,False
2025-02-01,naver_datalab_keyword,패션의류,,가디건,2.17053,0.31885094787252016,kw_b02,,,50000000,False
2025-02-01,naver_datalab_keyword,패션의류,,반팔,0.08397,0.012335196515531008,kw_b02,,,50000000,False
2025-02-01,naver_datalab_keyword,패션의류,,자켓,0.88355,0.12979353199115662,kw_b02,,,50000000,False
2025-02-01,naver_datalab_keyword,패션의류,,패션_앵커,6.80735,1.0,kw_b02,,,50000000,True
2025-02-02,naver_datalab_keyword,패션의류,,코트,4.49077,0.5395919269741293,kw_b01,,,50000000,False
2025-02-02,naver_datalab_keyword,패션의류,,패딩,1.92226,0.23097063032515353,kw_b01,,,50000000,False
2025-02-02,naver_datalab_keyword,패션의류,,패션_앵커,8.32253,1.0,kw_b01,,,50000000,True
2025-02-02,naver_datalab_keyword,패션의류,,히트텍,0.26835,0.03224380086343936,kw_b01,,,50000000,False
2025-02-02,naver_datalab_keyword,패션의류,,가디건,2.42976,0.29194968356977985,kw_b02,,,50000000,False
2025-02-02,naver_datalab_keyword,패션의류,,레인부츠,0.00182,0.00021868350129107373,kw_b02,,,50000000,False
2025-02-02,naver_datalab_keyword,패션의류,,반팔,0.08032,0.00965091144159288,kw_b02,,,50000000,False
2025-02-02,naver_datalab_keyword,패션의류,,자켓,0.86346,0.10374970111252227,kw_b02,,,50000000,False
2025-02-02,naver_datalab_keyword,패션의류,,패션_앵커,8.32253,1.0,kw_b02,,,50000000,True
2025-02-03,naver_datalab_keyword,패션의류,,코트,4.38124,0.7346192798073763,kw_b01,,,50000000,False
2025-02-03,naver_datalab_keyword,패션의류,,패딩,2.44436,0.4098551968826082,kw_b01,,,50000000,False
2025-02-03,naver_datalab_keyword,패션의류,,패션_앵커,5.96396,1.0,kw_b01,,,50000000,True
2025-02-03,naver_datalab_keyword,패션의류,,히트텍,0.34867,0.05846283341940589,kw_b01,,,50000000,False
2025-02-03,naver_datalab_keyword,패션의류,,가디건,1.78718,0.29966331095446647,kw_b02,,,50000000,False
2025-02-03,naver_datalab_keyword,패션의류,,반팔,0.12961,0.021732204776691997,kw_b02,,,50000000,False
2025-02-03,naver_datalab_keyword,패션의류,,자켓,0.53852,0.09029570956210303,kw_b02,,,50000000,False
2025-02-03,naver_datalab_keyword,패션의류,,패션_앵커,5.96396,1.0,kw_b02,,,50000000,True
2025-02-04,naver_datalab_keyword,패션의류,,목도리,0.0073,0.0014647869236665422,kw_b01,,,50000000,False
2025-02-04,naver_datalab_keyword,패션의류,,코트,3.5415,0.710622313721241,kw_b01,,,50000000,False
2025-02-04,naver_datalab_keyword,패션의류,,패딩,2.49913,0.5014647869236665,kw_b01,,,50000000,False
2025-02-04,naver_datalab_keyword,패션의류,,패션_앵커,4.98366,1.0,kw_b01,,,50000000,True
2025-02-04,naver_datalab_keyword,패션의류,,히트텍,0.38883,0.07802097253825502,kw_b01,,,50000000,False
2025-02-04,naver_datalab_keyword,패션의류,,가디건,1.99894,0.4010987908484928,kw_b02,,,50000000,False
2025-02-04,naver_datalab_keyword,패션의류,,반팔,0.03468,0.0069587411661309155,kw_b02,,,50000000,False
2025-02-04,naver_datalab_keyword,패션의류,,자켓,0.59511,0.11941223919769807,kw_b02,,,50000000,False
2025-02-04,naver_datalab_keyword,패션의류,,패션_앵커,4.98366,1.0,kw_b02,,,50000000,True
2025-02-05,naver_datalab_keyword,패션의류,,코트,3.13258,0.6074328883786949,kw_b01,,,50000000,False
2025-02-05,naver_datalab_keyword,패션의류,,패딩,2.59405,0.5030075158810801,kw_b01,,,50000000,False
2025-02-05,naver_datalab_keyword,패션의류,,패션_앵커,5.15708,1.0,kw_b01,,,50000000,True
2025-02-05,naver_datalab_keyword,패션의류,,히트텍,0.38883,0.07539731786204597,kw_b01,,,50000000,False
2025-02-05,naver_datalab_keyword,패션의류,,가디건,1.72146,0.3338051765727893,kw_b02,,,50000000,False
2025-02-05,naver_datalab_keyword,패션의류,,반팔,0.05111,0.009910647110380293,kw_b02,,,50000000,False
2025-02-05,naver_datalab_keyword,패션의류,,자켓,0.47463,0.09203463975738209,kw_b02,,,50000000,False
2025-02-05,naver_datalab_keyword,패션의류,,패션_앵커,5.15708,1.0,kw_b02,,,50000000,True
2025-02-06,naver_datalab_keyword,패션의류,,코트,3.33156,0.6334595222567219,kw_b01,,,50000000,False
2025-02-06,naver_datalab_keyword,패션의류,,패딩,2.44071,0.46407418463638767,kw_b01,,,50000000,False
2025-02-06,naver_datalab_keyword,패션의류,,패션_앵커,5.25931,1.0,kw_b01,,,50000000,True
2025-02-06,naver_datalab_keyword,패션의류,,히트텍,0.33041,0.06282383050248036,kw_b01,,,50000000,False
2025-02-06,naver_datalab_keyword,패션의류,,가디건,1.64844,0.31343275068402504,kw_b02,,,50000000,False
2025-02-06,naver_datalab_keyword,패션의류,,레인부츠,0.00182,0.0003460529993478232,kw_b02,,,50000000,False
2025-02-06,naver_datalab_keyword,패션의류,,반팔,0.07667,0.014577957945053628,kw_b02,,,50000000,False
2025-02-06,naver_datalab_keyword,패션의류,,자켓,0.50201,0.09545168472670368,kw_b02,,,50000000,False
2025-02-06,naver_datalab_keyword,패션의류,,패션_앵커,5.25931,1.0,kw_b02,,,50000000,True
2025-02-07,naver_datalab_keyword,패션의류,,코트,3.61634,0.7726198665988694,kw_b01,,,50000000,False
2025-02-07,naver_datalab_keyword,패션의류,,패딩,2.27459,0.485959125073174,kw_b01,,,50000000,False
2025-02-07,naver_datalab_keyword,패션의류,,패션_앵커,4.68062,1.0,kw_b01,,,50000000,True
2025-02-07,naver_datalab_keyword,패션의류,,히트텍,0.34319,0.07332148305139062,kw_b01,,,50000000,False
2025-02-07,naver_datalab_keyword,패션의류,,가디건,1.69042,0.3611530096440215,kw_b02,,,50000000,False
2025-02-07,naver_datalab_keyword,패션의류,,반팔,0.07302,0.015600497370006537,kw_b02,,,50000000,False
2025-02-07,naver_datalab_keyword,패션의류,,자켓,0.7375,0.15756459614324597,kw_b02,,,50000000,False
2025-02-07,naver_datalab_keyword,패션의류,,패션_앵커,4.68062,1.0,kw_b02,,,50000000,True
2025-02-08,naver_datalab_keyword,패션의류,,코트,3.70945,0.5086357490943296,kw_b01,,,50000000,False
2025-02-08,naver_datalab_keyword,패션의류,,패딩,2.63787,0.3617018650914446,kw_b01,,,50000000,False
2025-02-08,naver_datalab_keyword,패션의류,,패션_앵커,7.29294,1.0,kw_b01,,,50000000,True
2025-02-08,naver_datalab_keyword,패션의류,,히트텍,0.30851,0.04230255562228676,kw_b01,,,50000000,False
2025-02-08,naver_datalab_keyword,패션의류,,가디건,2.19974,0.30162595606161574,kw_b02,,,50000000,False
2025-02-08,naver_datalab_keyword,패션의류,,반팔,0.1077,0.014767706850735095,kw_b02,,,50000000,False
2025-02-08,naver_datalab_keyword,패션의류,,자켓,0.76124,0.10438040077115678,kw_b02,,,50000000,False
2025-02-08,naver_datalab_keyword,패션의류,,패션_앵커,7.29294,1.0,kw_b02,,,50000000,True
2025-02-09,naver_datalab_keyword,패션의류,,코트,5.22645,0.6217153393207637,kw_b01,,,50000000,False
2025-02-09,naver_datalab_keyword,패션의류,,패딩,2.99567,0.3563516326651996,kw_b01,,,50000000,False
2025-02-09,naver_datalab_keyword,패션의류,,패션_앵커,8.4065,1.0,kw_b01,,,50000000,True
2025-02-09,naver_datalab_keyword,패션의류,,히트텍,0.39066,0.046471183013144596,kw_b01,,,50000000,False
2025-02-09,naver_datalab_keyword,패션의류,,가디건,2.34213,0.27860940938559453,kw_b02,,,50000000,False
2025-02-09,naver_datalab_keyword,패션의류,,반팔,0.14239,0.016938083625765776,kw_b02,,,50000000,False
2025-02-09,naver_datalab_keyword,패션의류,,자켓,0.72107,0.08577529292809136,kw_b02,,,50000000,False
2025-02-09,naver_datalab_keyword,패션의류,,패션_앵커,8.4065,1.0,kw_b02,,,50000000,True
2025-02-10,naver_datalab_keyword,패션의류,,목도리,0.00182,0.0002769383401350607,kw_b01,,,50000000,False
2025-02-10,naver_datalab_keyword,패션의류,,코트,4.21329,0.6411107357734339,kw_b01,,,50000000,False
2025-02-10,naver_datalab_keyword,패션의류,,패딩,3.01757,0.45916528958316216,kw_b01,,,50000000,False
2025-02-10,naver_datalab_keyword,패션의류,,패션_앵커,6.57186,1.0,kw_b01,,,50000000,True
2025-02-10,naver_datalab_keyword,패션의류,,히트텍,0.31033,0.04722103027149087,kw_b01,,,50000000,False
2025-02-10,naver_datalab_keyword,패션의류,,가디건,1.98251,0.3016664992863512,kw_b02,,,50000000,False
2025-02-10,naver_datalab_keyword,패션의류,,반팔,0.10222,0.015554196224508739,kw_b02,,,50000000,False
2025-02-10,naver_datalab_keyword,패션의류,,자켓,0.6517,0.09916522871759288,kw_b02,,,50000000,False
2025-02-10,naver_datalab_keyword,패션의류,,패션_앵커,6.57186,1.0,kw_b02,,,50000000,True
2025-02-11,naver_datalab_keyword,패션의류,,코트,3.45205,0.51316108297421,kw_b01,,,50000000,False
2025-02-11,naver_datalab_keyword,패션의류,,패딩,2.04275,0.30366298351575655,kw_b01,,,50000000,False
2025-02-11,naver_datalab_keyword,패션의류,,패션_앵커,6.72703,1.0,kw_b01,,,50000000,True
2025-02-11,naver_datalab_keyword,패션의류,,히트텍,0.23549,0.035006533343838214,kw_b01,,,50000000,False
2025-02-11,naver_datalab_keyword,패션의류,,가디건,1.80361,0.26811386302722,kw_b02,,,50000000,False
2025-02-11,naver_datalab_keyword,패션의류,,반팔,0.15699,0.02333719338251799,kw_b02,,,50000000,False
2025-02-11,naver_datalab_keyword,패션의류,,자켓,0.76306,0.11343193058452243,kw_b02,,,50000000,False
2025-02-11,naver_datalab_keyword,패션의류,,패션_앵커,6.72703,1.0,kw_b02,,,50000000,True
2025-02-12,naver_datalab_keyword,패션의류,,코트,3.86644,0.5774261908993292,kw_b01,,,50000000,False
2025-02-12,naver_datalab_keyword,패션의류,,패딩,1.84742,0.2758994562417208,kw_b01,,,50000000,False
2025-02-12,naver_datalab_keyword,패션의류,,패션_앵커,6.69599,1.0,kw_b01,,,50000000,True
2025-02-12,naver_datalab_keyword,패션의류,,히트텍,0.1862,0.027807687884838537,kw_b01,,,50000000,False
2025-02-12,naver_datalab_keyword,패션의류,,가디건,2.40968,0.3598691156946172,kw_b02,,,50000000,False
2025-02-12,naver_datalab_keyword,패션의류,,반팔,0.1004,0.014994048676894679,kw_b02,,,50000000,False
2025-02-12,naver_datalab_keyword,패션의류,,자켓,0.58416,0.08724027365632267,kw_b02,,,50000000,False
2025-02-12,naver_datalab_keyword,패션의류,,패션_앵커,6.69599,1.0,kw_b02,,,50000000,True
2025-02-13,naver_datalab_keyword,패션의류,,목도리,0.00365,0.0005948927237285595,kw_b01,,,50000000,False
2025-02-13,naver_datalab_keyword,패션의류,,코트,3.3626,0.5480510336464806,kw_b01,,,50000000,False
2025-02-13,naver_datalab_keyword,패션의류,,패딩,1.60645,0.26182614137910803,kw_b01,,,50000000,False
2025-02-13,naver_datalab_keyword,패션의류,,패션_앵커,6.13556,1.0,kw_b01,,,50000000,True
2025-02-13,naver_datalab_keyword,패션의류,,히트텍,0.1862,0.030347678125550073,kw_b01,,,50000000,False
2025-02-13,naver_datalab_keyword,패션의류,,가디건,2.15776,0.35168102015137986,kw_b02,,,50000000,False
2025-02-13,naver_datalab_keyword,패션의류,,반팔,0.08945,0.014578946339046477,kw_b02,,,50000000,False
2025-02-13,naver_datalab_keyword,패션의류,,자켓,2.16141,0.3522759128751084,kw_b02,,,50000000,False
2025-02-13,naver_datalab_keyword,패션의류,,패션_앵커,6.13556,1.0,kw_b02,,,50000000,True
2025-02-14,naver_datalab_keyword,패션의류,,목도리,0.0073,0.0014827121852537166,kw_b01,,,50000000,False
2025-02-14,naver_datalab_keyword,패션의류,,코트,2.98106,0.6054868475304718,kw_b01,,,50000000,False
2025-02-14,naver_datalab_keyword,패션의류,,패딩,1.26508,0.25695199059188656,kw_b01,,,50000000,False
2025-02-14,naver_datalab_keyword,패션의류,,패션_앵커,4.92341,1.0,kw_b01,,,50000000,True
2025-02-14,naver_datalab_keyword,패션의류,,히트텍,0.13873,0.02817762485756823,kw_b01,,,50000000,False
2025-02-14,naver_datalab_keyword,패션의류,,가디건,2.02084,0.4104553551298796,kw_b02,,,50000000,False
2025-02-14,naver_datalab_keyword,패션의류,,반팔,0.15699,0.03188643643328506,kw_b02,,,50000000,False
2025-02-14,naver_datalab_keyword,패션의류,,자켓,0.90363,0.18353742629600217,kw_b02,,,50000000,False
2025-02-14,naver_datalab_keyword,패션의류,,패션_앵커,4.92341,1.0,kw_b02,,,50000000,True
2025-02-15,naver_datalab_keyword,패션의류,,목도리,0.00182,0.00024775792689235327,kw_b01,,,50000000,False
2025-02-15,naver_datalab_keyword,패션의류,,코트,4.67697,0.6366793358998513,kw_b01,,,50000000,False
2025-02-15,naver_datalab_keyword,패션의류,,패딩,1.68677,0.22962122985945865,kw_b01,,,50000000,False
2025-02-15,naver_datalab_keyword,패션의류,,패션_앵커,7.34588,1.0,kw_b01,,,50000000,True
2025-02-15,naver_datalab_keyword,패션의류,,히트텍,0.115,0.015655033842099247,kw_b01,,,50000000,False
2025-02-15,naver_datalab_keyword,패션의류,,가디건,2.53929,0.3456753989991668,kw_b02,,,50000000,False
2025-02-15,naver_datalab_keyword,패션의류,,반팔,0.07849,0.010684900924055388,kw_b02,,,50000000,False
2025-02-15,naver_datalab_keyword,패션의류,,자켓,1.09165,0.14860711038024035,kw_b02,,,50000000,False
2025-02-15,naver_datalab_keyword,패션의류,,패션_앵커,7.34588,1.0,kw_b02,,,50000000,True
2025-02-16,naver_datalab_keyword,패션의류,,코트,5.62624,0.5989114455760046,kw_b01,,,50000000,False
2025-02-16,naver_datalab_keyword,패션의류,,패딩,2.28737,0.24348980371743573,kw_b01,,,50000000,False
2025-02-16,naver_datalab_keyword,패션의류,,패션_앵커,9.39411,1.0,kw_b01,,,50000000,True
2025-02-16,naver_datalab_keyword,패션의류,,히트텍,0.13508,0.014379222725729208,kw_b01,,,50000000,False
2025-02-16,naver_datalab_keyword,패션의류,,가디건,3.26402,0.3474538833375381,kw_b02,,,50000000,False
2025-02-16,naver_datalab_keyword,패션의류,,반팔,0.19533,0.020792815924020477,kw_b02,,,50000000,False
2025-02-16,naver_datalab_keyword,패션의류,,자켓,1.84377,0.19626872582926963,kw_b02,,,50000000,False
2025-02-16,naver_datalab_keyword,패션의류,,패션_앵커,9.39411,1.0,kw_b02,,,50000000,True
2025-02-17,naver_datalab_keyword,패션의류,,코트,4.69522,0.6511380861181646,kw_b01,,,50000000,False
2025-02-17,naver_datalab_keyword,패션의류,,패딩,1.94782,0.27012574211702184,kw_b01,,,50000000,False
2025-02-17,naver_datalab_keyword,패션의류,,패션_앵커,7.21079,1.0,kw_b01,,,50000000,True
2025-02-17,naver_datalab_keyword,패션의류,,히트텍,0.21541,0.029873287115558766,kw_b01,,,50000000,False
2025-02-17,naver_datalab_keyword,패션의류,,가디건,2.35126,0.32607522892775964,kw_b02,,,50000000,False
2025-02-17,naver_datalab_keyword,패션의류,,반팔,0.115,0.01594832188983454,kw_b02,,,50000000,False
2025-02-17,naver_datalab_keyword,패션의류,,자켓,1.45128,0.20126504862851363,kw_b02,,,50000000,False
2025-02-17,naver_datalab_keyword,패션의류,,패션_앵커,7.21079,1.0,kw_b02,,,50000000,True
2025-02-18,naver_datalab_keyword,패션의류,,코트,3.68206,0.5542725103679785,kw_b01,,,50000000,False
2025-02-18,naver_datalab_keyword,패션의류,,패딩,1.53708,0.231381669564432,kw_b01,,,50000000,False
2025-02-18,naver_datalab_keyword,패션의류,,패션_앵커,6.64305,1.0,kw_b01,,,50000000,True
2025-02-18,naver_datalab_keyword,패션의류,,히트텍,0.17707,0.026654925072067803,kw_b01,,,50000000,False
2025-02-18,naver_datalab_keyword,패션의류,,가디건,2.21435,0.33333333333333337,kw_b02,,,50000000,False
2025-02-18,naver_datalab_keyword,패션의류,,반팔,0.13143,0.019784586899090024,kw_b02,,,50000000,False
2025-02-18,naver_datalab_keyword,패션의류,,자켓,0.9949,0.1497655444411829,kw_b02,,,50000000,False
2025-02-18,naver_datalab_keyword,패션의류,,패션_앵커,6.64305,1.0,kw_b02,,,50000000,True
2025-02-19,naver_datalab_keyword,패션의류,,코트,4.29179,0.5722981856779771,kw_b01,,,50000000,False
2025-02-19,naver_datalab_keyword,패션의류,,패딩,1.83647,0.24488813503271006,kw_b01,,,50000000,False
2025-02-19,naver_datalab_keyword,패션의류,,패션_앵커,7.49922,1.0,kw_b01,,,50000000,True
2025-02-19,naver_datalab_keyword,패션의류,,히트텍,0.20263,0.02702014342824987,kw_b01,,,50000000,False
2025-02-19,naver_datalab_keyword,패션의류,,가디건,2.19974,0.2933291729006483,kw_b02,,,50000000,False
2025-02-19,naver_datalab_keyword,패션의류,,반팔,0.09127,0.0121705990756372,kw_b02,,,50000000,False
2025-02-19,naver_datalab_keyword,패션의류,,자켓,1.89853,0.25316366235421817,kw_b02,,,50000000,False
2025-02-19,naver_datalab_keyword,패션의류,,패션_앵커,7.49922,1.0,kw_b02,,,50000000,True
2025-02-20,naver_datalab_keyword,패션의류,,코트,2.8332,0.44419011186278584,kw_b01,,,50000000,False
2025-02-20,naver_datalab_keyword,패션의류,,패딩,1.4458,0.22667304240124797,kw_b01,,,50000000,False
2025-02-20,naver_datalab_keyword,패션의류,,패션_앵커,6.37835,1.0,kw_b01,,,50000000,True
2025-02-20,naver_datalab_keyword,패션의류,,히트텍,0.16794,0.026329693416008843,kw_b01,,,50000000,False
2025-02-20,naver_datalab_keyword,패션의류,,가디건,2.10299,0.32970752624111255,kw_b02,,,50000000,False
2025-02-20,naver_datalab_keyword,패션의류,,반팔,0.12596,0.019748053963799413,kw_b02,,,50000000,False
2025-02-20,naver_datalab_keyword,패션의류,,자켓,0.9091,0.14252902396387782,kw_b02,,,50000000,False
2025-02-20,naver_datalab_keyword,패션의류,,패션_앵커,6.37835,1.0,kw_b02,,,50000000,True
2025-02-21,naver_datalab_keyword,패션의류,,코트,2.96646,0.517845079052522,kw_b01,,,50000000,False
2025-02-21,naver_datalab_keyword,패션의류,,패딩,1.55168,0.27087162889916505,kw_b01,,,50000000,False
2025-02-21,naver_datalab_keyword,패션의류,,패션_앵커,5.72847,1.0,kw_b01,,,50000000,True
2025-02-21,naver_datalab_keyword,패션의류,,히트텍,0.14604,0.025493718217953487,kw_b01,,,50000000,False
2025-02-21,naver_datalab_keyword,패션의류,,가디건,2.48635,0.4340338694276133,kw_b02,,,50000000,False
2025-02-21,naver_datalab_keyword,패션의류,,반팔,0.13691,0.02389992441262676,kw_b02,,,50000000,False
2025-02-21,naver_datalab_keyword,패션의류,,자켓,0.91275,0.15933573886220928,kw_b02,,,50000000,False
2025-02-21,naver_datalab_keyword,패션의류,,패션_앵커,5.72847,1.0,kw_b02,,,50000000,True
2025-02-22,naver_datalab_keyword,패션의류,,코트,4.18773,0.6267752668232209,kw_b01,,,50000000,False
2025-02-22,naver_datalab_keyword,패션의류,,패딩,1.72146,0.25764998001912776,kw_b01,,,50000000,False
2025-02-22,naver_datalab_keyword,패션의류,,패션_앵커,6.68139,1.0,kw_b01,,,50000000,True
2025-02-22,naver_datalab_keyword,패션의류,,히트텍,0.13691,0.02049124508522927,kw_b01,,,50000000,False
2025-02-22,naver_datalab_keyword,패션의류,,가디건,2.79486,0.4183051730253734,kw_b02,,,50000000,False
2025-02-22,naver_datalab_keyword,패션의류,,반팔,0.13873,0.020763643493344947,kw_b02,,,50000000,False
2025-02-22,naver_datalab_keyword,패션의류,,자켓,1.02046,0.1527316920580897,kw_b02,,,50000000,False
2025-02-22,naver_datalab_keyword,패션의류,,패션_앵커,6.68139,1.0,kw_b02,,,50000000,True
2025-02-23,naver_datalab_keyword,패션의류,,코트,4.04534,0.5251178657472793,kw_b01,,,50000000,False
2025-02-23,naver_datalab_keyword,패션의류,,패딩,2.27094,0.29478638780427013,kw_b01,,,50000000,False
2025-02-23,naver_datalab_keyword,패션의류,,패션_앵커,7.70368,1.0,kw_b01,,,50000000,True
2025-02-23,naver_datalab_keyword,패션의류,,히트텍,0.12778,0.01658687795962449,kw_b01,,,50000000,False
2025-02-23,naver_datalab_keyword,패션의류,,가디건,2.89527,0.37582947370607295,kw_b02,,,50000000,False
2025-02-23,naver_datalab_keyword,패션의류,,반팔,0.25557,0.033175054000166154,kw_b02,,,50000000,False
2025-02-23,naver_datalab_keyword,패션의류,,자켓,1.58089,0.20521231411481264,kw_b02,,,50000000,False
2025-02-23,naver_datalab_keyword,패션의류,,패션_앵커,7.70368,1.0,kw_b02,,,50000000,True
2025-02-24,naver_datalab_keyword,패션의류,,코트,3.34069,0.603362236964017,kw_b01,,,50000000,False
2025-02-24,naver_datalab_keyword,패션의류,,패딩,1.79448,0.3241011488606214,kw_b01,,,50000000,False
2025-02-24,naver_datalab_keyword,패션의류,,패션_앵커,5.53679,1.0,kw_b01,,,50000000,True
2025-02-24,naver_datalab_keyword,패션의류,,히트텍,0.20993,0.037915470877530125,kw_b01,,,50000000,False
2025-02-24,naver_datalab_keyword,패션의류,,가디건,2.45532,0.443455504001416,kw_b02,,,50000000,False
2025-02-24,naver_datalab_keyword,패션의류,,반팔,0.17524,0.03165010773390358,kw_b02,,,50000000,False
2025-02-24,naver_datalab_keyword,패션의류,,자켓,1.21031,0.21859416737857135,kw_b02,,,50000000,False
2025-02-24,naver_datalab_keyword,패션의류,,패션_앵커,5.53679,1.0,kw_b02,,,50000000,True
2025-02-25,naver_datalab_keyword,패션의류,,코트,3.21291,0.5343050762898599,kw_b01,,,50000000,False
2025-02-25,naver_datalab_keyword,패션의류,,패딩,1.27786,0.2125073795368561,kw_b01,,,50000000,False
2025-02-25,naver_datalab_keyword,패션의류,,패션_앵커,6.01325,1.0,kw_b01,,,50000000,True
2025-02-25,naver_datalab_keyword,패션의류,,히트텍,0.09675,0.016089469089094914,kw_b01,,,50000000,False
2025-02-25,naver_datalab_keyword,패션의류,,가디건,2.33848,0.3888878726146427,kw_b02,,,50000000,False
2025-02-25,naver_datalab_keyword,패션의류,,반팔,0.14969,0.024893360495572274,kw_b02,,,50000000,False
2025-02-25,naver_datalab_keyword,패션의류,,자켓,1.28151,0.2131143724275558,kw_b02,,,50000000,False
2025-02-25,naver_datalab_keyword,패션의류,,패션_앵커,6.01325,1.0,kw_b02,,,50000000,True
2025-02-26,naver_datalab_keyword,패션의류,,코트,2.88796,0.44042243318464297,kw_b01,,,50000000,False
2025-02-26,naver_datalab_keyword,패션의류,,패딩,1.14642,0.1748324373784742,kw_b01,,,50000000,False
2025-02-26,naver_datalab_keyword,패션의류,,패션_앵커,6.55725,1.0,kw_b01,,,50000000,True
2025-02-26,naver_datalab_keyword,패션의류,,히트텍,0.13873,0.021156734911738913,kw_b01,,,50000000,False
2025-02-26,naver_datalab_keyword,패션의류,,가디건,2.54842,0.3886415799306112,kw_b02,,,50000000,False
2025-02-26,naver_datalab_keyword,패션의류,,레인부츠,0.00182,0.0002775553776354417,kw_b02,,,50000000,False
2025-02-26,naver_datalab_keyword,패션의류,,반팔,0.13143,0.020043463342102254,kw_b02,,,50000000,False
2025-02-26,naver_datalab_keyword,패션의류,,자켓,0.93649,0.14281749208890923,kw_b02,,,50000000,False
2025-02-26,naver_datalab_keyword,패션의류,,패션_앵커,6.55725,1.0,kw_b02,,,50000000,True
2025-02-27,naver_datalab_keyword,패션의류,,목도리,0.00182,0.00030294102470633863,kw_b01,,,50000000,False
2025-02-27,naver_datalab_keyword,패션의류,,코트,2.86423,0.4767542698871628,kw_b01,,,50000000,False
2025-02-27,naver_datalab_keyword,패션의류,,패딩,1.13912,0.18960779124367277,kw_b01,,,50000000,False
2025-02-27,naver_datalab_keyword,패션의류,,패션_앵커,6.00777,1.0,kw_b01,,,50000000,True
2025-02-27,naver_datalab_keyword,패션의류,,히트텍,0.09857,0.01640708615676033,kw_b01,,,50000000,False
2025-02-27,naver_datalab_keyword,패션의류,,가디건,2.19062,0.36463113601219754,kw_b02,,,50000000,False
2025-02-27,naver_datalab_keyword,패션의류,,레인부츠,0.00182,0.00030294102470633863,kw_b02,,,50000000,False
2025-02-27,naver_datalab_keyword,패션의류,,반팔,0.13691,0.022788821809090563,kw_b02,,,50000000,False
2025-02-27,naver_datalab_keyword,패션의류,,자켓,1.22674,0.20419223771882078,kw_b02,,,50000000,False
2025-02-27,naver_datalab_keyword,패션의류,,패션_앵커,6.00777,1.0,kw_b02,,,50000000,True
2025-02-28,naver_datalab_keyword,패션의류,,코트,2.91717,0.4945831298828125,kw_b01,,,50000000,False
2025-02-28,naver_datalab_keyword,패션의류,,패딩,0.816,0.13834635416666666,kw_b01,,,50000000,False
2025-02-28,naver_datalab_keyword,패션의류,,패션_앵커,5.89824,1.0,kw_b01,,,50000000,True
2025-02-28,naver_datalab_keyword,패션의류,,히트텍,0.04198,0.007117377387152778,kw_b01,,,50000000,False
2025-02-28,naver_datalab_keyword,패션의류,,가디건,2.33483,0.3958519829644097,kw_b02,,,50000000,False
2025-02-28,naver_datalab_keyword,패션의류,,반팔,0.14604,0.024759928385416664,kw_b02,,,50000000,False
2025-02-28,naver_datalab_keyword,패션의류,,자켓,1.18841,0.2014855278862847,kw_b02,,,50000000,False
2025-02-28,naver_datalab_keyword,패션의류,,패션_앵커,5.89824,1.0,kw_b02,,,50000000,True
2025-03-01,naver_datalab_keyword,패션의류,,코트,2.82224,0.37012109878061894,kw_b01,,,50000000,False
2025-03-01,naver_datalab_keyword,패션의류,,패딩,0.84338,0.11060460212086796,kw_b01,,,50000000,False
2025-03-01,naver_datalab_keyword,패션의류,,패션_앵커,7.62518,1.0,kw_b01,,,50000000,True
2025-03-01,naver_datalab_keyword,패션의류,,히트텍,0.07484,0.009814850272387012,kw_b01,,,50000000,False
2025-03-01,naver_datalab_keyword,패션의류,,가디건,3.12345,0.40962311709362925,kw_b02,,,50000000,False
2025-03-01,naver_datalab_keyword,패션의류,,레인부츠,0.00182,0.00023868289010882366,kw_b02,,,50000000,False
2025-03-01,naver_datalab_keyword,패션의류,,반팔,0.16247,0.021307037997791527,kw_b02,,,50000000,False
2025-03-01,naver_datalab_keyword,패션의류,,자켓,1.77987,0.2334200635263692,kw_b02,,,50000000,False
2025-03-01,naver_datalab_keyword,패션의류,,패션_앵커,7.62518,1.0,kw_b02,,,50000000,True
2025-03-02,naver_datalab_keyword,패션의류,,코트,3.21108,0.36171075575501155,kw_b01,,,50000000,False
2025-03-02,naver_datalab_keyword,패션의류,,패딩,1.08253,0.12194113644863182,kw_b01,,,50000000,False
2025-03-02,naver_datalab_keyword,패션의류,,패션_앵커,8.87748,1.0,kw_b01,,,50000000,True
2025-03-02,naver_datalab_keyword,패션의류,,히트텍,0.06206,0.006990722592447406,kw_b01,,,50000000,False
2025-03-02,naver_datalab_keyword,패션의류,,가디건,3.20195,0.3606823107458423,kw_b02,,,50000000,False
2025-03-02,naver_datalab_keyword,패션의류,,반팔,0.22636,0.025498226974321542,kw_b02,,,50000000,False
2025-03-02,naver_datalab_keyword,패션의류,,자켓,2.00806,0.22619707394440763,kw_b02,,,50000000,False
2025-03-02,naver_datalab_keyword,패션의류,,패션_앵커,8.87748,1.0,kw_b02,,,50000000,True
2025-03-03,naver_datalab_keyword,패션의류,,코트,2.96829,0.3923745594809741,kw_b01,,,50000000,False
2025-03-03,naver_datalab_keyword,패션의류,,패딩,1.21761,0.1609543499353597,kw_b01,,,50000000,False
2025-03-03,naver_datalab_keyword,패션의류,,패션_앵커,7.56494,1.0,kw_b01,,,50000000,True
2025-03-03,naver_datalab_keyword,패션의류,,히트텍,0.06936,0.009168612044510598,kw_b01,,,50000000,False
2025-03-03,naver_datalab_keyword,패션의류,,가디건,3.67294,0.4855213656684653,kw_b02,,,50000000,False
2025-03-03,naver_datalab_keyword,패션의류,,반팔,0.19533,0.02582042950770264,kw_b02,,,50000000,False
2025-03-03,naver_datalab_keyword,패션의류,,자켓,2.13402,0.28209344687466126,kw_b02,,,50000000,False
2025-03-03,naver_datalab_keyword,패션의류,,패션_앵커,7.56494,1.0,kw_b02,,,50000000,True
2025-03-04,naver_datalab_keyword,패션의류,,코트,2.51921,0.41679240538161705,kw_b01,,,50000000,False
2025-03-04,naver_datalab_keyword,패션의류,,패딩,1.06062,0.17547499454029264,kw_b01,,,50000000,False
2025-03-04,naver_datalab_keyword,패션의류,,패션_앵커,6.04428,1.0,kw_b01,,,50000000,True
2025-03-04,naver_datalab_keyword,패션의류,,히트텍,0.32494,0.053759918468370096,kw_b01,,,50000000,False
2025-03-04,naver_datalab_keyword,패션의류,,가디건,2.78026,0.45998199951028085,kw_b02,,,50000000,False
2025-03-04,naver_datalab_keyword,패션의류,,반팔,0.34867,0.057685944397016686,kw_b02,,,50000000,False
2025-03-04,naver_datalab_keyword,패션의류,,자켓,1.25047,0.20688485642624102,kw_b02,,,50000000,False
2025-03-04,naver_datalab_keyword,패션의류,,패션_앵커,6.04428,1.0,kw_b02,,,50000000,True
2025-03-05,naver_datalab_keyword,패션의류,,코트,2.28554,0.33538626341778377,kw_b01,,,50000000,False
2025-03-05,naver_datalab_keyword,패션의류,,패딩,1.01316,0.1486738130351522,kw_b01,,,50000000,False
2025-03-05,naver_datalab_keyword,패션의류,,패션_앵커,6.81465,1.0,kw_b01,,,50000000,True
2025-03-05,naver_datalab_keyword,패션의류,,히트텍,0.23366,0.034287894462664996,kw_b01,,,50000000,False
2025-03-05,naver_datalab_keyword,패션의류,,가디건,2.4754,0.363246828523842,kw_b02,,,50000000,False
2025-03-05,naver_datalab_keyword,패션의류,,레인부츠,0.00547,0.0008026824561789673,kw_b02,,,50000000,False
2025-03-05,naver_datalab_keyword,패션의류,,반팔,0.12413,0.01821516879076695,kw_b02,,,50000000,False
2025-03-05,naver_datalab_keyword,패션의류,,자켓,1.40929,0.20680299061580562,kw_b02,,,50000000,False
2025-03-05,naver_datalab_keyword,패션의류,,패션_앵커,6.81465,1.0,kw_b02,,,50000000,True
2025-03-06,naver_datalab_keyword,패션의류,,코트,2.47722,0.3655706424292868,kw_b01,,,50000000,False
2025-03-06,naver_datalab_keyword,패션의류,,패딩,0.86712,0.12796344913382063,kw_b01,,,50000000,False
2025-03-06,naver_datalab_keyword,패션의류,,패션_앵커,6.77631,1.0,kw_b01,,,50000000,True
2025-03-06,naver_datalab_keyword,패션의류,,히트텍,0.22271,0.03286596982723636,kw_b01,,,50000000,False
2025-03-06,naver_datalab_keyword,패션의류,,가디건,2.66342,0.39304872415813324,kw_b02,,,50000000,False
2025-03-06,naver_datalab_keyword,패션의류,,반팔,0.14056,0.020742852673505195,kw_b02,,,50000000,False
2025-03-06,naver_datalab_keyword,패션의류,,자켓,1.67399,0.24703562853529432,kw_b02,,,50000000,False
2025-03-06,naver_datalab_keyword,패션의류,,패션_앵커,6.77631,1.0,kw_b02,,,50000000,True
2025-03-07,naver_datalab_keyword,패션의류,,코트,2.25086,0.3297673464603844,kw_b01,,,50000000,False
2025-03-07,naver_datalab_keyword,패션의류,,패딩,1.29976,0.19042428504453823,kw_b01,,,50000000,False
2025-03-07,naver_datalab_keyword,패션의류,,패션_앵커,6.8256,1.0,kw_b01,,,50000000,True
2025-03-07,naver_datalab_keyword,패션의류,,히트텍,0.04016,0.005883731833098922,kw_b01,,,50000000,False
2025-03-07,naver_datalab_keyword,패션의류,,가디건,2.36769,0.34688379043600565,kw_b02,,,50000000,False
2025-03-07,naver_datalab_keyword,패션의류,,레인부츠,0.00182,0.000266643225503985,kw_b02,,,50000000,False
2025-03-07,naver_datalab_keyword,패션의류,,반팔,0.14421,0.021127812939521803,kw_b02,,,50000000,False
2025-03-07,naver_datalab_keyword,패션의류,,자켓,1.57907,0.23134522972339427,kw_b02,,,50000000,False
2025-03-07,naver_datalab_keyword,패션의류,,패션_앵커,6.8256,1.0,kw_b02,,,50000000,True
2025-03-08,naver_datalab_keyword,패션의류,,목도리,0.00547,0.0006936140589356384,kw_b01,,,50000000,False
2025-03-08,naver_datalab_keyword,패션의류,,코트,2.43706,0.30902725383358076,kw_b01,,,50000000,False
2025-03-08,naver_datalab_keyword,패션의류,,패딩,0.92006,0.11666664553278308,kw_b01,,,50000000,False
2025-03-08,naver_datalab_keyword,패션의류,,패션_앵커,7.88623,1.0,kw_b01,,,50000000,True
2025-03-08,naver_datalab_keyword,패션의류,,히트텍,0.08397,0.01064767322282003,kw_b01,,,50000000,False
2025-03-08,naver_datalab_keyword,패션의류,,가디건,3.15814,0.4004625784436923,kw_b02,,,50000000,False
2025-03-08,naver_datalab_keyword,패션의류,,레인부츠,0.00365,0.0004628320502952615,kw_b02,,,50000000,False
2025-03-08,naver_datalab_keyword,패션의류,,반팔,0.23366,0.02962885941698378,kw_b02,,,50000000,False
2025-03-08,naver_datalab_keyword,패션의류,,자켓,2.46627,0.3127311782689574,kw_b02,,,50000000,False
2025-03-08,naver_datalab_keyword,패션의류,,패션_앵커,7.88623,1.0,kw_b02,,,50000000,True
2025-03-09,naver_datalab_keyword,패션의류,,코트,2.58675,0.2612456572675123,kw_b01,,,50000000,False
2025-03-09,naver_datalab_keyword,패션의류,,패딩,0.85616,0.0864668336430476,kw_b01,,,50000000,False
2025-03-09,naver_datalab_keyword,패션의류,,패션_앵커,9.9016,1.0,kw_b01,,,50000000,True
2025-03-09,naver_datalab_keyword,패션의류,,히트텍,0.08945,0.009033893512159651,kw_b01,,,50000000,False
2025-03-09,naver_datalab_keyword,패션의류,,가디건,4.007,0.40468207158439035,kw_b02,,,50000000,False
2025-03-09,naver_datalab_keyword,패션의류,,반팔,0.2866,0.028944816999272847,kw_b02,,,50000000,False
2025-03-09,naver_datalab_keyword,패션의류,,자켓,2.02632,0.20464571382402844,kw_b02,,,50000000,False
2025-03-09,naver_datalab_keyword,패션의류,,패션_앵커,9.9016,1.0,kw_b02,,,50000000,True
2025-03-10,naver_datalab_keyword,패션의류,,코트,2.39872,0.28752632569423714,kw_b01,,,50000000,False
2025-03-10,naver_datalab_keyword,패션의류,,패딩,0.81418,0.09759295951746515,kw_b01,,,50000000,False
2025-03-10,naver_datalab_keyword,패션의류,,패션_앵커,8.34261,1.0,kw_b01,,,50000000,True
2025-03-10,naver_datalab_keyword,패션의류,,히트텍,0.10222,0.012252760227314953,kw_b01,,,50000000,False
2025-03-10,naver_datalab_keyword,패션의류,,가디건,3.22386,0.3864330227590646,kw_b02,,,50000000,False
2025-03-10,naver_datalab_keyword,패션의류,,레인부츠,0.00182,0.00021815714746344368,kw_b02,,,50000000,False
2025-03-10,naver_datalab_keyword,패션의류,,반팔,0.20993,0.025163587893956448,kw_b02,,,50000000,False
2025-03-10,naver_datalab_keyword,패션의류,,자켓,2.12125,0.2542669500312252,kw_b02,,,50000000,False
2025-03-10,naver_datalab_keyword,패션의류,,패션_앵커,8.34261,1.0,kw_b02,,,50000000,True
2025-03-11,naver_datalab_keyword,패션의류,,코트,2.46809,0.2811971635213534,kw_b01,,,50000000,False
2025-03-11,naver_datalab_keyword,패션의류,,패딩,0.77219,0.08797800635291009,kw_b01,,,50000000,False
2025-03-11,naver_datalab_keyword,패션의류,,패션_앵커,8.77708,1.0,kw_b01,,,50000000,True
2025-03-11,naver_datalab_keyword,패션의류,,히트텍,0.06206,0.00707068865727554,kw_b01,,,50000000,False
2025-03-11,naver_datalab_keyword,패션의류,,가디건,3.59991,0.4101489333582467,kw_b02,,,50000000,False
2025-03-11,naver_datalab_keyword,패션의류,,레인부츠,0.00182,0.00020735825582084247,kw_b02,,,50000000,False
2025-03-11,naver_datalab_keyword,패션의류,,반팔,0.25192,0.0287020284650476,kw_b02,,,50000000,False
2025-03-11,naver_datalab_keyword,패션의류,,자켓,2.18879,0.2493756465703856,kw_b02,,,50000000,False
2025-03-11,naver_datalab_keyword,패션의류,,패션_앵커,8.77708,1.0,kw_b02,,,50000000,True
2025-03-12,naver_datalab_keyword,패션의류,,코트,1.84012,0.21401273292720088,kw_b01,,,50000000,False
2025-03-12,naver_datalab_keyword,패션의류,,패딩,0.65536,0.07622078160727039,kw_b01,,,50000000,False
2025-03-12,naver_datalab_keyword,패션의류,,패션_앵커,8.59818,1.0,kw_b01,,,50000000,True
2025-03-12,naver_datalab_keyword,패션의류,,히트텍,0.05841,0.00679329811657816,kw_b01,,,50000000,False
2025-03-12,naver_datalab_keyword,패션의류,,가디건,3.42832,0.39872624206518126,kw_b02,,,50000000,False
2025-03-12,naver_datalab_keyword,패션의류,,반팔,0.20445,0.023778287963266646,kw_b02,,,50000000,False
2025-03-12,naver_datalab_keyword,패션의류,,자켓,2.2107,0.257112551726063,kw_b02,,,50000000,False
2025-03-12,naver_datalab_keyword,패션의류,,패션_앵커,8.59818,1.0,kw_b02,,,50000000,True
2025-03-13,naver_datalab_keyword,패션의류,,코트,1.65026,0.21600883795083106,kw_b01,,,50000000,False
2025-03-13,naver_datalab_keyword,패션의류,,패딩,0.44907,0.0587804884433845,kw_b01,,,50000000,False
2025-03-13,naver_datalab_keyword,패션의류,,패션_앵커,7.63978,1.0,kw_b01,,,50000000,True
2025-03-13,naver_datalab_keyword,패션의류,,히트텍,0.05293,0.006928209974632777,kw_b01,,,50000000,False
2025-03-13,naver_datalab_keyword,패션의류,,가디건,3.37538,0.4418163873828827,kw_b02,,,50000000,False
2025-03-13,naver_datalab_keyword,패션의류,,반팔,0.29755,0.038947456602153464,kw_b02,,,50000000,False
2025-03-13,naver_datalab_keyword,패션의류,,자켓,2.20705,0.28888920885156383,kw_b02,,,50000000,False
2025-03-13,naver_datalab_keyword,패션의류,,패션_앵커,7.63978,1.0,kw_b02,,,50000000,True
2025-03-14,naver_datalab_keyword,패션의류,,코트,1.21579,0.16830874484500047,kw_b01,,,50000000,False
2025-03-14,naver_datalab_keyword,패션의류,,패딩,0.41256,0.05711303413686031,kw_b01,,,50000000,False
2025-03-14,naver_datalab_keyword,패션의류,,패션_앵커,7.22357,1.0,kw_b01,,,50000000,True
2025-03-14,naver_datalab_keyword,패션의류,,히트텍,0.05659,0.007834076502338872,kw_b01,,,50000000,False
2025-03-14,naver_datalab_keyword,패션의류,,가디건,3.20378,0.4435175404959044,kw_b02,,,50000000,False
2025-03-14,naver_datalab_keyword,패션의류,,반팔,0.2793,0.03866509219125723,kw_b02,,,50000000,False
2025-03-14,naver_datalab_keyword,패션의류,,자켓,1.69955,0.23527840112299042,kw_b02,,,50000000,False
2025-03-14,naver_datalab_keyword,패션의류,,패션_앵커,7.22357,1.0,kw_b02,,,50000000,True
2025-03-15,naver_datalab_keyword,패션의류,,코트,1.7105,0.17380727866880186,kw_b01,,,50000000,False
2025-03-15,naver_datalab_keyword,패션의류,,패딩,0.49471,0.05026845883089329,kw_b01,,,50000000,False
2025-03-15,naver_datalab_keyword,패션의류,,패션_앵커,9.84136,1.0,kw_b01,,,50000000,True
2025-03-15,naver_datalab_keyword,패션의류,,히트텍,0.03833,0.0038947868993716318,kw_b01,,,50000000,False
2025-03-15,naver_datalab_keyword,패션의류,,가디건,3.49586,0.35522122958615476,kw_b02,,,50000000,False
2025-03-15,naver_datalab_keyword,패션의류,,반팔,0.30851,0.03134830958322834,kw_b02,,,50000000,False
2025-03-15,naver_datalab_keyword,패션의류,,자켓,2.33118,0.23687579765398276,kw_b02,,,50000000,False
2025-03-15,naver_datalab_keyword,패션의류,,패션_앵커,9.84136,1.0,kw_b02,,,50000000,True
2025-03-16,naver_datalab_keyword,패션의류,,코트,1.61558,0.16713859039468826,kw_b01,,,50000000,False
2025-03-16,naver_datalab_keyword,패션의류,,패딩,0.46185,0.04778033769530866,kw_b01,,,50000000,False
2025-03-16,naver_datalab_keyword,패션의류,,패션_앵커,9.66611,1.0,kw_b01,,,50000000,True
2025-03-16,naver_datalab_keyword,패션의류,,히트텍,0.07302,0.007554228122791899,kw_b01,,,50000000,False
2025-03-16,naver_datalab_keyword,패션의류,,가디건,3.76969,0.3899903891017173,kw_b02,,,50000000,False
2025-03-16,naver_datalab_keyword,패션의류,,레인부츠,0.00182,0.0001882867047861032,kw_b02,,,50000000,False
2025-03-16,naver_datalab_keyword,패션의류,,반팔,0.3724,0.038526356517771886,kw_b02,,,50000000,False
2025-03-16,naver_datalab_keyword,패션의류,,자켓,2.80581,0.2902729226131298,kw_b02,,,50000000,False
2025-03-16,naver_datalab_keyword,패션의류,,패션_앵커,9.66611,1.0,kw_b02,,,50000000,True
2025-03-17,naver_datalab_keyword,패션의류,,코트,1.61375,0.20942833041334113,kw_b01,,,50000000,False
2025-03-17,naver_datalab_keyword,패션의류,,패딩,0.62432,0.08102264616183245,kw_b01,,,50000000,False
2025-03-17,naver_datalab_keyword,패션의류,,패션_앵커,7.7055,1.0,kw_b01,,,50000000,True
2025-03-17,naver_datalab_keyword,패션의류,,히트텍,0.06754,0.008765167737330479,kw_b01,,,50000000,False
2025-03-17,naver_datalab_keyword,패션의류,,가디건,2.44436,0.317222762961521,kw_b02,,,50000000,False
2025-03-17,naver_datalab_keyword,패션의류,,반팔,0.39978,0.051882421646875614,kw_b02,,,50000000,False
2025-03-17,naver_datalab_keyword,패션의류,,자켓,1.80361,0.23406787359678152,kw_b02,,,50000000,False
2025-03-17,naver_datalab_keyword,패션의류,,패션_앵커,7.7055,1.0,kw_b02,,,50000000,True
2025-03-18,naver_datalab_keyword,패션의류,,코트,1.52978,0.1789065716103439,kw_b01,,,50000000,False
2025-03-18,naver_datalab_keyword,패션의류,,패딩,0.81418,0.09521771266045433,kw_b01,,,50000000,False
2025-03-18,naver_datalab_keyword,패션의류,,패션_앵커,8.55072,1.0,kw_b01,,,50000000,True
2025-03-18,naver_datalab_keyword,패션의류,,히트텍,0.06389,0.007471885408480222,kw_b01,,,50000000,False
2025-03-18,naver_datalab_keyword,패션의류,,가디건,3.02123,0.3533304797724636,kw_b02,,,50000000,False
2025-03-18,naver_datalab_keyword,패션의류,,반팔,0.23914,0.027967235507653156,kw_b02,,,50000000,False
2025-03-18,naver_datalab_keyword,패션의류,,자켓,1.92774,0.22544768159874257,kw_b02,,,50000000,False
2025-03-18,naver_datalab_keyword,패션의류,,패션_앵커,8.55072,1.0,kw_b02,,,50000000,True
2025-03-19,naver_datalab_keyword,패션의류,,코트,1.29611,0.16363145143676674,kw_b01,,,50000000,False
2025-03-19,naver_datalab_keyword,패션의류,,패딩,0.52392,0.06614391528246123,kw_b01,,,50000000,False
2025-03-19,naver_datalab_keyword,패션의류,,패션_앵커,7.92091,1.0,kw_b01,,,50000000,True
2025-03-19,naver_datalab_keyword,패션의류,,히트텍,0.07484,0.009448409336806,kw_b01,,,50000000,False
2025-03-19,naver_datalab_keyword,패션의류,,가디건,2.79304,0.3526160504285492,kw_b02,,,50000000,False
2025-03-19,naver_datalab_keyword,패션의류,,반팔,0.14056,0.017745435814824306,kw_b02,,,50000000,False
2025-03-19,naver_datalab_keyword,패션의류,,자켓,1.96425,0.24798287065501312,kw_b02,,,50000000,False
2025-03-19,naver_datalab_keyword,패션의류,,패션_앵커,7.92091,1.0,kw_b02,,,50000000,True
2025-03-20,naver_datalab_keyword,패션의류,,코트,1.37278,0.1887065822826571,kw_b01,,,50000000,False
2025-03-20,naver_datalab_keyword,패션의류,,패딩,0.46003,0.06323714582634563,kw_b01,,,50000000,False
2025-03-20,naver_datalab_keyword,패션의류,,패션_앵커,7.27468,1.0,kw_b01,,,50000000,True
2025-03-20,naver_datalab_keyword,패션의류,,히트텍,0.06206,0.00853095943739106,kw_b01,,,50000000,False
2025-03-20,naver_datalab_keyword,패션의류,,가디건,2.81859,0.38745209411273074,kw_b02,,,50000000,False
2025-03-20,naver_datalab_keyword,패션의류,,반팔,0.18437,0.025344070117173538,kw_b02,,,50000000,False
2025-03-20,naver_datalab_keyword,패션의류,,자켓,1.9533,0.268506655962874,kw_b02,,,50000000,False
2025-03-20,naver_datalab_keyword,패션의류,,패션_앵커,7.27468,1.0,kw_b02,,,50000000,True
2025-03-21,naver_datalab_keyword,패션의류,,코트,1.29611,0.1739761313193547,kw_b01,,,50000000,False
2025-03-21,naver_datalab_keyword,패션의류,,패딩,0.41986,0.05635757651414174,kw_b01,,,50000000,False
2025-03-21,naver_datalab_keyword,패션의류,,패션_앵커,7.44993,1.0,kw_b01,,,50000000,True
2025-03-21,naver_datalab_keyword,패션의류,,히트텍,0.05476,0.00735040463467442,kw_b01,,,50000000,False
2025-03-21,naver_datalab_keyword,패션의류,,가디건,3.05956,0.41068305339781713,kw_b02,,,50000000,False
2025-03-21,naver_datalab_keyword,패션의류,,반팔,0.2866,0.038470160122309874,kw_b02,,,50000000,False
2025-03-21,naver_datalab_keyword,패션의류,,자켓,1.88393,0.2528788861103393,kw_b02,,,50000000,False
2025-03-21,naver_datalab_keyword,패션의류,,패션_앵커,7.44993,1.0,kw_b02,,,50000000,True
2025-03-22,naver_datalab_keyword,패션의류,,코트,1.1519,0.12278642793719013,kw_b01,,,50000000,False
2025-03-22,naver_datalab_keyword,패션의류,,패딩,0.36875,0.03930679338643881,kw_b01,,,50000000,False
2025-03-22,naver_datalab_keyword,패션의류,,패션_앵커,9.38133,1.0,kw_b01,,,50000000,True
2025-03-22,naver_datalab_keyword,패션의류,,히트텍,0.04381,0.004669913541043754,kw_b01,,,50000000,False
2025-03-22,naver_datalab_keyword,패션의류,,가디건,3.10337,0.3308027752994511,kw_b02,,,50000000,False
2025-03-22,naver_datalab_keyword,패션의류,,레인부츠,0.00182,0.00019400234295137257,kw_b02,,,50000000,False
2025-03-22,naver_datalab_keyword,패션의류,,반팔,0.43082,0.045923126038632044,kw_b02,,,50000000,False
2025-03-22,naver_datalab_keyword,패션의류,,자켓,1.96608,0.20957369584056845,kw_b02,,,50000000,False
2025-03-22,naver_datalab_keyword,패션의류,,패션_앵커,9.38133,1.0,kw_b02,,,50000000,True
2025-03-23,naver_datalab_keyword,패션의류,,코트,0.86346,0.07327573404301363,kw_b01,,,50000000,False
2025-03-23,naver_datalab_keyword,패션의류,,패딩,0.16977,0.014407177366041767,kw_b01,,,50000000,False
2025-03-23,naver_datalab_keyword,패션의류,,패션_앵커,11.78371,1.0,kw_b01,,,50000000,True
2025-03-23,naver_datalab_keyword,패션의류,,히트텍,0.02373,0.0020137970129950585,kw_b01,,,50000000,False
2025-03-23,naver_datalab_keyword,패션의류,,가디건,3.68754,0.31293539980192997,kw_b02,,,50000000,False
2025-03-23,naver_datalab_keyword,패션의류,,반팔,0.75211,0.06382624826985729,kw_b02,,,50000000,False
2025-03-23,naver_datalab_keyword,패션의류,,자켓,2.28007,0.19349339045173378,kw_b02,,,50000000,False
2025-03-23,naver_datalab_keyword,패션의류,,패션_앵커,11.78371,1.0,kw_b02,,,50000000,True
2025-03-24,naver_datalab_keyword,패션의류,,코트,0.99673,0.1023811871628312,kw_b01,,,50000000,False
2025-03-24,naver_datalab_keyword,패션의류,,패딩,0.20445,0.02100050536799418,kw_b01,,,50000000,False
2025-03-24,naver_datalab_keyword,패션의류,,패션_앵커,9.73548,1.0,kw_b01,,,50000000,True
2025-03-24,naver_datalab_keyword,패션의류,,히트텍,0.03833,0.0039371453693089606,kw_b01,,,50000000,False
2025-03-24,naver_datalab_keyword,패션의류,,가디건,3.32061,0.34108333641484545,kw_b02,,,50000000,False
2025-03-24,naver_datalab_keyword,패션의류,,반팔,0.69917,0.07181669522201267,kw_b02,,,50000000,False
2025-03-24,naver_datalab_keyword,패션의류,,자켓,1.81456,0.18638629014696756,kw_b02,,,50000000,False
2025-03-24,naver_datalab_keyword,패션의류,,패션_앵커,9.73548,1.0,kw_b02,,,50000000,True
2025-03-25,naver_datalab_keyword,패션의류,,코트,1.03871,0.10525254490441535,kw_b01,,,50000000,False
2025-03-25,naver_datalab_keyword,패션의류,,패딩,0.30486,0.030891481587315098,kw_b01,,,50000000,False
2025-03-25,naver_datalab_keyword,패션의류,,패션_앵커,9.86874,1.0,kw_b01,,,50000000,True
2025-03-25,naver_datalab_keyword,패션의류,,히트텍,0.05659,0.0057342680017915156,kw_b01,,,50000000,False
2025-03-25,naver_datalab_keyword,패션의류,,가디건,3.3626,0.3407324541937471,kw_b02,,,50000000,False
2025-03-25,naver_datalab_keyword,패션의류,,레인부츠,0.00182,0.00018442070618944262,kw_b02,,,50000000,False
2025-03-25,naver_datalab_keyword,패션의류,,반팔,0.57686,0.058453257457385645,kw_b02,,,50000000,False
2025-03-25,naver_datalab_keyword,패션의류,,자켓,1.44763,0.14668843236319934,kw_b02,,,50000000,False
2025-03-25,naver_datalab_keyword,패션의류,,패션_앵커,9.86874,1.0,kw_b02,,,50000000,True
2025-03-26,naver_datalab_keyword,패션의류,,코트,0.64258,0.062278659639342426,kw_b01,,,50000000,False
2025-03-26,naver_datalab_keyword,패션의류,,패딩,0.23549,0.022823619718118752,kw_b01,,,50000000,False
2025-03-26,naver_datalab_keyword,패션의류,,패션_앵커,10.31782,1.0,kw_b01,,,50000000,True
2025-03-26,naver_datalab_keyword,패션의류,,히트텍,0.04381,0.004246051976095726,kw_b01,,,50000000,False
2025-03-26,naver_datalab_keyword,패션의류,,가디건,2.5904,0.2510607860962878,kw_b02,,,50000000,False
2025-03-26,naver_datalab_keyword,패션의류,,반팔,0.68091,0.06599359166955811,kw_b02,,,50000000,False
2025-03-26,naver_datalab_keyword,패션의류,,자켓,1.23039,0.11924902741082904,kw_b02,,,50000000,False
2025-03-26,naver_datalab_keyword,패션의류,,패션_앵커,10.31782,1.0,kw_b02,,,50000000,True
2025-03-27,naver_datalab_keyword,패션의류,,코트,0.77584,0.08266826354451474,kw_b01,,,50000000,False
2025-03-27,naver_datalab_keyword,패션의류,,패딩,0.16794,0.01789455065434343,kw_b01,,,50000000,False
2025-03-27,naver_datalab_keyword,패션의류,,패션_앵커,9.38498,1.0,kw_b01,,,50000000,True
2025-03-27,naver_datalab_keyword,패션의류,,히트텍,0.03468,0.003695266265884424,kw_b01,,,50000000,False
2025-03-27,naver_datalab_keyword,패션의류,,가디건,2.5046,0.2668732378758399,kw_b02,,,50000000,False
2025-03-27,naver_datalab_keyword,패션의류,,반팔,0.48558,0.05174012091661356,kw_b02,,,50000000,False
2025-03-27,naver_datalab_keyword,패션의류,,자켓,1.11721,0.1190423421253961,kw_b02,,,50000000,False
2025-03-27,naver_datalab_keyword,패션의류,,패션_앵커,9.38498,1.0,kw_b02,,,50000000,True
2025-03-28,naver_datalab_keyword,패션의류,,코트,0.79957,0.10157629560370038,kw_b01,,,50000000,False
2025-03-28,naver_datalab_keyword,패션의류,,패딩,0.23184,0.029452641260629957,kw_b01,,,50000000,False
2025-03-28,naver_datalab_keyword,패션의류,,패션_앵커,7.87162,1.0,kw_b01,,,50000000,True
2025-03-28,naver_datalab_keyword,패션의류,,히트텍,0.02008,0.0025509361478323394,kw_b01,,,50000000,False
2025-03-28,naver_datalab_keyword,패션의류,,가디건,2.15411,0.2736552323409921,kw_b02,,,50000000,False
2025-03-28,naver_datalab_keyword,패션의류,,레인부츠,0.00182,0.0002312103480605009,kw_b02,,,50000000,False
2025-03-28,naver_datalab_keyword,패션의류,,반팔,0.40343,0.0512512036912351,kw_b02,,,50000000,False
2025-03-28,naver_datalab_keyword,패션의류,,자켓,0.9164,0.11641822140804561,kw_b02,,,50000000,False
2025-03-28,naver_datalab_keyword,패션의류,,패션_앵커,7.87162,1.0,kw_b02,,,50000000,True
2025-03-29,naver_datalab_keyword,패션의류,,코트,1.06062,0.10321502010056609,kw_b01,,,50000000,False
2025-03-29,naver_datalab_keyword,패션의류,,패딩,0.37057,0.03606229375145366,kw_b01,,,50000000,False
2025-03-29,naver_datalab_keyword,패션의류,,패션_앵커,10.27583,1.0,kw_b01,,,50000000,True
2025-03-29,naver_datalab_keyword,패션의류,,히트텍,0.02373,0.0023093025088970916,kw_b01,,,50000000,False
2025-03-29,naver_datalab_keyword,패션의류,,가디건,2.77843,0.2703849713356488,kw_b02,,,50000000,False
2025-03-29,naver_datalab_keyword,패션의류,,반팔,0.26652,0.025936591010166574,kw_b02,,,50000000,False
2025-03-29,naver_datalab_keyword,패션의류,,자켓,1.32897,0.1293296989148322,kw_b02,,,50000000,False
2025-03-29,naver_datalab_keyword,패션의류,,패션_앵커,10.27583,1.0,kw_b02,,,50000000,True
2025-03-30,naver_datalab_keyword,패션의류,,코트,1.10626,0.09502874244501483,kw_b01,,,50000000,False
2025-03-30,naver_datalab_keyword,패션의류,,패딩,0.3651,0.03136242281803094,kw_b01,,,50000000,False
2025-03-30,naver_datalab_keyword,패션의류,,패션_앵커,11.64132,1.0,kw_b01,,,50000000,True
2025-03-30,naver_datalab_keyword,패션의류,,히트텍,0.05111,0.004390395590878011,kw_b01,,,50000000,False
2025-03-30,naver_datalab_keyword,패션의류,,가디건,3.34617,0.28743905330323366,kw_b02,,,50000000,False
2025-03-30,naver_datalab_keyword,패션의류,,레인부츠,0.00547,0.00046987798634519107,kw_b02,,,50000000,False
2025-03-30,naver_datalab_keyword,패션의류,,반팔,0.44907,0.038575522363443325,kw_b02,,,50000000,False
2025-03-30,naver_datalab_keyword,패션의류,,자켓,1.60645,0.13799551940845195,kw_b02,,,50000000,False
2025-03-30,naver_datalab_keyword,패션의류,,패션_앵커,11.64132,1.0,kw_b02,,,50000000,True
2025-03-31,naver_datalab_keyword,패션의류,,코트,0.77584,0.10051980493063221,kw_b01,,,50000000,False
2025-03-31,naver_datalab_keyword,패션의류,,패딩,0.31763,0.041152951175650536,kw_b01,,,50000000,False
2025-03-31,naver_datalab_keyword,패션의류,,패션_앵커,7.71828,1.0,kw_b01,,,50000000,True
2025-03-31,naver_datalab_keyword,패션의류,,히트텍,0.05659,0.007331944422850687,kw_b01,,,50000000,False
2025-03-31,naver_datalab_keyword,패션의류,,가디건,2.35674,0.30534523235746824,kw_b02,,,50000000,False
2025-03-31,naver_datalab_keyword,패션의류,,반팔,0.28843,0.03736972486097939,kw_b02,,,50000000,False
2025-03-31,naver_datalab_keyword,패션의류,,자켓,1.4166,0.1835383012795597,kw_b02,,,50000000,False
2025-03-31,naver_datalab_keyword,패션의류,,패션_앵커,7.71828,1.0,kw_b02,,,50000000,True
2025-04-01,naver_datalab_keyword,패션의류,,코트,0.82513,0.0923387683389474,kw_b01,,,50000000,False
2025-04-01,naver_datalab_keyword,패션의류,,패딩,0.18072,0.02022404010787945,kw_b01,,,50000000,False
2025-04-01,naver_datalab_keyword,패션의류,,패션_앵커,8.9359,1.0,kw_b01,,,50000000,True
2025-04-01,naver_datalab_keyword,패션의류,,히트텍,0.0292,0.003267717857182824,kw_b01,,,50000000,False
2025-04-01,naver_datalab_keyword,패션의류,,가디건,2.78208,0.3113374142503833,kw_b02,,,50000000,False
2025-04-01,naver_datalab_keyword,패션의류,,반팔,0.48193,0.053931892702469814,kw_b02,,,50000000,False
2025-04-01,naver_datalab_keyword,패션의류,,자켓,1.48231,0.16588256359180384,kw_b02,,,50000000,False
2025-04-01,naver_datalab_keyword,패션의류,,패션_앵커,8.9359,1.0,kw_b02,,,50000000,True
2025-04-02,naver_datalab_keyword,패션의류,,코트,0.90363,0.09374990273614885,kw_b01,,,50000000,False
2025-04-02,naver_datalab_keyword,패션의류,,패딩,0.26104,0.02708240608461903,kw_b01,,,50000000,False
2025-04-02,naver_datalab_keyword,패션의류,,패션_앵커,9.63873,1.0,kw_b01,,,50000000,True
2025-04-02,naver_datalab_keyword,패션의류,,히트텍,0.08214,0.008521869582403491,kw_b01,,,50000000,False
2025-04-02,naver_datalab_keyword,패션의류,,가디건,2.72367,0.2825756090273303,kw_b02,,,50000000,False
2025-04-02,naver_datalab_keyword,패션의류,,레인부츠,0.00182,0.00018882155636686576,kw_b02,,,50000000,False
2025-04-02,naver_datalab_keyword,패션의류,,반팔,0.41986,0.043559680580325416,kw_b02,,,50000000,False
2025-04-02,naver_datalab_keyword,패션의류,,자켓,1.24135,0.12878771373407077,kw_b02,,,50000000,False
2025-04-02,naver_datalab_keyword,패션의류,,패션_앵커,9.63873,1.0,kw_b02,,,50000000,True
2025-04-03,naver_datalab_keyword,패션의류,,코트,0.56225,0.06764666603301182,kw_b01,,,50000000,False
2025-04-03,naver_datalab_keyword,패션의류,,패딩,0.07484,0.009004315670805877,kw_b01,,,50000000,False
2025-04-03,naver_datalab_keyword,패션의류,,패션_앵커,8.31157,1.0,kw_b01,,,50000000,True
2025-04-03,naver_datalab_keyword,패션의류,,히트텍,0.06206,0.0074667000338082936,kw_b01,,,50000000,False
2025-04-03,naver_datalab_keyword,패션의류,,가디건,2.97011,0.357346445978317,kw_b02,,,50000000,False
2025-04-03,naver_datalab_keyword,패션의류,,반팔,0.34684,0.0417297814973585,kw_b02,,,50000000,False
2025-04-03,naver_datalab_keyword,패션의류,,자켓,1.52978,0.18405427614758704,kw_b02,,,50000000,False
2025-04-03,naver_datalab_keyword,패션의류,,패션_앵커,8.31157,1.0,kw_b02,,,50000000,True
2025-04-04,naver_datalab_keyword,패션의류,,코트,0.62432,0.0693002046860223,kw_b01,,,50000000,False
2025-04-04,naver_datalab_keyword,패션의류,,패딩,0.10587,0.011751686106658735,kw_b01,,,50000000,False
2025-04-04,naver_datalab_keyword,패션의류,,패션_앵커,9.00892,1.0,kw_b01,,,50000000,True
2025-04-04,naver_datalab_keyword,패션의류,,히트텍,0.03833,0.004254672036159718,kw_b01,,,50000000,False
2025-04-04,naver_datalab_keyword,패션의류,,가디건,2.42611,0.26930087069260245,kw_b02,,,50000000,False
2025-04-04,naver_datalab_keyword,패션의류,,반팔,0.28112,0.03120462830172762,kw_b02,,,50000000,False
2025-04-04,naver_datalab_keyword,패션의류,,자켓,1.29429,0.14366760943598123,kw_b02,,,50000000,False
2025-04-04,naver_datalab_keyword,패션의류,,패션_앵커,9.00892,1.0,kw_b02,,,50000000,True
2025-04-05,naver_datalab_keyword,패션의류,,코트,0.56043,0.0535960201060387,kw_b01,,,50000000,False
2025-04-05,naver_datalab_keyword,패션의류,,패딩,0.20445,0.019552319309600864,kw_b01,,,50000000,False
2025-04-05,naver_datalab_keyword,패션의류,,패션_앵커,10.45656,1.0,kw_b01,,,50000000,True
2025-04-05,naver_datalab_keyword,패션의류,,히트텍,0.06936,0.006633156602171269,kw_b01,,,50000000,False
2025-04-05,naver_datalab_keyword,패션의류,,가디건,3.38085,0.32332334917028166,kw_b02,,,50000000,False
2025-04-05,naver_datalab_keyword,패션의류,,레인부츠,0.00182,0.00017405341718500157,kw_b02,,,50000000,False
2025-04-05,naver_datalab_keyword,패션의류,,반팔,0.34502,0.03299555494349958,kw_b02,,,50000000,False
2025-04-05,naver_datalab_keyword,패션의류,,자켓,1.9606,0.18749952183127147,kw_b02,,,50000000,False
2025-04-05,naver_datalab_keyword,패션의류,,패션_앵커,10.45656,1.0,kw_b02,,,50000000,True
2025-04-06,naver_datalab_keyword,패션의류,,코트,0.71925,0.05724220316226861,kw_b01,,,50000000,False
2025-04-06,naver_datalab_keyword,패션의류,,패딩,0.16064,0.012784688934288259,kw_b01,,,50000000,False
2025-04-06,naver_datalab_keyword,패션의류,,패션_앵커,12.56503,1.0,kw_b01,,,50000000,True
2025-04-06,naver_datalab_keyword,패션의류,,히트텍,0.02738,0.002179063639322787,kw_b01,,,50000000,False
2025-04-06,naver_datalab_keyword,패션의류,,가디건,4.04717,0.32209791779247643,kw_b02,,,50000000,False
2025-04-06,naver_datalab_keyword,패션의류,,반팔,0.4436,0.03530433273935677,kw_b02,,,50000000,False
2025-04-06,naver_datalab_keyword,패션의류,,자켓,2.31475,0.18422160551944564,kw_b02,,,50000000,False
2025-04-06,naver_datalab_keyword,패션의류,,패션_앵커,12.56503,1.0,kw_b02,,,50000000,True
2025-04-07,naver_datalab_keyword,패션의류,,코트,0.44177,0.04725586111952009,kw_b01,,,50000000,False
2025-04-07,naver_datalab_keyword,패션의류,,패딩,0.12778,0.013668546831727545,kw_b01,,,50000000,False
2025-04-07,naver_datalab_keyword,패션의류,,패션_앵커,9.34847,1.0,kw_b01,,,50000000,True
2025-04-07,naver_datalab_keyword,패션의류,,히트텍,0.05111,0.005467204793939543,kw_b01,,,50000000,False
2025-04-07,naver_datalab_keyword,패션의류,,가디건,3.48126,0.3723882089796512,kw_b02,,,50000000,False
2025-04-07,naver_datalab_keyword,패션의류,,반팔,0.35962,0.03846832690269102,kw_b02,,,50000000,False
2025-04-07,naver_datalab_keyword,패션의류,,자켓,1.73606,0.18570525444270558,kw_b02,,,50000000,False
2025-04-07,naver_datalab_keyword,패션의류,,패션_앵커,9.34847,1.0,kw_b02,,,50000000,True
2025-04-08,naver_datalab_keyword,패션의류,,코트,0.5513,0.055179385550067316,kw_b01,,,50000000,False
2025-04-08,naver_datalab_keyword,패션의류,,패딩,0.06571,0.00657688631325036,kw_b01,,,50000000,False
2025-04-08,naver_datalab_keyword,패션의류,,패션_앵커,9.99105,1.0,kw_b01,,,50000000,True
2025-04-08,naver_datalab_keyword,패션의류,,히트텍,0.02738,0.0027404527051711285,kw_b01,,,50000000,False
2025-04-08,naver_datalab_keyword,패션의류,,가디건,3.39546,0.33985016589847916,kw_b02,,,50000000,False
2025-04-08,naver_datalab_keyword,패션의류,,반팔,0.33954,0.03398441605236687,kw_b02,,,50000000,False
2025-04-08,naver_datalab_keyword,패션의류,,자켓,1.54256,0.15439418279360026,kw_b02,,,50000000,False
2025-04-08,naver_datalab_keyword,패션의류,,패션_앵커,9.99105,1.0,kw_b02,,,50000000,True
2025-04-09,naver_datalab_keyword,패션의류,,코트,0.49288,0.04356865546040209,kw_b01,,,50000000,False
2025-04-09,naver_datalab_keyword,패션의류,,패딩,0.06754,0.005970270633410886,kw_b01,,,50000000,False
2025-04-09,naver_datalab_keyword,패션의류,,패션_앵커,11.31272,1.0,kw_b01,,,50000000,True
2025-04-09,naver_datalab_keyword,패션의류,,히트텍,0.03468,0.0030655757412894513,kw_b01,,,50000000,False
2025-04-09,naver_datalab_keyword,패션의류,,가디건,3.38085,0.2988538565437843,kw_b02,,,50000000,False
2025-04-09,naver_datalab_keyword,패션의류,,반팔,0.44177,0.039050732273051926,kw_b02,,,50000000,False
2025-04-09,naver_datalab_keyword,패션의류,,자켓,1.73789,0.15362264778055143,kw_b02,,,50000000,False
2025-04-09,naver_datalab_keyword,패션의류,,패션_앵커,11.31272,1.0,kw_b02,,,50000000,True
2025-04-10,naver_datalab_keyword,패션의류,,코트,0.51479,0.0456897033750507,kw_b01,,,50000000,False
2025-04-10,naver_datalab_keyword,패션의류,,패딩,0.16977,0.015067777039146754,kw_b01,,,50000000,False
2025-04-10,naver_datalab_keyword,패션의류,,패션_앵커,11.26709,1.0,kw_b01,,,50000000,True
2025-04-10,naver_datalab_keyword,패션의류,,히트텍,0.03468,0.0030779908565565736,kw_b01,,,50000000,False
2025-04-10,naver_datalab_keyword,패션의류,,가디건,3.19648,0.2837005828479226,kw_b02,,,50000000,False
2025-04-10,naver_datalab_keyword,패션의류,,반팔,0.40343,0.035806051074412294,kw_b02,,,50000000,False
2025-04-10,naver_datalab_keyword,패션의류,,자켓,2.05553,0.1824366362565667,kw_b02,,,50000000,False
2025-04-10,naver_datalab_keyword,패션의류,,패션_앵커,11.26709,1.0,kw_b02,,,50000000,True
2025-04-11,naver_datalab_keyword,패션의류,,코트,1.92957,0.15245924954370552,kw_b01,,,50000000,False
2025-04-11,naver_datalab_keyword,패션의류,,패딩,0.07667,0.006057852610952649,kw_b01,,,50000000,False
2025-04-11,naver_datalab_keyword,패션의류,,패션_앵커,12.6563,1.0,kw_b01,,,50000000,True
2025-04-11,naver_datalab_keyword,패션의류,,히트텍,0.0146,0.0011535756895775227,kw_b01,,,50000000,False
2025-04-11,naver_datalab_keyword,패션의류,,가디건,2.31475,0.1828931046198336,kw_b02,,,50000000,False
2025-04-11,naver_datalab_keyword,패션의류,,반팔,0.50201,0.039664830953754254,kw_b02,,,50000000,False
2025-04-11,naver_datalab_keyword,패션의류,,자켓,3.25489,0.2571754778252728,kw_b02,,,50000000,False
2025-04-11,naver_datalab_keyword,패션의류,,패션_앵커,12.6563,1.0,kw_b02,,,50000000,True
2025-04-12,naver_datalab_keyword,패션의류,,코트,0.39431,0.02901655292387892,kw_b01,,,50000000,False
2025-04-12,naver_datalab_keyword,패션의류,,패딩,0.09492,0.006984989484249924,kw_b01,,,50000000,False
2025-04-12,naver_datalab_keyword,패션의류,,패션_앵커,13.58914,1.0,kw_b01,,,50000000,True
2025-04-12,naver_datalab_keyword,패션의류,,히트텍,0.0073,0.0005371936708283232,kw_b01,,,50000000,False
2025-04-12,naver_datalab_keyword,패션의류,,가디건,2.46262,0.1812197092678418,kw_b02,,,50000000,False
2025-04-12,naver_datalab_keyword,패션의류,,레인부츠,0.00365,0.0002685968354141616,kw_b02,,,50000000,False
2025-04-12,naver_datalab_keyword,패션의류,,반팔,0.5513,0.04056916037365131,kw_b02,,,50000000,False
2025-04-12,naver_datalab_keyword,패션의류,,자켓,2.55207,0.18780217143984093,kw_b02,,,50000000,False
2025-04-12,naver_datalab_keyword,패션의류,,패션_앵커,13.58914,1.0,kw_b02,,,50000000,True
2025-04-13,naver_datalab_keyword,패션의류,,코트,0.76124,0.05148780576887438,kw_b01,,,50000000,False
2025-04-13,naver_datalab_keyword,패션의류,,패딩,0.17342,0.01172956659718117,kw_b01,,,50000000,False
2025-04-13,naver_datalab_keyword,패션의류,,패션_앵커,14.78486,1.0,kw_b01,,,50000000,True
2025-04-13,naver_datalab_keyword,패션의류,,히트텍,0.03103,0.0020987686051812462,kw_b01,,,50000000,False
2025-04-13,naver_datalab_keyword,패션의류,,가디건,3.26767,0.2210146054815534,kw_b02,,,50000000,False
2025-04-13,naver_datalab_keyword,패션의류,,반팔,0.37605,0.025434802899723094,kw_b02,,,50000000,False
2025-04-13,naver_datalab_keyword,패션의류,,자켓,3.34069,0.2259534415611646,kw_b02,,,50000000,False
2025-04-13,naver_datalab_keyword,패션의류,,패션_앵커,14.78486,1.0,kw_b02,,,50000000,True
2025-04-14,naver_datalab_keyword,패션의류,,코트,0.51662,0.04605359339620959,kw_b01,,,50000000,False
2025-04-14,naver_datalab_keyword,패션의류,,패딩,0.16794,0.014970849899267237,kw_b01,,,50000000,False
2025-04-14,naver_datalab_keyword,패션의류,,패션_앵커,11.2178,1.0,kw_b01,,,50000000,True
2025-04-14,naver_datalab_keyword,패션의류,,히트텍,0.06206,0.005532279056499491,kw_b01,,,50000000,False
2025-04-14,naver_datalab_keyword,패션의류,,가디건,2.64882,0.23612651322006098,kw_b02,,,50000000,False
2025-04-14,naver_datalab_keyword,패션의류,,레인부츠,0.00547,0.00048761789299149567,kw_b02,,,50000000,False
2025-04-14,naver_datalab_keyword,패션의류,,반팔,0.29025,0.02587405730178823,kw_b02,,,50000000,False
2025-04-14,naver_datalab_keyword,패션의류,,자켓,3.03218,0.2703007719873772,kw_b02,,,50000000,False
2025-04-14,naver_datalab_keyword,패션의류,,패션_앵커,11.2178,1.0,kw_b02,,,50000000,True
2025-04-15,naver_datalab_keyword,패션의류,,코트,0.4728,0.043216286178100825,kw_b01,,,50000000,False
2025-04-15,naver_datalab_keyword,패션의류,,패딩,0.15699,0.014349671673223452,kw_b01,,,50000000,False
2025-04-15,naver_datalab_keyword,패션의류,,패션_앵커,10.94032,1.0,kw_b01,,,50000000,True
2025-04-15,naver_datalab_keyword,패션의류,,히트텍,0.01825,0.0016681413340743233,kw_b01,,,50000000,False
2025-04-15,naver_datalab_keyword,패션의류,,가디건,2.81677,0.2574668748263305,kw_b02,,,50000000,False
2025-04-15,naver_datalab_keyword,패션의류,,반팔,0.31946,0.02920024277169224,kw_b02,,,50000000,False
2025-04-15,naver_datalab_keyword,패션의류,,자켓,2.73462,0.24995795369788087,kw_b02,,,50000000,False
2025-04-15,naver_datalab_keyword,패션의류,,패션_앵커,10.94032,1.0,kw_b02,,,50000000,True
2025-04-16,naver_datalab_keyword,패션의류,,코트,0.49654,0.04379323848061611,kw_b01,,,50000000,False
2025-04-16,naver_datalab_keyword,패션의류,,패딩,0.07667,0.0067620485646852965,kw_b01,,,50000000,False
2025-04-16,naver_datalab_keyword,패션의류,,패션_앵커,11.33828,1.0,kw_b01,,,50000000,True
2025-04-16,naver_datalab_keyword,패션의류,,히트텍,0.03285,0.0028972648408753356,kw_b01,,,50000000,False
2025-04-16,naver_datalab_keyword,패션의류,,가디건,2.63057,0.23200785304296598,kw_b02,,,50000000,False
2025-04-16,naver_datalab_keyword,패션의류,,반팔,0.40526,0.03574263468533147,kw_b02,,,50000000,False
2025-04-16,naver_datalab_keyword,패션의류,,자켓,2.11029,0.18612082255862442,kw_b02,,,50000000,False
2025-04-16,naver_datalab_keyword,패션의류,,패션_앵커,11.33828,1.0,kw_b02,,,50000000,True
2025-04-17,naver_datalab_keyword,패션의류,,코트,0.41256,0.034624855436025094,kw_b01,,,50000000,False
2025-04-17,naver_datalab_keyword,패션의류,,패딩,0.07667,0.006434670511634778,kw_b01,,,50000000,False
2025-04-17,naver_datalab_keyword,패션의류,,패션_앵커,11.91514,1.0,kw_b01,,,50000000,True
2025-04-17,naver_datalab_keyword,패션의류,,히트텍,0.00912,0.0007654127437864767,kw_b01,,,50000000,False
2025-04-17,naver_datalab_keyword,패션의류,,가디건,3.04678,0.2557066052098423,kw_b02,,,50000000,False
2025-04-17,naver_datalab_keyword,패션의류,,반팔,0.61337,0.05147820336143764,kw_b02,,,50000000,False
2025-04-17,naver_datalab_keyword,패션의류,,자켓,1.84012,0.1544354493526723,kw_b02,,,50000000,False
2025-04-17,naver_datalab_keyword,패션의류,,패션_앵커,11.91514,1.0,kw_b02,,,50000000,True
2025-04-18,naver_datalab_keyword,패션의류,,코트,0.2939,0.02816577460671896,kw_b01,,,50000000,False
2025-04-18,naver_datalab_keyword,패션의류,,패딩,0.08762,0.008397023378838773,kw_b01,,,50000000,False
2025-04-18,naver_datalab_keyword,패션의류,,패션_앵커,10.43465,1.0,kw_b01,,,50000000,True
2025-04-18,naver_datalab_keyword,패션의류,,히트텍,0.05293,0.0050725227966438744,kw_b01,,,50000000,False
2025-04-18,naver_datalab_keyword,패션의류,,가디건,2.67438,0.2562980071205072,kw_b02,,,50000000,False
2025-04-18,naver_datalab_keyword,패션의류,,레인부츠,0.00182,0.0001744188832399745,kw_b02,,,50000000,False
2025-04-18,naver_datalab_keyword,패션의류,,반팔,0.64623,0.06193116204185095,kw_b02,,,50000000,False
2025-04-18,naver_datalab_keyword,패션의류,,자켓,0.96569,0.09254646777802802,kw_b02,,,50000000,False
2025-04-18,naver_datalab_keyword,패션의류,,패션_앵커,10.43465,1.0,kw_b02,,,50000000,True
2025-04-19,naver_datalab_keyword,패션의류,,코트,0.21723,0.01724087300421994,kw_b01,,,50000000,False
2025-04-19,naver_datalab_keyword,패션의류,,패딩,0.05111,0.004056442568916269,kw_b01,,,50000000,False
2025-04-19,naver_datalab_keyword,패션의류,,패션_앵커,12.59971,1.0,kw_b01,,,50000000,True
2025-04-19,naver_datalab_keyword,패션의류,,히트텍,0.0292,0.0023175136570603608,kw_b01,,,50000000,False
2025-04-19,naver_datalab_keyword,패션의류,,가디건,2.53016,0.200810971046159,kw_b02,,,50000000,False
2025-04-19,naver_datalab_keyword,패션의류,,반팔,0.75028,0.05954740228148108,kw_b02,,,50000000,False
2025-04-19,naver_datalab_keyword,패션의류,,자켓,1.07522,0.08533688473782333,kw_b02,,,50000000,False
2025-04-19,naver_datalab_keyword,패션의류,,패션_앵커,12.59971,1.0,kw_b02,,,50000000,True
2025-04-20,naver_datalab_keyword,패션의류,,코트,0.35597,0.025086435692267792,kw_b01,,,50000000,False
2025-04-20,naver_datalab_keyword,패션의류,,패딩,0.1223,0.008618903517612022,kw_b01,,,50000000,False
2025-04-20,naver_datalab_keyword,패션의류,,패션_앵커,14.18974,1.0,kw_b01,,,50000000,True
2025-04-20,naver_datalab_keyword,패션의류,,히트텍,0.01277,0.0008999460173336509,kw_b01,,,50000000,False
2025-04-20,naver_datalab_keyword,패션의류,,가디건,2.89892,0.20429690748385804,kw_b02,,,50000000,False
2025-04-20,naver_datalab_keyword,패션의류,,반팔,0.88172,0.06213785453433255,kw_b02,,,50000000,False
2025-04-20,naver_datalab_keyword,패션의류,,자켓,1.20119,0.08465200912772186,kw_b02,,,50000000,False
2025-04-20,naver_datalab_keyword,패션의류,,패션_앵커,14.18974,1.0,kw_b02,,,50000000,True
2025-04-21,naver_datalab_keyword,패션의류,,코트,0.1789,0.013170225719558852,kw_b01,,,50000000,False
2025-04-21,naver_datalab_keyword,패션의류,,패딩,0.05111,0.0037626061292713973,kw_b01,,,50000000,False
2025-04-21,naver_datalab_keyword,패션의류,,패션_앵커,13.58367,1.0,kw_b01,,,50000000,True
2025-04-21,naver_datalab_keyword,패션의류,,히트텍,0.02373,0.0017469505663786002,kw_b01,,,50000000,False
2025-04-21,naver_datalab_keyword,패션의류,,가디건,2.52103,0.18559270064717415,kw_b02,,,50000000,False
2025-04-21,naver_datalab_keyword,패션의류,,레인부츠,0.00365,0.0002687049965141968,kw_b02,,,50000000,False
2025-04-21,naver_datalab_keyword,패션의류,,반팔,1.09713,0.08076830488373171,kw_b02,,,50000000,False
2025-04-21,naver_datalab_keyword,패션의류,,자켓,0.91275,0.06719465358036525,kw_b02,,,50000000,False
2025-04-21,naver_datalab_keyword,패션의류,,패션_앵커,13.58367,1.0,kw_b02,,,50000000,True
2025-04-22,naver_datalab_keyword,패션의류,,코트,0.22818,0.018154651085078147,kw_b01,,,50000000,False
2025-04-22,naver_datalab_keyword,패션의류,,패딩,0.03651,0.0029048396490323567,kw_b01,,,50000000,False
2025-04-22,naver_datalab_keyword,패션의류,,패션_앵커,12.56868,1.0,kw_b01,,,50000000,True
2025-04-22,naver_datalab_keyword,패션의류,,히트텍,0.02738,0.0021784308296495733,kw_b01,,,50000000,False
2025-04-22,naver_datalab_keyword,패션의류,,가디건,2.60501,0.207262019559731,kw_b02,,,50000000,False
2025-04-22,naver_datalab_keyword,패션의류,,레인부츠,0.00182,0.00014480438677729084,kw_b02,,,50000000,False
2025-04-22,naver_datalab_keyword,패션의류,,반팔,0.90728,0.07218578243697826,kw_b02,,,50000000,False
2025-04-22,naver_datalab_keyword,패션의류,,자켓,0.92371,0.07349300006046776,kw_b02,,,50000000,False
2025-04-22,naver_datalab_keyword,패션의류,,패션_앵커,12.56868,1.0,kw_b02,,,50000000,True
2025-04-23,naver_datalab_keyword,패션의류,,코트,0.18437,0.015153196291301027,kw_b01,,,50000000,False
2025-04-23,naver_datalab_keyword,패션의류,,패딩,0.05659,0.004651078690268076,kw_b01,,,50000000,False
2025-04-23,naver_datalab_keyword,패션의류,,패션_앵커,12.16707,1.0,kw_b01,,,50000000,True
2025-04-23,naver_datalab_keyword,패션의류,,히트텍,0.01277,0.001049554247653708,kw_b01,,,50000000,False
2025-04-23,naver_datalab_keyword,패션의류,,가디건,2.49183,0.20480115590688638,kw_b02,,,50000000,False
2025-04-23,naver_datalab_keyword,패션의류,,레인부츠,0.00182,0.00014958408228110792,kw_b02,,,50000000,False
2025-04-23,naver_datalab_keyword,패션의류,,반팔,0.68274,0.05611375622890309,kw_b02,,,50000000,False
2025-04-23,naver_datalab_keyword,패션의류,,자켓,0.8087,0.06646628974765494,kw_b02,,,50000000,False
2025-04-23,naver_datalab_keyword,패션의류,,패션_앵커,12.16707,1.0,kw_b02,,,50000000,True
2025-04-24,naver_datalab_keyword,패션의류,,코트,0.12413,0.009846101616401022,kw_b01,,,50000000,False
2025-04-24,naver_datalab_keyword,패션의류,,패딩,0.0292,0.0023161698799557704,kw_b01,,,50000000,False
2025-04-24,naver_datalab_keyword,패션의류,,패션_앵커,12.60702,1.0,kw_b01,,,50000000,True
2025-04-24,naver_datalab_keyword,패션의류,,히트텍,0.01095,0.0008685637049834139,kw_b01,,,50000000,False
2025-04-24,naver_datalab_keyword,패션의류,,가디건,2.19609,0.1741958051942489,kw_b02,,,50000000,False
2025-04-24,naver_datalab_keyword,패션의류,,반팔,0.7156,0.05676202623617635,kw_b02,,,50000000,False
2025-04-24,naver_datalab_keyword,패션의류,,자켓,0.83791,0.06646376383951164,kw_b02,,,50000000,False
2025-04-24,naver_datalab_keyword,패션의류,,패션_앵커,12.60702,1.0,kw_b02,,,50000000,True
2025-04-25,naver_datalab_keyword,패션의류,,코트,0.17707,0.0166604567488634,kw_b01,,,50000000,False
2025-04-25,naver_datalab_keyword,패션의류,,패딩,0.06754,0.0063548158853461,kw_b01,,,50000000,False
2025-04-25,naver_datalab_keyword,패션의류,,패션_앵커,10.62816,1.0,kw_b01,,,50000000,True
2025-04-25,naver_datalab_keyword,패션의류,,히트텍,0.01642,0.0015449522777225787,kw_b01,,,50000000,False
2025-04-25,naver_datalab_keyword,패션의류,,가디건,2.36952,0.22294733989702828,kw_b02,,,50000000,False
2025-04-25,naver_datalab_keyword,패션의류,,반팔,0.60789,0.05719616565802548,kw_b02,,,50000000,False
2025-04-25,naver_datalab_keyword,패션의류,,자켓,0.69917,0.06578467015927499,kw_b02,,,50000000,False
2025-04-25,naver_datalab_keyword,패션의류,,패션_앵커,10.62816,1.0,kw_b02,,,50000000,True
2025-04-26,naver_datalab_keyword,패션의류,,코트,0.18437,0.014405369295319057,kw_b01,,,50000000,False
2025-04-26,naver_datalab_keyword,패션의류,,패딩,0.0292,0.002281481712986475,kw_b01,,,50000000,False
2025-04-26,naver_datalab_keyword,패션의류,,패션_앵커,12.7987,1.0,kw_b01,,,50000000,True
2025-04-26,naver_datalab_keyword,패션의류,,히트텍,0.01825,0.0014259260706165468,kw_b01,,,50000000,False
2025-04-26,naver_datalab_keyword,패션의류,,가디건,2.10482,0.16445576503863674,kw_b02,,,50000000,False
2025-04-26,naver_datalab_keyword,패션의류,,반팔,0.71925,0.056197113769367195,kw_b02,,,50000000,False
2025-04-26,naver_datalab_keyword,패션의류,,자켓,0.89267,0.06974692742231632,kw_b02,,,50000000,False
2025-04-26,naver_datalab_keyword,패션의류,,패션_앵커,12.7987,1.0,kw_b02,,,50000000,True
2025-04-27,naver_datalab_keyword,패션의류,,코트,0.25374,0.01866473649134731,kw_b01,,,50000000,False
2025-04-27,naver_datalab_keyword,패션의류,,패딩,0.05293,0.003893451968499303,kw_b01,,,50000000,False
2025-04-27,naver_datalab_keyword,패션의류,,패션_앵커,13.59462,1.0,kw_b01,,,50000000,True
2025-04-27,naver_datalab_keyword,패션의류,,히트텍,0.02555,0.0018794199470084489,kw_b01,,,50000000,False
2025-04-27,naver_datalab_keyword,패션의류,,가디건,2.61231,0.1921576329459742,kw_b02,,,50000000,False
2025-04-27,naver_datalab_keyword,패션의류,,반팔,0.77584,0.057069634899688255,kw_b02,,,50000000,False
2025-04-27,naver_datalab_keyword,패션의류,,자켓,0.83243,0.06123231101715237,kw_b02,,,50000000,False
2025-04-27,naver_datalab_keyword,패션의류,,패션_앵커,13.59462,1.0,kw_b02,,,50000000,True
2025-04-28,naver_datalab_keyword,패션의류,,코트,0.12413,0.010265278005196731,kw_b01,,,50000000,False
2025-04-28,naver_datalab_keyword,패션의류,,패딩,0.06206,0.005132225513594692,kw_b01,,,50000000,False
2025-04-28,naver_datalab_keyword,패션의류,,패션_앵커,12.09222,1.0,kw_b01,,,50000000,True
2025-04-28,naver_datalab_keyword,패션의류,,가디건,2.51008,0.2075780956681238,kw_b02,,,50000000,False
2025-04-28,naver_datalab_keyword,패션의류,,반팔,0.50384,0.04166645992216483,kw_b02,,,50000000,False
2025-04-28,naver_datalab_keyword,패션의류,,자켓,0.58233,0.04815741030183044,kw_b02,,,50000000,False
2025-04-28,naver_datalab_keyword,패션의류,,패션_앵커,12.09222,1.0,kw_b02,,,50000000,True
2025-04-29,naver_datalab_keyword,패션의류,,코트,0.15881,0.014058597999874295,kw_b01,,,50000000,False
2025-04-29,naver_datalab_keyword,패션의류,,패딩,0.03468,0.003070034498052015,kw_b01,,,50000000,False
2025-04-29,naver_datalab_keyword,패션의류,,패션_앵커,11.29629,1.0,kw_b01,,,50000000,True
2025-04-29,naver_datalab_keyword,패션의류,,히트텍,0.01095,0.0009693448025856275,kw_b01,,,50000000,False
2025-04-29,naver_datalab_keyword,패션의류,,가디건,2.28189,0.2020034896412893,kw_b02,,,50000000,False
2025-04-29,naver_datalab_keyword,패션의류,,반팔,0.4436,0.03926953008465611,kw_b02,,,50000000,False
2025-04-29,naver_datalab_keyword,패션의류,,자켓,0.79044,0.06997341605075648,kw_b02,,,50000000,False
2025-04-29,naver_datalab_keyword,패션의류,,패션_앵커,11.29629,1.0,kw_b02,,,50000000,True
2025-04-30,naver_datalab_keyword,패션의류,,코트,0.21541,0.018573830566932528,kw_b01,,,50000000,False
2025-04-30,naver_datalab_keyword,패션의류,,패딩,0.02373,0.0020461306316016383,kw_b01,,,50000000,False
2025-04-30,naver_datalab_keyword,패션의류,,패션_앵커,11.5975,1.0,kw_b01,,,50000000,True
2025-04-30,naver_datalab_keyword,패션의류,,히트텍,0.0146,0.0012588920025867643,kw_b01,,,50000000,False
2025-04-30,naver_datalab_keyword,패션의류,,가디건,1.97338,0.17015563699073075,kw_b02,,,50000000,False
2025-04-30,naver_datalab_keyword,패션의류,,반팔,0.50019,0.04312912265574478,kw_b02,,,50000000,False
2025-04-30,naver_datalab_keyword,패션의류,,자켓,0.58233,0.05021168355248976,kw_b02,,,50000000,False
2025-04-30,naver_datalab_keyword,패션의류,,패션_앵커,11.5975,1.0,kw_b02,,,50000000,True
2025-05-01,naver_datalab_keyword,패션의류,,코트,0.19898,0.016648733314033364,kw_b01,,,50000000,False
2025-05-01,naver_datalab_keyword,패션의류,,패딩,0.04928,0.004123276599233914,kw_b01,,,50000000,False
2025-05-01,naver_datalab_keyword,패션의류,,패션_앵커,11.95166,1.0,kw_b01,,,50000000,True
2025-05-01,naver_datalab_keyword,패션의류,,히트텍,0.0146,0.0012215876288314761,kw_b01,,,50000000,False
2025-05-01,naver_datalab_keyword,패션의류,,가디건,2.34578,0.1962723169835822,kw_b02,,,50000000,False
2025-05-01,naver_datalab_keyword,패션의류,,레인부츠,0.00182,0.00015228010167625249,kw_b02,,,50000000,False
2025-05-01,naver_datalab_keyword,패션의류,,반팔,0.46733,0.03910168127272697,kw_b02,,,50000000,False
2025-05-01,naver_datalab_keyword,패션의류,,자켓,0.70282,0.05880522036269439,kw_b02,,,50000000,False
2025-05-01,naver_datalab_keyword,패션의류,,패션_앵커,11.95166,1.0,kw_b02,,,50000000,True
2025-05-02,naver_datalab_keyword,패션의류,,코트,0.21358,0.022116645162359245,kw_b01,,,50000000,False
2025-05-02,naver_datalab_keyword,패션의류,,패딩,0.05841,0.006048474781971174,kw_b01,,,50000000,False
2025-05-02,naver_datalab_keyword,패션의류,,패션_앵커,9.65698,1.0,kw_b01,,,50000000,True
2025-05-02,naver_datalab_keyword,패션의류,,히트텍,0.02738,0.0028352549140621603,kw_b01,,,50000000,False
2025-05-02,naver_datalab_keyword,패션의류,,가디건,1.85107,0.19168207866227327,kw_b02,,,50000000,False
2025-05-02,naver_datalab_keyword,패션의류,,반팔,0.40343,0.041776000364503185,kw_b02,,,50000000,False
2025-05-02,naver_datalab_keyword,패션의류,,자켓,0.61519,0.06370418081014975,kw_b02,,,50000000,False
2025-05-02,naver_datalab_keyword,패션의류,,패션_앵커,9.65698,1.0,kw_b02,,,50000000,True
2025-05-03,naver_datalab_keyword,패션의류,,코트,0.12778,0.01135019133128915,kw_b01,,,50000000,False
2025-05-03,naver_datalab_keyword,패션의류,,패딩,0.09127,0.008107152628007205,kw_b01,,,50000000,False
2025-05-03,naver_datalab_keyword,패션의류,,패션_앵커,11.25796,1.0,kw_b01,,,50000000,True
2025-05-03,naver_datalab_keyword,패션의류,,히트텍,0.0219,0.0019452902657319797,kw_b01,,,50000000,False
2025-05-03,naver_datalab_keyword,패션의류,,가디건,2.18879,0.1944215470653653,kw_b02,,,50000000,False
2025-05-03,naver_datalab_keyword,패션의류,,레인부츠,0.00182,0.00016166339194667595,kw_b02,,,50000000,False
2025-05-03,naver_datalab_keyword,패션의류,,반팔,0.39066,0.0347007806032354,kw_b02,,,50000000,False
2025-05-03,naver_datalab_keyword,패션의류,,자켓,0.68274,0.06064509022949095,kw_b02,,,50000000,False
2025-05-03,naver_datalab_keyword,패션의류,,패션_앵커,11.25796,1.0,kw_b02,,,50000000,True
2025-05-04,naver_datalab_keyword,패션의류,,코트,0.14056,0.014219279992149855,kw_b01,,,50000000,False
2025-05-04,naver_datalab_keyword,패션의류,,패딩,0.06754,0.00683245710493598,kw_b01,,,50000000,False
2025-05-04,naver_datalab_keyword,패션의류,,패션_앵커,9.88517,1.0,kw_b01,,,50000000,True
2025-05-04,naver_datalab_keyword,패션의류,,히트텍,0.00365,0.00036923998272159203,kw_b01,,,50000000,False
2025-05-04,naver_datalab_keyword,패션의류,,가디건,2.09751,0.2121875496324292,kw_b02,,,50000000,False
2025-05-04,naver_datalab_keyword,패션의류,,레인부츠,0.00182,0.00018411418316528698,kw_b02,,,50000000,False
2025-05-04,naver_datalab_keyword,패션의류,,반팔,0.51479,0.052077000193218724,kw_b02,,,50000000,False
2025-05-04,naver_datalab_keyword,패션의류,,자켓,0.8945,0.0904890861765655,kw_b02,,,50000000,False
2025-05-04,naver_datalab_keyword,패션의류,,패션_앵커,9.88517,1.0,kw_b02,,,50000000,True
2025-05-05,naver_datalab_keyword,패션의류,,목도리,0.00365,0.0003161662289424629,kw_b01,,,50000000,False
2025-05-05,naver_datalab_keyword,패션의류,,코트,0.21723,0.01881665477073184,kw_b01,,,50000000,False
2025-05-05,naver_datalab_keyword,패션의류,,패딩,0.06024,0.005218042090820265,kw_b01,,,50000000,False
2025-05-05,naver_datalab_keyword,패션의류,,패션_앵커,11.54456,1.0,kw_b01,,,50000000,True
2025-05-05,naver_datalab_keyword,패션의류,,히트텍,0.00365,0.0003161662289424629,kw_b01,,,50000000,False
2025-05-05,naver_datalab_keyword,패션의류,,가디건,2.28189,0.19765933045521009,kw_b02,,,50000000,False
2025-05-05,naver_datalab_keyword,패션의류,,반팔,0.387,0.03352228235636525,kw_b02,,,50000000,False
2025-05-05,naver_datalab_keyword,패션의류,,자켓,0.60424,0.052339803335943506,kw_b02,,,50000000,False
2025-05-05,naver_datalab_keyword,패션의류,,패션_앵커,11.54456,1.0,kw_b02,,,50000000,True
2025-05-06,naver_datalab_keyword,패션의류,,코트,0.21906,0.017717251876786407,kw_b01,,,50000000,False
2025-05-06,naver_datalab_keyword,패션의류,,패딩,0.04198,0.003395280899239904,kw_b01,,,50000000,False
2025-05-06,naver_datalab_keyword,패션의류,,패션_앵커,12.36422,1.0,kw_b01,,,50000000,True
2025-05-06,naver_datalab_keyword,패션의류,,히트텍,0.0146,0.0011808266109790994,kw_b01,,,50000000,False
2025-05-06,naver_datalab_keyword,패션의류,,가디건,2.26911,0.18352229255060165,kw_b02,,,50000000,False
2025-05-06,naver_datalab_keyword,패션의류,,반팔,0.39248,0.031743207416238144,kw_b02,,,50000000,False
2025-05-06,naver_datalab_keyword,패션의류,,자켓,0.83608,0.06762092554160312,kw_b02,,,50000000,False
2025-05-06,naver_datalab_keyword,패션의류,,패션_앵커,12.36422,1.0,kw_b02,,,50000000,True
2025-05-07,naver_datalab_keyword,패션의류,,코트,0.19533,0.01802559185549258,kw_b01,,,50000000,False
2025-05-07,naver_datalab_keyword,패션의류,,패딩,0.06571,0.006063900275556327,kw_b01,,,50000000,False
2025-05-07,naver_datalab_keyword,패션의류,,패션_앵커,10.83626,1.0,kw_b01,,,50000000,True
2025-05-07,naver_datalab_keyword,패션의류,,히트텍,0.01642,0.0015152829481758468,kw_b01,,,50000000,False
2025-05-07,naver_datalab_keyword,패션의류,,가디건,2.4827,0.22911041263314097,kw_b02,,,50000000,False
2025-05-07,naver_datalab_keyword,패션의류,,반팔,0.49654,0.04582208252662819,kw_b02,,,50000000,False
2025-05-07,naver_datalab_keyword,패션의류,,자켓,0.75028,0.06923791049679502,kw_b02,,,50000000,False
2025-05-07,naver_datalab_keyword,패션의류,,패션_앵커,10.83626,1.0,kw_b02,,,50000000,True
2025-05-08,naver_datalab_keyword,패션의류,,코트,0.1223,0.011708279084016237,kw_b01,,,50000000,False
2025-05-08,naver_datalab_keyword,패션의류,,패딩,0.06206,0.00594125756299303,kw_b01,,,50000000,False
2025-05-08,naver_datalab_keyword,패션의류,,패션_앵커,10.4456,1.0,kw_b01,,,50000000,True
2025-05-08,naver_datalab_keyword,패션의류,,히트텍,0.0146,0.0013977176993183733,kw_b01,,,50000000,False
2025-05-08,naver_datalab_keyword,패션의류,,가디건,2.32935,0.22299820019912686,kw_b02,,,50000000,False
2025-05-08,naver_datalab_keyword,패션의류,,반팔,0.3797,0.036350233591177145,kw_b02,,,50000000,False
2025-05-08,naver_datalab_keyword,패션의류,,자켓,0.87259,0.08353660871563146,kw_b02,,,50000000,False
2025-05-08,naver_datalab_keyword,패션의류,,패션_앵커,10.4456,1.0,kw_b02,,,50000000,True
2025-05-09,naver_datalab_keyword,패션의류,,코트,0.1935,0.016307288304429682,kw_b01,,,50000000,False
2025-05-09,naver_datalab_keyword,패션의류,,패딩,0.04016,0.0033844997328470084,kw_b01,,,50000000,False
2025-05-09,naver_datalab_keyword,패션의류,,패션_앵커,11.86586,1.0,kw_b01,,,50000000,True
2025-05-09,naver_datalab_keyword,패션의류,,히트텍,0.01095,0.0009228155397080363,kw_b01,,,50000000,False
2025-05-09,naver_datalab_keyword,패션의류,,가디건,2.03727,0.17169172735899463,kw_b02,,,50000000,False
2025-05-09,naver_datalab_keyword,패션의류,,반팔,0.2793,0.02353811691693649,kw_b02,,,50000000,False
2025-05-09,naver_datalab_keyword,패션의류,,자켓,2.07926,0.17523045105875176,kw_b02,,,50000000,False
2025-05-09,naver_datalab_keyword,패션의류,,패션_앵커,11.86586,1.0,kw_b02,,,50000000,True
2025-05-10,naver_datalab_keyword,패션의류,,코트,0.19533,0.015400092559815006,kw_b01,,,50000000,False
2025-05-10,naver_datalab_keyword,패션의류,,패딩,0.04016,0.003166271014192242,kw_b01,,,50000000,False
2025-05-10,naver_datalab_keyword,패션의류,,패션_앵커,12.68369,1.0,kw_b01,,,50000000,True
2025-05-10,naver_datalab_keyword,패션의류,,히트텍,0.01642,0.0012945759475357723,kw_b01,,,50000000,False
2025-05-10,naver_datalab_keyword,패션의류,,가디건,2.28372,0.18005170419649172,kw_b02,,,50000000,False
2025-05-10,naver_datalab_keyword,패션의류,,반팔,0.36875,0.02907276983275372,kw_b02,,,50000000,False
2025-05-10,naver_datalab_keyword,패션의류,,자켓,0.93283,0.07354563222532244,kw_b02,,,50000000,False
2025-05-10,naver_datalab_keyword,패션의류,,패션_앵커,12.68369,1.0,kw_b02,,,50000000,True
2025-05-11,naver_datalab_keyword,패션의류,,코트,0.2008,0.015442412030930967,kw_b01,,,50000000,False
2025-05-11,naver_datalab_keyword,패션의류,,패딩,0.07484,0.00575552846810196,kw_b01,,,50000000,False
2025-05-11,naver_datalab_keyword,패션의류,,패션_앵커,13.00315,1.0,kw_b01,,,50000000,True
2025-05-11,naver_datalab_keyword,패션의류,,히트텍,0.0146,0.00112280485882267,kw_b01,,,50000000,False
2025-05-11,naver_datalab_keyword,패션의류,,가디건,2.4973,0.19205346396834613,kw_b02,,,50000000,False
2025-05-11,naver_datalab_keyword,패션의류,,반팔,0.48923,0.03762396034806951,kw_b02,,,50000000,False
2025-05-11,naver_datalab_keyword,패션의류,,자켓,1.26508,0.0972902719725605,kw_b02,,,50000000,False
2025-05-11,naver_datalab_keyword,패션의류,,패션_앵커,13.00315,1.0,kw_b02,,,50000000,True
2025-05-12,naver_datalab_keyword,패션의류,,코트,0.14786,0.012105254970923972,kw_b01,,,50000000,False
2025-05-12,naver_datalab_keyword,패션의류,,패딩,0.03651,0.002989063025757029,kw_b01,,,50000000,False
2025-05-12,naver_datalab_keyword,패션의류,,패션_앵커,12.21453,1.0,kw_b01,,,50000000,True
2025-05-12,naver_datalab_keyword,패션의류,,히트텍,0.01825,0.001494122164340339,kw_b01,,,50000000,False
2025-05-12,naver_datalab_keyword,패션의류,,가디건,2.52286,0.20654581060425575,kw_b02,,,50000000,False
2025-05-12,naver_datalab_keyword,패션의류,,반팔,0.51114,0.04184688236059841,kw_b02,,,50000000,False
2025-05-12,naver_datalab_keyword,패션의류,,자켓,1.06062,0.08683264931192604,kw_b02,,,50000000,False
2025-05-12,naver_datalab_keyword,패션의류,,패션_앵커,12.21453,1.0,kw_b02,,,50000000,True
2025-05-13,naver_datalab_keyword,패션의류,,코트,0.115,0.00945174146281726,kw_b01,,,50000000,False
2025-05-13,naver_datalab_keyword,패션의류,,패딩,0.06024,0.004951068745392276,kw_b01,,,50000000,False
2025-05-13,naver_datalab_keyword,패션의류,,패션_앵커,12.16707,1.0,kw_b01,,,50000000,True
2025-05-13,naver_datalab_keyword,패션의류,,히트텍,0.0073,0.0005999801102484,kw_b01,,,50000000,False
2025-05-13,naver_datalab_keyword,패션의류,,가디건,2.05735,0.1690916547698008,kw_b02,,,50000000,False
2025-05-13,naver_datalab_keyword,패션의류,,반팔,0.52209,0.04291008435062838,kw_b02,,,50000000,False
2025-05-13,naver_datalab_keyword,패션의류,,자켓,1.0022,0.08236987212204745,kw_b02,,,50000000,False
2025-05-13,naver_datalab_keyword,패션의류,,패션_앵커,12.16707,1.0,kw_b02,,,50000000,True
2025-05-14,naver_datalab_keyword,패션의류,,코트,0.15151,0.01167144920558498,kw_b01,,,50000000,False
2025-05-14,naver_datalab_keyword,패션의류,,패딩,0.0292,0.002249398170438132,kw_b01,,,50000000,False
2025-05-14,naver_datalab_keyword,패션의류,,패션_앵커,12.98125,1.0,kw_b01,,,50000000,True
2025-05-14,naver_datalab_keyword,패션의류,,히트텍,0.02373,0.001828021184400578,kw_b01,,,50000000,False
2025-05-14,naver_datalab_keyword,패션의류,,가디건,2.30562,0.17761155512758786,kw_b02,,,50000000,False
2025-05-14,naver_datalab_keyword,패션의류,,레인부츠,0.00182,0.00014020221473278767,kw_b02,,,50000000,False
2025-05-14,naver_datalab_keyword,패션의류,,반팔,0.57138,0.04401579200770342,kw_b02,,,50000000,False
2025-05-14,naver_datalab_keyword,패션의류,,자켓,0.77036,0.05934405392392875,kw_b02,,,50000000,False
2025-05-14,naver_datalab_keyword,패션의류,,패션_앵커,12.98125,1.0,kw_b02,,,50000000,True
2025-05-15,naver_datalab_keyword,패션의류,,코트,0.14786,0.012367726140100089,kw_b01,,,50000000,False
2025-05-15,naver_datalab_keyword,패션의류,,패딩,0.03103,0.002595499405703407,kw_b01,,,50000000,False
2025-05-15,naver_datalab_keyword,패션의류,,패션_앵커,11.95531,1.0,kw_b01,,,50000000,True
2025-05-15,naver_datalab_keyword,패션의류,,히트텍,0.01642,0.001373448283649692,kw_b01,,,50000000,False
2025-05-15,naver_datalab_keyword,패션의류,,가디건,1.55168,0.12979002635648929,kw_b02,,,50000000,False
2025-05-15,naver_datalab_keyword,패션의류,,레인부츠,0.00547,0.00045753727841436144,kw_b02,,,50000000,False
2025-05-15,naver_datalab_keyword,패션의류,,반팔,0.5586,0.04672400799310097,kw_b02,,,50000000,False
2025-05-15,naver_datalab_keyword,패션의류,,자켓,0.65901,0.05512278644384796,kw_b02,,,50000000,False
2025-05-15,naver_datalab_keyword,패션의류,,패션_앵커,11.95531,1.0,kw_b02,,,50000000,True
2025-05-16,naver_datalab_keyword,패션의류,,코트,0.11318,0.010621704765783809,kw_b01,,,50000000,False
2025-05-16,naver_datalab_keyword,패션의류,,패딩,0.03468,0.00325464500156726,kw_b01,,,50000000,False
2025-05-16,naver_datalab_keyword,패션의류,,패션_앵커,10.65554,1.0,kw_b01,,,50000000,True
2025-05-16,naver_datalab_keyword,패션의류,,가디건,1.58272,0.1485349405098193,kw_b02,,,50000000,False
2025-05-16,naver_datalab_keyword,패션의류,,레인부츠,0.00182,0.00017080316905572124,kw_b02,,,50000000,False
2025-05-16,naver_datalab_keyword,패션의류,,반팔,0.2793,0.02621171709739722,kw_b02,,,50000000,False
2025-05-16,naver_datalab_keyword,패션의류,,자켓,0.80322,0.07538050629062441,kw_b02,,,50000000,False
2025-05-16,naver_datalab_keyword,패션의류,,패션_앵커,10.65554,1.0,kw_b02,,,50000000,True
2025-05-17,naver_datalab_keyword,패션의류,,코트,0.10222,0.006860462540948345,kw_b01,,,50000000,False
2025-05-17,naver_datalab_keyword,패션의류,,패딩,0.02008,0.0013476627648429148,kw_b01,,,50000000,False
2025-05-17,naver_datalab_keyword,패션의류,,패션_앵커,14.89987,1.0,kw_b01,,,50000000,True
2025-05-17,naver_datalab_keyword,패션의류,,히트텍,0.01095,0.0007349057407883425,kw_b01,,,50000000,False
2025-05-17,naver_datalab_keyword,패션의류,,가디건,1.21761,0.08171950493527796,kw_b02,,,50000000,False
2025-05-17,naver_datalab_keyword,패션의류,,반팔,0.42899,0.028791526369022012,kw_b02,,,50000000,False
2025-05-17,naver_datalab_keyword,패션의류,,자켓,0.69552,0.04667960190256694,kw_b02,,,50000000,False
2025-05-17,naver_datalab_keyword,패션의류,,패션_앵커,14.89987,1.0,kw_b02,,,50000000,True
2025-05-18,naver_datalab_keyword,패션의류,,코트,0.10222,0.007217723599739027,kw_b01,,,50000000,False
2025-05-18,naver_datalab_keyword,패션의류,,패딩,0.05293,0.003737371455039979,kw_b01,,,50000000,False
2025-05-18,naver_datalab_keyword,패션의류,,패션_앵커,14.16236,1.0,kw_b01,,,50000000,True
2025-05-18,naver_datalab_keyword,패션의류,,히트텍,0.0146,0.001030901629389452,kw_b01,,,50000000,False
2025-05-18,naver_datalab_keyword,패션의류,,가디건,1.82916,0.12915644002835686,kw_b02,,,50000000,False
2025-05-18,naver_datalab_keyword,패션의류,,레인부츠,0.00365,0.000257725407347363,kw_b02,,,50000000,False
2025-05-18,naver_datalab_keyword,패션의류,,반팔,0.58051,0.040989637320333616,kw_b02,,,50000000,False
2025-05-18,naver_datalab_keyword,패션의류,,자켓,0.68274,0.048208067017079075,kw_b02,,,50000000,False
2025-05-18,naver_datalab_keyword,패션의류,,패션_앵커,14.16236,1.0,kw_b02,,,50000000,True
2025-05-19,naver_datalab_keyword,패션의류,,코트,0.10953,0.008936468100243788,kw_b01,,,50000000,False
2025-05-19,naver_datalab_keyword,패션의류,,패딩,0.04381,0.0035744240616422934,kw_b01,,,50000000,False
2025-05-19,naver_datalab_keyword,패션의류,,패션_앵커,12.25652,1.0,kw_b01,,,50000000,True
2025-05-19,naver_datalab_keyword,패션의류,,히트텍,0.01277,0.0010418944365937477,kw_b01,,,50000000,False
2025-05-19,naver_datalab_keyword,패션의류,,가디건,2.2326,0.18215610956454198,kw_b02,,,50000000,False
2025-05-19,naver_datalab_keyword,패션의류,,레인부츠,0.00365,0.0002978006807805152,kw_b02,,,50000000,False
2025-05-19,naver_datalab_keyword,패션의류,,반팔,0.48193,0.03932029646261745,kw_b02,,,50000000,False
2025-05-19,naver_datalab_keyword,패션의류,,자켓,0.54765,0.04468234050121894,kw_b02,,,50000000,False
2025-05-19,naver_datalab_keyword,패션의류,,패션_앵커,12.25652,1.0,kw_b02,,,50000000,True
2025-05-20,naver_datalab_keyword,패션의류,,코트,0.06206,0.004393933172000606,kw_b01,,,50000000,False
2025-05-20,naver_datalab_keyword,패션의류,,패딩,0.04016,0.0028433831161383235,kw_b01,,,50000000,False
2025-05-20,naver_datalab_keyword,패션의류,,패션_앵커,14.12402,1.0,kw_b01,,,50000000,True
2025-05-20,naver_datalab_keyword,패션의류,,히트텍,0.01095,0.0007752750279311414,kw_b01,,,50000000,False
2025-05-20,naver_datalab_keyword,패션의류,,가디건,1.45311,0.10288218226822109,kw_b02,,,50000000,False
2025-05-20,naver_datalab_keyword,패션의류,,반팔,0.66448,0.04704609594152373,kw_b02,,,50000000,False
2025-05-20,naver_datalab_keyword,패션의류,,자켓,0.44725,0.03166591381207333,kw_b02,,,50000000,False
2025-05-20,naver_datalab_keyword,패션의류,,패션_앵커,14.12402,1.0,kw_b02,,,50000000,True
2025-05-21,naver_datalab_keyword,패션의류,,코트,0.07119,0.004723497259057848,kw_b01,,,50000000,False
2025-05-21,naver_datalab_keyword,패션의류,,패딩,0.02008,0.0013323194965849361,kw_b01,,,50000000,False
2025-05-21,naver_datalab_keyword,패션의류,,패션_앵커,15.07146,1.0,kw_b01,,,50000000,True
2025-05-21,naver_datalab_keyword,패션의류,,히트텍,0.01095,0.0007265387693030403,kw_b01,,,50000000,False
2025-05-21,naver_datalab_keyword,패션의류,,가디건,1.1738,0.07788230204638436,kw_b02,,,50000000,False
2025-05-21,naver_datalab_keyword,패션의류,,반팔,0.87442,0.05801826763963146,kw_b02,,,50000000,False
2025-05-21,naver_datalab_keyword,패션의류,,자켓,0.26652,0.017683754593118384,kw_b02,,,50000000,False
2025-05-21,naver_datalab_keyword,패션의류,,패션_앵커,15.07146,1.0,kw_b02,,,50000000,True
2025-05-22,naver_datalab_keyword,패션의류,,코트,0.08214,0.006194313207219912,kw_b01,,,50000000,False
2025-05-22,naver_datalab_keyword,패션의류,,패딩,0.0292,0.002202020278193589,kw_b01,,,50000000,False
2025-05-22,naver_datalab_keyword,패션의류,,패션_앵커,13.26055,1.0,kw_b01,,,50000000,True
2025-05-22,naver_datalab_keyword,패션의류,,히트텍,0.01095,0.000825757604322596,kw_b01,,,50000000,False
2025-05-22,naver_datalab_keyword,패션의류,,가디건,1.12634,0.08493916164864955,kw_b02,,,50000000,False
2025-05-22,naver_datalab_keyword,패션의류,,레인부츠,0.00182,0.00013724920912028537,kw_b02,,,50000000,False
2025-05-22,naver_datalab_keyword,패션의류,,반팔,0.50384,0.0379954074303102,kw_b02,,,50000000,False
2025-05-22,naver_datalab_keyword,패션의류,,자켓,0.30851,0.023265249178955623,kw_b02,,,50000000,False
2025-05-22,naver_datalab_keyword,패션의류,,패션_앵커,13.26055,1.0,kw_b02,,,50000000,True
2025-05-23,naver_datalab_keyword,패션의류,,코트,0.05659,0.004734186195149864,kw_b01,,,50000000,False
2025-05-23,naver_datalab_keyword,패션의류,,패딩,0.01825,0.001526752042083142,kw_b01,,,50000000,False
2025-05-23,naver_datalab_keyword,패션의류,,패션_앵커,11.95348,1.0,kw_b01,,,50000000,True
2025-05-23,naver_datalab_keyword,패션의류,,히트텍,0.00365,0.00030535040841662845,kw_b01,,,50000000,False
2025-05-23,naver_datalab_keyword,패션의류,,가디건,1.19023,0.09957184016704758,kw_b02,,,50000000,False
2025-05-23,naver_datalab_keyword,패션의류,,반팔,0.43082,0.03604138711069914,kw_b02,,,50000000,False
2025-05-23,naver_datalab_keyword,패션의류,,자켓,0.31763,0.026572178143938,kw_b02,,,50000000,False
2025-05-23,naver_datalab_keyword,패션의류,,패션_앵커,11.95348,1.0,kw_b02,,,50000000,True
2025-05-24,naver_datalab_keyword,패션의류,,코트,0.07302,0.005149945799324202,kw_b01,,,50000000,False
2025-05-24,naver_datalab_keyword,패션의류,,패딩,0.04563,0.003218187165477449,kw_b01,,,50000000,False
2025-05-24,naver_datalab_keyword,패션의류,,패션_앵커,14.17879,1.0,kw_b01,,,50000000,True
2025-05-24,naver_datalab_keyword,패션의류,,히트텍,0.00182,0.0001283607416429752,kw_b01,,,50000000,False
2025-05-24,naver_datalab_keyword,패션의류,,가디건,1.42937,0.10081043586935134,kw_b02,,,50000000,False
2025-05-24,naver_datalab_keyword,패션의류,,레인부츠,0.00182,0.0001283607416429752,kw_b02,,,50000000,False
2025-05-24,naver_datalab_keyword,패션의류,,반팔,0.3578,0.02523487547244864,kw_b02,,,50000000,False
2025-05-24,naver_datalab_keyword,패션의류,,자켓,0.36145,0.025492302234534824,kw_b02,,,50000000,False
2025-05-24,naver_datalab_keyword,패션의류,,패션_앵커,14.17879,1.0,kw_b02,,,50000000,True
2025-05-25,naver_datalab_keyword,패션의류,,코트,0.115,0.007678676116112266,kw_b01,,,50000000,False
2025-05-25,naver_datalab_keyword,패션의류,,패딩,0.04016,0.0026815272419397273,kw_b01,,,50000000,False
2025-05-25,naver_datalab_keyword,패션의류,,패션_앵커,14.97654,1.0,kw_b01,,,50000000,True
2025-05-25,naver_datalab_keyword,패션의류,,히트텍,0.00182,0.00012152339592455934,kw_b01,,,50000000,False
2025-05-25,naver_datalab_keyword,패션의류,,가디건,1.23404,0.08239820412458418,kw_b02,,,50000000,False
2025-05-25,naver_datalab_keyword,패션의류,,반팔,0.78497,0.05241330774664909,kw_b02,,,50000000,False
2025-05-25,naver_datalab_keyword,패션의류,,자켓,0.36875,0.024621841894055637,kw_b02,,,50000000,False
2025-05-25,naver_datalab_keyword,패션의류,,패션_앵커,14.97654,1.0,kw_b02,,,50000000,True
2025-05-26,naver_datalab_keyword,패션의류,,코트,0.15151,0.01223043360685182,kw_b01,,,50000000,False
2025-05-26,naver_datalab_keyword,패션의류,,패딩,0.0219,0.0017678469803316932,kw_b01,,,50000000,False
2025-05-26,naver_datalab_keyword,패션의류,,패션_앵커,12.38795,1.0,kw_b01,,,50000000,True
2025-05-26,naver_datalab_keyword,패션의류,,히트텍,0.01095,0.0008839234901658466,kw_b01,,,50000000,False
2025-05-26,naver_datalab_keyword,패션의류,,가디건,1.12269,0.09062758567801775,kw_b02,,,50000000,False
2025-05-26,naver_datalab_keyword,패션의류,,레인부츠,0.00182,0.00014691696366226858,kw_b02,,,50000000,False
2025-05-26,naver_datalab_keyword,패션의류,,반팔,0.43447,0.03507198527601419,kw_b02,,,50000000,False
2025-05-26,naver_datalab_keyword,패션의류,,자켓,0.4728,0.038166121109626694,kw_b02,,,50000000,False
2025-05-26,naver_datalab_keyword,패션의류,,패션_앵커,12.38795,1.0,kw_b02,,,50000000,True
2025-05-27,naver_datalab_keyword,패션의류,,코트,0.09127,0.006544083114946279,kw_b01,,,50000000,False
2025-05-27,naver_datalab_keyword,패션의류,,패딩,0.04381,0.0031411885752799,kw_b01,,,50000000,False
2025-05-27,naver_datalab_keyword,패션의류,,패션_앵커,13.94695,1.0,kw_b01,,,50000000,True
2025-05-27,naver_datalab_keyword,패션의류,,히트텍,0.00365,0.00026170596438647876,kw_b01,,,50000000,False
2025-05-27,naver_datalab_keyword,패션의류,,가디건,1.14094,0.0818056994540025,kw_b02,,,50000000,False
2025-05-27,naver_datalab_keyword,패션의류,,반팔,0.46915,0.033638178956689455,kw_b02,,,50000000,False
2025-05-27,naver_datalab_keyword,패션의류,,자켓,0.37057,0.026569966910328067,kw_b02,,,50000000,False
2025-05-27,naver_datalab_keyword,패션의류,,패션_앵커,13.94695,1.0,kw_b02,,,50000000,True
2025-05-28,naver_datalab_keyword,패션의류,,코트,0.06571,0.005123155321033395,kw_b01,,,50000000,False
2025-05-28,naver_datalab_keyword,패션의류,,패딩,0.03651,0.002846543916769582,kw_b01,,,50000000,False
2025-05-28,naver_datalab_keyword,패션의류,,패션_앵커,12.82608,1.0,kw_b01,,,50000000,True
2025-05-28,naver_datalab_keyword,패션의류,,히트텍,0.02373,0.001850136596684256,kw_b01,,,50000000,False
2025-05-28,naver_datalab_keyword,패션의류,,가디건,0.97665,0.07614563451966619,kw_b02,,,50000000,False
2025-05-28,naver_datalab_keyword,패션의류,,반팔,0.4436,0.03458578147025436,kw_b02,,,50000000,False
2025-05-28,naver_datalab_keyword,패션의류,,자켓,0.24644,0.019213976522834724,kw_b02,,,50000000,False
2025-05-28,naver_datalab_keyword,패션의류,,패션_앵커,12.82608,1.0,kw_b02,,,50000000,True
2025-05-29,naver_datalab_keyword,패션의류,,코트,0.04563,0.0033837371496964423,kw_b01,,,50000000,False
2025-05-29,naver_datalab_keyword,패션의류,,패딩,0.02008,0.0014890519825970759,kw_b01,,,50000000,False
2025-05-29,naver_datalab_keyword,패션의류,,패션_앵커,13.48509,1.0,kw_b01,,,50000000,True
2025-05-29,naver_datalab_keyword,패션의류,,히트텍,0.0073,0.0005413386191712476,kw_b01,,,50000000,False
2025-05-29,naver_datalab_keyword,패션의류,,가디건,1.09896,0.08149445053759374,kw_b02,,,50000000,False
2025-05-29,naver_datalab_keyword,패션의류,,레인부츠,0.00182,0.00013496387491666723,kw_b02,,,50000000,False
2025-05-29,naver_datalab_keyword,패션의류,,반팔,0.49106,0.03641503319592231,kw_b02,,,50000000,False
2025-05-29,naver_datalab_keyword,패션의류,,자켓,0.20445,0.01516118913555638,kw_b02,,,50000000,False
2025-05-29,naver_datalab_keyword,패션의류,,패션_앵커,13.48509,1.0,kw_b02,,,50000000,True
2025-05-30,naver_datalab_keyword,패션의류,,코트,0.09127,0.007327686564168439,kw_b01,,,50000000,False
2025-05-30,naver_datalab_keyword,패션의류,,패딩,0.08945,0.007181566376299626,kw_b01,,,50000000,False
2025-05-30,naver_datalab_keyword,패션의류,,패션_앵커,12.4555,1.0,kw_b01,,,50000000,True
2025-05-30,naver_datalab_keyword,패션의류,,히트텍,0.00547,0.00043916342178154227,kw_b01,,,50000000,False
2025-05-30,naver_datalab_keyword,패션의류,,가디건,0.99855,0.08016940307494681,kw_b02,,,50000000,False
2025-05-30,naver_datalab_keyword,패션의류,,레인부츠,0.00365,0.0002930432339127293,kw_b02,,,50000000,False
2025-05-30,naver_datalab_keyword,패션의류,,반팔,0.3724,0.029898438440849422,kw_b02,,,50000000,False
2025-05-30,naver_datalab_keyword,패션의류,,자켓,0.25922,0.020811689615029504,kw_b02,,,50000000,False
2025-05-30,naver_datalab_keyword,패션의류,,패션_앵커,12.4555,1.0,kw_b02,,,50000000,True
2025-05-31,naver_datalab_keyword,패션의류,,코트,0.14239,0.009626045148240689,kw_b01,,,50000000,False
2025-05-31,naver_datalab_keyword,패션의류,,패딩,0.04198,0.0028379898540848666,kw_b01,,,50000000,False
2025-05-31,naver_datalab_keyword,패션의류,,패션_앵커,14.79216,1.0,kw_b01,,,50000000,True
2025-05-31,naver_datalab_keyword,패션의류,,히트텍,0.0073,0.0004935046673372922,kw_b01,,,50000000,False
2025-05-31,naver_datalab_keyword,패션의류,,가디건,1.06792,0.07219500059490973,kw_b02,,,50000000,False
2025-05-31,naver_datalab_keyword,패션의류,,레인부츠,0.00547,0.0003697904836075326,kw_b02,,,50000000,False
2025-05-31,naver_datalab_keyword,패션의류,,반팔,0.50566,0.03418432466928427,kw_b02,,,50000000,False
2025-05-31,naver_datalab_keyword,패션의류,,자켓,0.32494,0.02196704200062736,kw_b02,,,50000000,False
2025-05-31,naver_datalab_keyword,패션의류,,패션_앵커,14.79216,1.0,kw_b02,,,50000000,True
2025-06-01,naver_datalab_keyword,패션의류,,코트,0.08945,0.005304733043534986,kw_b01,,,50000000,False
2025-06-01,naver_datalab_keyword,패션의류,,패딩,0.06571,0.003896858672897529,kw_b01,,,50000000,False
2025-06-01,naver_datalab_keyword,패션의류,,패션_앵커,16.8623,1.0,kw_b01,,,50000000,True
2025-06-01,naver_datalab_keyword,패션의류,,히트텍,0.00547,0.0003243922833777124,kw_b01,,,50000000,False
2025-06-01,naver_datalab_keyword,패션의류,,가디건,1.23404,0.07318337356113934,kw_b02,,,50000000,False
2025-06-01,naver_datalab_keyword,패션의류,,레인부츠,0.00182,0.00010793308148947651,kw_b02,,,50000000,False
2025-06-01,naver_datalab_keyword,패션의류,,반팔,0.61702,0.03659168678056967,kw_b02,,,50000000,False
2025-06-01,naver_datalab_keyword,패션의류,,자켓,0.25922,0.015372754606429727,kw_b02,,,50000000,False
2025-06-01,naver_datalab_keyword,패션의류,,패션_앵커,16.8623,1.0,kw_b02,,,50000000,True
2025-06-02,naver_datalab_keyword,패션의류,,코트,0.09675,0.00748357673972855,kw_b01,,,50000000,False
2025-06-02,naver_datalab_keyword,패션의류,,패딩,0.02738,0.002117832879935583,kw_b01,,,50000000,False
2025-06-02,naver_datalab_keyword,패션의류,,패션_앵커,12.92831,1.0,kw_b01,,,50000000,True
2025-06-02,naver_datalab_keyword,패션의류,,히트텍,0.02555,0.0019762830563314153,kw_b01,,,50000000,False
2025-06-02,naver_datalab_keyword,패션의류,,가디건,1.02776,0.07949685612427301,kw_b02,,,50000000,False
2025-06-02,naver_datalab_keyword,패션의류,,반팔,0.42169,0.0326175656369626,kw_b02,,,50000000,False
2025-06-02,naver_datalab_keyword,패션의류,,자켓,0.32129,0.024851662746329568,kw_b02,,,50000000,False
2025-06-02,naver_datalab_keyword,패션의류,,패션_앵커,12.92831,1.0,kw_b02,,,50000000,True
2025-06-03,naver_datalab_keyword,패션의류,,코트,0.15699,0.009578699520241325,kw_b01,,,50000000,False
2025-06-03,naver_datalab_keyword,패션의류,,패딩,0.07849,0.004789044686564378,kw_b01,,,50000000,False
2025-06-03,naver_datalab_keyword,패션의류,,패션_앵커,16.38949,1.0,kw_b01,,,50000000,True
2025-06-03,naver_datalab_keyword,패션의류,,히트텍,0.00182,0.00011104677448779676,kw_b01,,,50000000,False
2025-06-03,naver_datalab_keyword,패션의류,,가디건,1.06792,0.06515883044560875,kw_b02,,,50000000,False
2025-06-03,naver_datalab_keyword,패션의류,,반팔,0.47645,0.02907045917841251,kw_b02,,,50000000,False
2025-06-03,naver_datalab_keyword,패션의류,,자켓,0.46368,0.02829130131566022,kw_b02,,,50000000,False
2025-06-03,naver_datalab_keyword,패션의류,,패션_앵커,16.38949,1.0,kw_b02,,,50000000,True
2025-06-04,naver_datalab_keyword,패션의류,,코트,0.08579,0.007047830608895104,kw_b01,,,50000000,False
2025-06-04,naver_datalab_keyword,패션의류,,패딩,0.02738,0.002249325120311784,kw_b01,,,50000000,False
2025-06-04,naver_datalab_keyword,패션의류,,패션_앵커,12.17254,1.0,kw_b01,,,50000000,True
2025-06-04,naver_datalab_keyword,패션의류,,히트텍,0.01642,0.0013489378552052407,kw_b01,,,50000000,False
2025-06-04,naver_datalab_keyword,패션의류,,가디건,0.94561,0.07768386877348524,kw_b02,,,50000000,False
2025-06-04,naver_datalab_keyword,패션의류,,반팔,0.43264,0.03554229437734442,kw_b02,,,50000000,False
2025-06-04,naver_datalab_keyword,패션의류,,자켓,0.23001,0.0188958097488281,kw_b02,,,50000000,False
2025-06-04,naver_datalab_keyword,패션의류,,패션_앵커,12.17254,1.0,kw_b02,,,50000000,True
2025-06-05,naver_datalab_keyword,패션의류,,코트,0.14604,0.011663400211800448,kw_b01,,,50000000,False
2025-06-05,naver_datalab_keyword,패션의류,,패딩,0.03468,0.0027696981604029003,kw_b01,,,50000000,False
2025-06-05,naver_datalab_keyword,패션의류,,패션_앵커,12.52122,1.0,kw_b01,,,50000000,True
2025-06-05,naver_datalab_keyword,패션의류,,히트텍,0.0073,0.0005830102817457085,kw_b01,,,50000000,False
2025-06-05,naver_datalab_keyword,패션의류,,가디건,0.64075,0.05117312849706339,kw_b02,,,50000000,False
2025-06-05,naver_datalab_keyword,패션의류,,반팔,0.33954,0.02711716589916957,kw_b02,,,50000000,False
2025-06-05,naver_datalab_keyword,패션의류,,자켓,0.80322,0.06414870116490247,kw_b02,,,50000000,False
2025-06-05,naver_datalab_keyword,패션의류,,패션_앵커,12.52122,1.0,kw_b02,,,50000000,True
2025-06-06,naver_datalab_keyword,패션의류,,코트,0.10405,0.006364887597491971,kw_b01,,,50000000,False
2025-06-06,naver_datalab_keyword,패션의류,,패딩,0.04381,0.002679920477137177,kw_b01,,,50000000,False
2025-06-06,naver_datalab_keyword,패션의류,,패션_앵커,16.3475,1.0,kw_b01,,,50000000,True
2025-06-06,naver_datalab_keyword,패션의류,,히트텍,0.0146,0.0008931029209359229,kw_b01,,,50000000,False
2025-06-06,naver_datalab_keyword,패션의류,,가디건,0.72107,0.04410888515063465,kw_b02,,,50000000,False
2025-06-06,naver_datalab_keyword,패션의류,,반팔,0.4509,0.027582199113014225,kw_b02,,,50000000,False
2025-06-06,naver_datalab_keyword,패션의류,,자켓,1.35088,0.08263526533109039,kw_b02,,,50000000,False
2025-06-06,naver_datalab_keyword,패션의류,,패션_앵커,16.3475,1.0,kw_b02,,,50000000,True
2025-06-07,naver_datalab_keyword,패션의류,,코트,0.18985,0.011363411908568377,kw_b01,,,50000000,False
2025-06-07,naver_datalab_keyword,패션의류,,패딩,0.0219,0.0013108175970379114,kw_b01,,,50000000,False
2025-06-07,naver_datalab_keyword,패션의류,,패션_앵커,16.70713,1.0,kw_b01,,,50000000,True
2025-06-07,naver_datalab_keyword,패션의류,,히트텍,0.00547,0.0003274051258354966,kw_b01,,,50000000,False
2025-06-07,naver_datalab_keyword,패션의류,,가디건,0.79227,0.04742107112352631,kw_b02,,,50000000,False
2025-06-07,naver_datalab_keyword,패션의류,,반팔,0.40891,0.024475179160035266,kw_b02,,,50000000,False
2025-06-07,naver_datalab_keyword,패션의류,,자켓,0.26835,0.016062004665074132,kw_b02,,,50000000,False
2025-06-07,naver_datalab_keyword,패션의류,,패션_앵커,16.70713,1.0,kw_b02,,,50000000,True
2025-06-08,naver_datalab_keyword,패션의류,,코트,0.13691,0.00722106011554962,kw_b01,,,50000000,False
2025-06-08,naver_datalab_keyword,패션의류,,패딩,0.04746,0.0025031883214081145,kw_b01,,,50000000,False
2025-06-08,naver_datalab_keyword,패션의류,,패션_앵커,18.95982,1.0,kw_b01,,,50000000,True
2025-06-08,naver_datalab_keyword,패션의류,,히트텍,0.00182,9.599247250237608e-05,kw_b01,,,50000000,False
2025-06-08,naver_datalab_keyword,패션의류,,가디건,1.15372,0.06085078866782491,kw_b02,,,50000000,False
2025-06-08,naver_datalab_keyword,패션의류,,레인부츠,0.00182,9.599247250237608e-05,kw_b02,,,50000000,False
2025-06-08,naver_datalab_keyword,패션의류,,반팔,0.5513,0.029077280269538423,kw_b02,,,50000000,False
2025-06-08,naver_datalab_keyword,패션의류,,자켓,0.14421,0.007606084867894315,kw_b02,,,50000000,False
2025-06-08,naver_datalab_keyword,패션의류,,패션_앵커,18.95982,1.0,kw_b02,,,50000000,True
2025-06-09,naver_datalab_keyword,패션의류,,코트,0.14239,0.01016284533975122,kw_b01,,,50000000,False
2025-06-09,naver_datalab_keyword,패션의류,,패딩,0.05293,0.003777789197507073,kw_b01,,,50000000,False
2025-06-09,naver_datalab_keyword,패션의류,,패션_앵커,14.01084,1.0,kw_b01,,,50000000,True
2025-06-09,naver_datalab_keyword,패션의류,,히트텍,0.0292,0.0020841005963953625,kw_b01,,,50000000,False
2025-06-09,naver_datalab_keyword,패션의류,,가디건,0.7302,0.0521167895715032,kw_b02,,,50000000,False
2025-06-09,naver_datalab_keyword,패션의류,,반팔,0.58964,0.04208455738556718,kw_b02,,,50000000,False
2025-06-09,naver_datalab_keyword,패션의류,,자켓,0.24461,0.017458624893296904,kw_b02,,,50000000,False
2025-06-09,naver_datalab_keyword,패션의류,,패션_앵커,14.01084,1.0,kw_b02,,,50000000,True
2025-06-10,naver_datalab_keyword,패션의류,,코트,0.06389,0.00482535740800742,kw_b01,,,50000000,False
2025-06-10,naver_datalab_keyword,패션의류,,패딩,0.06389,0.00482535740800742,kw_b01,,,50000000,False
2025-06-10,naver_datalab_keyword,패션의류,,패션_앵커,13.24047,1.0,kw_b01,,,50000000,True
2025-06-10,naver_datalab_keyword,패션의류,,히트텍,0.02555,0.0019296898070838874,kw_b01,,,50000000,False
2025-06-10,naver_datalab_keyword,패션의류,,가디건,0.55495,0.04191316471394143,kw_b02,,,50000000,False
2025-06-10,naver_datalab_keyword,패션의류,,반팔,0.4436,0.03350334240400832,kw_b02,,,50000000,False
2025-06-10,naver_datalab_keyword,패션의류,,자켓,0.17159,0.01295950974549997,kw_b02,,,50000000,False
2025-06-10,naver_datalab_keyword,패션의류,,패션_앵커,13.24047,1.0,kw_b02,,,50000000,True
2025-06-11,naver_datalab_keyword,패션의류,,코트,0.07484,0.004866645207648515,kw_b01,,,50000000,False
2025-06-11,naver_datalab_keyword,패션의류,,패딩,0.02555,0.0016614482236159745,kw_b01,,,50000000,False
2025-06-11,naver_datalab_keyword,패션의류,,패션_앵커,15.37815,1.0,kw_b01,,,50000000,True
2025-06-11,naver_datalab_keyword,패션의류,,히트텍,0.00182,0.00011834973647675435,kw_b01,,,50000000,False
2025-06-11,naver_datalab_keyword,패션의류,,가디건,0.69004,0.044871457229900866,kw_b02,,,50000000,False
2025-06-11,naver_datalab_keyword,패션의류,,레인부츠,0.00547,0.0003556994827076079,kw_b02,,,50000000,False
2025-06-11,naver_datalab_keyword,패션의류,,반팔,0.43264,0.028133423071045608,kw_b02,,,50000000,False
2025-06-11,naver_datalab_keyword,패션의류,,자켓,0.26835,0.01745008339754782,kw_b02,,,50000000,False
2025-06-11,naver_datalab_keyword,패션의류,,패션_앵커,15.37815,1.0,kw_b02,,,50000000,True
2025-06-12,naver_datalab_keyword,패션의류,,코트,0.1223,0.007538507720652368,kw_b01,,,50000000,False
2025-06-12,naver_datalab_keyword,패션의류,,패딩,0.05476,0.00337537761883012,kw_b01,,,50000000,False
2025-06-12,naver_datalab_keyword,패션의류,,패션_앵커,16.22337,1.0,kw_b01,,,50000000,True
2025-06-12,naver_datalab_keyword,패션의류,,히트텍,0.00912,0.0005621520066422697,kw_b01,,,50000000,False
2025-06-12,naver_datalab_keyword,패션의류,,가디건,0.74663,0.04602188078062696,kw_b02,,,50000000,False
2025-06-12,naver_datalab_keyword,패션의류,,반팔,0.37423,0.023067340509400947,kw_b02,,,50000000,False
2025-06-12,naver_datalab_keyword,패션의류,,자켓,0.15151,0.009338996768242357,kw_b02,,,50000000,False
2025-06-12,naver_datalab_keyword,패션의류,,패션_앵커,16.22337,1.0,kw_b02,,,50000000,True
2025-06-13,naver_datalab_keyword,패션의류,,코트,0.07667,0.006119637435227784,kw_b01,,,50000000,False
2025-06-13,naver_datalab_keyword,패션의류,,패딩,0.06024,0.0048082295434736105,kw_b01,,,50000000,False
2025-06-13,naver_datalab_keyword,패션의류,,패션_앵커,12.52852,1.0,kw_b01,,,50000000,True
2025-06-13,naver_datalab_keyword,패션의류,,히트텍,0.01095,0.0008740058682110896,kw_b01,,,50000000,False
2025-06-13,naver_datalab_keyword,패션의류,,가디건,0.7083,0.0565350097218187,kw_b02,,,50000000,False
2025-06-13,naver_datalab_keyword,패션의류,,레인부츠,0.00182,0.00014526855526430894,kw_b02,,,50000000,False
2025-06-13,naver_datalab_keyword,패션의류,,반팔,0.25557,0.02039905751038431,kw_b02,,,50000000,False
2025-06-13,naver_datalab_keyword,패션의류,,자켓,0.12048,0.009616459086947221,kw_b02,,,50000000,False
2025-06-13,naver_datalab_keyword,패션의류,,패션_앵커,12.52852,1.0,kw_b02,,,50000000,True
2025-06-14,naver_datalab_keyword,패션의류,,코트,0.13873,0.008345590336368258,kw_b01,,,50000000,False
2025-06-14,naver_datalab_keyword,패션의류,,패딩,0.05111,0.003074627853325032,kw_b01,,,50000000,False
2025-06-14,naver_datalab_keyword,패션의류,,패션_앵커,16.62315,1.0,kw_b01,,,50000000,True
2025-06-14,naver_datalab_keyword,패션의류,,히트텍,0.01277,0.0007682057853054325,kw_b01,,,50000000,False
2025-06-14,naver_datalab_keyword,패션의류,,가디건,0.59694,0.035910161431497646,kw_b02,,,50000000,False
2025-06-14,naver_datalab_keyword,패션의류,,레인부츠,0.00182,0.0001094858676003044,kw_b02,,,50000000,False
2025-06-14,naver_datalab_keyword,패션의류,,반팔,0.29938,0.01800982364954897,kw_b02,,,50000000,False
2025-06-14,naver_datalab_keyword,패션의류,,자켓,0.15516,0.0093339709982765,kw_b02,,,50000000,False
2025-06-14,naver_datalab_keyword,패션의류,,패션_앵커,16.62315,1.0,kw_b02,,,50000000,True
2025-06-15,naver_datalab_keyword,패션의류,,코트,0.05111,0.002644021851591276,kw_b01,,,50000000,False
2025-06-15,naver_datalab_keyword,패션의류,,패딩,0.06754,0.0034939783967222614,kw_b01,,,50000000,False
2025-06-15,naver_datalab_keyword,패션의류,,패션_앵커,19.3304,1.0,kw_b01,,,50000000,True
2025-06-15,naver_datalab_keyword,패션의류,,히트텍,0.0073,0.00037764350453172205,kw_b01,,,50000000,False
2025-06-15,naver_datalab_keyword,패션의류,,가디건,0.56225,0.02908630964698092,kw_b02,,,50000000,False
2025-06-15,naver_datalab_keyword,패션의류,,반팔,0.52209,0.02700875305218723,kw_b02,,,50000000,False
2025-06-15,naver_datalab_keyword,패션의류,,자켓,0.26835,0.013882278690559946,kw_b02,,,50000000,False
2025-06-15,naver_datalab_keyword,패션의류,,패션_앵커,19.3304,1.0,kw_b02,,,50000000,True
2025-06-16,naver_datalab_keyword,패션의류,,코트,0.18802,0.013137181605709874,kw_b01,,,50000000,False
2025-06-16,naver_datalab_keyword,패션의류,,패딩,0.04016,0.0028060270890613156,kw_b01,,,50000000,False
2025-06-16,naver_datalab_keyword,패션의류,,패션_앵커,14.31205,1.0,kw_b01,,,50000000,True
2025-06-16,naver_datalab_keyword,패션의류,,히트텍,0.0073,0.0005100597049339543,kw_b01,,,50000000,False
2025-06-16,naver_datalab_keyword,패션의류,,가디건,0.57868,0.04043306165084667,kw_b02,,,50000000,False
2025-06-16,naver_datalab_keyword,패션의류,,레인부츠,0.00912,0.0006372252752051593,kw_b02,,,50000000,False
2025-06-16,naver_datalab_keyword,패션의류,,반팔,0.35597,0.02487204837881366,kw_b02,,,50000000,False
2025-06-16,naver_datalab_keyword,패션의류,,자켓,0.20993,0.014668059432436304,kw_b02,,,50000000,False
2025-06-16,naver_datalab_keyword,패션의류,,패션_앵커,14.31205,1.0,kw_b02,,,50000000,True
2025-06-17,naver_datalab_keyword,패션의류,,코트,0.08032,0.004777252853593736,kw_b01,,,50000000,False
2025-06-17,naver_datalab_keyword,패션의류,,패딩,0.04928,0.0029310635037985465,kw_b01,,,50000000,False
2025-06-17,naver_datalab_keyword,패션의류,,패션_앵커,16.81301,1.0,kw_b01,,,50000000,True
2025-06-17,naver_datalab_keyword,패션의류,,히트텍,0.00912,0.0005424370770016791,kw_b01,,,50000000,False
2025-06-17,naver_datalab_keyword,패션의류,,가디건,0.78314,0.04657940487753234,kw_b02,,,50000000,False
2025-06-17,naver_datalab_keyword,패션의류,,레인부츠,0.00912,0.0005424370770016791,kw_b02,,,50000000,False
2025-06-17,naver_datalab_keyword,패션의류,,반팔,0.33406,0.019869137055173347,kw_b02,,,50000000,False
2025-06-17,naver_datalab_keyword,패션의류,,자켓,0.12778,0.007600066852990631,kw_b02,,,50000000,False
2025-06-17,naver_datalab_keyword,패션의류,,패션_앵커,16.81301,1.0,kw_b02,,,50000000,True
2025-06-18,naver_datalab_keyword,패션의류,,코트,0.08579,0.00483636195538077,kw_b01,,,50000000,False
2025-06-18,naver_datalab_keyword,패션의류,,패딩,0.02738,0.0015435317675524592,kw_b01,,,50000000,False
2025-06-18,naver_datalab_keyword,패션의류,,패션_앵커,17.73854,1.0,kw_b01,,,50000000,True
2025-06-18,naver_datalab_keyword,패션의류,,히트텍,0.00547,0.00030836810695806984,kw_b01,,,50000000,False
2025-06-18,naver_datalab_keyword,패션의류,,가디건,0.64075,0.03612191307740096,kw_b02,,,50000000,False
2025-06-18,naver_datalab_keyword,패션의류,,레인부츠,0.00547,0.00030836810695806984,kw_b02,,,50000000,False
2025-06-18,naver_datalab_keyword,패션의류,,반팔,0.41621,0.023463599597261107,kw_b02,,,50000000,False
2025-06-18,naver_datalab_keyword,패션의류,,자켓,0.15151,0.008541289192909902,kw_b02,,,50000000,False
2025-06-18,naver_datalab_keyword,패션의류,,패션_앵커,17.73854,1.0,kw_b02,,,50000000,True
2025-06-19,naver_datalab_keyword,패션의류,,코트,0.10953,0.007218415560091184,kw_b01,,,50000000,False
2025-06-19,naver_datalab_keyword,패션의류,,패딩,0.03468,0.002285535028065026,kw_b01,,,50000000,False
2025-06-19,naver_datalab_keyword,패션의류,,패션_앵커,15.17369,1.0,kw_b01,,,50000000,True
2025-06-19,naver_datalab_keyword,패션의류,,히트텍,0.00912,0.0006010403534011832,kw_b01,,,50000000,False
2025-06-19,naver_datalab_keyword,패션의류,,가디건,0.38518,0.025384728434546904,kw_b02,,,50000000,False
2025-06-19,naver_datalab_keyword,패션의류,,레인부츠,0.00365,0.0002405479484555174,kw_b02,,,50000000,False
2025-06-19,naver_datalab_keyword,패션의류,,반팔,0.30303,0.019970752005609712,kw_b02,,,50000000,False
2025-06-19,naver_datalab_keyword,패션의류,,자켓,0.22088,0.014556775576672516,kw_b02,,,50000000,False
2025-06-19,naver_datalab_keyword,패션의류,,패션_앵커,15.17369,1.0,kw_b02,,,50000000,True
2025-06-20,naver_datalab_keyword,패션의류,,코트,0.12596,0.008852916205138008,kw_b01,,,50000000,False
2025-06-20,naver_datalab_keyword,패션의류,,패딩,0.06206,0.004361797234763931,kw_b01,,,50000000,False
2025-06-20,naver_datalab_keyword,패션의류,,패션_앵커,14.22808,1.0,kw_b01,,,50000000,True
2025-06-20,naver_datalab_keyword,패션의류,,히트텍,0.00365,0.00025653496466143005,kw_b01,,,50000000,False
2025-06-20,naver_datalab_keyword,패션의류,,가디건,0.41439,0.029124801097547944,kw_b02,,,50000000,False
2025-06-20,naver_datalab_keyword,패션의류,,레인부츠,0.00182,0.00012791606457090486,kw_b02,,,50000000,False
2025-06-20,naver_datalab_keyword,패션의류,,반팔,0.28112,0.019758112127567458,kw_b02,,,50000000,False
2025-06-20,naver_datalab_keyword,패션의류,,자켓,0.14056,0.009879056063783729,kw_b02,,,50000000,False
2025-06-20,naver_datalab_keyword,패션의류,,패션_앵커,14.22808,1.0,kw_b02,,,50000000,True
2025-06-21,naver_datalab_keyword,패션의류,,목도리,0.00182,0.000105612062522341,kw_b01,,,50000000,False
2025-06-21,naver_datalab_keyword,패션의류,,코트,0.27382,0.015889392835091987,kw_b01,,,50000000,False
2025-06-21,naver_datalab_keyword,패션의류,,패딩,0.05476,0.0031776464525952713,kw_b01,,,50000000,False
2025-06-21,naver_datalab_keyword,패션의류,,패션_앵커,17.23288,1.0,kw_b01,,,50000000,True
2025-06-21,naver_datalab_keyword,패션의류,,히트텍,0.01095,0.0006354132333074912,kw_b01,,,50000000,False
2025-06-21,naver_datalab_keyword,패션의류,,가디건,0.52574,0.03050795920356899,kw_b02,,,50000000,False
2025-06-21,naver_datalab_keyword,패션의류,,레인부츠,0.00912,0.0005292208847273351,kw_b02,,,50000000,False
2025-06-21,naver_datalab_keyword,패션의류,,반팔,0.38335,0.022245266026340343,kw_b02,,,50000000,False
2025-06-21,naver_datalab_keyword,패션의류,,자켓,0.1789,0.010381317574311431,kw_b02,,,50000000,False
2025-06-21,naver_datalab_keyword,패션의류,,패션_앵커,17.23288,1.0,kw_b02,,,50000000,True
2025-06-22,naver_datalab_keyword,패션의류,,코트,0.09492,0.005101171624974675,kw_b01,,,50000000,False
2025-06-22,naver_datalab_keyword,패션의류,,패딩,0.07667,0.004120383780939826,kw_b01,,,50000000,False
2025-06-22,naver_datalab_keyword,패션의류,,패션_앵커,18.60749,1.0,kw_b01,,,50000000,True
2025-06-22,naver_datalab_keyword,패션의류,,히트텍,0.00365,0.00019615756880696968,kw_b01,,,50000000,False
2025-06-22,naver_datalab_keyword,패션의류,,가디건,0.91093,0.04895501757625559,kw_b02,,,50000000,False
2025-06-22,naver_datalab_keyword,패션의류,,레인부츠,0.00182,9.781007540511913e-05,kw_b02,,,50000000,False
2025-06-22,naver_datalab_keyword,패션의류,,반팔,0.26104,0.014028759386677086,kw_b02,,,50000000,False
2025-06-22,naver_datalab_keyword,패션의류,,자켓,0.10953,0.005886339318199285,kw_b02,,,50000000,False
2025-06-22,naver_datalab_keyword,패션의류,,패션_앵커,18.60749,1.0,kw_b02,,,50000000,True
2025-06-23,naver_datalab_keyword,패션의류,,코트,0.15334,0.009802561553681076,kw_b01,,,50000000,False
2025-06-23,naver_datalab_keyword,패션의류,,패딩,0.06754,0.0043176275422956815,kw_b01,,,50000000,False
2025-06-23,naver_datalab_keyword,패션의류,,패션_앵커,15.64285,1.0,kw_b01,,,50000000,True
2025-06-23,naver_datalab_keyword,패션의류,,히트텍,0.00365,0.00023333343987828306,kw_b01,,,50000000,False
2025-06-23,naver_datalab_keyword,패션의류,,가디건,0.48923,0.03127499144976779,kw_b02,,,50000000,False
2025-06-23,naver_datalab_keyword,패션의류,,반팔,0.35962,0.0229894168901447,kw_b02,,,50000000,False
2025-06-23,naver_datalab_keyword,패션의류,,자켓,0.1004,0.006418267770898526,kw_b02,,,50000000,False
2025-06-23,naver_datalab_keyword,패션의류,,패션_앵커,15.64285,1.0,kw_b02,,,50000000,True
2025-06-24,naver_datalab_keyword,패션의류,,코트,0.16429,0.009830307672055815,kw_b01,,,50000000,False
2025-06-24,naver_datalab_keyword,패션의류,,패딩,0.0292,0.0017471847588047343,kw_b01,,,50000000,False
2025-06-24,naver_datalab_keyword,패션의류,,패션_앵커,16.7126,1.0,kw_b01,,,50000000,True
2025-06-24,naver_datalab_keyword,패션의류,,히트텍,0.0146,0.0008735923794023671,kw_b01,,,50000000,False
2025-06-24,naver_datalab_keyword,패션의류,,가디건,0.52209,0.031239304476861775,kw_b02,,,50000000,False
2025-06-24,naver_datalab_keyword,패션의류,,레인부츠,0.00365,0.00021839809485059178,kw_b02,,,50000000,False
2025-06-24,naver_datalab_keyword,패션의류,,반팔,0.27017,0.016165647475557366,kw_b02,,,50000000,False
2025-06-24,naver_datalab_keyword,패션의류,,자켓,0.10587,0.006334741452556755,kw_b02,,,50000000,False
2025-06-24,naver_datalab_keyword,패션의류,,패션_앵커,16.7126,1.0,kw_b02,,,50000000,True
2025-06-25,naver_datalab_keyword,패션의류,,코트,0.12961,0.00896453127626125,kw_b01,,,50000000,False
2025-06-25,naver_datalab_keyword,패션의류,,패딩,0.06024,0.004166525453915421,kw_b01,,,50000000,False
2025-06-25,naver_datalab_keyword,패션의류,,패션_앵커,14.45809,1.0,kw_b01,,,50000000,True
2025-06-25,naver_datalab_keyword,패션의류,,히트텍,0.00547,0.00037833489762479,kw_b01,,,50000000,False
2025-06-25,naver_datalab_keyword,패션의류,,가디건,0.42351,0.02929225091281075,kw_b02,,,50000000,False
2025-06-25,naver_datalab_keyword,패션의류,,레인부츠,0.00182,0.00012588108111099045,kw_b02,,,50000000,False
2025-06-25,naver_datalab_keyword,패션의류,,반팔,0.25557,0.0176766087360087,kw_b02,,,50000000,False
2025-06-25,naver_datalab_keyword,패션의류,,자켓,0.19715,0.013635964363204267,kw_b02,,,50000000,False
2025-06-25,naver_datalab_keyword,패션의류,,패션_앵커,14.45809,1.0,kw_b02,,,50000000,True
2025-06-26,naver_datalab_keyword,패션의류,,코트,0.15334,0.01052344785320703,kw_b01,,,50000000,False
2025-06-26,naver_datalab_keyword,패션의류,,패딩,0.04016,0.0027561084243171666,kw_b01,,,50000000,False
2025-06-26,naver_datalab_keyword,패션의류,,패션_앵커,14.57127,1.0,kw_b01,,,50000000,True
2025-06-26,naver_datalab_keyword,패션의류,,히트텍,0.0073,0.0005009858440616364,kw_b01,,,50000000,False
2025-06-26,naver_datalab_keyword,패션의류,,가디건,0.51662,0.03545469955604419,kw_b02,,,50000000,False
2025-06-26,naver_datalab_keyword,패션의류,,반팔,0.31763,0.021798374472506515,kw_b02,,,50000000,False
2025-06-26,naver_datalab_keyword,패션의류,,자켓,0.14056,0.009646379485110082,kw_b02,,,50000000,False
2025-06-26,naver_datalab_keyword,패션의류,,패션_앵커,14.57127,1.0,kw_b02,,,50000000,True
2025-06-27,naver_datalab_keyword,패션의류,,코트,0.115,0.008200450382996688,kw_b01,,,50000000,False
2025-06-27,naver_datalab_keyword,패션의류,,패딩,0.0931,0.006638799397017318,kw_b01,,,50000000,False
2025-06-27,naver_datalab_keyword,패션의류,,패션_앵커,14.02362,1.0,kw_b01,,,50000000,True
2025-06-27,naver_datalab_keyword,패션의류,,가디건,0.46915,0.033454272149416486,kw_b02,,,50000000,False
2025-06-27,naver_datalab_keyword,패션의류,,레인부츠,0.00547,0.00039005620517384244,kw_b02,,,50000000,False
2025-06-27,naver_datalab_keyword,패션의류,,반팔,0.20628,0.014709468739170057,kw_b02,,,50000000,False
2025-06-27,naver_datalab_keyword,패션의류,,자켓,0.10953,0.007810394177822845,kw_b02,,,50000000,False
2025-06-27,naver_datalab_keyword,패션의류,,패션_앵커,14.02362,1.0,kw_b02,,,50000000,True
2025-06-28,naver_datalab_keyword,패션의류,,코트,0.18255,0.010426346472262376,kw_b01,,,50000000,False
2025-06-28,naver_datalab_keyword,패션의류,,패딩,0.07119,0.004066018106602896,kw_b01,,,50000000,False
2025-06-28,naver_datalab_keyword,패션의류,,패션_앵커,17.50853,1.0,kw_b01,,,50000000,True
2025-06-28,naver_datalab_keyword,패션의류,,히트텍,0.00547,0.0003124191465531372,kw_b01,,,50000000,False
2025-06-28,naver_datalab_keyword,패션의류,,가디건,0.53305,0.030445160159076747,kw_b02,,,50000000,False
2025-06-28,naver_datalab_keyword,패션의류,,반팔,0.34137,0.01949735357565712,kw_b02,,,50000000,False
2025-06-28,naver_datalab_keyword,패션의류,,자켓,0.21723,0.012407095284412797,kw_b02,,,50000000,False
2025-06-28,naver_datalab_keyword,패션의류,,패션_앵커,17.50853,1.0,kw_b02,,,50000000,True
2025-06-29,naver_datalab_keyword,패션의류,,코트,0.22271,0.010670720751583646,kw_b01,,,50000000,False
2025-06-29,naver_datalab_keyword,패션의류,,패딩,0.05111,0.0024488372215591588,kw_b01,,,50000000,False
2025-06-29,naver_datalab_keyword,패션의류,,패션_앵커,20.87113,1.0,kw_b01,,,50000000,True
2025-06-29,naver_datalab_keyword,패션의류,,히트텍,0.00182,8.720179501541123e-05,kw_b01,,,50000000,False
2025-06-29,naver_datalab_keyword,패션의류,,가디건,0.65536,0.031400312297417535,kw_b02,,,50000000,False
2025-06-29,naver_datalab_keyword,패션의류,,레인부츠,0.00182,8.720179501541123e-05,kw_b02,,,50000000,False
2025-06-29,naver_datalab_keyword,패션의류,,반팔,0.56408,0.02702680688587537,kw_b02,,,50000000,False
2025-06-29,naver_datalab_keyword,패션의류,,자켓,0.25922,0.012420027090052143,kw_b02,,,50000000,False
2025-06-29,naver_datalab_keyword,패션의류,,패션_앵커,20.87113,1.0,kw_b02,,,50000000,True
2025-06-30,naver_datalab_keyword,패션의류,,코트,0.18072,0.0106574072872794,kw_b01,,,50000000,False
2025-06-30,naver_datalab_keyword,패션의류,,패딩,0.13143,0.007750680830938089,kw_b01,,,50000000,False
2025-06-30,naver_datalab_keyword,패션의류,,패션_앵커,16.95722,1.0,kw_b01,,,50000000,True
2025-06-30,naver_datalab_keyword,패션의류,,히트텍,0.0146,0.0008609901858913194,kw_b01,,,50000000,False
2025-06-30,naver_datalab_keyword,패션의류,,가디건,0.46368,0.027344104753019658,kw_b02,,,50000000,False
2025-06-30,naver_datalab_keyword,패션의류,,레인부츠,0.00182,0.00010732891358371242,kw_b02,,,50000000,False
2025-06-30,naver_datalab_keyword,패션의류,,반팔,0.46915,0.0276666812130762,kw_b02,,,50000000,False
2025-06-30,naver_datalab_keyword,패션의류,,자켓,0.14421,0.008504342103245698,kw_b02,,,50000000,False
2025-06-30,naver_datalab_keyword,패션의류,,패션_앵커,16.95722,1.0,kw_b02,,,50000000,True
2025-07-01,naver_datalab_keyword,패션의류,,코트,0.22453,0.011418060806144692,kw_b01,,,50000000,False
2025-07-01,naver_datalab_keyword,패션의류,,패딩,0.05293,0.0026916579453491224,kw_b01,,,50000000,False
2025-07-01,naver_datalab_keyword,패션의류,,패션_앵커,19.66446,1.0,kw_b01,,,50000000,True
2025-07-01,naver_datalab_keyword,패션의류,,히트텍,0.0073,0.0003712280937284828,kw_b01,,,50000000,False
2025-07-01,naver_datalab_keyword,패션의류,,가디건,0.49836,0.02534318257404475,kw_b02,,,50000000,False
2025-07-01,naver_datalab_keyword,패션의류,,반팔,0.54035,0.027478506910436393,kw_b02,,,50000000,False
2025-07-01,naver_datalab_keyword,패션의류,,자켓,0.12961,0.006591078524403925,kw_b02,,,50000000,False
2025-07-01,naver_datalab_keyword,패션의류,,패션_앵커,19.66446,1.0,kw_b02,,,50000000,True
2025-07-02,naver_datalab_keyword,패션의류,,코트,0.115,0.00615915909804203,kw_b01,,,50000000,False
2025-07-02,naver_datalab_keyword,패션의류,,패딩,0.05841,0.0031283172427533476,kw_b01,,,50000000,False
2025-07-02,naver_datalab_keyword,패션의류,,패션_앵커,18.67138,1.0,kw_b01,,,50000000,True
2025-07-02,naver_datalab_keyword,패션의류,,히트텍,0.00912,0.0004884480954273332,kw_b01,,,50000000,False
2025-07-02,naver_datalab_keyword,패션의류,,가디건,0.35597,0.0190650075141741,kw_b02,,,50000000,False
2025-07-02,naver_datalab_keyword,패션의류,,레인부츠,0.00182,9.747538746466518e-05,kw_b02,,,50000000,False
2025-07-02,naver_datalab_keyword,패션의류,,반팔,0.51297,0.027473598630631483,kw_b02,,,50000000,False
2025-07-02,naver_datalab_keyword,패션의류,,자켓,0.12961,0.006941640093019371,kw_b02,,,50000000,False
2025-07-02,naver_datalab_keyword,패션의류,,패션_앵커,18.67138,1.0,kw_b02,,,50000000,True
2025-07-03,naver_datalab_keyword,패션의류,,코트,0.1223,0.00633160745690443,kw_b01,,,50000000,False
2025-07-03,naver_datalab_keyword,패션의류,,패딩,0.08579,0.0044414440206691,kw_b01,,,50000000,False
2025-07-03,naver_datalab_keyword,패션의류,,패션_앵커,19.31579,1.0,kw_b01,,,50000000,True
2025-07-03,naver_datalab_keyword,패션의류,,가디건,0.42169,0.02183136180296017,kw_b02,,,50000000,False
2025-07-03,naver_datalab_keyword,패션의류,,레인부츠,0.00182,9.422343067511089e-05,kw_b02,,,50000000,False
2025-07-03,naver_datalab_keyword,패션의류,,반팔,0.52574,0.02721814639732571,kw_b02,,,50000000,False
2025-07-03,naver_datalab_keyword,패션의류,,자켓,0.04381,0.0022680925812508836,kw_b02,,,50000000,False
2025-07-03,naver_datalab_keyword,패션의류,,패션_앵커,19.31579,1.0,kw_b02,,,50000000,True
2025-07-04,naver_datalab_keyword,패션의류,,코트,0.22818,0.012242388344138912,kw_b01,,,50000000,False
2025-07-04,naver_datalab_keyword,패션의류,,패딩,0.06571,0.0035254945135128756,kw_b01,,,50000000,False
2025-07-04,naver_datalab_keyword,패션의류,,패션_앵커,18.63852,1.0,kw_b01,,,50000000,True
2025-07-04,naver_datalab_keyword,패션의류,,히트텍,0.01277,0.0006851402364565427,kw_b01,,,50000000,False
2025-07-04,naver_datalab_keyword,패션의류,,가디건,0.43264,0.023212143453450167,kw_b02,,,50000000,False
2025-07-04,naver_datalab_keyword,패션의류,,반팔,0.37788,0.020274141938308406,kw_b02,,,50000000,False
2025-07-04,naver_datalab_keyword,패션의류,,자켓,0.10405,0.005582524792741054,kw_b02,,,50000000,False
2025-07-04,naver_datalab_keyword,패션의류,,패션_앵커,18.63852,1.0,kw_b02,,,50000000,True
2025-07-05,naver_datalab_keyword,패션의류,,코트,0.16429,0.007864072976146426,kw_b01,,,50000000,False
2025-07-05,naver_datalab_keyword,패션의류,,패딩,0.115,0.005504707482237745,kw_b01,,,50000000,False
2025-07-05,naver_datalab_keyword,패션의류,,패션_앵커,20.89121,1.0,kw_b01,,,50000000,True
2025-07-05,naver_datalab_keyword,패션의류,,히트텍,0.00365,0.00017471462878406756,kw_b01,,,50000000,False
2025-07-05,naver_datalab_keyword,패션의류,,가디건,0.37788,0.01808799011641738,kw_b02,,,50000000,False
2025-07-05,naver_datalab_keyword,패션의류,,반팔,0.32859,0.0157286246225087,kw_b02,,,50000000,False
2025-07-05,naver_datalab_keyword,패션의류,,자켓,0.08579,0.004106511781749358,kw_b02,,,50000000,False
2025-07-05,naver_datalab_keyword,패션의류,,패션_앵커,20.89121,1.0,kw_b02,,,50000000,True
2025-07-06,naver_datalab_keyword,패션의류,,코트,0.22636,0.010090145347839441,kw_b01,,,50000000,False
2025-07-06,naver_datalab_keyword,패션의류,,패딩,0.06206,0.002766365171792347,kw_b01,,,50000000,False
2025-07-06,naver_datalab_keyword,패션의류,,패션_앵커,22.43377,1.0,kw_b01,,,50000000,True
2025-07-06,naver_datalab_keyword,패션의류,,히트텍,0.00182,8.112769275962088e-05,kw_b01,,,50000000,False
2025-07-06,naver_datalab_keyword,패션의류,,가디건,0.68639,0.030596284084217676,kw_b02,,,50000000,False
2025-07-06,naver_datalab_keyword,패션의류,,반팔,0.41256,0.01839013237632373,kw_b02,,,50000000,False
2025-07-06,naver_datalab_keyword,패션의류,,자켓,0.13326,0.005940151833597296,kw_b02,,,50000000,False
2025-07-06,naver_datalab_keyword,패션의류,,패션_앵커,22.43377,1.0,kw_b02,,,50000000,True
2025-07-07,naver_datalab_keyword,패션의류,,코트,0.11318,0.005819307369768704,kw_b01,,,50000000,False
2025-07-07,naver_datalab_keyword,패션의류,,패딩,0.04746,0.002440222015985357,kw_b01,,,50000000,False
2025-07-07,naver_datalab_keyword,패션의류,,패션_앵커,19.44905,1.0,kw_b01,,,50000000,True
2025-07-07,naver_datalab_keyword,패션의류,,히트텍,0.00912,0.00046891750496810895,kw_b01,,,50000000,False
2025-07-07,naver_datalab_keyword,패션의류,,가디건,0.46733,0.024028422982099385,kw_b02,,,50000000,False
2025-07-07,naver_datalab_keyword,패션의류,,반팔,0.39978,0.020555245628963884,kw_b02,,,50000000,False
2025-07-07,naver_datalab_keyword,패션의류,,자켓,0.12596,0.006476408873441118,kw_b02,,,50000000,False
2025-07-07,naver_datalab_keyword,패션의류,,패션_앵커,19.44905,1.0,kw_b02,,,50000000,True
2025-07-08,naver_datalab_keyword,패션의류,,코트,0.14604,0.007037851826328332,kw_b01,,,50000000,False
2025-07-08,naver_datalab_keyword,패션의류,,패딩,0.07302,0.003518925913164166,kw_b01,,,50000000,False
2025-07-08,naver_datalab_keyword,패션의류,,패션_앵커,20.75065,1.0,kw_b01,,,50000000,True
2025-07-08,naver_datalab_keyword,패션의류,,히트텍,0.01095,0.0005276943131901892,kw_b01,,,50000000,False
2025-07-08,naver_datalab_keyword,패션의류,,가디건,0.38518,0.018562310096310236,kw_b02,,,50000000,False
2025-07-08,naver_datalab_keyword,패션의류,,레인부츠,0.00182,8.770809589097209e-05,kw_b02,,,50000000,False
2025-07-08,naver_datalab_keyword,패션의류,,반팔,0.28843,0.013899805548259935,kw_b02,,,50000000,False
2025-07-08,naver_datalab_keyword,패션의류,,자켓,0.03651,0.001759462956582083,kw_b02,,,50000000,False
2025-07-08,naver_datalab_keyword,패션의류,,패션_앵커,20.75065,1.0,kw_b02,,,50000000,True
2025-07-09,naver_datalab_keyword,패션의류,,코트,0.09675,0.004637618636755825,kw_b01,,,50000000,False
2025-07-09,naver_datalab_keyword,패션의류,,패딩,0.05476,0.002624868181382418,kw_b01,,,50000000,False
2025-07-09,naver_datalab_keyword,패션의류,,패션_앵커,20.862,1.0,kw_b01,,,50000000,True
2025-07-09,naver_datalab_keyword,패션의류,,히트텍,0.01095,0.0005248777681909693,kw_b01,,,50000000,False
2025-07-09,naver_datalab_keyword,패션의류,,가디건,0.35415,0.01697584124245039,kw_b02,,,50000000,False
2025-07-09,naver_datalab_keyword,패션의류,,반팔,0.41986,0.02012558719202378,kw_b02,,,50000000,False
2025-07-09,naver_datalab_keyword,패션의류,,자켓,0.18072,0.008662640207075065,kw_b02,,,50000000,False
2025-07-09,naver_datalab_keyword,패션의류,,패션_앵커,20.862,1.0,kw_b02,,,50000000,True
2025-07-10,naver_datalab_keyword,패션의류,,코트,0.10587,0.005622351329247698,kw_b01,,,50000000,False
2025-07-10,naver_datalab_keyword,패션의류,,패딩,0.07849,0.004168304107232,kw_b01,,,50000000,False
2025-07-10,naver_datalab_keyword,패션의류,,패션_앵커,18.8302,1.0,kw_b01,,,50000000,True
2025-07-10,naver_datalab_keyword,패션의류,,히트텍,0.01095,0.0005815126764452846,kw_b01,,,50000000,False
2025-07-10,naver_datalab_keyword,패션의류,,가디건,0.36145,0.019195228940744123,kw_b02,,,50000000,False
2025-07-10,naver_datalab_keyword,패션의류,,반팔,0.23549,0.012505974445305944,kw_b02,,,50000000,False
2025-07-10,naver_datalab_keyword,패션의류,,자켓,0.06754,0.0035867914307867147,kw_b02,,,50000000,False
2025-07-10,naver_datalab_keyword,패션의류,,패션_앵커,18.8302,1.0,kw_b02,,,50000000,True
2025-07-11,naver_datalab_keyword,패션의류,,코트,0.11318,0.00692802335866508,kw_b01,,,50000000,False
2025-07-11,naver_datalab_keyword,패션의류,,패딩,0.06936,0.004245694470374713,kw_b01,,,50000000,False
2025-07-11,naver_datalab_keyword,패션의류,,패션_앵커,16.33655,1.0,kw_b01,,,50000000,True
2025-07-11,naver_datalab_keyword,패션의류,,가디건,0.43994,0.026929798519271207,kw_b02,,,50000000,False
2025-07-11,naver_datalab_keyword,패션의류,,레인부츠,0.00182,0.0001114066311430504,kw_b02,,,50000000,False
2025-07-11,naver_datalab_keyword,패션의류,,반팔,0.2008,0.012291456886551935,kw_b02,,,50000000,False
2025-07-11,naver_datalab_keyword,패션의류,,자켓,0.08397,0.005140008141253815,kw_b02,,,50000000,False
2025-07-11,naver_datalab_keyword,패션의류,,패션_앵커,16.33655,1.0,kw_b02,,,50000000,True
2025-07-12,naver_datalab_keyword,패션의류,,코트,0.18985,0.008854659061811909,kw_b01,,,50000000,False
2025-07-12,naver_datalab_keyword,패션의류,,패딩,0.13873,0.006470407435581597,kw_b01,,,50000000,False
2025-07-12,naver_datalab_keyword,패션의류,,패션_앵커,21.44069,1.0,kw_b01,,,50000000,True
2025-07-12,naver_datalab_keyword,패션의류,,히트텍,0.00182,8.48853278509227e-05,kw_b01,,,50000000,False
2025-07-12,naver_datalab_keyword,패션의류,,가디건,0.42351,0.019752629229749602,kw_b02,,,50000000,False
2025-07-12,naver_datalab_keyword,패션의류,,반팔,0.29025,0.013537344180621053,kw_b02,,,50000000,False
2025-07-12,naver_datalab_keyword,패션의류,,자켓,0.28112,0.013111518332665599,kw_b02,,,50000000,False
2025-07-12,naver_datalab_keyword,패션의류,,패션_앵커,21.44069,1.0,kw_b02,,,50000000,True
2025-07-13,naver_datalab_keyword,패션의류,,코트,0.38518,0.016890637093361575,kw_b01,,,50000000,False
2025-07-13,naver_datalab_keyword,패션의류,,패딩,0.15516,0.006803965032987127,kw_b01,,,50000000,False
2025-07-13,naver_datalab_keyword,패션의류,,패션_앵커,22.80435,1.0,kw_b01,,,50000000,True
2025-07-13,naver_datalab_keyword,패션의류,,가디건,0.45272,0.019852352730948264,kw_b02,,,50000000,False
2025-07-13,naver_datalab_keyword,패션의류,,반팔,0.53305,0.023374926275030863,kw_b02,,,50000000,False
2025-07-13,naver_datalab_keyword,패션의류,,자켓,0.10222,0.004482478123691314,kw_b02,,,50000000,False
2025-07-13,naver_datalab_keyword,패션의류,,패션_앵커,22.80435,1.0,kw_b02,,,50000000,True
2025-07-14,naver_datalab_keyword,패션의류,,코트,0.17342,0.010712423743010546,kw_b01,,,50000000,False
2025-07-14,naver_datalab_keyword,패션의류,,패딩,0.08032,0.004961491610186871,kw_b01,,,50000000,False
2025-07-14,naver_datalab_keyword,패션의류,,패션_앵커,16.18868,1.0,kw_b01,,,50000000,True
2025-07-14,naver_datalab_keyword,패션의류,,히트텍,0.00365,0.00022546618995495616,kw_b01,,,50000000,False
2025-07-14,naver_datalab_keyword,패션의류,,가디건,0.4509,0.02785279590429856,kw_b02,,,50000000,False
2025-07-14,naver_datalab_keyword,패션의류,,반팔,0.31033,0.019169567870882614,kw_b02,,,50000000,False
2025-07-14,naver_datalab_keyword,패션의류,,자켓,0.12596,0.007780745558007199,kw_b02,,,50000000,False
2025-07-14,naver_datalab_keyword,패션의류,,패션_앵커,16.18868,1.0,kw_b02,,,50000000,True
2025-07-15,naver_datalab_keyword,패션의류,,코트,0.26469,0.01718352267083709,kw_b01,,,50000000,False
2025-07-15,naver_datalab_keyword,패션의류,,패딩,0.12413,0.008058448256945891,kw_b01,,,50000000,False
2025-07-15,naver_datalab_keyword,패션의류,,패션_앵커,15.40371,1.0,kw_b01,,,50000000,True
2025-07-15,naver_datalab_keyword,패션의류,,히트텍,0.04381,0.0028441200204366354,kw_b01,,,50000000,False
2025-07-15,naver_datalab_keyword,패션의류,,가디건,0.65718,0.042663747889307185,kw_b02,,,50000000,False
2025-07-15,naver_datalab_keyword,패션의류,,반팔,0.26104,0.016946566768655084,kw_b02,,,50000000,False
2025-07-15,naver_datalab_keyword,패션의류,,자켓,0.16064,0.010428656473018513,kw_b02,,,50000000,False
2025-07-15,naver_datalab_keyword,패션의류,,패션_앵커,15.40371,1.0,kw_b02,,,50000000,True
2025-07-16,naver_datalab_keyword,패션의류,,코트,0.1789,0.01147671074519072,kw_b01,,,50000000,False
2025-07-16,naver_datalab_keyword,패션의류,,패딩,0.23549,0.015107046469451999,kw_b01,,,50000000,False
2025-07-16,naver_datalab_keyword,패션의류,,패션_앵커,15.58809,1.0,kw_b01,,,50000000,True
2025-07-16,naver_datalab_keyword,패션의류,,히트텍,0.0146,0.0009366125035203159,kw_b01,,,50000000,False
2025-07-16,naver_datalab_keyword,패션의류,,가디건,0.43264,0.027754522844043117,kw_b02,,,50000000,False
2025-07-16,naver_datalab_keyword,패션의류,,레인부츠,0.00182,0.00011675580523335444,kw_b02,,,50000000,False
2025-07-16,naver_datalab_keyword,패션의류,,반팔,0.2866,0.018385831747186474,kw_b02,,,50000000,False
2025-07-16,naver_datalab_keyword,패션의류,,자켓,0.0931,0.005972508498475439,kw_b02,,,50000000,False
2025-07-16,naver_datalab_keyword,패션의류,,패션_앵커,15.58809,1.0,kw_b02,,,50000000,True
2025-07-17,naver_datalab_keyword,패션의류,,코트,0.2866,0.02056545677773879,kw_b01,,,50000000,False
2025-07-17,naver_datalab_keyword,패션의류,,패딩,0.11683,0.008383329781379005,kw_b01,,,50000000,False
2025-07-17,naver_datalab_keyword,패션의류,,패션_앵커,13.93599,1.0,kw_b01,,,50000000,True
2025-07-17,naver_datalab_keyword,패션의류,,히트텍,0.01277,0.0009163324600548651,kw_b01,,,50000000,False
2025-07-17,naver_datalab_keyword,패션의류,,가디건,0.387,0.02776982474872614,kw_b02,,,50000000,False
2025-07-17,naver_datalab_keyword,패션의류,,레인부츠,0.00365,0.000261911783805815,kw_b02,,,50000000,False
2025-07-17,naver_datalab_keyword,패션의류,,반팔,0.25192,0.018076936048318056,kw_b02,,,50000000,False
2025-07-17,naver_datalab_keyword,패션의류,,자켓,0.13326,0.009562291591770659,kw_b02,,,50000000,False
2025-07-17,naver_datalab_keyword,패션의류,,패션_앵커,13.93599,1.0,kw_b02,,,50000000,True
2025-07-18,naver_datalab_keyword,패션의류,,코트,0.33406,0.027630208785655388,kw_b01,,,50000000,False
2025-07-18,naver_datalab_keyword,패션의류,,패딩,0.13508,0.011172509737072171,kw_b01,,,50000000,False
2025-07-18,naver_datalab_keyword,패션의류,,패션_앵커,12.09039,1.0,kw_b01,,,50000000,True
2025-07-18,naver_datalab_keyword,패션의류,,히트텍,0.01095,0.0009056779806110474,kw_b01,,,50000000,False
2025-07-18,naver_datalab_keyword,패션의류,,가디건,0.30303,0.025063707622334768,kw_b02,,,50000000,False
2025-07-18,naver_datalab_keyword,패션의류,,반팔,0.20993,0.01736337702919426,kw_b02,,,50000000,False
2025-07-18,naver_datalab_keyword,패션의류,,자켓,0.14604,0.012079014820861858,kw_b02,,,50000000,False
2025-07-18,naver_datalab_keyword,패션의류,,패션_앵커,12.09039,1.0,kw_b02,,,50000000,True
2025-07-19,naver_datalab_keyword,패션의류,,코트,0.34502,0.021324449691122436,kw_b01,,,50000000,False
2025-07-19,naver_datalab_keyword,패션의류,,패딩,0.05476,0.0033845193469534077,kw_b01,,,50000000,False
2025-07-19,naver_datalab_keyword,패션의류,,패션_앵커,16.17955,1.0,kw_b01,,,50000000,True
2025-07-19,naver_datalab_keyword,패션의류,,히트텍,0.02008,0.0012410728357710814,kw_b01,,,50000000,False
2025-07-19,naver_datalab_keyword,패션의류,,가디건,0.34319,0.02121134394961541,kw_b02,,,50000000,False
2025-07-19,naver_datalab_keyword,패션의류,,반팔,0.24827,0.01534467893111984,kw_b02,,,50000000,False
2025-07-19,naver_datalab_keyword,패션의류,,자켓,0.17342,0.01071846868423411,kw_b02,,,50000000,False
2025-07-19,naver_datalab_keyword,패션의류,,패션_앵커,16.17955,1.0,kw_b02,,,50000000,True
2025-07-20,naver_datalab_keyword,패션의류,,코트,0.387,0.02111081048056278,kw_b01,,,50000000,False
2025-07-20,naver_datalab_keyword,패션의류,,패딩,0.08397,0.00458055492520118,kw_b01,,,50000000,False
2025-07-20,naver_datalab_keyword,패션의류,,패션_앵커,18.33184,1.0,kw_b01,,,50000000,True
2025-07-20,naver_datalab_keyword,패션의류,,히트텍,0.01095,0.0005973213818143732,kw_b01,,,50000000,False
2025-07-20,naver_datalab_keyword,패션의류,,가디건,0.34319,0.01872097945432646,kw_b02,,,50000000,False
2025-07-20,naver_datalab_keyword,패션의류,,레인부츠,0.01095,0.0005973213818143732,kw_b02,,,50000000,False
2025-07-20,naver_datalab_keyword,패션의류,,반팔,0.31398,0.017127576937175974,kw_b02,,,50000000,False
2025-07-20,naver_datalab_keyword,패션의류,,자켓,0.16064,0.008762895595859445,kw_b02,,,50000000,False
2025-07-20,naver_datalab_keyword,패션의류,,패션_앵커,18.33184,1.0,kw_b02,,,50000000,True
2025-07-21,naver_datalab_keyword,패션의류,,코트,0.15151,0.011444529045279575,kw_b01,,,50000000,False
2025-07-21,naver_datalab_keyword,패션의류,,패딩,0.09492,0.007169920777360817,kw_b01,,,50000000,False
2025-07-21,naver_datalab_keyword,패션의류,,패션_앵커,13.23864,1.0,kw_b01,,,50000000,True
2025-07-21,naver_datalab_keyword,패션의류,,히트텍,0.01277,0.0009646005934144293,kw_b01,,,50000000,False
2025-07-21,naver_datalab_keyword,패션의류,,가디건,0.31763,0.02399264577026039,kw_b02,,,50000000,False
2025-07-21,naver_datalab_keyword,패션의류,,반팔,0.25192,0.019029144987702664,kw_b02,,,50000000,False
2025-07-21,naver_datalab_keyword,패션의류,,자켓,0.08579,0.006480272898122466,kw_b02,,,50000000,False
2025-07-21,naver_datalab_keyword,패션의류,,패션_앵커,13.23864,1.0,kw_b02,,,50000000,True
2025-07-22,naver_datalab_keyword,패션의류,,코트,0.32129,0.02215223256362329,kw_b01,,,50000000,False
2025-07-22,naver_datalab_keyword,패션의류,,패딩,0.07667,0.005286226370733598,kw_b01,,,50000000,False
2025-07-22,naver_datalab_keyword,패션의류,,패션_앵커,14.50373,1.0,kw_b01,,,50000000,True
2025-07-22,naver_datalab_keyword,패션의류,,히트텍,0.02373,0.0016361308435829957,kw_b01,,,50000000,False
2025-07-22,naver_datalab_keyword,패션의류,,가디건,0.40161,0.027690118335076567,kw_b02,,,50000000,False
2025-07-22,naver_datalab_keyword,패션의류,,반팔,0.2793,0.019257115238631717,kw_b02,,,50000000,False
2025-07-22,naver_datalab_keyword,패션의류,,자켓,0.10587,0.007299501576491014,kw_b02,,,50000000,False
2025-07-22,naver_datalab_keyword,패션의류,,패션_앵커,14.50373,1.0,kw_b02,,,50000000,True
2025-07-23,naver_datalab_keyword,패션의류,,코트,0.22088,0.015135837425427493,kw_b01,,,50000000,False
2025-07-23,naver_datalab_keyword,패션의류,,패딩,0.0931,0.0063796924316701364,kw_b01,,,50000000,False
2025-07-23,naver_datalab_keyword,패션의류,,패션_앵커,14.59318,1.0,kw_b01,,,50000000,True
2025-07-23,naver_datalab_keyword,패션의류,,히트텍,0.01642,0.001125183133491124,kw_b01,,,50000000,False
2025-07-23,naver_datalab_keyword,패션의류,,가디건,0.52939,0.03627653465522936,kw_b02,,,50000000,False
2025-07-23,naver_datalab_keyword,패션의류,,반팔,0.23731,0.01626170581052245,kw_b02,,,50000000,False
2025-07-23,naver_datalab_keyword,패션의류,,자켓,0.0931,0.0063796924316701364,kw_b02,,,50000000,False
2025-07-23,naver_datalab_keyword,패션의류,,패션_앵커,14.59318,1.0,kw_b02,,,50000000,True
2025-07-24,naver_datalab_keyword,패션의류,,코트,0.14786,0.010026772418170524,kw_b01,,,50000000,False
2025-07-24,naver_datalab_keyword,패션의류,,패딩,0.07484,0.00507509568359179,kw_b01,,,50000000,False
2025-07-24,naver_datalab_keyword,패션의류,,패션_앵커,14.74652,1.0,kw_b01,,,50000000,True
2025-07-24,naver_datalab_keyword,패션의류,,히트텍,0.00912,0.000618450997252233,kw_b01,,,50000000,False
2025-07-24,naver_datalab_keyword,패션의류,,가디건,0.3651,0.02475838367289367,kw_b02,,,50000000,False
2025-07-24,naver_datalab_keyword,패션의류,,반팔,0.26652,0.018073416643384337,kw_b02,,,50000000,False
2025-07-24,naver_datalab_keyword,패션의류,,자켓,0.04928,0.003341805388661189,kw_b02,,,50000000,False
2025-07-24,naver_datalab_keyword,패션의류,,패션_앵커,14.74652,1.0,kw_b02,,,50000000,True
2025-07-25,naver_datalab_keyword,패션의류,,코트,0.15699,0.011729072544825468,kw_b01,,,50000000,False
2025-07-25,naver_datalab_keyword,패션의류,,패딩,0.06024,0.004500664565260756,kw_b01,,,50000000,False
2025-07-25,naver_datalab_keyword,패션의류,,패션_앵커,13.38469,1.0,kw_b01,,,50000000,True
2025-07-25,naver_datalab_keyword,패션의류,,히트텍,0.00547,0.0004086758826689299,kw_b01,,,50000000,False
2025-07-25,naver_datalab_keyword,패션의류,,가디건,0.34684,0.02591318887475167,kw_b02,,,50000000,False
2025-07-25,naver_datalab_keyword,패션의류,,반팔,0.16977,0.01268389480817262,kw_b02,,,50000000,False
2025-07-25,naver_datalab_keyword,패션의류,,자켓,0.06206,0.0046366408187264695,kw_b02,,,50000000,False
2025-07-25,naver_datalab_keyword,패션의류,,패션_앵커,13.38469,1.0,kw_b02,,,50000000,True
2025-07-26,naver_datalab_keyword,패션의류,,코트,0.18072,0.011937372390929128,kw_b01,,,50000000,False
2025-07-26,naver_datalab_keyword,패션의류,,패딩,0.09492,0.006269894794970081,kw_b01,,,50000000,False
2025-07-26,naver_datalab_keyword,패션의류,,패션_앵커,15.13901,1.0,kw_b01,,,50000000,True
2025-07-26,naver_datalab_keyword,패션의류,,히트텍,0.00547,0.0003613182103717482,kw_b01,,,50000000,False
2025-07-26,naver_datalab_keyword,패션의류,,가디건,0.33954,0.022428150850022557,kw_b02,,,50000000,False
2025-07-26,naver_datalab_keyword,패션의류,,반팔,0.26287,0.017363750998248894,kw_b02,,,50000000,False
2025-07-26,naver_datalab_keyword,패션의류,,자켓,0.10405,0.0068729725391554666,kw_b02,,,50000000,False
2025-07-26,naver_datalab_keyword,패션의류,,패션_앵커,15.13901,1.0,kw_b02,,,50000000,True
2025-07-27,naver_datalab_keyword,패션의류,,코트,0.27747,0.016331294496553284,kw_b01,,,50000000,False
2025-07-27,naver_datalab_keyword,패션의류,,패딩,0.21175,0.012463154970429805,kw_b01,,,50000000,False
2025-07-27,naver_datalab_keyword,패션의류,,패션_앵커,16.99008,1.0,kw_b01,,,50000000,True
2025-07-27,naver_datalab_keyword,패션의류,,가디건,0.38335,0.02256316627114175,kw_b02,,,50000000,False
2025-07-27,naver_datalab_keyword,패션의류,,레인부츠,0.00182,0.0001071213319772479,kw_b02,,,50000000,False
2025-07-27,naver_datalab_keyword,패션의류,,반팔,0.2866,0.01686866689268091,kw_b02,,,50000000,False
2025-07-27,naver_datalab_keyword,패션의류,,자켓,0.1004,0.005909330621162467,kw_b02,,,50000000,False
2025-07-27,naver_datalab_keyword,패션의류,,패션_앵커,16.99008,1.0,kw_b02,,,50000000,True
2025-07-28,naver_datalab_keyword,패션의류,,코트,0.0931,0.006331377928177284,kw_b01,,,50000000,False
2025-07-28,naver_datalab_keyword,패션의류,,패딩,0.1004,0.006827823243705686,kw_b01,,,50000000,False
2025-07-28,naver_datalab_keyword,패션의류,,패션_앵커,14.70454,1.0,kw_b01,,,50000000,True
2025-07-28,naver_datalab_keyword,패션의류,,히트텍,0.01095,0.0007446679732926022,kw_b01,,,50000000,False
2025-07-28,naver_datalab_keyword,패션의류,,가디건,0.36875,0.025077289054944937,kw_b02,,,50000000,False
2025-07-28,naver_datalab_keyword,패션의류,,반팔,0.26652,0.018125014451319116,kw_b02,,,50000000,False
2025-07-28,naver_datalab_keyword,패션의류,,자켓,0.07849,0.005337807235044415,kw_b02,,,50000000,False
2025-07-28,naver_datalab_keyword,패션의류,,패션_앵커,14.70454,1.0,kw_b02,,,50000000,True
2025-07-29,naver_datalab_keyword,패션의류,,코트,0.31216,0.02272098663351491,kw_b01,,,50000000,False
2025-07-29,naver_datalab_keyword,패션의류,,패딩,0.15334,0.011161058721114739,kw_b01,,,50000000,False
2025-07-29,naver_datalab_keyword,패션의류,,패션_앵커,13.73884,1.0,kw_b01,,,50000000,True
2025-07-29,naver_datalab_keyword,패션의류,,히트텍,0.0073,0.0005313403460554167,kw_b01,,,50000000,False
2025-07-29,naver_datalab_keyword,패션의류,,가디건,0.43812,0.03188915512517796,kw_b02,,,50000000,False
2025-07-29,naver_datalab_keyword,패션의류,,반팔,0.2793,0.02032922721277779,kw_b02,,,50000000,False
2025-07-29,naver_datalab_keyword,패션의류,,자켓,0.07484,0.005447330342299641,kw_b02,,,50000000,False
2025-07-29,naver_datalab_keyword,패션의류,,패션_앵커,13.73884,1.0,kw_b02,,,50000000,True
2025-07-30,naver_datalab_keyword,패션의류,,코트,0.19533,0.01405488405961867,kw_b01,,,50000000,False
2025-07-30,naver_datalab_keyword,패션의류,,패딩,0.11318,0.008143817016677627,kw_b01,,,50000000,False
2025-07-30,naver_datalab_keyword,패션의류,,패션_앵커,13.89766,1.0,kw_b01,,,50000000,True
2025-07-30,naver_datalab_keyword,패션의류,,히트텍,0.02555,0.0018384389890096606,kw_b01,,,50000000,False
2025-07-30,naver_datalab_keyword,패션의류,,가디건,0.36327,0.02613893274119528,kw_b02,,,50000000,False
2025-07-30,naver_datalab_keyword,패션의류,,레인부츠,0.00182,0.0001309572978472635,kw_b02,,,50000000,False
2025-07-30,naver_datalab_keyword,패션의류,,반팔,0.34319,0.024694085191319978,kw_b02,,,50000000,False
2025-07-30,naver_datalab_keyword,패션의류,,자켓,0.13143,0.009456987723113099,kw_b02,,,50000000,False
2025-07-30,naver_datalab_keyword,패션의류,,패션_앵커,13.89766,1.0,kw_b02,,,50000000,True
2025-07-31,naver_datalab_keyword,패션의류,,코트,0.14239,0.01098279806430016,kw_b01,,,50000000,False
2025-07-31,naver_datalab_keyword,패션의류,,패딩,0.12413,0.009574371260071487,kw_b01,,,50000000,False
2025-07-31,naver_datalab_keyword,패션의류,,패션_앵커,12.96482,1.0,kw_b01,,,50000000,True
2025-07-31,naver_datalab_keyword,패션의류,,히트텍,0.02555,0.001970717680615697,kw_b01,,,50000000,False
2025-07-31,naver_datalab_keyword,패션의류,,가디건,0.39978,0.03083575398655747,kw_b02,,,50000000,False
2025-07-31,naver_datalab_keyword,패션의류,,반팔,0.15881,0.01224930234280152,kw_b02,,,50000000,False
2025-07-31,naver_datalab_keyword,패션의류,,자켓,0.08579,0.006617137762036034,kw_b02,,,50000000,False
2025-07-31,naver_datalab_keyword,패션의류,,패션_앵커,12.96482,1.0,kw_b02,,,50000000,True
2025-08-01,naver_datalab_keyword,패션의류,,코트,0.25009,0.02371418195127825,kw_b01,,,50000000,False
2025-08-01,naver_datalab_keyword,패션의류,,패딩,0.12048,0.01142422584465594,kw_b01,,,50000000,False
2025-08-01,naver_datalab_keyword,패션의류,,패션_앵커,10.54601,1.0,kw_b01,,,50000000,True
2025-08-01,naver_datalab_keyword,패션의류,,히트텍,0.00912,0.0008647820360496528,kw_b01,,,50000000,False
2025-08-01,naver_datalab_keyword,패션의류,,가디건,0.40526,0.03842780350103973,kw_b02,,,50000000,False
2025-08-01,naver_datalab_keyword,패션의류,,반팔,0.1789,0.016963761650140668,kw_b02,,,50000000,False
2025-08-01,naver_datalab_keyword,패션의류,,자켓,0.10222,0.009692765320723194,kw_b02,,,50000000,False
2025-08-01,naver_datalab_keyword,패션의류,,패션_앵커,10.54601,1.0,kw_b02,,,50000000,True
2025-08-02,naver_datalab_keyword,패션의류,,코트,0.25922,0.023029229406554472,kw_b01,,,50000000,False
2025-08-02,naver_datalab_keyword,패션의류,,패딩,0.2081,0.018487704033268982,kw_b01,,,50000000,False
2025-08-02,naver_datalab_keyword,패션의류,,패션_앵커,11.25613,1.0,kw_b01,,,50000000,True
2025-08-02,naver_datalab_keyword,패션의류,,히트텍,0.01642,0.001458760693062358,kw_b01,,,50000000,False
2025-08-02,naver_datalab_keyword,패션의류,,가디건,0.43082,0.03827425589434379,kw_b02,,,50000000,False
2025-08-02,naver_datalab_keyword,패션의류,,반팔,0.1789,0.015893561996885252,kw_b02,,,50000000,False
2025-08-02,naver_datalab_keyword,패션의류,,자켓,0.06389,0.005676018311799882,kw_b02,,,50000000,False
2025-08-02,naver_datalab_keyword,패션의류,,패션_앵커,11.25613,1.0,kw_b02,,,50000000,True
2025-08-03,naver_datalab_keyword,패션의류,,코트,0.28843,0.02401202141209967,kw_b01,,,50000000,False
2025-08-03,naver_datalab_keyword,패션의류,,패딩,0.26652,0.02218799690307112,kw_b01,,,50000000,False
2025-08-03,naver_datalab_keyword,패션의류,,패션_앵커,12.0119,1.0,kw_b01,,,50000000,True
2025-08-03,naver_datalab_keyword,패션의류,,히트텍,0.0146,0.001215461334176941,kw_b01,,,50000000,False
2025-08-03,naver_datalab_keyword,패션의류,,가디건,0.33772,0.028115452176591546,kw_b02,,,50000000,False
2025-08-03,naver_datalab_keyword,패션의류,,반팔,0.30486,0.025379831666930294,kw_b02,,,50000000,False
2025-08-03,naver_datalab_keyword,패션의류,,자켓,0.09492,0.007902163687676388,kw_b02,,,50000000,False
2025-08-03,naver_datalab_keyword,패션의류,,패션_앵커,12.0119,1.0,kw_b02,,,50000000,True
2025-08-04,naver_datalab_keyword,패션의류,,코트,0.21358,0.021408416821614904,kw_b01,,,50000000,False
2025-08-04,naver_datalab_keyword,패션의류,,패딩,0.24096,0.024152880032476485,kw_b01,,,50000000,False
2025-08-04,naver_datalab_keyword,패션의류,,패션_앵커,9.97645,1.0,kw_b01,,,50000000,True
2025-08-04,naver_datalab_keyword,패션의류,,히트텍,0.01277,0.0012800144339920514,kw_b01,,,50000000,False
2025-08-04,naver_datalab_keyword,패션의류,,가디건,0.31033,0.031106255231069167,kw_b02,,,50000000,False
2025-08-04,naver_datalab_keyword,패션의류,,반팔,0.23001,0.023055295220243674,kw_b02,,,50000000,False
2025-08-04,naver_datalab_keyword,패션의류,,자켓,0.03103,0.0031103248149391815,kw_b02,,,50000000,False
2025-08-04,naver_datalab_keyword,패션의류,,패션_앵커,9.97645,1.0,kw_b02,,,50000000,True
2025-08-05,naver_datalab_keyword,패션의류,,코트,0.19167,0.02115980971958036,kw_b01,,,50000000,False
2025-08-05,naver_datalab_keyword,패션의류,,패딩,0.12596,0.013905617114198056,kw_b01,,,50000000,False
2025-08-05,naver_datalab_keyword,패션의류,,패션_앵커,9.05821,1.0,kw_b01,,,50000000,True
2025-08-05,naver_datalab_keyword,패션의류,,히트텍,0.02008,0.0022167735126476422,kw_b01,,,50000000,False
2025-08-05,naver_datalab_keyword,패션의류,,가디건,0.34319,0.037887176384738264,kw_b02,,,50000000,False
2025-08-05,naver_datalab_keyword,패션의류,,반팔,0.23366,0.025795383414603988,kw_b02,,,50000000,False
2025-08-05,naver_datalab_keyword,패션의류,,자켓,0.06754,0.007456219275110645,kw_b02,,,50000000,False
2025-08-05,naver_datalab_keyword,패션의류,,패션_앵커,9.05821,1.0,kw_b02,,,50000000,True
2025-08-06,naver_datalab_keyword,패션의류,,코트,0.20993,0.021410832394172272,kw_b01,,,50000000,False
2025-08-06,naver_datalab_keyword,패션의류,,패딩,0.17707,0.01805942977200059,kw_b01,,,50000000,False
2025-08-06,naver_datalab_keyword,패션의류,,패션_앵커,9.80485,1.0,kw_b01,,,50000000,True
2025-08-06,naver_datalab_keyword,패션의류,,히트텍,0.00365,0.00037226474652850375,kw_b01,,,50000000,False
2025-08-06,naver_datalab_keyword,패션의류,,가디건,0.28843,0.02941707420307297,kw_b02,,,50000000,False
2025-08-06,naver_datalab_keyword,패션의류,,반팔,0.1223,0.012473418767242743,kw_b02,,,50000000,False
2025-08-06,naver_datalab_keyword,패션의류,,자켓,0.08579,0.008749751398542558,kw_b02,,,50000000,False
2025-08-06,naver_datalab_keyword,패션의류,,패션_앵커,9.80485,1.0,kw_b02,,,50000000,True
2025-08-07,naver_datalab_keyword,패션의류,,코트,0.16977,0.018848463989519382,kw_b01,,,50000000,False
2025-08-07,naver_datalab_keyword,패션의류,,패딩,0.23549,0.026144930110690457,kw_b01,,,50000000,False
2025-08-07,naver_datalab_keyword,패션의류,,패션_앵커,9.0071,1.0,kw_b01,,,50000000,True
2025-08-07,naver_datalab_keyword,패션의류,,히트텍,0.03103,0.003445060008215741,kw_b01,,,50000000,False
2025-08-07,naver_datalab_keyword,패션의류,,가디건,0.48011,0.05330350501271219,kw_b02,,,50000000,False
2025-08-07,naver_datalab_keyword,패션의류,,반팔,0.25922,0.02877951837994471,kw_b02,,,50000000,False
2025-08-07,naver_datalab_keyword,패션의류,,자켓,0.07667,0.008512173729613305,kw_b02,,,50000000,False
2025-08-07,naver_datalab_keyword,패션의류,,패션_앵커,9.0071,1.0,kw_b02,,,50000000,True
2025-08-08,naver_datalab_keyword,패션의류,,코트,0.33589,0.0405012709023648,kw_b01,,,50000000,False
2025-08-08,naver_datalab_keyword,패션의류,,패딩,0.12413,0.014967467793356582,kw_b01,,,50000000,False
2025-08-08,naver_datalab_keyword,패션의류,,패션_앵커,8.29332,1.0,kw_b01,,,50000000,True
2025-08-08,naver_datalab_keyword,패션의류,,히트텍,0.01825,0.002200566238852474,kw_b01,,,50000000,False
2025-08-08,naver_datalab_keyword,패션의류,,가디건,0.29938,0.03609893263493993,kw_b02,,,50000000,False
2025-08-08,naver_datalab_keyword,패션의류,,반팔,0.12413,0.014967467793356582,kw_b02,,,50000000,False
2025-08-08,naver_datalab_keyword,패션의류,,자켓,0.08032,0.009684903030390725,kw_b02,,,50000000,False
2025-08-08,naver_datalab_keyword,패션의류,,패션_앵커,8.29332,1.0,kw_b02,,,50000000,True
2025-08-09,naver_datalab_keyword,패션의류,,코트,0.30668,0.03222024239775421,kw_b01,,,50000000,False
2025-08-09,naver_datalab_keyword,패션의류,,패딩,0.22818,0.02397291936324362,kw_b01,,,50000000,False
2025-08-09,naver_datalab_keyword,패션의류,,패션_앵커,9.51824,1.0,kw_b01,,,50000000,True
2025-08-09,naver_datalab_keyword,패션의류,,히트텍,0.03651,0.0038357931718468958,kw_b01,,,50000000,False
2025-08-09,naver_datalab_keyword,패션의류,,가디건,0.32311,0.033946401855805275,kw_b02,,,50000000,False
2025-08-09,naver_datalab_keyword,패션의류,,반팔,0.16429,0.01726054396611138,kw_b02,,,50000000,False
2025-08-09,naver_datalab_keyword,패션의류,,자켓,0.1004,0.010548168568979138,kw_b02,,,50000000,False
2025-08-09,naver_datalab_keyword,패션의류,,패션_앵커,9.51824,1.0,kw_b02,,,50000000,True
2025-08-10,naver_datalab_keyword,패션의류,,코트,0.24279,0.02596095858479147,kw_b01,,,50000000,False
2025-08-10,naver_datalab_keyword,패션의류,,패딩,0.29208,0.03123142132479053,kw_b01,,,50000000,False
2025-08-10,naver_datalab_keyword,패션의류,,패션_앵커,9.35212,1.0,kw_b01,,,50000000,True
2025-08-10,naver_datalab_keyword,패션의류,,히트텍,0.0146,0.001561143355731107,kw_b01,,,50000000,False
2025-08-10,naver_datalab_keyword,패션의류,,가디건,0.55495,0.0593394866618478,kw_b02,,,50000000,False
2025-08-10,naver_datalab_keyword,패션의류,,반팔,0.25922,0.02771777949812449,kw_b02,,,50000000,False
2025-08-10,naver_datalab_keyword,패션의류,,자켓,0.14969,0.01600599650132804,kw_b02,,,50000000,False
2025-08-10,naver_datalab_keyword,패션의류,,패션_앵커,9.35212,1.0,kw_b02,,,50000000,True
2025-08-11,naver_datalab_keyword,패션의류,,코트,0.28112,0.03407717549284745,kw_b01,,,50000000,False
2025-08-11,naver_datalab_keyword,패션의류,,패딩,0.12413,0.015046954303952597,kw_b01,,,50000000,False
2025-08-11,naver_datalab_keyword,패션의류,,패션_앵커,8.24951,1.0,kw_b01,,,50000000,True
2025-08-11,naver_datalab_keyword,패션의류,,히트텍,0.0146,0.001769802085214758,kw_b01,,,50000000,False
2025-08-11,naver_datalab_keyword,패션의류,,가디건,0.48376,0.05864105868106106,kw_b02,,,50000000,False
2025-08-11,naver_datalab_keyword,패션의류,,반팔,0.13873,0.016816756389167353,kw_b02,,,50000000,False
2025-08-11,naver_datalab_keyword,패션의류,,자켓,0.16064,0.019472671710198543,kw_b02,,,50000000,False
2025-08-11,naver_datalab_keyword,패션의류,,패션_앵커,8.24951,1.0,kw_b02,,,50000000,True
2025-08-12,naver_datalab_keyword,패션의류,,코트,0.1935,0.02623700353080916,kw_b01,,,50000000,False
2025-08-12,naver_datalab_keyword,패션의류,,패딩,0.21906,0.029702728648367205,kw_b01,,,50000000,False
2025-08-12,naver_datalab_keyword,패션의류,,패션_앵커,7.37508,1.0,kw_b01,,,50000000,True
2025-08-12,naver_datalab_keyword,패션의류,,히트텍,0.00912,0.0012365967555606177,kw_b01,,,50000000,False
2025-08-12,naver_datalab_keyword,패션의류,,가디건,0.544,0.07376191173519475,kw_b02,,,50000000,False
2025-08-12,naver_datalab_keyword,패션의류,,반팔,0.19533,0.02648513643241836,kw_b02,,,50000000,False
2025-08-12,naver_datalab_keyword,패션의류,,자켓,0.10587,0.014355098520965198,kw_b02,,,50000000,False
2025-08-12,naver_datalab_keyword,패션의류,,패션_앵커,7.37508,1.0,kw_b02,,,50000000,True
2025-08-13,naver_datalab_keyword,패션의류,,코트,0.3651,0.05600620961754401,kw_b01,,,50000000,False
2025-08-13,naver_datalab_keyword,패션의류,,패딩,0.23914,0.03668399059966988,kw_b01,,,50000000,False
2025-08-13,naver_datalab_keyword,패션의류,,패션_앵커,6.51892,1.0,kw_b01,,,50000000,True
2025-08-13,naver_datalab_keyword,패션의류,,히트텍,0.00547,0.0008390960465844037,kw_b01,,,50000000,False
2025-08-13,naver_datalab_keyword,패션의류,,가디건,0.44907,0.06888717763065048,kw_b02,,,50000000,False
2025-08-13,naver_datalab_keyword,패션의류,,반팔,0.10953,0.016801862885263204,kw_b02,,,50000000,False
2025-08-13,naver_datalab_keyword,패션의류,,자켓,0.10405,0.015961232842249946,kw_b02,,,50000000,False
2025-08-13,naver_datalab_keyword,패션의류,,패션_앵커,6.51892,1.0,kw_b02,,,50000000,True
2025-08-14,naver_datalab_keyword,패션의류,,코트,0.272,0.038781629484304136,kw_b01,,,50000000,False
2025-08-14,naver_datalab_keyword,패션의류,,패딩,0.20263,0.02889088817060495,kw_b01,,,50000000,False
2025-08-14,naver_datalab_keyword,패션의류,,패션_앵커,7.01363,1.0,kw_b01,,,50000000,True
2025-08-14,naver_datalab_keyword,패션의류,,히트텍,0.01825,0.0026020762429726117,kw_b01,,,50000000,False
2025-08-14,naver_datalab_keyword,패션의류,,가디건,0.42899,0.06116518835467511,kw_b02,,,50000000,False
2025-08-14,naver_datalab_keyword,패션의류,,반팔,0.11318,0.01613715009203508,kw_b02,,,50000000,False
2025-08-14,naver_datalab_keyword,패션의류,,자켓,0.08579,0.01223189703477372,kw_b02,,,50000000,False
2025-08-14,naver_datalab_keyword,패션의류,,패션_앵커,7.01363,1.0,kw_b02,,,50000000,True
2025-08-15,naver_datalab_keyword,패션의류,,코트,0.3724,0.05079611036014224,kw_b01,,,50000000,False
2025-08-15,naver_datalab_keyword,패션의류,,패딩,0.28478,0.03884456581192617,kw_b01,,,50000000,False
2025-08-15,naver_datalab_keyword,패션의류,,패션_앵커,7.33127,1.0,kw_b01,,,50000000,True
2025-08-15,naver_datalab_keyword,패션의류,,히트텍,0.02008,0.0027389524598057362,kw_b01,,,50000000,False
2025-08-15,naver_datalab_keyword,패션의류,,가디건,0.43447,0.059262583426882384,kw_b02,,,50000000,False
2025-08-15,naver_datalab_keyword,패션의류,,반팔,0.09127,0.012449411902712627,kw_b02,,,50000000,False
2025-08-15,naver_datalab_keyword,패션의류,,자켓,0.12778,0.01742944946782754,kw_b02,,,50000000,False
2025-08-15,naver_datalab_keyword,패션의류,,패션_앵커,7.33127,1.0,kw_b02,,,50000000,True
2025-08-16,naver_datalab_keyword,패션의류,,코트,0.42351,0.05531588083398967,kw_b01,,,50000000,False
2025-08-16,naver_datalab_keyword,패션의류,,패딩,0.29025,0.03791040214414182,kw_b01,,,50000000,False
2025-08-16,naver_datalab_keyword,패션의류,,패션_앵커,7.65621,1.0,kw_b01,,,50000000,True
2025-08-16,naver_datalab_keyword,패션의류,,히트텍,0.01825,0.0023836859229305362,kw_b01,,,50000000,False
2025-08-16,naver_datalab_keyword,패션의류,,가디건,0.43082,0.05627066133243472,kw_b02,,,50000000,False
2025-08-16,naver_datalab_keyword,패션의류,,반팔,0.10405,0.013590275083886154,kw_b02,,,50000000,False
2025-08-16,naver_datalab_keyword,패션의류,,자켓,0.17342,0.022650893849567866,kw_b02,,,50000000,False
2025-08-16,naver_datalab_keyword,패션의류,,패션_앵커,7.65621,1.0,kw_b02,,,50000000,True
2025-08-17,naver_datalab_keyword,패션의류,,코트,0.46368,0.06262315495476271,kw_b01,,,50000000,False
2025-08-17,naver_datalab_keyword,패션의류,,패딩,0.41986,0.05670496428421902,kw_b01,,,50000000,False
2025-08-17,naver_datalab_keyword,패션의류,,패션_앵커,7.40429,1.0,kw_b01,,,50000000,True
2025-08-17,naver_datalab_keyword,패션의류,,히트텍,0.00547,0.0007387609075279332,kw_b01,,,50000000,False
2025-08-17,naver_datalab_keyword,패션의류,,가디건,0.68456,0.09245450948031479,kw_b02,,,50000000,False
2025-08-17,naver_datalab_keyword,패션의류,,반팔,0.11865,0.016024493908261293,kw_b02,,,50000000,False
2025-08-17,naver_datalab_keyword,패션의류,,자켓,0.27017,0.03648830610362371,kw_b02,,,50000000,False
2025-08-17,naver_datalab_keyword,패션의류,,패션_앵커,7.40429,1.0,kw_b02,,,50000000,True
2025-08-18,naver_datalab_keyword,패션의류,,코트,0.31581,0.047815804454995815,kw_b01,,,50000000,False
2025-08-18,naver_datalab_keyword,패션의류,,패딩,0.27382,0.04145822987197035,kw_b01,,,50000000,False
2025-08-18,naver_datalab_keyword,패션의류,,패션_앵커,6.60472,1.0,kw_b01,,,50000000,True
2025-08-18,naver_datalab_keyword,패션의류,,히트텍,0.01642,0.002486100849089742,kw_b01,,,50000000,False
2025-08-18,naver_datalab_keyword,패션의류,,가디건,0.39613,0.05997680446710837,kw_b02,,,50000000,False
2025-08-18,naver_datalab_keyword,패션의류,,반팔,0.14056,0.02128175002119696,kw_b02,,,50000000,False
2025-08-18,naver_datalab_keyword,패션의류,,자켓,0.18802,0.02846752019767681,kw_b02,,,50000000,False
2025-08-18,naver_datalab_keyword,패션의류,,패션_앵커,6.60472,1.0,kw_b02,,,50000000,True
2025-08-19,naver_datalab_keyword,패션의류,,코트,0.1935,0.027967681789931635,kw_b01,,,50000000,False
2025-08-19,naver_datalab_keyword,패션의류,,패딩,0.24461,0.03535490771387688,kw_b01,,,50000000,False
2025-08-19,naver_datalab_keyword,패션의류,,패션_앵커,6.9187,1.0,kw_b01,,,50000000,True
2025-08-19,naver_datalab_keyword,패션의류,,히트텍,0.02373,0.0034298350846257244,kw_b01,,,50000000,False
2025-08-19,naver_datalab_keyword,패션의류,,가디건,0.33224,0.04802058190122421,kw_b02,,,50000000,False
2025-08-19,naver_datalab_keyword,패션의류,,반팔,0.07667,0.011081561565033893,kw_b02,,,50000000,False
2025-08-19,naver_datalab_keyword,패션의류,,자켓,0.20628,0.029814849610475955,kw_b02,,,50000000,False
2025-08-19,naver_datalab_keyword,패션의류,,패션_앵커,6.9187,1.0,kw_b02,,,50000000,True
2025-08-20,naver_datalab_keyword,패션의류,,코트,0.31033,0.044304375758441,kw_b01,,,50000000,False
2025-08-20,naver_datalab_keyword,패션의류,,패딩,0.24644,0.035183096580769506,kw_b01,,,50000000,False
2025-08-20,naver_datalab_keyword,패션의류,,패션_앵커,7.0045,1.0,kw_b01,,,50000000,True
2025-08-20,naver_datalab_keyword,패션의류,,히트텍,0.01642,0.002344207295310158,kw_b01,,,50000000,False
2025-08-20,naver_datalab_keyword,패션의류,,가디건,0.48011,0.06854307944892568,kw_b02,,,50000000,False
2025-08-20,naver_datalab_keyword,패션의류,,반팔,0.14239,0.020328360339781568,kw_b02,,,50000000,False
2025-08-20,naver_datalab_keyword,패션의류,,자켓,0.20993,0.029970733100149905,kw_b02,,,50000000,False
2025-08-20,naver_datalab_keyword,패션의류,,패션_앵커,7.0045,1.0,kw_b02,,,50000000,True
2025-08-21,naver_datalab_keyword,패션의류,,코트,0.29573,0.044787964058162405,kw_b01,,,50000000,False
2025-08-21,naver_datalab_keyword,패션의류,,패딩,0.17524,0.026539893894946,kw_b01,,,50000000,False
2025-08-21,naver_datalab_keyword,패션의류,,패션_앵커,6.60289,1.0,kw_b01,,,50000000,True
2025-08-21,naver_datalab_keyword,패션의류,,히트텍,0.00912,0.0013812133777785182,kw_b01,,,50000000,False
2025-08-21,naver_datalab_keyword,패션의류,,가디건,0.55313,0.0837708942599377,kw_b02,,,50000000,False
2025-08-21,naver_datalab_keyword,패션의류,,반팔,0.15516,0.023498801282468736,kw_b02,,,50000000,False
2025-08-21,naver_datalab_keyword,패션의류,,자켓,0.18985,0.028752561378426716,kw_b02,,,50000000,False
2025-08-21,naver_datalab_keyword,패션의류,,패션_앵커,6.60289,1.0,kw_b02,,,50000000,True
2025-08-22,naver_datalab_keyword,패션의류,,코트,0.24096,0.03543503356592966,kw_b01,,,50000000,False
2025-08-22,naver_datalab_keyword,패션의류,,패딩,0.14969,0.022013073433283577,kw_b01,,,50000000,False
2025-08-22,naver_datalab_keyword,패션의류,,패션_앵커,6.80005,1.0,kw_b01,,,50000000,True
2025-08-22,naver_datalab_keyword,패션의류,,히트텍,0.02008,0.002952919463827472,kw_b01,,,50000000,False
2025-08-22,naver_datalab_keyword,패션의류,,가디건,0.44542,0.06550245954073868,kw_b02,,,50000000,False
2025-08-22,naver_datalab_keyword,패션의류,,반팔,0.12048,0.01771751678296483,kw_b02,,,50000000,False
2025-08-22,naver_datalab_keyword,패션의류,,자켓,0.15699,0.023086594951507708,kw_b02,,,50000000,False
2025-08-22,naver_datalab_keyword,패션의류,,패션_앵커,6.80005,1.0,kw_b02,,,50000000,True
2025-08-23,naver_datalab_keyword,패션의류,,코트,0.28112,0.03761476973798648,kw_b01,,,50000000,False
2025-08-23,naver_datalab_keyword,패션의류,,패딩,0.35049,0.04689670121466591,kw_b01,,,50000000,False
2025-08-23,naver_datalab_keyword,패션의류,,패션_앵커,7.47366,1.0,kw_b01,,,50000000,True
2025-08-23,naver_datalab_keyword,패션의류,,히트텍,0.02555,0.0034186730464056433,kw_b01,,,50000000,False
2025-08-23,naver_datalab_keyword,패션의류,,가디건,0.43812,0.05862188004271,kw_b02,,,50000000,False
2025-08-23,naver_datalab_keyword,패션의류,,반팔,0.18255,0.024425783351129163,kw_b02,,,50000000,False
2025-08-23,naver_datalab_keyword,패션의류,,자켓,0.12413,0.01660899746576644,kw_b02,,,50000000,False
2025-08-23,naver_datalab_keyword,패션의류,,패션_앵커,7.47366,1.0,kw_b02,,,50000000,True
2025-08-24,naver_datalab_keyword,패션의류,,코트,0.27017,0.03371986934907934,kw_b01,,,50000000,False
2025-08-24,naver_datalab_keyword,패션의류,,패딩,0.27017,0.03371986934907934,kw_b01,,,50000000,False
2025-08-24,naver_datalab_keyword,패션의류,,패션_앵커,8.01219,1.0,kw_b01,,,50000000,True
2025-08-24,naver_datalab_keyword,패션의류,,히트텍,0.01642,0.0020493772613979448,kw_b01,,,50000000,False
2025-08-24,naver_datalab_keyword,패션의류,,가디건,0.48741,0.060833554870765666,kw_b02,,,50000000,False
2025-08-24,naver_datalab_keyword,패션의류,,반팔,0.13691,0.017087712597928906,kw_b02,,,50000000,False
2025-08-24,naver_datalab_keyword,패션의류,,자켓,0.23731,0.029618618629862745,kw_b02,,,50000000,False
2025-08-24,naver_datalab_keyword,패션의류,,패션_앵커,8.01219,1.0,kw_b02,,,50000000,True
2025-08-25,naver_datalab_keyword,패션의류,,코트,0.25922,0.03264328503121147,kw_b01,,,50000000,False
2025-08-25,naver_datalab_keyword,패션의류,,패딩,0.11135,0.014022181113437997,kw_b01,,,50000000,False
2025-08-25,naver_datalab_keyword,패션의류,,패션_앵커,7.94099,1.0,kw_b01,,,50000000,True
2025-08-25,naver_datalab_keyword,패션의류,,히트텍,0.00547,0.0006888309895869407,kw_b01,,,50000000,False
2025-08-25,naver_datalab_keyword,패션의류,,가디건,0.50019,0.06298836794908444,kw_b02,,,50000000,False
2025-08-25,naver_datalab_keyword,패션의류,,반팔,0.14421,0.018160204206276547,kw_b02,,,50000000,False
2025-08-25,naver_datalab_keyword,패션의류,,자켓,0.21358,0.026895890814621348,kw_b02,,,50000000,False
2025-08-25,naver_datalab_keyword,패션의류,,패션_앵커,7.94099,1.0,kw_b02,,,50000000,True
2025-08-26,naver_datalab_keyword,패션의류,,코트,0.26104,0.0372480080363462,kw_b01,,,50000000,False
2025-08-26,naver_datalab_keyword,패션의류,,패딩,0.23001,0.03282031232163649,kw_b01,,,50000000,False
2025-08-26,naver_datalab_keyword,패션의류,,패션_앵커,7.00816,1.0,kw_b01,,,50000000,True
2025-08-26,naver_datalab_keyword,패션의류,,히트텍,0.02373,0.0033860528298440677,kw_b01,,,50000000,False
2025-08-26,naver_datalab_keyword,패션의류,,가디건,0.39431,0.05626441177142074,kw_b02,,,50000000,False
2025-08-26,naver_datalab_keyword,패션의류,,반팔,0.18985,0.027089849546813996,kw_b02,,,50000000,False
2025-08-26,naver_datalab_keyword,패션의류,,자켓,0.14786,0.021098262596744365,kw_b02,,,50000000,False
2025-08-26,naver_datalab_keyword,패션의류,,패션_앵커,7.00816,1.0,kw_b02,,,50000000,True
2025-08-27,naver_datalab_keyword,패션의류,,코트,0.58599,0.082055109488029,kw_b01,,,50000000,False
2025-08-27,naver_datalab_keyword,패션의류,,패딩,0.26104,0.03655295445443623,kw_b01,,,50000000,False
2025-08-27,naver_datalab_keyword,패션의류,,패션_앵커,7.14142,1.0,kw_b01,,,50000000,True
2025-08-27,naver_datalab_keyword,패션의류,,히트텍,0.02008,0.0028117657272643255,kw_b01,,,50000000,False
2025-08-27,naver_datalab_keyword,패션의류,,가디건,0.73203,0.10250482397058287,kw_b02,,,50000000,False
2025-08-27,naver_datalab_keyword,패션의류,,반팔,0.19533,0.027351703162676332,kw_b02,,,50000000,False
2025-08-27,naver_datalab_keyword,패션의류,,자켓,0.20445,0.028628760106533434,kw_b02,,,50000000,False
2025-08-27,naver_datalab_keyword,패션의류,,패션_앵커,7.14142,1.0,kw_b02,,,50000000,True
2025-08-28,naver_datalab_keyword,패션의류,,코트,0.38335,0.05592423422385158,kw_b01,,,50000000,False
2025-08-28,naver_datalab_keyword,패션의류,,패딩,0.32311,0.04713624447650628,kw_b01,,,50000000,False
2025-08-28,naver_datalab_keyword,패션의류,,패션_앵커,6.85481,1.0,kw_b01,,,50000000,True
2025-08-28,naver_datalab_keyword,패션의류,,히트텍,0.03103,0.004526748370852001,kw_b01,,,50000000,False
2025-08-28,naver_datalab_keyword,패션의류,,가디건,0.76306,0.11131745445898573,kw_b02,,,50000000,False
2025-08-28,naver_datalab_keyword,패션의류,,반팔,0.06754,0.009852935384058787,kw_b02,,,50000000,False
2025-08-28,naver_datalab_keyword,패션의류,,자켓,0.10405,0.015179122397265571,kw_b02,,,50000000,False
2025-08-28,naver_datalab_keyword,패션의류,,패션_앵커,6.85481,1.0,kw_b02,,,50000000,True
2025-08-29,naver_datalab_keyword,패션의류,,코트,0.46733,0.08184112318110894,kw_b01,,,50000000,False
2025-08-29,naver_datalab_keyword,패션의류,,패딩,0.16429,0.028771271109118576,kw_b01,,,50000000,False
2025-08-29,naver_datalab_keyword,패션의류,,패션_앵커,5.71021,1.0,kw_b01,,,50000000,True
2025-08-29,naver_datalab_keyword,패션의류,,히트텍,0.00912,0.0015971391595055173,kw_b01,,,50000000,False
2025-08-29,naver_datalab_keyword,패션의류,,가디건,0.57138,0.10006286984191474,kw_b02,,,50000000,False
2025-08-29,naver_datalab_keyword,패션의류,,반팔,0.06389,0.011188730361930648,kw_b02,,,50000000,False
2025-08-29,naver_datalab_keyword,패션의류,,자켓,0.1223,0.02141777622889526,kw_b02,,,50000000,False
2025-08-29,naver_datalab_keyword,패션의류,,패션_앵커,5.71021,1.0,kw_b02,,,50000000,True
2025-08-30,naver_datalab_keyword,패션의류,,코트,0.43264,0.06583219971210585,kw_b01,,,50000000,False
2025-08-30,naver_datalab_keyword,패션의류,,패딩,0.25739,0.03916547217986993,kw_b01,,,50000000,False
2025-08-30,naver_datalab_keyword,패션의류,,패션_앵커,6.57186,1.0,kw_b01,,,50000000,True
2025-08-30,naver_datalab_keyword,패션의류,,가디건,0.64623,0.09833289205795619,kw_b02,,,50000000,False
2025-08-30,naver_datalab_keyword,패션의류,,반팔,0.10405,0.015832656203875313,kw_b02,,,50000000,False
2025-08-30,naver_datalab_keyword,패션의류,,자켓,0.0931,0.014166461245370413,kw_b02,,,50000000,False
2025-08-30,naver_datalab_keyword,패션의류,,패션_앵커,6.57186,1.0,kw_b02,,,50000000,True
2025-08-31,naver_datalab_keyword,패션의류,,코트,0.43629,0.06120241729137676,kw_b01,,,50000000,False
2025-08-31,naver_datalab_keyword,패션의류,,패딩,0.25922,0.0363631772680343,kw_b01,,,50000000,False
2025-08-31,naver_datalab_keyword,패션의류,,패션_앵커,7.12864,1.0,kw_b01,,,50000000,True
2025-08-31,naver_datalab_keyword,패션의류,,히트텍,0.0073,0.0010240382457242896,kw_b01,,,50000000,False
2025-08-31,naver_datalab_keyword,패션의류,,가디건,0.68639,0.0962862481483144,kw_b02,,,50000000,False
2025-08-31,naver_datalab_keyword,패션의류,,반팔,0.2008,0.02816806571800512,kw_b02,,,50000000,False
2025-08-31,naver_datalab_keyword,패션의류,,자켓,0.1004,0.01408403285900256,kw_b02,,,50000000,False
2025-08-31,naver_datalab_keyword,패션의류,,패션_앵커,7.12864,1.0,kw_b02,,,50000000,True
2025-09-01,naver_datalab_keyword,패션의류,,코트,0.32859,0.05112140692384763,kw_b01,,,50000000,False
2025-09-01,naver_datalab_keyword,패션의류,,패딩,0.2081,0.032375802005090513,kw_b01,,,50000000,False
2025-09-01,naver_datalab_keyword,패션의류,,패션_앵커,6.42764,1.0,kw_b01,,,50000000,True
2025-09-01,naver_datalab_keyword,패션의류,,히트텍,0.00912,0.0014188722454897909,kw_b01,,,50000000,False
2025-09-01,naver_datalab_keyword,패션의류,,가디건,0.54217,0.08434977690100877,kw_b02,,,50000000,False
2025-09-01,naver_datalab_keyword,패션의류,,반팔,0.13873,0.021583349409736698,kw_b02,,,50000000,False
2025-09-01,naver_datalab_keyword,패션의류,,자켓,0.15881,0.024707357599367732,kw_b02,,,50000000,False
2025-09-01,naver_datalab_keyword,패션의류,,패션_앵커,6.42764,1.0,kw_b02,,,50000000,True
2025-09-02,naver_datalab_keyword,패션의류,,코트,0.40343,0.05691347087104711,kw_b01,,,50000000,False
2025-09-02,naver_datalab_keyword,패션의류,,패딩,0.34684,0.04893009502742478,kw_b01,,,50000000,False
2025-09-02,naver_datalab_keyword,패션의류,,패션_앵커,7.08848,1.0,kw_b01,,,50000000,True
2025-09-02,naver_datalab_keyword,패션의류,,히트텍,0.0219,0.003089519897072433,kw_b01,,,50000000,False
2025-09-02,naver_datalab_keyword,패션의류,,가디건,0.79409,0.1120254271719748,kw_b02,,,50000000,False
2025-09-02,naver_datalab_keyword,패션의류,,반팔,0.16064,0.02266212220391396,kw_b02,,,50000000,False
2025-09-02,naver_datalab_keyword,패션의류,,자켓,0.14786,0.02085919689411552,kw_b02,,,50000000,False
2025-09-02,naver_datalab_keyword,패션의류,,패션_앵커,7.08848,1.0,kw_b02,,,50000000,True
2025-09-03,naver_datalab_keyword,패션의류,,코트,0.32494,0.05543414657447546,kw_b01,,,50000000,False
2025-09-03,naver_datalab_keyword,패션의류,,패딩,0.29573,0.050450976077028455,kw_b01,,,50000000,False
2025-09-03,naver_datalab_keyword,패션의류,,패션_앵커,5.86173,1.0,kw_b01,,,50000000,True
2025-09-03,naver_datalab_keyword,패션의류,,히트텍,0.01825,0.0031134153227801347,kw_b01,,,50000000,False
2025-09-03,naver_datalab_keyword,패션의류,,가디건,1.14459,0.19526487913977617,kw_b02,,,50000000,False
2025-09-03,naver_datalab_keyword,패션의류,,반팔,0.20993,0.03581365910746486,kw_b02,,,50000000,False
2025-09-03,naver_datalab_keyword,패션의류,,자켓,0.17159,0.029272927958128404,kw_b02,,,50000000,False
2025-09-03,naver_datalab_keyword,패션의류,,패션_앵커,5.86173,1.0,kw_b02,,,50000000,True
2025-09-04,naver_datalab_keyword,패션의류,,목도리,0.00182,0.00031263044161626503,kw_b01,,,50000000,False
2025-09-04,naver_datalab_keyword,패션의류,,코트,0.25009,0.04295920172736907,kw_b01,,,50000000,False
2025-09-04,naver_datalab_keyword,패션의류,,패딩,0.28295,0.048603727173253945,kw_b01,,,50000000,False
2025-09-04,naver_datalab_keyword,패션의류,,패션_앵커,5.82157,1.0,kw_b01,,,50000000,True
2025-09-04,naver_datalab_keyword,패션의류,,히트텍,0.02008,0.003449241355854177,kw_b01,,,50000000,False
2025-09-04,naver_datalab_keyword,패션의류,,가디건,0.8014,0.13766045929190923,kw_b02,,,50000000,False
2025-09-04,naver_datalab_keyword,패션의류,,반팔,0.12048,0.02069544813512506,kw_b02,,,50000000,False
2025-09-04,naver_datalab_keyword,패션의류,,자켓,0.21906,0.03762902447277968,kw_b02,,,50000000,False
2025-09-04,naver_datalab_keyword,패션의류,,패션_앵커,5.82157,1.0,kw_b02,,,50000000,True
2025-09-05,naver_datalab_keyword,패션의류,,코트,0.34867,0.06256078086591427,kw_b01,,,50000000,False
2025-09-05,naver_datalab_keyword,패션의류,,패딩,0.22818,0.04094163242603126,kw_b01,,,50000000,False
2025-09-05,naver_datalab_keyword,패션의류,,패션_앵커,5.5733,1.0,kw_b01,,,50000000,True
2025-09-05,naver_datalab_keyword,패션의류,,히트텍,0.03103,0.00556761703120234,kw_b01,,,50000000,False
2025-09-05,naver_datalab_keyword,패션의류,,가디건,0.78132,0.14018983367125404,kw_b02,,,50000000,False
2025-09-05,naver_datalab_keyword,패션의류,,반팔,0.08945,0.016049737139576196,kw_b02,,,50000000,False
2025-09-05,naver_datalab_keyword,패션의류,,자켓,0.14421,0.025875154755710263,kw_b02,,,50000000,False
2025-09-05,naver_datalab_keyword,패션의류,,패션_앵커,5.5733,1.0,kw_b02,,,50000000,True
2025-09-06,naver_datalab_keyword,패션의류,,코트,0.3651,0.057970508238290384,kw_b01,,,50000000,False
2025-09-06,naver_datalab_keyword,패션의류,,패딩,0.38153,0.06057926049891792,kw_b01,,,50000000,False
2025-09-06,naver_datalab_keyword,패션의류,,패션_앵커,6.29803,1.0,kw_b01,,,50000000,True
2025-09-06,naver_datalab_keyword,패션의류,,히트텍,0.0146,0.002318185210295918,kw_b01,,,50000000,False
2025-09-06,naver_datalab_keyword,패션의류,,가디건,1.10261,0.1750722051181084,kw_b02,,,50000000,False
2025-09-06,naver_datalab_keyword,패션의류,,반팔,0.07667,0.012173647950232057,kw_b02,,,50000000,False
2025-09-06,naver_datalab_keyword,패션의류,,자켓,0.20445,0.03246253193458907,kw_b02,,,50000000,False
2025-09-06,naver_datalab_keyword,패션의류,,패션_앵커,6.29803,1.0,kw_b02,,,50000000,True
2025-09-07,naver_datalab_keyword,패션의류,,코트,0.57686,0.083796967469589,kw_b01,,,50000000,False
2025-09-07,naver_datalab_keyword,패션의류,,패딩,0.33589,0.04879271123558619,kw_b01,,,50000000,False
2025-09-07,naver_datalab_keyword,패션의류,,패션_앵커,6.88402,1.0,kw_b01,,,50000000,True
2025-09-07,naver_datalab_keyword,패션의류,,히트텍,0.0219,0.0031812807051693633,kw_b01,,,50000000,False
2025-09-07,naver_datalab_keyword,패션의류,,가디건,1.17928,0.17130688173480033,kw_b02,,,50000000,False
2025-09-07,naver_datalab_keyword,패션의류,,반팔,0.1223,0.017765782202840783,kw_b02,,,50000000,False
2025-09-07,naver_datalab_keyword,패션의류,,자켓,0.21175,0.03075964334792752,kw_b02,,,50000000,False
2025-09-07,naver_datalab_keyword,패션의류,,패션_앵커,6.88402,1.0,kw_b02,,,50000000,True
2025-09-08,naver_datalab_keyword,패션의류,,코트,0.53305,0.07969423011082888,kw_b01,,,50000000,False
2025-09-08,naver_datalab_keyword,패션의류,,패딩,0.34319,0.05130900071613425,kw_b01,,,50000000,False
2025-09-08,naver_datalab_keyword,패션의류,,패션_앵커,6.68869,1.0,kw_b01,,,50000000,True
2025-09-08,naver_datalab_keyword,패션의류,,히트텍,0.03468,0.005184871776087695,kw_b01,,,50000000,False
2025-09-08,naver_datalab_keyword,패션의류,,가디건,1.30341,0.19486775437342738,kw_b02,,,50000000,False
2025-09-08,naver_datalab_keyword,패션의류,,반팔,0.08032,0.012008330480258466,kw_b02,,,50000000,False
2025-09-08,naver_datalab_keyword,패션의류,,자켓,0.20993,0.031385816953693475,kw_b02,,,50000000,False
2025-09-08,naver_datalab_keyword,패션의류,,패션_앵커,6.68869,1.0,kw_b02,,,50000000,True
2025-09-09,naver_datalab_keyword,패션의류,,코트,0.3578,0.06522448488516444,kw_b01,,,50000000,False
2025-09-09,naver_datalab_keyword,패션의류,,패딩,0.42717,0.0778701598893116,kw_b01,,,50000000,False
2025-09-09,naver_datalab_keyword,패션의류,,패션_앵커,5.48567,1.0,kw_b01,,,50000000,True
2025-09-09,naver_datalab_keyword,패션의류,,히트텍,0.0292,0.005322959638476248,kw_b01,,,50000000,False
2025-09-09,naver_datalab_keyword,패션의류,,가디건,1.55716,0.28385958324142724,kw_b02,,,50000000,False
2025-09-09,naver_datalab_keyword,패션의류,,반팔,0.05659,0.010315968696622291,kw_b02,,,50000000,False
2025-09-09,naver_datalab_keyword,패션의류,,자켓,0.31581,0.05756999600778027,kw_b02,,,50000000,False
2025-09-09,naver_datalab_keyword,패션의류,,패션_앵커,5.48567,1.0,kw_b02,,,50000000,True
2025-09-10,naver_datalab_keyword,패션의류,,코트,0.41804,0.09369816835367001,kw_b01,,,50000000,False
2025-09-10,naver_datalab_keyword,패션의류,,패딩,0.30668,0.06873828884964003,kw_b01,,,50000000,False
2025-09-10,naver_datalab_keyword,패션의류,,패션_앵커,4.46156,1.0,kw_b01,,,50000000,True
2025-09-10,naver_datalab_keyword,패션의류,,히트텍,0.04381,0.009819435354450012,kw_b01,,,50000000,False
2025-09-10,naver_datalab_keyword,패션의류,,가디건,1.62836,0.36497547942872,kw_b02,,,50000000,False
2025-09-10,naver_datalab_keyword,패션의류,,반팔,0.07302,0.01636647271358,kw_b02,,,50000000,False
2025-09-10,naver_datalab_keyword,패션의류,,자켓,0.2081,0.046642878275760045,kw_b02,,,50000000,False
2025-09-10,naver_datalab_keyword,패션의류,,패션_앵커,4.46156,1.0,kw_b02,,,50000000,True
2025-09-11,naver_datalab_keyword,패션의류,,코트,0.36327,0.10310679942325814,kw_b01,,,50000000,False
2025-09-11,naver_datalab_keyword,패션의류,,패딩,0.22453,0.06372827283977249,kw_b01,,,50000000,False
2025-09-11,naver_datalab_keyword,패션의류,,패션_앵커,3.52324,1.0,kw_b01,,,50000000,True
2025-09-11,naver_datalab_keyword,패션의류,,히트텍,0.10587,0.030049045764693864,kw_b01,,,50000000,False
2025-09-11,naver_datalab_keyword,패션의류,,가디건,1.57359,0.44663150963317855,kw_b02,,,50000000,False
2025-09-11,naver_datalab_keyword,패션의류,,반팔,0.06571,0.018650446747879794,kw_b02,,,50000000,False
2025-09-11,naver_datalab_keyword,패션의류,,자켓,0.21175,0.060100929825955655,kw_b02,,,50000000,False
2025-09-11,naver_datalab_keyword,패션의류,,패션_앵커,3.52324,1.0,kw_b02,,,50000000,True
2025-09-12,naver_datalab_keyword,패션의류,,코트,0.26287,0.0815389005726055,kw_b01,,,50000000,False
2025-09-12,naver_datalab_keyword,패션의류,,패딩,0.27565,0.08550309256605436,kw_b01,,,50000000,False
2025-09-12,naver_datalab_keyword,패션의류,,패션_앵커,3.22386,1.0,kw_b01,,,50000000,True
2025-09-12,naver_datalab_keyword,패션의류,,히트텍,0.03833,0.011889474108677175,kw_b01,,,50000000,False
2025-09-12,naver_datalab_keyword,패션의류,,가디건,1.40199,0.43487930617334497,kw_b02,,,50000000,False
2025-09-12,naver_datalab_keyword,패션의류,,반팔,0.03468,0.010757290949358842,kw_b02,,,50000000,False
2025-09-12,naver_datalab_keyword,패션의류,,자켓,0.2081,0.06454994943949179,kw_b02,,,50000000,False
2025-09-12,naver_datalab_keyword,패션의류,,패션_앵커,3.22386,1.0,kw_b02,,,50000000,True
2025-09-13,naver_datalab_keyword,패션의류,,코트,0.42717,0.10863494873046875,kw_b01,,,50000000,False
2025-09-13,naver_datalab_keyword,패션의류,,패딩,0.26104,0.06638590494791666,kw_b01,,,50000000,False
2025-09-13,naver_datalab_keyword,패션의류,,패션_앵커,3.93216,1.0,kw_b01,,,50000000,True
2025-09-13,naver_datalab_keyword,패션의류,,히트텍,0.03285,0.008354187011718748,kw_b01,,,50000000,False
2025-09-13,naver_datalab_keyword,패션의류,,가디건,1.43485,0.3649012247721354,kw_b02,,,50000000,False
2025-09-13,naver_datalab_keyword,패션의류,,반팔,0.01277,0.0032475789388020835,kw_b02,,,50000000,False
2025-09-13,naver_datalab_keyword,패션의류,,자켓,0.21906,0.0557098388671875,kw_b02,,,50000000,False
2025-09-13,naver_datalab_keyword,패션의류,,패션_앵커,3.93216,1.0,kw_b02,,,50000000,True
2025-09-14,naver_datalab_keyword,패션의류,,코트,0.34502,0.0899994261238842,kw_b01,,,50000000,False
2025-09-14,naver_datalab_keyword,패션의류,,패딩,0.28112,0.07333093348775817,kw_b01,,,50000000,False
2025-09-14,naver_datalab_keyword,패션의류,,패션_앵커,3.83358,1.0,kw_b01,,,50000000,True
2025-09-14,naver_datalab_keyword,패션의류,,히트텍,0.02008,0.005237923820554156,kw_b01,,,50000000,False
2025-09-14,naver_datalab_keyword,패션의류,,가디건,1.62471,0.42381012004444935,kw_b02,,,50000000,False
2025-09-14,naver_datalab_keyword,패션의류,,반팔,0.04928,0.01285482499386996,kw_b02,,,50000000,False
2025-09-14,naver_datalab_keyword,패션의류,,자켓,0.22453,0.05856927467276019,kw_b02,,,50000000,False
2025-09-14,naver_datalab_keyword,패션의류,,패션_앵커,3.83358,1.0,kw_b02,,,50000000,True
2025-09-15,naver_datalab_keyword,패션의류,,코트,0.32859,0.07240488031677547,kw_b01,,,50000000,False
2025-09-15,naver_datalab_keyword,패션의류,,패딩,0.29573,0.06516417193487328,kw_b01,,,50000000,False
2025-09-15,naver_datalab_keyword,패션의류,,패션_앵커,4.53823,1.0,kw_b01,,,50000000,True
2025-09-15,naver_datalab_keyword,패션의류,,히트텍,0.02373,0.005228910830874592,kw_b01,,,50000000,False
2025-09-15,naver_datalab_keyword,패션의류,,가디건,1.29976,0.2864024079872549,kw_b02,,,50000000,False
2025-09-15,naver_datalab_keyword,패션의류,,반팔,0.09492,0.020915643323498368,kw_b02,,,50000000,False
2025-09-15,naver_datalab_keyword,패션의류,,자켓,0.2081,0.04585488174905194,kw_b02,,,50000000,False
2025-09-15,naver_datalab_keyword,패션의류,,패션_앵커,4.53823,1.0,kw_b02,,,50000000,True
2025-09-16,naver_datalab_keyword,패션의류,,코트,0.29755,0.05451340987745246,kw_b01,,,50000000,False
2025-09-16,naver_datalab_keyword,패션의류,,패딩,0.24096,0.044145693981081986,kw_b01,,,50000000,False
2025-09-16,naver_datalab_keyword,패션의류,,패션_앵커,5.45829,1.0,kw_b01,,,50000000,True
2025-09-16,naver_datalab_keyword,패션의류,,히트텍,0.03833,0.007022345826256942,kw_b01,,,50000000,False
2025-09-16,naver_datalab_keyword,패션의류,,가디건,1.53891,0.2819399482255432,kw_b02,,,50000000,False
2025-09-16,naver_datalab_keyword,패션의류,,반팔,0.08397,0.015383938925927352,kw_b02,,,50000000,False
2025-09-16,naver_datalab_keyword,패션의류,,자켓,0.22271,0.04080215598658188,kw_b02,,,50000000,False
2025-09-16,naver_datalab_keyword,패션의류,,패션_앵커,5.45829,1.0,kw_b02,,,50000000,True
2025-09-17,naver_datalab_keyword,패션의류,,코트,0.48741,0.08235614160775356,kw_b01,,,50000000,False
2025-09-17,naver_datalab_keyword,패션의류,,패딩,0.28112,0.04749996620662621,kw_b01,,,50000000,False
2025-09-17,naver_datalab_keyword,패션의류,,패션_앵커,5.91832,1.0,kw_b01,,,50000000,True
2025-09-17,naver_datalab_keyword,패션의류,,히트텍,0.01642,0.0027744359885913572,kw_b01,,,50000000,False
2025-09-17,naver_datalab_keyword,패션의류,,가디건,1.67217,0.2825413292961516,kw_b02,,,50000000,False
2025-09-17,naver_datalab_keyword,패션의류,,반팔,0.12596,0.021283066816258668,kw_b02,,,50000000,False
2025-09-17,naver_datalab_keyword,패션의류,,자켓,0.33954,0.05737101069222347,kw_b02,,,50000000,False
2025-09-17,naver_datalab_keyword,패션의류,,패션_앵커,5.91832,1.0,kw_b02,,,50000000,True
2025-09-18,naver_datalab_keyword,패션의류,,코트,0.50201,0.11165106844830346,kw_b01,,,50000000,False
2025-09-18,naver_datalab_keyword,패션의류,,패딩,0.48376,0.1075921214170062,kw_b01,,,50000000,False
2025-09-18,naver_datalab_keyword,패션의류,,패션_앵커,4.49624,1.0,kw_b01,,,50000000,True
2025-09-18,naver_datalab_keyword,패션의류,,히트텍,0.02555,0.005682525843816166,kw_b01,,,50000000,False
2025-09-18,naver_datalab_keyword,패션의류,,가디건,1.946,0.43280607796736825,kw_b02,,,50000000,False
2025-09-18,naver_datalab_keyword,패션의류,,반팔,0.06936,0.015426222799494689,kw_b02,,,50000000,False
2025-09-18,naver_datalab_keyword,패션의류,,자켓,0.29025,0.06455393840186467,kw_b02,,,50000000,False
2025-09-18,naver_datalab_keyword,패션의류,,패션_앵커,4.49624,1.0,kw_b02,,,50000000,True
2025-09-19,naver_datalab_keyword,패션의류,,코트,0.40343,0.10604383905876663,kw_b01,,,50000000,False
2025-09-19,naver_datalab_keyword,패션의류,,패딩,0.32311,0.0849312764005604,kw_b01,,,50000000,False
2025-09-19,naver_datalab_keyword,패션의류,,패션_앵커,3.80437,1.0,kw_b01,,,50000000,True
2025-09-19,naver_datalab_keyword,패션의류,,히트텍,0.03651,0.009596858349739905,kw_b01,,,50000000,False
2025-09-19,naver_datalab_keyword,패션의류,,가디건,2.37499,0.6242794470569372,kw_b02,,,50000000,False
2025-09-19,naver_datalab_keyword,패션의류,,반팔,0.06571,0.017272242184645552,kw_b02,,,50000000,False
2025-09-19,naver_datalab_keyword,패션의류,,자켓,0.31946,0.0839718534211972,kw_b02,,,50000000,False
2025-09-19,naver_datalab_keyword,패션의류,,패션_앵커,3.80437,1.0,kw_b02,,,50000000,True
2025-09-20,naver_datalab_keyword,패션의류,,코트,0.57686,0.11399651801364732,kw_b01,,,50000000,False
2025-09-20,naver_datalab_keyword,패션의류,,패딩,0.25922,0.05122590819175824,kw_b01,,,50000000,False
2025-09-20,naver_datalab_keyword,패션의류,,패션_앵커,5.06033,1.0,kw_b01,,,50000000,True
2025-09-20,naver_datalab_keyword,패션의류,,히트텍,0.05841,0.011542725474425579,kw_b01,,,50000000,False
2025-09-20,naver_datalab_keyword,패션의류,,가디건,2.61596,0.5169544278732809,kw_b02,,,50000000,False
2025-09-20,naver_datalab_keyword,패션의류,,반팔,0.06024,0.01190436196848822,kw_b02,,,50000000,False
2025-09-20,naver_datalab_keyword,패션의류,,자켓,0.65353,0.12914770380587828,kw_b02,,,50000000,False
2025-09-20,naver_datalab_keyword,패션의류,,패션_앵커,5.06033,1.0,kw_b02,,,50000000,True
2025-09-21,naver_datalab_keyword,패션의류,,코트,0.63893,0.10759295433113297,kw_b01,,,50000000,False
2025-09-21,naver_datalab_keyword,패션의류,,패딩,0.49471,0.08330695136737168,kw_b01,,,50000000,False
2025-09-21,naver_datalab_keyword,패션의류,,패션_앵커,5.9384,1.0,kw_b01,,,50000000,True
2025-09-21,naver_datalab_keyword,패션의류,,히트텍,0.0292,0.004917149400511923,kw_b01,,,50000000,False
2025-09-21,naver_datalab_keyword,패션의류,,가디건,2.8405,0.47832749562171634,kw_b02,,,50000000,False
2025-09-21,naver_datalab_keyword,패션의류,,반팔,0.06389,0.010758790246531053,kw_b02,,,50000000,False
2025-09-21,naver_datalab_keyword,패션의류,,자켓,0.77949,0.13126262966455612,kw_b02,,,50000000,False
2025-09-21,naver_datalab_keyword,패션의류,,패션_앵커,5.9384,1.0,kw_b02,,,50000000,True
2025-09-22,naver_datalab_keyword,패션의류,,코트,0.58964,0.1262209701829609,kw_b01,,,50000000,False
2025-09-22,naver_datalab_keyword,패션의류,,패딩,0.31033,0.06643062491838791,kw_b01,,,50000000,False
2025-09-22,naver_datalab_keyword,패션의류,,패션_앵커,4.67149,1.0,kw_b01,,,50000000,True
2025-09-22,naver_datalab_keyword,패션의류,,히트텍,0.07119,0.015239249147488275,kw_b01,,,50000000,False
2025-09-22,naver_datalab_keyword,패션의류,,가디건,2.73097,0.5846036275363963,kw_b02,,,50000000,False
2025-09-22,naver_datalab_keyword,패션의류,,반팔,0.06571,0.014066175888206975,kw_b02,,,50000000,False
2025-09-22,naver_datalab_keyword,패션의류,,자켓,0.44907,0.09612992856668857,kw_b02,,,50000000,False
2025-09-22,naver_datalab_keyword,패션의류,,패션_앵커,4.67149,1.0,kw_b02,,,50000000,True
2025-09-23,naver_datalab_keyword,패션의류,,코트,0.35597,0.06966662882954115,kw_b01,,,50000000,False
2025-09-23,naver_datalab_keyword,패션의류,,패딩,0.44177,0.08645848419256227,kw_b01,,,50000000,False
2025-09-23,naver_datalab_keyword,패션의류,,패션_앵커,5.10962,1.0,kw_b01,,,50000000,True
2025-09-23,naver_datalab_keyword,패션의류,,히트텍,0.05111,0.010002700787925521,kw_b01,,,50000000,False
2025-09-23,naver_datalab_keyword,패션의류,,가디건,2.36952,0.4637370293681331,kw_b02,,,50000000,False
2025-09-23,naver_datalab_keyword,패션의류,,반팔,0.1077,0.021077888375260784,kw_b02,,,50000000,False
2025-09-23,naver_datalab_keyword,패션의류,,자켓,0.31033,0.06073445774832571,kw_b02,,,50000000,False
2025-09-23,naver_datalab_keyword,패션의류,,패션_앵커,5.10962,1.0,kw_b02,,,50000000,True
2025-09-24,naver_datalab_keyword,패션의류,,코트,0.53122,0.1156586109296756,kw_b01,,,50000000,False
2025-09-24,naver_datalab_keyword,패션의류,,패딩,0.39613,0.08624646200740256,kw_b01,,,50000000,False
2025-09-24,naver_datalab_keyword,패션의류,,패션_앵커,4.593,1.0,kw_b01,,,50000000,True
2025-09-24,naver_datalab_keyword,패션의류,,히트텍,0.08762,0.019076856085347267,kw_b01,,,50000000,False
2025-09-24,naver_datalab_keyword,패션의류,,가디건,2.51921,0.5484890050076203,kw_b02,,,50000000,False
2025-09-24,naver_datalab_keyword,패션의류,,반팔,0.06389,0.013910298279991292,kw_b02,,,50000000,False
2025-09-24,naver_datalab_keyword,패션의류,,자켓,0.44907,0.0977726975832789,kw_b02,,,50000000,False
2025-09-24,naver_datalab_keyword,패션의류,,패션_앵커,4.593,1.0,kw_b02,,,50000000,True
2025-09-25,naver_datalab_keyword,패션의류,,코트,0.39613,0.09218199503869909,kw_b01,,,50000000,False
2025-09-25,naver_datalab_keyword,패션의류,,패딩,0.26469,0.06159506290054593,kw_b01,,,50000000,False
2025-09-25,naver_datalab_keyword,패션의류,,패션_앵커,4.29726,1.0,kw_b01,,,50000000,True
2025-09-25,naver_datalab_keyword,패션의류,,히트텍,0.05476,0.012743003681415602,kw_b01,,,50000000,False
2025-09-25,naver_datalab_keyword,패션의류,,가디건,1.85472,0.4316052554418397,kw_b02,,,50000000,False
2025-09-25,naver_datalab_keyword,패션의류,,반팔,0.05111,0.011893625240269382,kw_b02,,,50000000,False
2025-09-25,naver_datalab_keyword,패션의류,,자켓,0.55678,0.12956628177024432,kw_b02,,,50000000,False
2025-09-25,naver_datalab_keyword,패션의류,,패션_앵커,4.29726,1.0,kw_b02,,,50000000,True
2025-09-26,naver_datalab_keyword,패션의류,,코트,0.39066,0.10454315556233493,kw_b01,,,50000000,False
2025-09-26,naver_datalab_keyword,패션의류,,패딩,0.3724,0.0996566608596056,kw_b01,,,50000000,False
2025-09-26,naver_datalab_keyword,패션의류,,패션_앵커,3.73683,1.0,kw_b01,,,50000000,True
2025-09-26,naver_datalab_keyword,패션의류,,히트텍,0.04381,0.011723840795540607,kw_b01,,,50000000,False
2025-09-26,naver_datalab_keyword,패션의류,,가디건,1.69407,0.4533441446359615,kw_b02,,,50000000,False
2025-09-26,naver_datalab_keyword,패션의류,,반팔,0.11683,0.03126446747644394,kw_b02,,,50000000,False
2025-09-26,naver_datalab_keyword,패션의류,,자켓,0.48376,0.12945732077723632,kw_b02,,,50000000,False
2025-09-26,naver_datalab_keyword,패션의류,,패션_앵커,3.73683,1.0,kw_b02,,,50000000,True
2025-09-27,naver_datalab_keyword,패션의류,,코트,0.51479,0.11203703300673365,kw_b01,,,50000000,False
2025-09-27,naver_datalab_keyword,패션의류,,패딩,0.35232,0.07667765004940345,kw_b01,,,50000000,False
2025-09-27,naver_datalab_keyword,패션의류,,패션_앵커,4.59482,1.0,kw_b01,,,50000000,True
2025-09-27,naver_datalab_keyword,패션의류,,히트텍,0.03468,0.007547629722165395,kw_b01,,,50000000,False
2025-09-27,naver_datalab_keyword,패션의류,,가디건,1.85107,0.4028601773301239,kw_b02,,,50000000,False
2025-09-27,naver_datalab_keyword,패션의류,,반팔,0.05293,0.01151949369072129,kw_b02,,,50000000,False
2025-09-27,naver_datalab_keyword,패션의류,,자켓,0.28112,0.06118193966248949,kw_b02,,,50000000,False
2025-09-27,naver_datalab_keyword,패션의류,,패션_앵커,4.59482,1.0,kw_b02,,,50000000,True
2025-09-28,naver_datalab_keyword,패션의류,,코트,0.55678,0.11308828637062526,kw_b01,,,50000000,False
2025-09-28,naver_datalab_keyword,패션의류,,패딩,0.47463,0.09640269650506458,kw_b01,,,50000000,False
2025-09-28,naver_datalab_keyword,패션의류,,패션_앵커,4.92341,1.0,kw_b01,,,50000000,True
2025-09-28,naver_datalab_keyword,패션의류,,히트텍,0.07302,0.014831184077702245,kw_b01,,,50000000,False
2025-09-28,naver_datalab_keyword,패션의류,,가디건,2.3896,0.48535466272360017,kw_b02,,,50000000,False
2025-09-28,naver_datalab_keyword,패션의류,,반팔,0.03468,0.007043898436246423,kw_b02,,,50000000,False
2025-09-28,naver_datalab_keyword,패션의류,,자켓,0.79775,0.16203200627207565,kw_b02,,,50000000,False
2025-09-28,naver_datalab_keyword,패션의류,,패션_앵커,4.92341,1.0,kw_b02,,,50000000,True
2025-09-29,naver_datalab_keyword,패션의류,,코트,0.57503,0.14617003645163423,kw_b01,,,50000000,False
2025-09-29,naver_datalab_keyword,패션의류,,패딩,0.39431,0.1002318262929654,kw_b01,,,50000000,False
2025-09-29,naver_datalab_keyword,패션의류,,패션_앵커,3.93398,1.0,kw_b01,,,50000000,True
2025-09-29,naver_datalab_keyword,패션의류,,히트텍,0.04198,0.01067112695031495,kw_b01,,,50000000,False
2025-09-29,naver_datalab_keyword,패션의류,,가디건,2.37864,0.6046395762052679,kw_b02,,,50000000,False
2025-09-29,naver_datalab_keyword,패션의류,,반팔,0.04928,0.012526754076024788,kw_b02,,,50000000,False
2025-09-29,naver_datalab_keyword,패션의류,,자켓,0.44907,0.11415157169075593,kw_b02,,,50000000,False
2025-09-29,naver_datalab_keyword,패션의류,,패션_앵커,3.93398,1.0,kw_b02,,,50000000,True
2025-09-30,naver_datalab_keyword,패션의류,,코트,0.49106,0.1387304466235553,kw_b01,,,50000000,False
2025-09-30,naver_datalab_keyword,패션의류,,패딩,0.33041,0.09334485983156621,kw_b01,,,50000000,False
2025-09-30,naver_datalab_keyword,패션의류,,패션_앵커,3.53967,1.0,kw_b01,,,50000000,True
2025-09-30,naver_datalab_keyword,패션의류,,히트텍,0.04016,0.011345690417468295,kw_b01,,,50000000,False
2025-09-30,naver_datalab_keyword,패션의류,,가디건,1.98798,0.561628626397376,kw_b02,,,50000000,False
2025-09-30,naver_datalab_keyword,패션의류,,반팔,0.07849,0.022174383487726258,kw_b02,,,50000000,False
2025-09-30,naver_datalab_keyword,패션의류,,자켓,0.36327,0.10262821110442498,kw_b02,,,50000000,False
2025-09-30,naver_datalab_keyword,패션의류,,패션_앵커,3.53967,1.0,kw_b02,,,50000000,True
2025-10-01,naver_datalab_keyword,패션의류,,코트,0.34319,0.0921097834605516,kw_b01,,,50000000,False
2025-10-01,naver_datalab_keyword,패션의류,,패딩,0.30851,0.08280191525223571,kw_b01,,,50000000,False
2025-10-01,naver_datalab_keyword,패션의류,,패션_앵커,3.72588,1.0,kw_b01,,,50000000,True
2025-10-01,naver_datalab_keyword,패션의류,,히트텍,0.04563,0.012246771232567875,kw_b01,,,50000000,False
2025-10-01,naver_datalab_keyword,패션의류,,가디건,1.84012,0.4938752724188648,kw_b02,,,50000000,False
2025-10-01,naver_datalab_keyword,패션의류,,반팔,0.1004,0.02694665421323285,kw_b02,,,50000000,False
2025-10-01,naver_datalab_keyword,패션의류,,자켓,0.41804,0.11219899728386315,kw_b02,,,50000000,False
2025-10-01,naver_datalab_keyword,패션의류,,패션_앵커,3.72588,1.0,kw_b02,,,50000000,True
2025-10-02,naver_datalab_keyword,패션의류,,코트,0.50384,0.18737216342256172,kw_b01,,,50000000,False
2025-10-02,naver_datalab_keyword,패션의류,,패딩,0.35597,0.1323810515511458,kw_b01,,,50000000,False
2025-10-02,naver_datalab_keyword,패션의류,,패션_앵커,2.68898,1.0,kw_b01,,,50000000,True
2025-10-02,naver_datalab_keyword,패션의류,,히트텍,0.02738,0.010182299608029811,kw_b01,,,50000000,False
2025-10-02,naver_datalab_keyword,패션의류,,가디건,1.52248,0.5661923852166993,kw_b02,,,50000000,False
2025-10-02,naver_datalab_keyword,패션의류,,반팔,0.06571,0.024436775282820997,kw_b02,,,50000000,False
2025-10-02,naver_datalab_keyword,패션의류,,자켓,0.24827,0.09232868968902706,kw_b02,,,50000000,False
2025-10-02,naver_datalab_keyword,패션의류,,패션_앵커,2.68898,1.0,kw_b02,,,50000000,True
2025-10-03,naver_datalab_keyword,패션의류,,코트,0.56956,0.16560491034434632,kw_b01,,,50000000,False
2025-10-03,naver_datalab_keyword,패션의류,,패딩,0.43629,0.12685540826977817,kw_b01,,,50000000,False
2025-10-03,naver_datalab_keyword,패션의류,,패션_앵커,3.43927,1.0,kw_b01,,,50000000,True
2025-10-03,naver_datalab_keyword,패션의류,,히트텍,0.01825,0.005306358616799495,kw_b01,,,50000000,False
2025-10-03,naver_datalab_keyword,패션의류,,가디건,1.99163,0.5790850965466509,kw_b02,,,50000000,False
2025-10-03,naver_datalab_keyword,패션의류,,반팔,0.03103,0.009022263445440456,kw_b02,,,50000000,False
2025-10-03,naver_datalab_keyword,패션의류,,자켓,0.53852,0.15657973930514324,kw_b02,,,50000000,False
2025-10-03,naver_datalab_keyword,패션의류,,패션_앵커,3.43927,1.0,kw_b02,,,50000000,True
2025-10-04,naver_datalab_keyword,패션의류,,코트,0.54765,0.18248004931442946,kw_b01,,,50000000,False
2025-10-04,naver_datalab_keyword,패션의류,,패딩,0.38335,0.12773436849207803,kw_b01,,,50000000,False
2025-10-04,naver_datalab_keyword,패션의류,,패션_앵커,3.00115,1.0,kw_b01,,,50000000,True
2025-10-04,naver_datalab_keyword,패션의류,,히트텍,0.00912,0.003038835113206604,kw_b01,,,50000000,False
2025-10-04,naver_datalab_keyword,패션의류,,가디건,1.63931,0.5462272795428419,kw_b02,,,50000000,False
2025-10-04,naver_datalab_keyword,패션의류,,반팔,0.04016,0.013381537077453643,kw_b02,,,50000000,False
2025-10-04,naver_datalab_keyword,패션의류,,자켓,0.48376,0.16119154324175733,kw_b02,,,50000000,False
2025-10-04,naver_datalab_keyword,패션의류,,패션_앵커,3.00115,1.0,kw_b02,,,50000000,True
2025-10-05,naver_datalab_keyword,패션의류,,코트,0.62797,0.19336492599127353,kw_b01,,,50000000,False
2025-10-05,naver_datalab_keyword,패션의류,,패딩,0.35597,0.10961051117905893,kw_b01,,,50000000,False
2025-10-05,naver_datalab_keyword,패션의류,,패션_앵커,3.24759,1.0,kw_b01,,,50000000,True
2025-10-05,naver_datalab_keyword,패션의류,,히트텍,0.05293,0.016298239617685728,kw_b01,,,50000000,False
2025-10-05,naver_datalab_keyword,패션의류,,가디건,1.32715,0.4086568809486419,kw_b02,,,50000000,False
2025-10-05,naver_datalab_keyword,패션의류,,반팔,0.03103,0.009554777542731686,kw_b02,,,50000000,False
2025-10-05,naver_datalab_keyword,패션의류,,자켓,0.38883,0.11972878349791691,kw_b02,,,50000000,False
2025-10-05,naver_datalab_keyword,패션의류,,패션_앵커,3.24759,1.0,kw_b02,,,50000000,True
2025-10-06,naver_datalab_keyword,패션의류,,코트,0.69917,0.19294633863645771,kw_b01,,,50000000,False
2025-10-06,naver_datalab_keyword,패션의류,,패딩,0.43629,0.12040070095069888,kw_b01,,,50000000,False
2025-10-06,naver_datalab_keyword,패션의류,,패션_앵커,3.62365,1.0,kw_b01,,,50000000,True
2025-10-06,naver_datalab_keyword,패션의류,,히트텍,0.02373,0.006548645702537497,kw_b01,,,50000000,False
2025-10-06,naver_datalab_keyword,패션의류,,가디건,1.94965,0.5380348543595547,kw_b02,,,50000000,False
2025-10-06,naver_datalab_keyword,패션의류,,반팔,0.05659,0.015616850413257352,kw_b02,,,50000000,False
2025-10-06,naver_datalab_keyword,패션의류,,자켓,0.57138,0.15768079146716707,kw_b02,,,50000000,False
2025-10-06,naver_datalab_keyword,패션의류,,패션_앵커,3.62365,1.0,kw_b02,,,50000000,True
2025-10-07,naver_datalab_keyword,패션의류,,코트,0.74115,0.18238753814351805,kw_b01,,,50000000,False
2025-10-07,naver_datalab_keyword,패션의류,,패딩,0.45272,0.11140860320897726,kw_b01,,,50000000,False
2025-10-07,naver_datalab_keyword,패션의류,,패션_앵커,4.0636,1.0,kw_b01,,,50000000,True
2025-10-07,naver_datalab_keyword,패션의류,,히트텍,0.04381,0.010781080815040851,kw_b01,,,50000000,False
2025-10-07,naver_datalab_keyword,패션의류,,가디건,2.11394,0.5202136037011517,kw_b02,,,50000000,False
2025-10-07,naver_datalab_keyword,패션의류,,반팔,0.04746,0.011679299143616498,kw_b02,,,50000000,False
2025-10-07,naver_datalab_keyword,패션의류,,자켓,0.41439,0.10197608032286641,kw_b02,,,50000000,False
2025-10-07,naver_datalab_keyword,패션의류,,패션_앵커,4.0636,1.0,kw_b02,,,50000000,True
2025-10-08,naver_datalab_keyword,패션의류,,코트,0.63893,0.1630942808643157,kw_b01,,,50000000,False
2025-10-08,naver_datalab_keyword,패션의류,,패딩,0.39796,0.10158389809957755,kw_b01,,,50000000,False
2025-10-08,naver_datalab_keyword,패션의류,,패션_앵커,3.91755,1.0,kw_b01,,,50000000,True
2025-10-08,naver_datalab_keyword,패션의류,,히트텍,0.04381,0.011183009789281568,kw_b01,,,50000000,False
2025-10-08,naver_datalab_keyword,패션의류,,가디건,1.789,0.45666296537376677,kw_b02,,,50000000,False
2025-10-08,naver_datalab_keyword,패션의류,,반팔,0.06571,0.016773238376025835,kw_b02,,,50000000,False
2025-10-08,naver_datalab_keyword,패션의류,,자켓,0.41986,0.10717412668632181,kw_b02,,,50000000,False
2025-10-08,naver_datalab_keyword,패션의류,,패션_앵커,3.91755,1.0,kw_b02,,,50000000,True
2025-10-09,naver_datalab_keyword,패션의류,,코트,0.81418,0.1856785460980777,kw_b01,,,50000000,False
2025-10-09,naver_datalab_keyword,패션의류,,패딩,0.57321,0.13072391781777876,kw_b01,,,50000000,False
2025-10-09,naver_datalab_keyword,패션의류,,패션_앵커,4.38489,1.0,kw_b01,,,50000000,True
2025-10-09,naver_datalab_keyword,패션의류,,히트텍,0.06206,0.01415314865367204,kw_b01,,,50000000,False
2025-10-09,naver_datalab_keyword,패션의류,,가디건,2.43706,0.5557858920064128,kw_b02,,,50000000,False
2025-10-09,naver_datalab_keyword,패션의류,,반팔,0.02738,0.006244170321262335,kw_b02,,,50000000,False
2025-10-09,naver_datalab_keyword,패션의류,,자켓,0.76124,0.1736052671788802,kw_b02,,,50000000,False
2025-10-09,naver_datalab_keyword,패션의류,,패션_앵커,4.38489,1.0,kw_b02,,,50000000,True
2025-10-10,naver_datalab_keyword,패션의류,,코트,0.73933,0.18749920747836102,kw_b01,,,50000000,False
2025-10-10,naver_datalab_keyword,패션의류,,패딩,0.57138,0.14490592451136286,kw_b01,,,50000000,False
2025-10-10,naver_datalab_keyword,패션의류,,패션_앵커,3.94311,1.0,kw_b01,,,50000000,True
2025-10-10,naver_datalab_keyword,패션의류,,히트텍,0.05476,0.013887515184714604,kw_b01,,,50000000,False
2025-10-10,naver_datalab_keyword,패션의류,,가디건,2.12672,0.5393509184374771,kw_b02,,,50000000,False
2025-10-10,naver_datalab_keyword,패션의류,,반팔,0.03285,0.008330987469281861,kw_b02,,,50000000,False
2025-10-10,naver_datalab_keyword,패션의류,,자켓,0.51662,0.13101840932664824,kw_b02,,,50000000,False
2025-10-10,naver_datalab_keyword,패션의류,,패션_앵커,3.94311,1.0,kw_b02,,,50000000,True
2025-10-11,naver_datalab_keyword,패션의류,,코트,0.74663,0.17860124436959834,kw_b01,,,50000000,False
2025-10-11,naver_datalab_keyword,패션의류,,패딩,0.56043,0.1340603717799365,kw_b01,,,50000000,False
2025-10-11,naver_datalab_keyword,패션의류,,패션_앵커,4.18043,1.0,kw_b01,,,50000000,True
2025-10-11,naver_datalab_keyword,패션의류,,히트텍,0.06754,0.016156232732039526,kw_b01,,,50000000,False
2025-10-11,naver_datalab_keyword,패션의류,,가디건,2.32935,0.5572034455785648,kw_b02,,,50000000,False
2025-10-11,naver_datalab_keyword,패션의류,,반팔,0.04928,0.011788261016211249,kw_b02,,,50000000,False
2025-10-11,naver_datalab_keyword,패션의류,,자켓,0.65718,0.15720392399824898,kw_b02,,,50000000,False
2025-10-11,naver_datalab_keyword,패션의류,,패션_앵커,4.18043,1.0,kw_b02,,,50000000,True
2025-10-12,naver_datalab_keyword,패션의류,,코트,0.77401,0.1622638661487148,kw_b01,,,50000000,False
2025-10-12,naver_datalab_keyword,패션의류,,패딩,0.64988,0.13624118723624604,kw_b01,,,50000000,False
2025-10-12,naver_datalab_keyword,패션의류,,패션_앵커,4.77007,1.0,kw_b01,,,50000000,True
2025-10-12,naver_datalab_keyword,패션의류,,히트텍,0.07119,0.014924309286865813,kw_b01,,,50000000,False
2025-10-12,naver_datalab_keyword,패션의류,,가디건,2.3896,0.5009570090166392,kw_b02,,,50000000,False
2025-10-12,naver_datalab_keyword,패션의류,,반팔,0.03468,0.007270333559046304,kw_b02,,,50000000,False
2025-10-12,naver_datalab_keyword,패션의류,,자켓,1.02046,0.21392977461546686,kw_b02,,,50000000,False
2025-10-12,naver_datalab_keyword,패션의류,,패션_앵커,4.77007,1.0,kw_b02,,,50000000,True
2025-10-13,naver_datalab_keyword,패션의류,,코트,0.78314,0.15387245212730422,kw_b01,,,50000000,False
2025-10-13,naver_datalab_keyword,패션의류,,패딩,0.53852,0.10580916939448358,kw_b01,,,50000000,False
2025-10-13,naver_datalab_keyword,패션의류,,패션_앵커,5.08954,1.0,kw_b01,,,50000000,True
2025-10-13,naver_datalab_keyword,패션의류,,히트텍,0.15151,0.02976889856450681,kw_b01,,,50000000,False
2025-10-13,naver_datalab_keyword,패션의류,,가디건,2.32753,0.4573163782974492,kw_b02,,,50000000,False
2025-10-13,naver_datalab_keyword,패션의류,,반팔,0.1004,0.01972673365372902,kw_b02,,,50000000,False
2025-10-13,naver_datalab_keyword,패션의류,,자켓,0.72655,0.1427535690848289,kw_b02,,,50000000,False
2025-10-13,naver_datalab_keyword,패션의류,,패션_앵커,5.08954,1.0,kw_b02,,,50000000,True
2025-10-14,naver_datalab_keyword,패션의류,,코트,0.83061,0.2200198137297492,kw_b01,,,50000000,False
2025-10-14,naver_datalab_keyword,패션의류,,패딩,0.61337,0.16247523283781348,kw_b01,,,50000000,False
2025-10-14,naver_datalab_keyword,패션의류,,패션_앵커,3.77516,1.0,kw_b01,,,50000000,True
2025-10-14,naver_datalab_keyword,패션의류,,히트텍,0.16794,0.04448553173905212,kw_b01,,,50000000,False
2025-10-14,naver_datalab_keyword,패션의류,,가디건,2.54111,0.6731131925534283,kw_b02,,,50000000,False
2025-10-14,naver_datalab_keyword,패션의류,,반팔,0.04928,0.01305375136418059,kw_b02,,,50000000,False
2025-10-14,naver_datalab_keyword,패션의류,,자켓,0.89267,0.23645885207514383,kw_b02,,,50000000,False
2025-10-14,naver_datalab_keyword,패션의류,,패션_앵커,3.77516,1.0,kw_b02,,,50000000,True
2025-10-15,naver_datalab_keyword,패션의류,,코트,0.92553,0.2463540516009167,kw_b01,,,50000000,False
2025-10-15,naver_datalab_keyword,패션의류,,패딩,0.68274,0.18172913378281622,kw_b01,,,50000000,False
2025-10-15,naver_datalab_keyword,패션의류,,패션_앵커,3.75691,1.0,kw_b01,,,50000000,True
2025-10-15,naver_datalab_keyword,패션의류,,히트텍,0.0931,0.0247810035374816,kw_b01,,,50000000,False
2025-10-15,naver_datalab_keyword,패션의류,,가디건,2.22347,0.5918347791136864,kw_b02,,,50000000,False
2025-10-15,naver_datalab_keyword,패션의류,,반팔,0.04746,0.012632722104069568,kw_b02,,,50000000,False
2025-10-15,naver_datalab_keyword,패션의류,,자켓,0.66448,0.1768687565046807,kw_b02,,,50000000,False
2025-10-15,naver_datalab_keyword,패션의류,,패션_앵커,3.75691,1.0,kw_b02,,,50000000,True
2025-10-16,naver_datalab_keyword,패션의류,,코트,0.77949,0.22556645542147755,kw_b01,,,50000000,False
2025-10-16,naver_datalab_keyword,패션의류,,패딩,0.67544,0.1954567815493243,kw_b01,,,50000000,False
2025-10-16,naver_datalab_keyword,패션의류,,패션_앵커,3.4557,1.0,kw_b01,,,50000000,True
2025-10-16,naver_datalab_keyword,패션의류,,히트텍,0.1077,0.031165899817692508,kw_b01,,,50000000,False
2025-10-16,naver_datalab_keyword,패션의류,,가디건,2.31475,0.6698353445032844,kw_b02,,,50000000,False
2025-10-16,naver_datalab_keyword,패션의류,,반팔,0.04198,0.012148045258558324,kw_b02,,,50000000,False
2025-10-16,naver_datalab_keyword,패션의류,,자켓,0.4728,0.13681743206875596,kw_b02,,,50000000,False
2025-10-16,naver_datalab_keyword,패션의류,,패션_앵커,3.4557,1.0,kw_b02,,,50000000,True
2025-10-17,naver_datalab_keyword,패션의류,,코트,0.77036,0.26523986103794606,kw_b01,,,50000000,False
2025-10-17,naver_datalab_keyword,패션의류,,패딩,0.60972,0.2099304845423652,kw_b01,,,50000000,False
2025-10-17,naver_datalab_keyword,패션의류,,패션_앵커,2.90439,1.0,kw_b01,,,50000000,True
2025-10-17,naver_datalab_keyword,패션의류,,히트텍,0.08762,0.03016812480417575,kw_b01,,,50000000,False
2025-10-17,naver_datalab_keyword,패션의류,,가디건,2.09569,0.7215594324453671,kw_b02,,,50000000,False
2025-10-17,naver_datalab_keyword,패션의류,,반팔,0.00912,0.0031400741635937324,kw_b02,,,50000000,False
2025-10-17,naver_datalab_keyword,패션의류,,자켓,0.53122,0.18290243390178318,kw_b02,,,50000000,False
2025-10-17,naver_datalab_keyword,패션의류,,패션_앵커,2.90439,1.0,kw_b02,,,50000000,True
2025-10-18,naver_datalab_keyword,패션의류,,코트,0.98395,0.23455136196880594,kw_b01,,,50000000,False
2025-10-18,naver_datalab_keyword,패션의류,,패딩,0.99308,0.23672774688142872,kw_b01,,,50000000,False
2025-10-18,naver_datalab_keyword,패션의류,,패션_앵커,4.19503,1.0,kw_b01,,,50000000,True
2025-10-18,naver_datalab_keyword,패션의류,,히트텍,0.10587,0.0252370066483434,kw_b01,,,50000000,False
2025-10-18,naver_datalab_keyword,패션의류,,가디건,2.15411,0.5134909643077642,kw_b02,,,50000000,False
2025-10-18,naver_datalab_keyword,패션의류,,반팔,0.08762,0.020886620596277022,kw_b02,,,50000000,False
2025-10-18,naver_datalab_keyword,패션의류,,자켓,0.7083,0.1688426542837596,kw_b02,,,50000000,False
2025-10-18,naver_datalab_keyword,패션의류,,패션_앵커,4.19503,1.0,kw_b02,,,50000000,True
2025-10-19,naver_datalab_keyword,패션의류,,코트,1.60097,0.33808619775773485,kw_b01,,,50000000,False
2025-10-19,naver_datalab_keyword,패션의류,,패딩,1.57542,0.33269065483518784,kw_b01,,,50000000,False
2025-10-19,naver_datalab_keyword,패션의류,,패션_앵커,4.73539,1.0,kw_b01,,,50000000,True
2025-10-19,naver_datalab_keyword,패션의류,,히트텍,0.2008,0.04240411032671016,kw_b01,,,50000000,False
2025-10-19,naver_datalab_keyword,패션의류,,가디건,2.81494,0.594447342246362,kw_b02,,,50000000,False
2025-10-19,naver_datalab_keyword,패션의류,,반팔,0.04016,0.008480822065342031,kw_b02,,,50000000,False
2025-10-19,naver_datalab_keyword,패션의류,,자켓,0.86346,0.18234189792181849,kw_b02,,,50000000,False
2025-10-19,naver_datalab_keyword,패션의류,,패션_앵커,4.73539,1.0,kw_b02,,,50000000,True
2025-10-20,naver_datalab_keyword,패션의류,,코트,1.93869,0.4997628389212264,kw_b01,,,50000000,False
2025-10-20,naver_datalab_keyword,패션의류,,패딩,2.52651,0.6512933012306598,kw_b01,,,50000000,False
2025-10-20,naver_datalab_keyword,패션의류,,패션_앵커,3.87922,1.0,kw_b01,,,50000000,True
2025-10-20,naver_datalab_keyword,패션의류,,히트텍,0.51662,0.13317625708260938,kw_b01,,,50000000,False
2025-10-20,naver_datalab_keyword,패션의류,,가디건,2.45349,0.6324699295219142,kw_b02,,,50000000,False
2025-10-20,naver_datalab_keyword,패션의류,,반팔,0.04381,0.011293507457684792,kw_b02,,,50000000,False
2025-10-20,naver_datalab_keyword,패션의류,,자켓,0.88537,0.22823402642799326,kw_b02,,,50000000,False
2025-10-20,naver_datalab_keyword,패션의류,,패션_앵커,3.87922,1.0,kw_b02,,,50000000,True
2025-10-21,naver_datalab_keyword,패션의류,,코트,1.77987,0.5905498487020227,kw_b01,,,50000000,False
2025-10-21,naver_datalab_keyword,패션의류,,패딩,2.46992,0.8195041673302543,kw_b01,,,50000000,False
2025-10-21,naver_datalab_keyword,패션의류,,패션_앵커,3.01392,1.0,kw_b01,,,50000000,True
2025-10-21,naver_datalab_keyword,패션의류,,히트텍,0.6371,0.21138583638583638,kw_b01,,,50000000,False
2025-10-21,naver_datalab_keyword,패션의류,,가디건,2.60866,0.8655372405372405,kw_b02,,,50000000,False
2025-10-21,naver_datalab_keyword,패션의류,,반팔,0.03468,0.01150660933269629,kw_b02,,,50000000,False
2025-10-21,naver_datalab_keyword,패션의류,,자켓,0.79592,0.2640813292987206,kw_b02,,,50000000,False
2025-10-21,naver_datalab_keyword,패션의류,,패션_앵커,3.01392,1.0,kw_b02,,,50000000,True
2025-10-22,naver_datalab_keyword,패션의류,,코트,1.53891,0.4390625936165296,kw_b01,,,50000000,False
2025-10-22,naver_datalab_keyword,패션의류,,패딩,2.26729,0.6468748840938205,kw_b01,,,50000000,False
2025-10-22,naver_datalab_keyword,패션의류,,패션_앵커,3.50499,1.0,kw_b01,,,50000000,True
2025-10-22,naver_datalab_keyword,패션의류,,히트텍,0.51114,0.145832085112939,kw_b01,,,50000000,False
2025-10-22,naver_datalab_keyword,패션의류,,가디건,2.32388,0.6630204365775652,kw_b02,,,50000000,False
2025-10-22,naver_datalab_keyword,패션의류,,반팔,0.04381,0.012499322394643067,kw_b02,,,50000000,False
2025-10-22,naver_datalab_keyword,패션의류,,자켓,1.00768,0.287498680452726,kw_b02,,,50000000,False
2025-10-22,naver_datalab_keyword,패션의류,,패션_앵커,3.50499,1.0,kw_b02,,,50000000,True
2025-10-23,naver_datalab_keyword,패션의류,,코트,1.35088,0.500338897675125,kw_b01,,,50000000,False
2025-10-23,naver_datalab_keyword,패션의류,,패딩,1.85837,0.6883030300785575,kw_b01,,,50000000,False
2025-10-23,naver_datalab_keyword,패션의류,,패션_앵커,2.69993,1.0,kw_b01,,,50000000,True
2025-10-23,naver_datalab_keyword,패션의류,,히트텍,0.36327,0.13454793272418172,kw_b01,,,50000000,False
2025-10-23,naver_datalab_keyword,패션의류,,가디건,2.17966,0.807302411544003,kw_b02,,,50000000,False
2025-10-23,naver_datalab_keyword,패션의류,,반팔,0.01825,0.006759434503857507,kw_b02,,,50000000,False
2025-10-23,naver_datalab_keyword,패션의류,,자켓,0.84886,0.3144007437229854,kw_b02,,,50000000,False
2025-10-23,naver_datalab_keyword,패션의류,,패션_앵커,2.69993,1.0,kw_b02,,,50000000,True
2025-10-24,naver_datalab_keyword,패션의류,,코트,1.54438,0.5391955254989997,kw_b01,,,50000000,False
2025-10-24,naver_datalab_keyword,패션의류,,패딩,1.8602,0.6494590169085583,kw_b01,,,50000000,False
2025-10-24,naver_datalab_keyword,패션의류,,패션_앵커,2.86423,1.0,kw_b01,,,50000000,True
2025-10-24,naver_datalab_keyword,패션의류,,히트텍,0.29938,0.10452372889048714,kw_b01,,,50000000,False
2025-10-24,naver_datalab_keyword,패션의류,,가디건,1.62288,0.5666025423935928,kw_b02,,,50000000,False
2025-10-24,naver_datalab_keyword,패션의류,,반팔,0.02555,0.008920373014736945,kw_b02,,,50000000,False
2025-10-24,naver_datalab_keyword,패션의류,,자켓,0.79592,0.27788271193305003,kw_b02,,,50000000,False
2025-10-24,naver_datalab_keyword,패션의류,,패션_앵커,2.86423,1.0,kw_b02,,,50000000,True
2025-10-25,naver_datalab_keyword,패션의류,,코트,1.49874,0.5183064106155394,kw_b01,,,50000000,False
2025-10-25,naver_datalab_keyword,패션의류,,패딩,1.73241,0.5991160633695415,kw_b01,,,50000000,False
2025-10-25,naver_datalab_keyword,패션의류,,패션_앵커,2.89161,1.0,kw_b01,,,50000000,True
2025-10-25,naver_datalab_keyword,패션의류,,히트텍,0.25192,0.08712101562797195,kw_b01,,,50000000,False
2025-10-25,naver_datalab_keyword,패션의류,,가디건,1.87115,0.6470962543358199,kw_b02,,,50000000,False
2025-10-25,naver_datalab_keyword,패션의류,,반팔,0.03468,0.011993318601056159,kw_b02,,,50000000,False
2025-10-25,naver_datalab_keyword,패션의류,,자켓,0.59511,0.2058057621878469,kw_b02,,,50000000,False
2025-10-25,naver_datalab_keyword,패션의류,,패션_앵커,2.89161,1.0,kw_b02,,,50000000,True
2025-10-26,naver_datalab_keyword,패션의류,,코트,2.4042,0.8154778662306958,kw_b01,,,50000000,False
2025-10-26,naver_datalab_keyword,패션의류,,패딩,2.97741,1.0099043148215356,kw_b01,,,50000000,False
2025-10-26,naver_datalab_keyword,패션의류,,패션_앵커,2.94821,1.0,kw_b01,,,50000000,True
2025-10-26,naver_datalab_keyword,패션의류,,히트텍,0.50019,0.1696588777597254,kw_b01,,,50000000,False
2025-10-26,naver_datalab_keyword,패션의류,,가디건,2.10117,0.7126934648481622,kw_b02,,,50000000,False
2025-10-26,naver_datalab_keyword,패션의류,,반팔,0.03103,0.01052503044220052,kw_b02,,,50000000,False
2025-10-26,naver_datalab_keyword,패션의류,,자켓,0.85251,0.2891618982365571,kw_b02,,,50000000,False
2025-10-26,naver_datalab_keyword,패션의류,,패션_앵커,2.94821,1.0,kw_b02,,,50000000,True
2025-10-27,naver_datalab_keyword,패션의류,,코트,2.3969,0.8649540079317823,kw_b01,,,50000000,False
2025-10-27,naver_datalab_keyword,패션의류,,패딩,3.61634,1.305005539256549,kw_b01,,,50000000,False
2025-10-27,naver_datalab_keyword,패션의류,,패션_앵커,2.77113,1.0,kw_b01,,,50000000,True
2025-10-27,naver_datalab_keyword,패션의류,,히트텍,0.90545,0.3267439636538163,kw_b01,,,50000000,False
2025-10-27,naver_datalab_keyword,패션의류,,가디건,1.90036,0.6857707866466027,kw_b02,,,50000000,False
2025-10-27,naver_datalab_keyword,패션의류,,반팔,0.03103,0.011197598091753184,kw_b02,,,50000000,False
2025-10-27,naver_datalab_keyword,패션의류,,자켓,0.59146,0.2134363959828662,kw_b02,,,50000000,False
2025-10-27,naver_datalab_keyword,패션의류,,패션_앵커,2.77113,1.0,kw_b02,,,50000000,True
2025-10-28,naver_datalab_keyword,패션의류,,코트,2.46262,0.9368062265572098,kw_b01,,,50000000,False
2025-10-28,naver_datalab_keyword,패션의류,,패딩,3.77334,1.4354177286456629,kw_b01,,,50000000,False
2025-10-28,naver_datalab_keyword,패션의류,,패션_앵커,2.62874,1.0,kw_b01,,,50000000,True
2025-10-28,naver_datalab_keyword,패션의류,,히트텍,1.1519,0.43819472446875685,kw_b01,,,50000000,False
2025-10-28,naver_datalab_keyword,패션의류,,가디건,1.48231,0.5638861203466299,kw_b02,,,50000000,False
2025-10-28,naver_datalab_keyword,패션의류,,반팔,0.03468,0.013192632211629907,kw_b02,,,50000000,False
2025-10-28,naver_datalab_keyword,패션의류,,자켓,0.69369,0.2638868811674034,kw_b02,,,50000000,False
2025-10-28,naver_datalab_keyword,패션의류,,패션_앵커,2.62874,1.0,kw_b02,,,50000000,True
2025-10-29,naver_datalab_keyword,패션의류,,목도리,0.00182,0.0007752565374998403,kw_b01,,,50000000,False
2025-10-29,naver_datalab_keyword,패션의류,,코트,2.3038,0.9813384676330396,kw_b01,,,50000000,False
2025-10-29,naver_datalab_keyword,패션의류,,패딩,2.95186,1.2573894301012518,kw_b01,,,50000000,False
2025-10-29,naver_datalab_keyword,패션의류,,패션_앵커,2.34761,1.0,kw_b01,,,50000000,True
2025-10-29,naver_datalab_keyword,패션의류,,히트텍,0.92371,0.3934682506889986,kw_b01,,,50000000,False
2025-10-29,naver_datalab_keyword,패션의류,,가디건,1.64479,0.7006231869859133,kw_b02,,,50000000,False
2025-10-29,naver_datalab_keyword,패션의류,,반팔,0.02555,0.010883409084132373,kw_b02,,,50000000,False
2025-10-29,naver_datalab_keyword,패션의류,,자켓,0.58964,0.25116607954472847,kw_b02,,,50000000,False
2025-10-29,naver_datalab_keyword,패션의류,,패션_앵커,2.34761,1.0,kw_b02,,,50000000,True
2025-10-30,naver_datalab_keyword,패션의류,,목도리,0.00365,0.0016592870066462402,kw_b01,,,50000000,False
2025-10-30,naver_datalab_keyword,패션의류,,코트,2.20157,1.0008319164992225,kw_b01,,,50000000,False
2025-10-30,naver_datalab_keyword,패션의류,,패딩,2.24173,1.0190886195641304,kw_b01,,,50000000,False
2025-10-30,naver_datalab_keyword,패션의류,,패션_앵커,2.19974,1.0,kw_b01,,,50000000,True
2025-10-30,naver_datalab_keyword,패션의류,,히트텍,0.73385,0.3336076081718749,kw_b01,,,50000000,False
2025-10-30,naver_datalab_keyword,패션의류,,가디건,1.47866,0.6721976233554876,kw_b02,,,50000000,False
2025-10-30,naver_datalab_keyword,패션의류,,반팔,0.04198,0.01908407357233128,kw_b02,,,50000000,False
2025-10-30,naver_datalab_keyword,패션의류,,자켓,0.60607,0.2755189249638594,kw_b02,,,50000000,False
2025-10-30,naver_datalab_keyword,패션의류,,패션_앵커,2.19974,1.0,kw_b02,,,50000000,True
2025-10-31,naver_datalab_keyword,패션의류,,목도리,0.00182,0.000789375525888915,kw_b01,,,50000000,False
2025-10-31,naver_datalab_keyword,패션의류,,코트,1.79448,0.7783069196138133,kw_b01,,,50000000,False
2025-10-31,naver_datalab_keyword,패션의류,,패딩,2.00624,0.8701520632194378,kw_b01,,,50000000,False
2025-10-31,naver_datalab_keyword,패션의류,,패션_앵커,2.30562,1.0,kw_b01,,,50000000,True
2025-10-31,naver_datalab_keyword,패션의류,,히트텍,0.36145,0.15676911199590568,kw_b01,,,50000000,False
2025-10-31,naver_datalab_keyword,패션의류,,가디건,1.4385,0.6239102714237386,kw_b02,,,50000000,False
2025-10-31,naver_datalab_keyword,패션의류,,반팔,0.02738,0.011875330713647525,kw_b02,,,50000000,False
2025-10-31,naver_datalab_keyword,패션의류,,자켓,0.37788,0.16389517786972702,kw_b02,,,50000000,False
2025-10-31,naver_datalab_keyword,패션의류,,패션_앵커,2.30562,1.0,kw_b02,,,50000000,True
2025-11-01,naver_datalab_keyword,패션의류,,코트,2.59223,0.9102570405225086,kw_b01,,,50000000,False
2025-11-01,naver_datalab_keyword,패션의류,,패딩,2.48635,0.8730774633050074,kw_b01,,,50000000,False
2025-11-01,naver_datalab_keyword,패션의류,,패션_앵커,2.8478,1.0,kw_b01,,,50000000,True
2025-11-01,naver_datalab_keyword,패션의류,,히트텍,0.40343,0.14166374043121008,kw_b01,,,50000000,False
2025-11-01,naver_datalab_keyword,패션의류,,가디건,1.77257,0.6224348619987359,kw_b02,,,50000000,False
2025-11-01,naver_datalab_keyword,패션의류,,반팔,0.03103,0.010896130346232179,kw_b02,,,50000000,False
2025-11-01,naver_datalab_keyword,패션의류,,자켓,0.43264,0.15192078095371866,kw_b02,,,50000000,False
2025-11-01,naver_datalab_keyword,패션의류,,패션_앵커,2.8478,1.0,kw_b02,,,50000000,True
2025-11-02,naver_datalab_keyword,패션의류,,코트,3.1837,1.021077749055478,kw_b01,,,50000000,False
2025-11-02,naver_datalab_keyword,패션의류,,패딩,3.65285,1.1715437558932384,kw_b01,,,50000000,False
2025-11-02,naver_datalab_keyword,패션의류,,패션_앵커,3.11798,1.0,kw_b01,,,50000000,True
2025-11-02,naver_datalab_keyword,패션의류,,히트텍,0.95291,0.3056177396904406,kw_b01,,,50000000,False
2025-11-02,naver_datalab_keyword,패션의류,,가디건,1.49874,0.48067659189603523,kw_b02,,,50000000,False
2025-11-02,naver_datalab_keyword,패션의류,,반팔,0.02373,0.007610696668997235,kw_b02,,,50000000,False
2025-11-02,naver_datalab_keyword,패션의류,,자켓,0.55495,0.177983822859672,kw_b02,,,50000000,False
2025-11-02,naver_datalab_keyword,패션의류,,패션_앵커,3.11798,1.0,kw_b02,,,50000000,True
2025-11-03,naver_datalab_keyword,패션의류,,코트,2.66342,1.2459395232214363,kw_b01,,,50000000,False
2025-11-03,naver_datalab_keyword,패션의류,,패딩,3.88652,1.8181018674450806,kw_b01,,,50000000,False
2025-11-03,naver_datalab_keyword,패션의류,,패션_앵커,2.13768,1.0,kw_b01,,,50000000,True
2025-11-03,naver_datalab_keyword,패션의류,,히트텍,0.96934,0.45345421204296243,kw_b01,,,50000000,False
2025-11-03,naver_datalab_keyword,패션의류,,가디건,1.35635,0.6344962763369634,kw_b02,,,50000000,False
2025-11-03,naver_datalab_keyword,패션의류,,반팔,0.0292,0.013659668425582874,kw_b02,,,50000000,False
2025-11-03,naver_datalab_keyword,패션의류,,자켓,0.31216,0.1460274690318476,kw_b02,,,50000000,False
2025-11-03,naver_datalab_keyword,패션의류,,패션_앵커,2.13768,1.0,kw_b02,,,50000000,True
2025-11-04,naver_datalab_keyword,패션의류,,코트,2.73827,1.0861711284673328,kw_b01,,,50000000,False
2025-11-04,naver_datalab_keyword,패션의류,,패딩,3.15084,1.2498224931873083,kw_b01,,,50000000,False
2025-11-04,naver_datalab_keyword,패션의류,,패션_앵커,2.52103,1.0,kw_b01,,,50000000,True
2025-11-04,naver_datalab_keyword,패션의류,,히트텍,0.8233,0.32657286902575533,kw_b01,,,50000000,False
2025-11-04,naver_datalab_keyword,패션의류,,가디건,1.41842,0.5626351134258616,kw_b02,,,50000000,False
2025-11-04,naver_datalab_keyword,패션의류,,반팔,0.02738,0.01086064029384815,kw_b02,,,50000000,False
2025-11-04,naver_datalab_keyword,패션의류,,자켓,0.42351,0.1679908608782918,kw_b02,,,50000000,False
2025-11-04,naver_datalab_keyword,패션의류,,패션_앵커,2.52103,1.0,kw_b02,,,50000000,True
2025-11-05,naver_datalab_keyword,패션의류,,코트,2.54294,1.045797382771696,kw_b01,,,50000000,False
2025-11-05,naver_datalab_keyword,패션의류,,패딩,2.56302,1.0540553878548105,kw_b01,,,50000000,False
2025-11-05,naver_datalab_keyword,패션의류,,패션_앵커,2.43158,1.0,kw_b01,,,50000000,True
2025-11-05,naver_datalab_keyword,패션의류,,히트텍,0.67361,0.27702563765123916,kw_b01,,,50000000,False
2025-11-05,naver_datalab_keyword,패션의류,,가디건,1.31254,0.5397889438143101,kw_b02,,,50000000,False
2025-11-05,naver_datalab_keyword,패션의류,,반팔,0.03651,0.015014928564965991,kw_b02,,,50000000,False
2025-11-05,naver_datalab_keyword,패션의류,,자켓,0.42534,0.17492330089900396,kw_b02,,,50000000,False
2025-11-05,naver_datalab_keyword,패션의류,,패션_앵커,2.43158,1.0,kw_b02,,,50000000,True
2025-11-06,naver_datalab_keyword,패션의류,,코트,2.5904,1.0106827102402633,kw_b01,,,50000000,False
2025-11-06,naver_datalab_keyword,패션의류,,패딩,2.29467,0.8952992953625021,kw_b01,,,50000000,False
2025-11-06,naver_datalab_keyword,패션의류,,패션_앵커,2.56302,1.0,kw_b01,,,50000000,True
2025-11-06,naver_datalab_keyword,패션의류,,히트텍,0.56043,0.21866001825970927,kw_b01,,,50000000,False
2025-11-06,naver_datalab_keyword,패션의류,,가디건,1.32349,0.5163791152624638,kw_b02,,,50000000,False
2025-11-06,naver_datalab_keyword,패션의류,,반팔,0.0219,0.00854460753330056,kw_b02,,,50000000,False
2025-11-06,naver_datalab_keyword,패션의류,,자켓,0.4655,0.1816216806735804,kw_b02,,,50000000,False
2025-11-06,naver_datalab_keyword,패션의류,,패션_앵커,2.56302,1.0,kw_b02,,,50000000,True
2025-11-07,naver_datalab_keyword,패션의류,,코트,2.26546,1.0516918820301655,kw_b01,,,50000000,False
2025-11-07,naver_datalab_keyword,패션의류,,패딩,1.92957,0.895762054862565,kw_b01,,,50000000,False
2025-11-07,naver_datalab_keyword,패션의류,,패션_앵커,2.15411,1.0,kw_b01,,,50000000,True
2025-11-07,naver_datalab_keyword,패션의류,,히트텍,0.40526,0.18813338223210513,kw_b01,,,50000000,False
2025-11-07,naver_datalab_keyword,패션의류,,가디건,0.97482,0.4525395639034218,kw_b02,,,50000000,False
2025-11-07,naver_datalab_keyword,패션의류,,반팔,0.02373,0.011016150521561109,kw_b02,,,50000000,False
2025-11-07,naver_datalab_keyword,패션의류,,자켓,0.39796,0.18474451165446515,kw_b02,,,50000000,False
2025-11-07,naver_datalab_keyword,패션의류,,패션_앵커,2.15411,1.0,kw_b02,,,50000000,True
2025-11-08,naver_datalab_keyword,패션의류,,코트,2.81494,1.0967284458072133,kw_b01,,,50000000,False
2025-11-08,naver_datalab_keyword,패션의류,,패딩,2.39872,0.9345650200454286,kw_b01,,,50000000,False
2025-11-08,naver_datalab_keyword,패션의류,,패션_앵커,2.56667,1.0,kw_b01,,,50000000,True
2025-11-08,naver_datalab_keyword,패션의류,,히트텍,0.39796,0.15504914928681912,kw_b01,,,50000000,False
2025-11-08,naver_datalab_keyword,패션의류,,가디건,1.18476,0.4615942057218108,kw_b02,,,50000000,False
2025-11-08,naver_datalab_keyword,패션의류,,반팔,0.05293,0.020622051140193325,kw_b02,,,50000000,False
2025-11-08,naver_datalab_keyword,패션의류,,자켓,0.53852,0.20981271452894218,kw_b02,,,50000000,False
2025-11-08,naver_datalab_keyword,패션의류,,패션_앵커,2.56667,1.0,kw_b02,,,50000000,True
2025-11-09,naver_datalab_keyword,패션의류,,코트,3.13806,1.2876416665982784,kw_b01,,,50000000,False
2025-11-09,naver_datalab_keyword,패션의류,,패딩,2.50278,1.0269669191566888,kw_b01,,,50000000,False
2025-11-09,naver_datalab_keyword,패션의류,,패션_앵커,2.43706,1.0,kw_b01,,,50000000,True
2025-11-09,naver_datalab_keyword,패션의류,,히트텍,0.39431,0.1617974116353311,kw_b01,,,50000000,False
2025-11-09,naver_datalab_keyword,패션의류,,가디건,1.62105,0.6651662248775164,kw_b02,,,50000000,False
2025-11-09,naver_datalab_keyword,패션의류,,반팔,0.06571,0.026962815851887114,kw_b02,,,50000000,False
2025-11-09,naver_datalab_keyword,패션의류,,자켓,0.45272,0.18576481498198652,kw_b02,,,50000000,False
2025-11-09,naver_datalab_keyword,패션의류,,패션_앵커,2.43706,1.0,kw_b02,,,50000000,True
2025-11-10,naver_datalab_keyword,패션의류,,코트,3.08877,1.2598688235725997,kw_b01,,,50000000,False
2025-11-10,naver_datalab_keyword,패션의류,,패딩,2.82407,1.1519011608461205,kw_b01,,,50000000,False
2025-11-10,naver_datalab_keyword,패션의류,,패션_앵커,2.45166,1.0,kw_b01,,,50000000,True
2025-11-10,naver_datalab_keyword,패션의류,,히트텍,0.67361,0.2747566954634819,kw_b01,,,50000000,False
2025-11-10,naver_datalab_keyword,패션의류,,가디건,1.27968,0.521964709625315,kw_b02,,,50000000,False
2025-11-10,naver_datalab_keyword,패션의류,,반팔,0.05659,0.02308231973438405,kw_b02,,,50000000,False
2025-11-10,naver_datalab_keyword,패션의류,,자켓,0.35597,0.14519550019170685,kw_b02,,,50000000,False
2025-11-10,naver_datalab_keyword,패션의류,,패션_앵커,2.45166,1.0,kw_b02,,,50000000,True
2025-11-11,naver_datalab_keyword,패션의류,,코트,2.99202,1.3807963523591524,kw_b01,,,50000000,False
2025-11-11,naver_datalab_keyword,패션의류,,패딩,3.11068,1.4355571143764307,kw_b01,,,50000000,False
2025-11-11,naver_datalab_keyword,패션의류,,패션_앵커,2.16688,1.0,kw_b01,,,50000000,True
2025-11-11,naver_datalab_keyword,패션의류,,히트텍,0.61702,0.28475042457358046,kw_b01,,,50000000,False
2025-11-11,naver_datalab_keyword,패션의류,,가디건,1.38556,0.6394262718747692,kw_b02,,,50000000,False
2025-11-11,naver_datalab_keyword,패션의류,,반팔,0.02738,0.012635678948534299,kw_b02,,,50000000,False
2025-11-11,naver_datalab_keyword,패션의류,,자켓,0.37423,0.17270453370745034,kw_b02,,,50000000,False
2025-11-11,naver_datalab_keyword,패션의류,,패션_앵커,2.16688,1.0,kw_b02,,,50000000,True
2025-11-12,naver_datalab_keyword,패션의류,,코트,2.3896,0.9879238137761958,kw_b01,,,50000000,False
2025-11-12,naver_datalab_keyword,패션의류,,패딩,2.93178,1.2120753593709301,kw_b01,,,50000000,False
2025-11-12,naver_datalab_keyword,패션의류,,패션_앵커,2.41881,1.0,kw_b01,,,50000000,True
2025-11-12,naver_datalab_keyword,패션의류,,히트텍,0.68639,0.28377177206973675,kw_b01,,,50000000,False
2025-11-12,naver_datalab_keyword,패션의류,,가디건,1.54073,0.6369785142280707,kw_b02,,,50000000,False
2025-11-12,naver_datalab_keyword,패션의류,,반팔,0.03103,0.012828622339084094,kw_b02,,,50000000,False
2025-11-12,naver_datalab_keyword,패션의류,,자켓,0.4509,0.18641398042839247,kw_b02,,,50000000,False
2025-11-12,naver_datalab_keyword,패션의류,,패션_앵커,2.41881,1.0,kw_b02,,,50000000,True
2025-11-13,naver_datalab_keyword,패션의류,,코트,2.48817,1.2786073997944503,kw_b01,,,50000000,False
2025-11-13,naver_datalab_keyword,패션의류,,패딩,2.71271,1.3939928057553956,kw_b01,,,50000000,False
2025-11-13,naver_datalab_keyword,패션의류,,패션_앵커,1.946,1.0,kw_b01,,,50000000,True
2025-11-13,naver_datalab_keyword,패션의류,,히트텍,0.56591,0.29080678314491265,kw_b01,,,50000000,False
2025-11-13,naver_datalab_keyword,패션의류,,가디건,1.3527,0.6951181911613566,kw_b02,,,50000000,False
2025-11-13,naver_datalab_keyword,패션의류,,반팔,0.03833,0.01969681397738952,kw_b02,,,50000000,False
2025-11-13,naver_datalab_keyword,패션의류,,자켓,0.36327,0.18667523124357657,kw_b02,,,50000000,False
2025-11-13,naver_datalab_keyword,패션의류,,패션_앵커,1.946,1.0,kw_b02,,,50000000,True
2025-11-14,naver_datalab_keyword,패션의류,,코트,2.72732,1.352039222879352,kw_b01,,,50000000,False
2025-11-14,naver_datalab_keyword,패션의류,,패딩,2.44436,1.2117648808491022,kw_b01,,,50000000,False
2025-11-14,naver_datalab_keyword,패션의류,,패션_앵커,2.01719,1.0,kw_b01,,,50000000,True
2025-11-14,naver_datalab_keyword,패션의류,,히트텍,0.56773,0.28144597187176223,kw_b01,,,50000000,False
2025-11-14,naver_datalab_keyword,패션의류,,가디건,1.23404,0.6117619064143686,kw_b02,,,50000000,False
2025-11-14,naver_datalab_keyword,패션의류,,반팔,0.06024,0.029863324723997248,kw_b02,,,50000000,False
2025-11-14,naver_datalab_keyword,패션의류,,자켓,0.41986,0.2081410278654961,kw_b02,,,50000000,False
2025-11-14,naver_datalab_keyword,패션의류,,패션_앵커,2.01719,1.0,kw_b02,,,50000000,True
2025-11-15,naver_datalab_keyword,패션의류,,코트,2.95186,1.2853733942956673,kw_b01,,,50000000,False
2025-11-15,naver_datalab_keyword,패션의류,,패딩,1.95512,0.8513477030263444,kw_b01,,,50000000,False
2025-11-15,naver_datalab_keyword,패션의류,,패션_앵커,2.2965,1.0,kw_b01,,,50000000,True
2025-11-15,naver_datalab_keyword,패션의류,,히트텍,0.54217,0.23608534726758112,kw_b01,,,50000000,False
2025-11-15,naver_datalab_keyword,패션의류,,가디건,1.36548,0.5945917700849118,kw_b02,,,50000000,False
2025-11-15,naver_datalab_keyword,패션의류,,반팔,0.01095,0.004768125408229915,kw_b02,,,50000000,False
2025-11-15,naver_datalab_keyword,패션의류,,자켓,0.21358,0.09300239494883518,kw_b02,,,50000000,False
2025-11-15,naver_datalab_keyword,패션의류,,패션_앵커,2.2965,1.0,kw_b02,,,50000000,True
2025-11-16,naver_datalab_keyword,패션의류,,코트,3.41554,1.0523082421374346,kw_b01,,,50000000,False
2025-11-16,naver_datalab_keyword,패션의류,,패딩,1.98251,0.6107999359163955,kw_b01,,,50000000,False
2025-11-16,naver_datalab_keyword,패션의류,,패션_앵커,3.24576,1.0,kw_b01,,,50000000,True
2025-11-16,naver_datalab_keyword,패션의류,,히트텍,0.78497,0.24184474514443455,kw_b01,,,50000000,False
2025-11-16,naver_datalab_keyword,패션의류,,가디건,1.50422,0.46344153603470367,kw_b02,,,50000000,False
2025-11-16,naver_datalab_keyword,패션의류,,반팔,0.0292,0.008996352164054026,kw_b02,,,50000000,False
2025-11-16,naver_datalab_keyword,패션의류,,자켓,0.1789,0.055118061717440596,kw_b02,,,50000000,False
2025-11-16,naver_datalab_keyword,패션의류,,패션_앵커,3.24576,1.0,kw_b02,,,50000000,True
2025-11-17,naver_datalab_keyword,패션의류,,목도리,0.00182,0.0007868807097491061,kw_b01,,,50000000,False
2025-11-17,naver_datalab_keyword,패션의류,,코트,3.41189,1.4751375960361965,kw_b01,,,50000000,False
2025-11-17,naver_datalab_keyword,패션의류,,패딩,2.66525,1.1523262701422006,kw_b01,,,50000000,False
2025-11-17,naver_datalab_keyword,패션의류,,패션_앵커,2.31293,1.0,kw_b01,,,50000000,True
2025-11-17,naver_datalab_keyword,패션의류,,히트텍,1.19023,0.5145983665739992,kw_b01,,,50000000,False
2025-11-17,naver_datalab_keyword,패션의류,,가디건,1.16285,0.5027605677646967,kw_b02,,,50000000,False
2025-11-17,naver_datalab_keyword,패션의류,,반팔,0.04198,0.018150138568828283,kw_b02,,,50000000,False
2025-11-17,naver_datalab_keyword,패션의류,,자켓,0.09857,0.0426169404175656,kw_b02,,,50000000,False
2025-11-17,naver_datalab_keyword,패션의류,,패션_앵커,2.31293,1.0,kw_b02,,,50000000,True
2025-11-18,naver_datalab_keyword,패션의류,,코트,3.14901,1.3734102684879888,kw_b01,,,50000000,False
2025-11-18,naver_datalab_keyword,패션의류,,패딩,3.45935,1.508762059280194,kw_b01,,,50000000,False
2025-11-18,naver_datalab_keyword,패션의류,,패션_앵커,2.29284,1.0,kw_b01,,,50000000,True
2025-11-18,naver_datalab_keyword,패션의류,,히트텍,1.30159,0.5676758953961026,kw_b01,,,50000000,False
2025-11-18,naver_datalab_keyword,패션의류,,가디건,1.18476,0.5167216203485634,kw_b02,,,50000000,False
2025-11-18,naver_datalab_keyword,패션의류,,반팔,0.04198,0.018309171158912094,kw_b02,,,50000000,False
2025-11-18,naver_datalab_keyword,패션의류,,자켓,0.12413,0.05413809947488704,kw_b02,,,50000000,False
2025-11-18,naver_datalab_keyword,패션의류,,패션_앵커,2.29284,1.0,kw_b02,,,50000000,True
2025-11-19,naver_datalab_keyword,패션의류,,코트,3.70762,1.8463691323964424,kw_b01,,,50000000,False
2025-11-19,naver_datalab_keyword,패션의류,,패딩,2.98472,1.486369929185383,kw_b01,,,50000000,False
2025-11-19,naver_datalab_keyword,패션의류,,패션_앵커,2.00806,1.0,kw_b01,,,50000000,True
2025-11-19,naver_datalab_keyword,패션의류,,히트텍,1.22492,0.6100016931764988,kw_b01,,,50000000,False
2025-11-19,naver_datalab_keyword,패션의류,,가디건,1.28151,0.6381831220182663,kw_b02,,,50000000,False
2025-11-19,naver_datalab_keyword,패션의류,,반팔,0.04016,0.019999402408294575,kw_b02,,,50000000,False
2025-11-19,naver_datalab_keyword,패션의류,,자켓,0.14604,0.07272691055048157,kw_b02,,,50000000,False
2025-11-19,naver_datalab_keyword,패션의류,,패션_앵커,2.00806,1.0,kw_b02,,,50000000,True
2025-11-20,naver_datalab_keyword,패션의류,,코트,3.15266,1.5873142143633947,kw_b01,,,50000000,False
2025-11-20,naver_datalab_keyword,패션의류,,패딩,1.72328,0.8676440971522938,kw_b01,,,50000000,False
2025-11-20,naver_datalab_keyword,패션의류,,패션_앵커,1.98616,1.0,kw_b01,,,50000000,True
2025-11-20,naver_datalab_keyword,패션의류,,히트텍,0.99855,0.502754058081927,kw_b01,,,50000000,False
2025-11-20,naver_datalab_keyword,패션의류,,가디건,0.93466,0.47058645829137635,kw_b02,,,50000000,False
2025-11-20,naver_datalab_keyword,패션의류,,반팔,0.0292,0.014701736013211423,kw_b02,,,50000000,False
2025-11-20,naver_datalab_keyword,패션의류,,자켓,0.10222,0.05146614572844081,kw_b02,,,50000000,False
2025-11-20,naver_datalab_keyword,패션의류,,패션_앵커,1.98616,1.0,kw_b02,,,50000000,True
2025-11-21,naver_datalab_keyword,패션의류,,코트,3.30236,1.7910910796899833,kw_b01,,,50000000,False
2025-11-21,naver_datalab_keyword,패션의류,,패딩,1.74701,0.9475205692684012,kw_b01,,,50000000,False
2025-11-21,naver_datalab_keyword,패션의류,,패션_앵커,1.84377,1.0,kw_b01,,,50000000,True
2025-11-21,naver_datalab_keyword,패션의류,,히트텍,0.76124,0.41287145359779154,kw_b01,,,50000000,False
2025-11-21,naver_datalab_keyword,패션의류,,가디건,0.89085,0.4831676402154282,kw_b02,,,50000000,False
2025-11-21,naver_datalab_keyword,패션의류,,반팔,0.02555,0.013857476800251659,kw_b02,,,50000000,False
2025-11-21,naver_datalab_keyword,패션의류,,자켓,0.14786,0.08019438433210216,kw_b02,,,50000000,False
2025-11-21,naver_datalab_keyword,패션의류,,패션_앵커,1.84377,1.0,kw_b02,,,50000000,True
2025-11-22,naver_datalab_keyword,패션의류,,코트,3.60357,1.5506695698573076,kw_b01,,,50000000,False
2025-11-22,naver_datalab_keyword,패션의류,,패딩,1.72693,0.7431235692032291,kw_b01,,,50000000,False
2025-11-22,naver_datalab_keyword,패션의류,,패션_앵커,2.32388,1.0,kw_b01,,,50000000,True
2025-11-22,naver_datalab_keyword,패션의류,,히트텍,0.72655,0.3126452312511834,kw_b01,,,50000000,False
2025-11-22,naver_datalab_keyword,패션의류,,가디건,1.19206,0.512961082327831,kw_b02,,,50000000,False
2025-11-22,naver_datalab_keyword,패션의류,,반팔,0.03468,0.014923317899375184,kw_b02,,,50000000,False
2025-11-22,naver_datalab_keyword,패션의류,,자켓,0.14056,0.06048505086321152,kw_b02,,,50000000,False
2025-11-22,naver_datalab_keyword,패션의류,,패션_앵커,2.32388,1.0,kw_b02,,,50000000,True
2025-11-23,naver_datalab_keyword,패션의류,,코트,4.14209,1.4762546287881215,kw_b01,,,50000000,False
2025-11-23,naver_datalab_keyword,패션의류,,패딩,1.5955,0.5686414974641903,kw_b01,,,50000000,False
2025-11-23,naver_datalab_keyword,패션의류,,패션_앵커,2.80581,1.0,kw_b01,,,50000000,True
2025-11-23,naver_datalab_keyword,패션의류,,히트텍,0.82695,0.2947277256834924,kw_b01,,,50000000,False
2025-11-23,naver_datalab_keyword,패션의류,,가디건,1.19936,0.4274558861790356,kw_b02,,,50000000,False
2025-11-23,naver_datalab_keyword,패션의류,,반팔,0.02373,0.008457450789611557,kw_b02,,,50000000,False
2025-11-23,naver_datalab_keyword,패션의류,,자켓,0.1077,0.0383846375912838,kw_b02,,,50000000,False
2025-11-23,naver_datalab_keyword,패션의류,,패션_앵커,2.80581,1.0,kw_b02,,,50000000,True
2025-11-24,naver_datalab_keyword,패션의류,,코트,3.41189,1.4116335261359216,kw_b01,,,50000000,False
2025-11-24,naver_datalab_keyword,패션의류,,패딩,1.4385,0.5951642131916689,kw_b01,,,50000000,False
2025-11-24,naver_datalab_keyword,패션의류,,패션_앵커,2.41698,1.0,kw_b01,,,50000000,True
2025-11-24,naver_datalab_keyword,패션의류,,히트텍,0.81052,0.3353441071088714,kw_b01,,,50000000,False
2025-11-24,naver_datalab_keyword,패션의류,,가디건,1.36913,0.5664631068523529,kw_b02,,,50000000,False
2025-11-24,naver_datalab_keyword,패션의류,,반팔,0.0146,0.006040596115813949,kw_b02,,,50000000,False
2025-11-24,naver_datalab_keyword,패션의류,,자켓,0.10405,0.043049590811674074,kw_b02,,,50000000,False
2025-11-24,naver_datalab_keyword,패션의류,,패션_앵커,2.41698,1.0,kw_b02,,,50000000,True
2025-11-25,naver_datalab_keyword,패션의류,,코트,3.05774,1.3096199723320325,kw_b01,,,50000000,False
2025-11-25,naver_datalab_keyword,패션의류,,패딩,1.93139,0.8272079765978678,kw_b01,,,50000000,False
2025-11-25,naver_datalab_keyword,패션의류,,패션_앵커,2.33483,1.0,kw_b01,,,50000000,True
2025-11-25,naver_datalab_keyword,패션의류,,히트텍,0.86346,0.3698170744765143,kw_b01,,,50000000,False
2025-11-25,naver_datalab_keyword,패션의류,,가디건,1.03689,0.4440965723414553,kw_b02,,,50000000,False
2025-11-25,naver_datalab_keyword,패션의류,,반팔,0.05476,0.023453527665825778,kw_b02,,,50000000,False
2025-11-25,naver_datalab_keyword,패션의류,,자켓,0.1077,0.0461275553252271,kw_b02,,,50000000,False
2025-11-25,naver_datalab_keyword,패션의류,,패션_앵커,2.33483,1.0,kw_b02,,,50000000,True
2025-11-26,naver_datalab_keyword,패션의류,,목도리,0.00182,0.0007412475766906146,kw_b01,,,50000000,False
2025-11-26,naver_datalab_keyword,패션의류,,코트,3.50316,1.426763110307414,kw_b01,,,50000000,False
2025-11-26,naver_datalab_keyword,패션의류,,패딩,1.49327,0.6081773455191177,kw_b01,,,50000000,False
2025-11-26,naver_datalab_keyword,패션의류,,패션_앵커,2.45532,1.0,kw_b01,,,50000000,True
2025-11-26,naver_datalab_keyword,패션의류,,히트텍,0.78862,0.32118827688447943,kw_b01,,,50000000,False
2025-11-26,naver_datalab_keyword,패션의류,,가디건,1.23039,0.501111871365036,kw_b02,,,50000000,False
2025-11-26,naver_datalab_keyword,패션의류,,반팔,0.04381,0.017842888096052653,kw_b02,,,50000000,False
2025-11-26,naver_datalab_keyword,패션의류,,자켓,0.07667,0.031226072365312874,kw_b02,,,50000000,False
2025-11-26,naver_datalab_keyword,패션의류,,패션_앵커,2.45532,1.0,kw_b02,,,50000000,True
2025-11-27,naver_datalab_keyword,패션의류,,코트,3.30053,1.521886282628844,kw_b01,,,50000000,False
2025-11-27,naver_datalab_keyword,패션의류,,패딩,1.72876,0.7971374688178687,kw_b01,,,50000000,False
2025-11-27,naver_datalab_keyword,패션의류,,패션_앵커,2.16871,1.0,kw_b01,,,50000000,True
2025-11-27,naver_datalab_keyword,패션의류,,히트텍,0.87989,0.40572045132820894,kw_b01,,,50000000,False
2025-11-27,naver_datalab_keyword,패션의류,,가디건,1.17928,0.543770259739661,kw_b02,,,50000000,False
2025-11-27,naver_datalab_keyword,패션의류,,반팔,0.04016,0.01851792079162267,kw_b02,,,50000000,False
2025-11-27,naver_datalab_keyword,패션의류,,자켓,0.16429,0.07575471132608785,kw_b02,,,50000000,False
2025-11-27,naver_datalab_keyword,패션의류,,패션_앵커,2.16871,1.0,kw_b02,,,50000000,True
2025-11-28,naver_datalab_keyword,패션의류,,코트,2.85693,1.4626171095069882,kw_b01,,,50000000,False
2025-11-28,naver_datalab_keyword,패션의류,,패딩,1.71598,0.878503046127067,kw_b01,,,50000000,False
2025-11-28,naver_datalab_keyword,패션의류,,패션_앵커,1.9533,1.0,kw_b01,,,50000000,True
2025-11-28,naver_datalab_keyword,패션의류,,히트텍,0.87077,0.44579429683100397,kw_b01,,,50000000,False
2025-11-28,naver_datalab_keyword,패션의류,,가디건,1.00403,0.5140173040495571,kw_b02,,,50000000,False
2025-11-28,naver_datalab_keyword,패션의류,,반팔,0.07119,0.03644601443710643,kw_b02,,,50000000,False
2025-11-28,naver_datalab_keyword,패션의류,,자켓,0.14786,0.07569753750063994,kw_b02,,,50000000,False
2025-11-28,naver_datalab_keyword,패션의류,,패션_앵커,1.9533,1.0,kw_b02,,,50000000,True
2025-11-29,naver_datalab_keyword,패션의류,,코트,3.22021,1.2699791768547586,kw_b01,,,50000000,False
2025-11-29,naver_datalab_keyword,패션의류,,패딩,2.05188,0.8092158192803396,kw_b01,,,50000000,False
2025-11-29,naver_datalab_keyword,패션의류,,패션_앵커,2.53564,1.0,kw_b01,,,50000000,True
2025-11-29,naver_datalab_keyword,패션의류,,히트텍,0.84703,0.33404978624725906,kw_b01,,,50000000,False
2025-11-29,naver_datalab_keyword,패션의류,,가디건,1.30159,0.5133181366440032,kw_b02,,,50000000,False
2025-11-29,naver_datalab_keyword,패션의류,,반팔,0.01642,0.006475682667886609,kw_b02,,,50000000,False
2025-11-29,naver_datalab_keyword,패션의류,,자켓,0.3724,0.1468662743922639,kw_b02,,,50000000,False
2025-11-29,naver_datalab_keyword,패션의류,,패션_앵커,2.53564,1.0,kw_b02,,,50000000,True
2025-11-30,naver_datalab_keyword,패션의류,,코트,3.95041,1.2880959678628956,kw_b01,,,50000000,False
2025-11-30,naver_datalab_keyword,패션의류,,패딩,1.99529,0.6505970275786961,kw_b01,,,50000000,False
2025-11-30,naver_datalab_keyword,패션의류,,패션_앵커,3.06686,1.0,kw_b01,,,50000000,True
2025-11-30,naver_datalab_keyword,패션의류,,히트텍,0.77219,0.25178521354088546,kw_b01,,,50000000,False
2025-11-30,naver_datalab_keyword,패션의류,,가디건,1.49692,0.48809531573009524,kw_b02,,,50000000,False
2025-11-30,naver_datalab_keyword,패션의류,,반팔,0.03468,0.01130798275760876,kw_b02,,,50000000,False
2025-11-30,naver_datalab_keyword,패션의류,,자켓,0.14969,0.0488088794402092,kw_b02,,,50000000,False
2025-11-30,naver_datalab_keyword,패션의류,,패션_앵커,3.06686,1.0,kw_b02,,,50000000,True
2025-12-01,naver_datalab_keyword,패션의류,,목도리,0.00182,0.0006673217664227153,kw_b01,,,50000000,False
2025-12-01,naver_datalab_keyword,패션의류,,코트,3.03218,1.111780062478917,kw_b01,,,50000000,False
2025-12-01,naver_datalab_keyword,패션의류,,패딩,1.76527,0.6472544475895751,kw_b01,,,50000000,False
2025-12-01,naver_datalab_keyword,패션의류,,패션_앵커,2.72732,1.0,kw_b01,,,50000000,True
2025-12-01,naver_datalab_keyword,패션의류,,히트텍,1.0022,0.36746696390595895,kw_b01,,,50000000,False
2025-12-01,naver_datalab_keyword,패션의류,,가디건,1.08983,0.39959740697827906,kw_b02,,,50000000,False
2025-12-01,naver_datalab_keyword,패션의류,,반팔,0.08397,0.030788466333250223,kw_b02,,,50000000,False
2025-12-01,naver_datalab_keyword,패션의류,,자켓,0.15334,0.05622369212266987,kw_b02,,,50000000,False
2025-12-01,naver_datalab_keyword,패션의류,,패션_앵커,2.72732,1.0,kw_b02,,,50000000,True
2025-12-02,naver_datalab_keyword,패션의류,,코트,3.42832,1.3068929499935193,kw_b01,,,50000000,False
2025-12-02,naver_datalab_keyword,패션의류,,패딩,2.32935,0.8879600192127352,kw_b01,,,50000000,False
2025-12-02,naver_datalab_keyword,패션의류,,패션_앵커,2.62326,1.0,kw_b01,,,50000000,True
2025-12-02,naver_datalab_keyword,패션의류,,히트텍,1.34358,0.5121795018412204,kw_b01,,,50000000,False
2025-12-02,naver_datalab_keyword,패션의류,,가디건,1.24135,0.47320890799996945,kw_b02,,,50000000,False
2025-12-02,naver_datalab_keyword,패션의류,,반팔,0.07484,0.028529387098495763,kw_b02,,,50000000,False
2025-12-02,naver_datalab_keyword,패션의류,,자켓,0.15151,0.057756379466770355,kw_b02,,,50000000,False
2025-12-02,naver_datalab_keyword,패션의류,,패션_앵커,2.62326,1.0,kw_b02,,,50000000,True
2025-12-03,naver_datalab_keyword,패션의류,,코트,2.94821,1.104653602607816,kw_b01,,,50000000,False
2025-12-03,naver_datalab_keyword,패션의류,,패딩,2.79851,1.0485630784218218,kw_b01,,,50000000,False
2025-12-03,naver_datalab_keyword,패션의류,,패션_앵커,2.6689,1.0,kw_b01,,,50000000,True
2025-12-03,naver_datalab_keyword,패션의류,,히트텍,2.0391,0.7640226310464986,kw_b01,,,50000000,False
2025-12-03,naver_datalab_keyword,패션의류,,가디건,1.088,0.4076585859342801,kw_b02,,,50000000,False
2025-12-03,naver_datalab_keyword,패션의류,,반팔,0.0292,0.010940837048971487,kw_b02,,,50000000,False
2025-12-03,naver_datalab_keyword,패션의류,,자켓,0.17342,0.06497808085728203,kw_b02,,,50000000,False
2025-12-03,naver_datalab_keyword,패션의류,,패션_앵커,2.6689,1.0,kw_b02,,,50000000,True
2025-12-04,naver_datalab_keyword,패션의류,,코트,2.95186,1.4134620449245592,kw_b01,,,50000000,False
2025-12-04,naver_datalab_keyword,패션의류,,패딩,2.73645,1.3103156019708964,kw_b01,,,50000000,False
2025-12-04,naver_datalab_keyword,패션의류,,패션_앵커,2.08839,1.0,kw_b01,,,50000000,True
2025-12-04,naver_datalab_keyword,패션의류,,히트텍,2.02632,0.9702785399278872,kw_b01,,,50000000,False
2025-12-04,naver_datalab_keyword,패션의류,,가디건,1.25413,0.6005248061904146,kw_b02,,,50000000,False
2025-12-04,naver_datalab_keyword,패션의류,,반팔,0.04198,0.02010160937372809,kw_b02,,,50000000,False
2025-12-04,naver_datalab_keyword,패션의류,,자켓,0.12596,0.0603144048764838,kw_b02,,,50000000,False
2025-12-04,naver_datalab_keyword,패션의류,,패션_앵커,2.08839,1.0,kw_b02,,,50000000,True
2025-12-05,naver_datalab_keyword,패션의류,,코트,2.86971,1.4719103428820557,kw_b01,,,50000000,False
2025-12-05,naver_datalab_keyword,패션의류,,패딩,2.42063,1.2415715641268945,kw_b01,,,50000000,False
2025-12-05,naver_datalab_keyword,패션의류,,패션_앵커,1.94965,1.0,kw_b01,,,50000000,True
2025-12-05,naver_datalab_keyword,패션의류,,히트텍,1.62471,0.8333341881876234,kw_b01,,,50000000,False
2025-12-05,naver_datalab_keyword,패션의류,,가디건,1.2669,0.6498089400661656,kw_b02,,,50000000,False
2025-12-05,naver_datalab_keyword,패션의류,,반팔,0.0219,0.011232785371733387,kw_b02,,,50000000,False
2025-12-05,naver_datalab_keyword,패션의류,,자켓,0.12961,0.06647859872284768,kw_b02,,,50000000,False
2025-12-05,naver_datalab_keyword,패션의류,,패션_앵커,1.94965,1.0,kw_b02,,,50000000,True
2025-12-06,naver_datalab_keyword,패션의류,,코트,3.28045,1.4741607873095763,kw_b01,,,50000000,False
2025-12-06,naver_datalab_keyword,패션의류,,패딩,2.24356,1.0082056351952546,kw_b01,,,50000000,False
2025-12-06,naver_datalab_keyword,패션의류,,패션_앵커,2.2253,1.0,kw_b01,,,50000000,True
2025-12-06,naver_datalab_keyword,패션의류,,히트텍,1.48231,0.6661169280546444,kw_b01,,,50000000,False
2025-12-06,naver_datalab_keyword,패션의류,,가디건,1.28333,0.576699770817418,kw_b02,,,50000000,False
2025-12-06,naver_datalab_keyword,패션의류,,반팔,0.02738,0.012303959016761786,kw_b02,,,50000000,False
2025-12-06,naver_datalab_keyword,패션의류,,자켓,0.14969,0.06726733474138319,kw_b02,,,50000000,False
2025-12-06,naver_datalab_keyword,패션의류,,패션_앵커,2.2253,1.0,kw_b02,,,50000000,True
2025-12-07,naver_datalab_keyword,패션의류,,코트,3.52142,1.2501624200768966,kw_b01,,,50000000,False
2025-12-07,naver_datalab_keyword,패션의류,,패딩,2.16506,0.7686321566901095,kw_b01,,,50000000,False
2025-12-07,naver_datalab_keyword,패션의류,,패션_앵커,2.81677,1.0,kw_b01,,,50000000,True
2025-12-07,naver_datalab_keyword,패션의류,,히트텍,1.40382,0.49837934939664935,kw_b01,,,50000000,False
2025-12-07,naver_datalab_keyword,패션의류,,가디건,1.50422,0.5340230121735179,kw_b02,,,50000000,False
2025-12-07,naver_datalab_keyword,패션의류,,반팔,0.01825,0.006479052247787359,kw_b02,,,50000000,False
2025-12-07,naver_datalab_keyword,패션의류,,자켓,0.17524,0.06221310224121956,kw_b02,,,50000000,False
2025-12-07,naver_datalab_keyword,패션의류,,패션_앵커,2.81677,1.0,kw_b02,,,50000000,True
2025-12-08,naver_datalab_keyword,패션의류,,코트,2.83137,1.2358556450838492,kw_b01,,,50000000,False
2025-12-08,naver_datalab_keyword,패션의류,,패딩,2.07743,0.9067707833192202,kw_b01,,,50000000,False
2025-12-08,naver_datalab_keyword,패션의류,,패션_앵커,2.29102,1.0,kw_b01,,,50000000,True
2025-12-08,naver_datalab_keyword,패션의류,,히트텍,1.20301,0.5250979912877233,kw_b01,,,50000000,False
2025-12-08,naver_datalab_keyword,패션의류,,가디건,1.27055,0.5545783100976858,kw_b02,,,50000000,False
2025-12-08,naver_datalab_keyword,패션의류,,반팔,0.05293,0.023103246588855618,kw_b02,,,50000000,False
2025-12-08,naver_datalab_keyword,패션의류,,자켓,0.15516,0.06772529266440275,kw_b02,,,50000000,False
2025-12-08,naver_datalab_keyword,패션의류,,패션_앵커,2.29102,1.0,kw_b02,,,50000000,True
2025-12-09,naver_datalab_keyword,패션의류,,코트,3.44109,1.3659401161475224,kw_b01,,,50000000,False
2025-12-09,naver_datalab_keyword,패션의류,,패딩,2.5612,1.016667923674485,kw_b01,,,50000000,False
2025-12-09,naver_datalab_keyword,패션의류,,패션_앵커,2.51921,1.0,kw_b01,,,50000000,True
2025-12-09,naver_datalab_keyword,패션의류,,히트텍,1.09348,0.43405670825377796,kw_b01,,,50000000,False
2025-12-09,naver_datalab_keyword,패션의류,,가디건,1.36913,0.5434759309466062,kw_b02,,,50000000,False
2025-12-09,naver_datalab_keyword,패션의류,,반팔,0.04746,0.018839239285331513,kw_b02,,,50000000,False
2025-12-09,naver_datalab_keyword,패션의류,,자켓,0.06754,0.026809992021308265,kw_b02,,,50000000,False
2025-12-09,naver_datalab_keyword,패션의류,,패션_앵커,2.51921,1.0,kw_b02,,,50000000,True
2025-12-10,naver_datalab_keyword,패션의류,,코트,2.86241,1.1034521308378789,kw_b01,,,50000000,False
2025-12-10,naver_datalab_keyword,패션의류,,패딩,2.28007,0.8789614695167787,kw_b01,,,50000000,False
2025-12-10,naver_datalab_keyword,패션의류,,패션_앵커,2.59405,1.0,kw_b01,,,50000000,True
2025-12-10,naver_datalab_keyword,패션의류,,히트텍,1.00403,0.38705113625411997,kw_b01,,,50000000,False
2025-12-10,naver_datalab_keyword,패션의류,,가디건,1.22127,0.47079663075114203,kw_b02,,,50000000,False
2025-12-10,naver_datalab_keyword,패션의류,,반팔,0.03468,0.013369056109172914,kw_b02,,,50000000,False
2025-12-10,naver_datalab_keyword,패션의류,,자켓,0.24644,0.09500202386230025,kw_b02,,,50000000,False
2025-12-10,naver_datalab_keyword,패션의류,,패션_앵커,2.59405,1.0,kw_b02,,,50000000,True
2025-12-11,naver_datalab_keyword,패션의류,,코트,2.73645,1.2757461608033642,kw_b01,,,50000000,False
2025-12-11,naver_datalab_keyword,패션의류,,패딩,2.19974,1.0255293755652732,kw_b01,,,50000000,False
2025-12-11,naver_datalab_keyword,패션의류,,패션_앵커,2.14498,1.0,kw_b01,,,50000000,True
2025-12-11,naver_datalab_keyword,패션의류,,히트텍,0.86712,0.40425551753396305,kw_b01,,,50000000,False
2025-12-11,naver_datalab_keyword,패션의류,,가디건,1.36183,0.6348917006219174,kw_b02,,,50000000,False
2025-12-11,naver_datalab_keyword,패션의류,,반팔,0.03103,0.014466335350446159,kw_b02,,,50000000,False
2025-12-11,naver_datalab_keyword,패션의류,,자켓,0.21358,0.0995720239815756,kw_b02,,,50000000,False
2025-12-11,naver_datalab_keyword,패션의류,,패션_앵커,2.14498,1.0,kw_b02,,,50000000,True
2025-12-12,naver_datalab_keyword,패션의류,,코트,2.68898,1.4642112313296705,kw_b01,,,50000000,False
2025-12-12,naver_datalab_keyword,패션의류,,패딩,2.5831,1.4065571449574454,kw_b01,,,50000000,False
2025-12-12,naver_datalab_keyword,패션의류,,패션_앵커,1.83647,1.0,kw_b01,,,50000000,True
2025-12-12,naver_datalab_keyword,패션의류,,히트텍,0.79592,0.4333966794992567,kw_b01,,,50000000,False
2025-12-12,naver_datalab_keyword,패션의류,,가디건,0.94744,0.5159027917689916,kw_b02,,,50000000,False
2025-12-12,naver_datalab_keyword,패션의류,,반팔,0.01642,0.008941066284774596,kw_b02,,,50000000,False
2025-12-12,naver_datalab_keyword,패션의류,,자켓,0.26287,0.14313873899383056,kw_b02,,,50000000,False
2025-12-12,naver_datalab_keyword,패션의류,,패션_앵커,1.83647,1.0,kw_b02,,,50000000,True
2025-12-13,naver_datalab_keyword,패션의류,,목도리,0.00365,0.0015090064949293248,kw_b01,,,50000000,False
2025-12-13,naver_datalab_keyword,패션의류,,코트,3.2914,1.3607517746329805,kw_b01,,,50000000,False
2025-12-13,naver_datalab_keyword,패션의류,,패딩,2.67985,1.1079208371058495,kw_b01,,,50000000,False
2025-12-13,naver_datalab_keyword,패션의류,,패션_앵커,2.41881,1.0,kw_b01,,,50000000,True
2025-12-13,naver_datalab_keyword,패션의류,,히트텍,0.59329,0.2452817707881148,kw_b01,,,50000000,False
2025-12-13,naver_datalab_keyword,패션의류,,가디건,0.5586,0.23094000768973172,kw_b02,,,50000000,False
2025-12-13,naver_datalab_keyword,패션의류,,반팔,0.03103,0.012828622339084094,kw_b02,,,50000000,False
2025-12-13,naver_datalab_keyword,패션의류,,자켓,0.16429,0.06792182932929829,kw_b02,,,50000000,False
2025-12-13,naver_datalab_keyword,패션의류,,패션_앵커,2.41881,1.0,kw_b02,,,50000000,True
2025-12-14,naver_datalab_keyword,패션의류,,코트,3.78429,1.3838449217807227,kw_b01,,,50000000,False
2025-12-14,naver_datalab_keyword,패션의류,,패딩,2.86058,1.0460612443410784,kw_b01,,,50000000,False
2025-12-14,naver_datalab_keyword,패션의류,,패션_앵커,2.73462,1.0,kw_b01,,,50000000,True
2025-12-14,naver_datalab_keyword,패션의류,,히트텍,0.89085,0.3257673826710841,kw_b01,,,50000000,False
2025-12-14,naver_datalab_keyword,패션의류,,가디건,0.61337,0.22429807432111223,kw_b02,,,50000000,False
2025-12-14,naver_datalab_keyword,패션의류,,반팔,0.08762,0.03204101483935611,kw_b02,,,50000000,False
2025-12-14,naver_datalab_keyword,패션의류,,자켓,0.16429,0.06007781702759432,kw_b02,,,50000000,False
2025-12-14,naver_datalab_keyword,패션의류,,패션_앵커,2.73462,1.0,kw_b02,,,50000000,True
2025-12-15,naver_datalab_keyword,패션의류,,코트,3.31879,1.6348960822081113,kw_b01,,,50000000,False
2025-12-15,naver_datalab_keyword,패션의류,,패딩,2.94638,1.451440169066538,kw_b01,,,50000000,False
2025-12-15,naver_datalab_keyword,패션의류,,패션_앵커,2.02997,1.0,kw_b01,,,50000000,True
2025-12-15,naver_datalab_keyword,패션의류,,히트텍,0.88355,0.435252737725188,kw_b01,,,50000000,False
2025-12-15,naver_datalab_keyword,패션의류,,가디건,0.53852,0.2652847086410144,kw_b02,,,50000000,False
2025-12-15,naver_datalab_keyword,패션의류,,반팔,0.05659,0.027877259269841425,kw_b02,,,50000000,False
2025-12-15,naver_datalab_keyword,패션의류,,자켓,0.25009,0.12319886500785725,kw_b02,,,50000000,False
2025-12-15,naver_datalab_keyword,패션의류,,패션_앵커,2.02997,1.0,kw_b02,,,50000000,True
2025-12-16,naver_datalab_keyword,패션의류,,목도리,0.00182,0.00092313154624534,kw_b01,,,50000000,False
2025-12-16,naver_datalab_keyword,패션의류,,코트,2.95003,1.496299865587989,kw_b01,,,50000000,False
2025-12-16,naver_datalab_keyword,패션의류,,패딩,2.58858,1.3129669549339351,kw_b01,,,50000000,False
2025-12-16,naver_datalab_keyword,패션의류,,패션_앵커,1.97155,1.0,kw_b01,,,50000000,True
2025-12-16,naver_datalab_keyword,패션의류,,히트텍,0.84703,0.42962643605285183,kw_b01,,,50000000,False
2025-12-16,naver_datalab_keyword,패션의류,,가디건,0.32494,0.16481448606426416,kw_b02,,,50000000,False
2025-12-16,naver_datalab_keyword,패션의류,,반팔,0.02555,0.012959346706905735,kw_b02,,,50000000,False
2025-12-16,naver_datalab_keyword,패션의류,,자켓,0.25557,0.12962897212852834,kw_b02,,,50000000,False
2025-12-16,naver_datalab_keyword,패션의류,,패션_앵커,1.97155,1.0,kw_b02,,,50000000,True
2025-12-17,naver_datalab_keyword,패션의류,,코트,2.87153,1.3444436641149893,kw_b01,,,50000000,False
2025-12-17,naver_datalab_keyword,패션의류,,패딩,2.27459,1.0649577451600065,kw_b01,,,50000000,False
2025-12-17,naver_datalab_keyword,패션의류,,패션_앵커,2.13585,1.0,kw_b01,,,50000000,True
2025-12-17,naver_datalab_keyword,패션의류,,히트텍,0.55495,0.25982629866329565,kw_b01,,,50000000,False
2025-12-17,naver_datalab_keyword,패션의류,,가디건,0.30121,0.1410258211016691,kw_b02,,,50000000,False
2025-12-17,naver_datalab_keyword,패션의류,,반팔,0.03103,0.014528173794976238,kw_b02,,,50000000,False
2025-12-17,naver_datalab_keyword,패션의류,,자켓,0.1862,0.08717840672331859,kw_b02,,,50000000,False
2025-12-17,naver_datalab_keyword,패션의류,,패션_앵커,2.13585,1.0,kw_b02,,,50000000,True
2025-12-18,naver_datalab_keyword,패션의류,,코트,2.29284,1.3726786163296096,kw_b01,,,50000000,False
2025-12-18,naver_datalab_keyword,패션의류,,패딩,2.30927,1.3825149370786787,kw_b01,,,50000000,False
2025-12-18,naver_datalab_keyword,패션의류,,패션_앵커,1.67034,1.0,kw_b01,,,50000000,True
2025-12-18,naver_datalab_keyword,패션의류,,히트텍,0.53852,0.32240142725433146,kw_b01,,,50000000,False
2025-12-18,naver_datalab_keyword,패션의류,,가디건,0.52757,0.3158458756899793,kw_b02,,,50000000,False
2025-12-18,naver_datalab_keyword,패션의류,,반팔,0.06206,0.03715411233641055,kw_b02,,,50000000,False
2025-12-18,naver_datalab_keyword,패션의류,,자켓,0.21175,0.12677059760288326,kw_b02,,,50000000,False
2025-12-18,naver_datalab_keyword,패션의류,,패션_앵커,1.67034,1.0,kw_b02,,,50000000,True
2025-12-19,naver_datalab_keyword,패션의류,,코트,1.98981,1.1758369035308023,kw_b01,,,50000000,False
2025-12-19,naver_datalab_keyword,패션의류,,패딩,2.55937,1.512406559314522,kw_b01,,,50000000,False
2025-12-19,naver_datalab_keyword,패션의류,,패션_앵커,1.69225,1.0,kw_b01,,,50000000,True
2025-12-19,naver_datalab_keyword,패션의류,,히트텍,0.54948,0.3247037967203427,kw_b01,,,50000000,False
2025-12-19,naver_datalab_keyword,패션의류,,가디건,0.50566,0.2988092775890087,kw_b02,,,50000000,False
2025-12-19,naver_datalab_keyword,패션의류,,반팔,0.05841,0.034516176687841627,kw_b02,,,50000000,False
2025-12-19,naver_datalab_keyword,패션의류,,자켓,0.09675,0.05717240360466834,kw_b02,,,50000000,False
2025-12-19,naver_datalab_keyword,패션의류,,패션_앵커,1.69225,1.0,kw_b02,,,50000000,True
2025-12-20,naver_datalab_keyword,패션의류,,코트,1.88575,0.9511931843975566,kw_b01,,,50000000,False
2025-12-20,naver_datalab_keyword,패션의류,,패딩,2.60318,1.3130728218268761,kw_b01,,,50000000,False
2025-12-20,naver_datalab_keyword,패션의류,,패션_앵커,1.98251,1.0,kw_b01,,,50000000,True
2025-12-20,naver_datalab_keyword,패션의류,,히트텍,0.37423,0.18876575654095062,kw_b01,,,50000000,False
2025-12-20,naver_datalab_keyword,패션의류,,가디건,0.35597,0.17955521031419766,kw_b02,,,50000000,False
2025-12-20,naver_datalab_keyword,패션의류,,반팔,0.06754,0.03406792399533924,kw_b02,,,50000000,False
2025-12-20,naver_datalab_keyword,패션의류,,자켓,0.26652,0.13443563966890457,kw_b02,,,50000000,False
2025-12-20,naver_datalab_keyword,패션의류,,패션_앵커,1.98251,1.0,kw_b02,,,50000000,True
2025-12-21,naver_datalab_keyword,패션의류,,코트,2.63239,1.1966823351850675,kw_b01,,,50000000,False
2025-12-21,naver_datalab_keyword,패션의류,,패딩,3.18735,1.4489666960640804,kw_b01,,,50000000,False
2025-12-21,naver_datalab_keyword,패션의류,,패션_앵커,2.19974,1.0,kw_b01,,,50000000,True
2025-12-21,naver_datalab_keyword,패션의류,,히트텍,0.75211,0.3419085891969051,kw_b01,,,50000000,False
2025-12-21,naver_datalab_keyword,패션의류,,가디건,0.69004,0.313691618100321,kw_b02,,,50000000,False
2025-12-21,naver_datalab_keyword,패션의류,,반팔,0.06754,0.03070362861065399,kw_b02,,,50000000,False
2025-12-21,naver_datalab_keyword,패션의류,,자켓,0.20445,0.0929428023311846,kw_b02,,,50000000,False
2025-12-21,naver_datalab_keyword,패션의류,,패션_앵커,2.19974,1.0,kw_b02,,,50000000,True
2025-12-22,naver_datalab_keyword,패션의류,,코트,1.6028,0.8144722800955333,kw_b01,,,50000000,False
2025-12-22,naver_datalab_keyword,패션의류,,패딩,2.61414,1.328390670257635,kw_b01,,,50000000,False
2025-12-22,naver_datalab_keyword,패션의류,,패션_앵커,1.9679,1.0,kw_b01,,,50000000,True
2025-12-22,naver_datalab_keyword,패션의류,,히트텍,0.66083,0.3358046648711825,kw_b01,,,50000000,False
2025-12-22,naver_datalab_keyword,패션의류,,가디건,0.40526,0.2059352609380558,kw_b02,,,50000000,False
2025-12-22,naver_datalab_keyword,패션의류,,반팔,0.14604,0.07421108796178667,kw_b02,,,50000000,False
2025-12-22,naver_datalab_keyword,패션의류,,자켓,0.08762,0.04452462015346308,kw_b02,,,50000000,False
2025-12-22,naver_datalab_keyword,패션의류,,패션_앵커,1.9679,1.0,kw_b02,,,50000000,True
2025-12-23,naver_datalab_keyword,패션의류,,코트,1.98433,1.0216129945684351,kw_b01,,,50000000,False
2025-12-23,naver_datalab_keyword,패션의류,,패딩,2.80399,1.4436069709372668,kw_b01,,,50000000,False
2025-12-23,naver_datalab_keyword,패션의류,,패션_앵커,1.94235,1.0,kw_b01,,,50000000,True
2025-12-23,naver_datalab_keyword,패션의류,,히트텍,0.60607,0.31202924292738177,kw_b01,,,50000000,False
2025-12-23,naver_datalab_keyword,패션의류,,가디건,0.33954,0.1748088655494633,kw_b02,,,50000000,False
2025-12-23,naver_datalab_keyword,패션의류,,반팔,0.0931,0.04793162921203697,kw_b02,,,50000000,False
2025-12-23,naver_datalab_keyword,패션의류,,자켓,0.16247,0.08364609879784797,kw_b02,,,50000000,False
2025-12-23,naver_datalab_keyword,패션의류,,패션_앵커,1.94235,1.0,kw_b02,,,50000000,True
2025-12-24,naver_datalab_keyword,패션의류,,코트,1.6101,1.1024986134030854,kw_b01,,,50000000,False
2025-12-24,naver_datalab_keyword,패션의류,,패딩,2.23078,1.5275025506535838,kw_b01,,,50000000,False
2025-12-24,naver_datalab_keyword,패션의류,,패션_앵커,1.46041,1.0,kw_b01,,,50000000,True
2025-12-24,naver_datalab_keyword,패션의류,,히트텍,0.51844,0.3549961996973453,kw_b01,,,50000000,False
2025-12-24,naver_datalab_keyword,패션의류,,가디건,0.93283,0.6387452838586425,kw_b02,,,50000000,False
2025-12-24,naver_datalab_keyword,패션의류,,반팔,0.04016,0.02749912695749824,kw_b02,,,50000000,False
2025-12-24,naver_datalab_keyword,패션의류,,자켓,0.24827,0.1700002054217651,kw_b02,,,50000000,False
2025-12-24,naver_datalab_keyword,패션의류,,패션_앵커,1.46041,1.0,kw_b02,,,50000000,True
2025-12-25,naver_datalab_keyword,패션의류,,코트,2.218,0.9462618816020751,kw_b01,,,50000000,False
2025-12-25,naver_datalab_keyword,패션의류,,패딩,3.57618,1.5257000972712844,kw_b01,,,50000000,False
2025-12-25,naver_datalab_keyword,패션의류,,패션_앵커,2.34396,1.0,kw_b01,,,50000000,True
2025-12-25,naver_datalab_keyword,패션의류,,히트텍,0.64258,0.27414290346251646,kw_b01,,,50000000,False
2025-12-25,naver_datalab_keyword,패션의류,,가디건,1.19388,0.5093431628526084,kw_b02,,,50000000,False
2025-12-25,naver_datalab_keyword,패션의류,,반팔,0.04016,0.017133398180856328,kw_b02,,,50000000,False
2025-12-25,naver_datalab_keyword,패션의류,,자켓,0.1789,0.07632382805167323,kw_b02,,,50000000,False
2025-12-25,naver_datalab_keyword,패션의류,,패션_앵커,2.34396,1.0,kw_b02,,,50000000,True
2025-12-26,naver_datalab_keyword,패션의류,,코트,1.67947,0.75286222756166,kw_b01,,,50000000,False
2025-12-26,naver_datalab_keyword,패션의류,,패딩,3.62912,1.6268390428459998,kw_b01,,,50000000,False
2025-12-26,naver_datalab_keyword,패션의류,,패션_앵커,2.23078,1.0,kw_b01,,,50000000,True
2025-12-26,naver_datalab_keyword,패션의류,,히트텍,0.83243,0.37315647441702005,kw_b01,,,50000000,False
2025-12-26,naver_datalab_keyword,패션의류,,가디건,1.02959,0.46153811671253997,kw_b02,,,50000000,False
2025-12-26,naver_datalab_keyword,패션의류,,반팔,0.01277,0.0057244551233200935,kw_b02,,,50000000,False
2025-12-26,naver_datalab_keyword,패션의류,,자켓,0.20993,0.09410609741884005,kw_b02,,,50000000,False
2025-12-26,naver_datalab_keyword,패션의류,,패션_앵커,2.23078,1.0,kw_b02,,,50000000,True
2025-12-27,naver_datalab_keyword,패션의류,,코트,2.03727,0.919275145859749,kw_b01,,,50000000,False
2025-12-27,naver_datalab_keyword,패션의류,,패딩,3.27862,1.4794081681459454,kw_b01,,,50000000,False
2025-12-27,naver_datalab_keyword,패션의류,,패션_앵커,2.21617,1.0,kw_b01,,,50000000,True
2025-12-27,naver_datalab_keyword,패션의류,,히트텍,0.75941,0.34266775563246504,kw_b01,,,50000000,False
2025-12-27,naver_datalab_keyword,패션의류,,가디건,1.06792,0.48187639034911584,kw_b02,,,50000000,False
2025-12-27,naver_datalab_keyword,패션의류,,반팔,0.09857,0.04447763483848261,kw_b02,,,50000000,False
2025-12-27,naver_datalab_keyword,패션의류,,자켓,0.20263,0.09143251645857493,kw_b02,,,50000000,False
2025-12-27,naver_datalab_keyword,패션의류,,패션_앵커,2.21617,1.0,kw_b02,,,50000000,True
2025-12-28,naver_datalab_keyword,패션의류,,코트,2.24721,0.9624726425478514,kw_b01,,,50000000,False
2025-12-28,naver_datalab_keyword,패션의류,,패딩,3.67659,1.5746713893516873,kw_b01,,,50000000,False
2025-12-28,naver_datalab_keyword,패션의류,,패션_앵커,2.33483,1.0,kw_b01,,,50000000,True
2025-12-28,naver_datalab_keyword,패션의류,,히트텍,0.69369,0.29710514255855885,kw_b01,,,50000000,False
2025-12-28,naver_datalab_keyword,패션의류,,가디건,1.2669,0.5426090978786463,kw_b02,,,50000000,False
2025-12-28,naver_datalab_keyword,패션의류,,반팔,0.02008,0.008600197873078554,kw_b02,,,50000000,False
2025-12-28,naver_datalab_keyword,패션의류,,자켓,0.22088,0.09460217660386408,kw_b02,,,50000000,False
2025-12-28,naver_datalab_keyword,패션의류,,패션_앵커,2.33483,1.0,kw_b02,,,50000000,True
2025-12-29,naver_datalab_keyword,패션의류,,코트,2.21617,1.5213006946923309,kw_b01,,,50000000,False
2025-12-29,naver_datalab_keyword,패션의류,,패딩,2.58128,1.771932233174991,kw_b01,,,50000000,False
2025-12-29,naver_datalab_keyword,패션의류,,패션_앵커,1.45676,1.0,kw_b01,,,50000000,True
2025-12-29,naver_datalab_keyword,패션의류,,히트텍,0.5513,0.3784425711853703,kw_b01,,,50000000,False
2025-12-29,naver_datalab_keyword,패션의류,,가디건,1.19388,0.8195447431285867,kw_b02,,,50000000,False
2025-12-29,naver_datalab_keyword,패션의류,,반팔,0.03651,0.02506246739339356,kw_b02,,,50000000,False
2025-12-29,naver_datalab_keyword,패션의류,,자켓,0.16794,0.11528323128037563,kw_b02,,,50000000,False
2025-12-29,naver_datalab_keyword,패션의류,,패션_앵커,1.45676,1.0,kw_b02,,,50000000,True
2025-12-30,naver_datalab_keyword,패션의류,,코트,1.73424,0.9605689503331616,kw_b01,,,50000000,False
2025-12-30,naver_datalab_keyword,패션의류,,패딩,2.84415,1.5753310845615724,kw_b01,,,50000000,False
2025-12-30,naver_datalab_keyword,패션의류,,패션_앵커,1.80543,1.0,kw_b01,,,50000000,True
2025-12-30,naver_datalab_keyword,패션의류,,히트텍,0.45455,0.2517682768094027,kw_b01,,,50000000,False
2025-12-30,naver_datalab_keyword,패션의류,,가디건,0.77401,0.4287122735304055,kw_b02,,,50000000,False
2025-12-30,naver_datalab_keyword,패션의류,,반팔,0.05659,0.031344333482882195,kw_b02,,,50000000,False
2025-12-30,naver_datalab_keyword,패션의류,,자켓,0.23731,0.1314423710694959,kw_b02,,,50000000,False
2025-12-30,naver_datalab_keyword,패션의류,,패션_앵커,1.80543,1.0,kw_b02,,,50000000,True
2025-12-31,naver_datalab_keyword,패션의류,,코트,1.27603,1.041725173888907,kw_b01,,,50000000,False
2025-12-31,naver_datalab_keyword,패션의류,,패딩,2.32205,1.8956748195800541,kw_b01,,,50000000,False
2025-12-31,naver_datalab_keyword,패션의류,,패션_앵커,1.22492,1.0,kw_b01,,,50000000,True
2025-12-31,naver_datalab_keyword,패션의류,,히트텍,0.58781,0.47987623681546554,kw_b01,,,50000000,False
2025-12-31,naver_datalab_keyword,패션의류,,가디건,0.79409,0.648279071286288,kw_b02,,,50000000,False
2025-12-31,naver_datalab_keyword,패션의류,,반팔,0.02008,0.016392907291904776,kw_b02,,,50000000,False
2025-12-31,naver_datalab_keyword,패션의류,,자켓,0.24827,0.20268262417137445,kw_b02,,,50000000,False
2025-12-31,naver_datalab_keyword,패션의류,,패션_앵커,1.22492,1.0,kw_b02,,,50000000,True
2026-01-01,naver_datalab_keyword,패션의류,,코트,1.73424,0.7600015776395882,kw_b01,,,50000000,False
2026-01-01,naver_datalab_keyword,패션의류,,패딩,3.19282,1.3991997861421892,kw_b01,,,50000000,False
2026-01-01,naver_datalab_keyword,패션의류,,패션_앵커,2.28189,1.0,kw_b01,,,50000000,True
2026-01-01,naver_datalab_keyword,패션의류,,히트텍,0.65536,0.287200522373997,kw_b01,,,50000000,False
2026-01-01,naver_datalab_keyword,패션의류,,가디건,0.97847,0.42879805775037355,kw_b02,,,50000000,False
2026-01-01,naver_datalab_keyword,패션의류,,반팔,0.03651,0.01599989482402745,kw_b02,,,50000000,False
2026-01-01,naver_datalab_keyword,패션의류,,자켓,0.19715,0.0863976791168724,kw_b02,,,50000000,False
2026-01-01,naver_datalab_keyword,패션의류,,패션_앵커,2.28189,1.0,kw_b02,,,50000000,True
2026-01-02,naver_datalab_keyword,패션의류,,코트,1.56264,0.8199262263685638,kw_b01,,,50000000,False
2026-01-02,naver_datalab_keyword,패션의류,,패딩,2.97741,1.5622642103440496,kw_b01,,,50000000,False
2026-01-02,naver_datalab_keyword,패션의류,,패션_앵커,1.90583,1.0,kw_b01,,,50000000,True
2026-01-02,naver_datalab_keyword,패션의류,,히트텍,0.82878,0.4348656490872743,kw_b01,,,50000000,False
2026-01-02,naver_datalab_keyword,패션의류,,가디건,0.92736,0.486591144015993,kw_b02,,,50000000,False
2026-01-02,naver_datalab_keyword,패션의류,,반팔,0.0219,0.011491056390129236,kw_b02,,,50000000,False
2026-01-02,naver_datalab_keyword,패션의류,,자켓,0.27565,0.14463514584196913,kw_b02,,,50000000,False
2026-01-02,naver_datalab_keyword,패션의류,,패션_앵커,1.90583,1.0,kw_b02,,,50000000,True
2026-01-03,naver_datalab_keyword,패션의류,,코트,1.72876,0.8073300238636736,kw_b01,,,50000000,False
2026-01-03,naver_datalab_keyword,패션의류,,패딩,2.88431,1.346971274861885,kw_b01,,,50000000,False
2026-01-03,naver_datalab_keyword,패션의류,,패션_앵커,2.14133,1.0,kw_b01,,,50000000,True
2026-01-03,naver_datalab_keyword,패션의류,,히트텍,0.64258,0.30008452690617515,kw_b01,,,50000000,False
2026-01-03,naver_datalab_keyword,패션의류,,가디건,1.27786,0.5967599575964471,kw_b02,,,50000000,False
2026-01-03,naver_datalab_keyword,패션의류,,반팔,0.0073,0.0034090962159032006,kw_b02,,,50000000,False
2026-01-03,naver_datalab_keyword,패션의류,,자켓,0.35049,0.16367864831670037,kw_b02,,,50000000,False
2026-01-03,naver_datalab_keyword,패션의류,,패션_앵커,2.14133,1.0,kw_b02,,,50000000,True
2026-01-04,naver_datalab_keyword,패션의류,,코트,2.00076,0.8774993750191881,kw_b01,,,50000000,False
2026-01-04,naver_datalab_keyword,패션의류,,패딩,3.21291,1.409127789936274,kw_b01,,,50000000,False
2026-01-04,naver_datalab_keyword,패션의류,,패션_앵커,2.28007,1.0,kw_b01,,,50000000,True
2026-01-04,naver_datalab_keyword,패션의류,,히트텍,0.71925,0.3154508414215353,kw_b01,,,50000000,False
2026-01-04,naver_datalab_keyword,패션의류,,가디건,1.33627,0.5860653400992075,kw_b02,,,50000000,False
2026-01-04,naver_datalab_keyword,패션의류,,반팔,0.04746,0.020815150412048754,kw_b02,,,50000000,False
2026-01-04,naver_datalab_keyword,패션의류,,자켓,0.15881,0.06965137035266462,kw_b02,,,50000000,False
2026-01-04,naver_datalab_keyword,패션의류,,패션_앵커,2.28007,1.0,kw_b02,,,50000000,True
2026-01-05,naver_datalab_keyword,패션의류,,코트,1.39104,0.6834066177012454,kw_b01,,,50000000,False
2026-01-05,naver_datalab_keyword,패션의류,,패딩,2.46444,1.2107592915571497,kw_b01,,,50000000,False
2026-01-05,naver_datalab_keyword,패션의류,,패션_앵커,2.03545,1.0,kw_b01,,,50000000,True
2026-01-05,naver_datalab_keyword,패션의류,,히트텍,0.69187,0.3399100935910978,kw_b01,,,50000000,False
2026-01-05,naver_datalab_keyword,패션의류,,가디건,0.93649,0.46008990640890224,kw_b02,,,50000000,False
2026-01-05,naver_datalab_keyword,패션의류,,반팔,0.02008,0.009865140386646688,kw_b02,,,50000000,False
2026-01-05,naver_datalab_keyword,패션의류,,자켓,0.18072,0.08878626347982019,kw_b02,,,50000000,False
2026-01-05,naver_datalab_keyword,패션의류,,패션_앵커,2.03545,1.0,kw_b02,,,50000000,True
2026-01-06,naver_datalab_keyword,패션의류,,코트,1.32167,0.6013276188396302,kw_b01,,,50000000,False
2026-01-06,naver_datalab_keyword,패션의류,,패딩,2.34213,1.0656120331950207,kw_b01,,,50000000,False
2026-01-06,naver_datalab_keyword,패션의류,,패션_앵커,2.19792,1.0,kw_b01,,,50000000,True
2026-01-06,naver_datalab_keyword,패션의류,,히트텍,0.68821,0.31311876683409773,kw_b01,,,50000000,False
2026-01-06,naver_datalab_keyword,패션의류,,가디건,1.05879,0.4817236296134527,kw_b02,,,50000000,False
2026-01-06,naver_datalab_keyword,패션의류,,반팔,0.04746,0.021593142607556237,kw_b02,,,50000000,False
2026-01-06,naver_datalab_keyword,패션의류,,자켓,0.12413,0.05647612287981365,kw_b02,,,50000000,False
2026-01-06,naver_datalab_keyword,패션의류,,패션_앵커,2.19792,1.0,kw_b02,,,50000000,True
2026-01-07,naver_datalab_keyword,패션의류,,코트,1.49692,0.8126866238856858,kw_b01,,,50000000,False
2026-01-07,naver_datalab_keyword,패션의류,,패딩,2.50643,1.3607555077798408,kw_b01,,,50000000,False
2026-01-07,naver_datalab_keyword,패션의류,,패션_앵커,1.84194,1.0,kw_b01,,,50000000,True
2026-01-07,naver_datalab_keyword,패션의류,,히트텍,0.71742,0.3894915143815759,kw_b01,,,50000000,False
2026-01-07,naver_datalab_keyword,패션의류,,가디건,0.97847,0.5312170863328881,kw_b02,,,50000000,False
2026-01-07,naver_datalab_keyword,패션의류,,반팔,0.0219,0.011889638098960879,kw_b02,,,50000000,False
2026-01-07,naver_datalab_keyword,패션의류,,자켓,0.20263,0.11000901223709784,kw_b02,,,50000000,False
2026-01-07,naver_datalab_keyword,패션의류,,패션_앵커,1.84194,1.0,kw_b02,,,50000000,True
2026-01-08,naver_datalab_keyword,패션의류,,코트,1.79265,0.9237987755859255,kw_b01,,,50000000,False
2026-01-08,naver_datalab_keyword,패션의류,,패딩,2.37134,1.222012656401377,kw_b01,,,50000000,False
2026-01-08,naver_datalab_keyword,패션의류,,패션_앵커,1.94052,1.0,kw_b01,,,50000000,True
2026-01-08,naver_datalab_keyword,패션의류,,히트텍,0.69734,0.35935728567600433,kw_b01,,,50000000,False
2026-01-08,naver_datalab_keyword,패션의류,,가디건,0.87989,0.4534300084513429,kw_b02,,,50000000,False
2026-01-08,naver_datalab_keyword,패션의류,,반팔,0.04928,0.02539525488013522,kw_b02,,,50000000,False
2026-01-08,naver_datalab_keyword,패션의류,,자켓,0.23184,0.11947313091336342,kw_b02,,,50000000,False
2026-01-08,naver_datalab_keyword,패션의류,,패션_앵커,1.94052,1.0,kw_b02,,,50000000,True
2026-01-09,naver_datalab_keyword,패션의류,,코트,1.45858,0.7734747447965,kw_b01,,,50000000,False
2026-01-09,naver_datalab_keyword,패션의류,,패딩,1.99711,1.0590534270184275,kw_b01,,,50000000,False
2026-01-09,naver_datalab_keyword,패션의류,,패션_앵커,1.88575,1.0,kw_b01,,,50000000,True
2026-01-09,naver_datalab_keyword,패션의류,,히트텍,0.57868,0.30686994564496883,kw_b01,,,50000000,False
2026-01-09,naver_datalab_keyword,패션의류,,가디건,0.9949,0.5275884926421848,kw_b02,,,50000000,False
2026-01-09,naver_datalab_keyword,패션의류,,반팔,0.01277,0.0067718414423969244,kw_b02,,,50000000,False
2026-01-09,naver_datalab_keyword,패션의류,,자켓,0.08032,0.042593132705819964,kw_b02,,,50000000,False
2026-01-09,naver_datalab_keyword,패션의류,,패션_앵커,1.88575,1.0,kw_b02,,,50000000,True
2026-01-10,naver_datalab_keyword,패션의류,,목도리,0.00365,0.0013827381245525043,kw_b01,,,50000000,False
2026-01-10,naver_datalab_keyword,패션의류,,코트,1.45858,0.5525573078656963,kw_b01,,,50000000,False
2026-01-10,naver_datalab_keyword,패션의류,,패딩,2.42793,0.9197784588341813,kw_b01,,,50000000,False
2026-01-10,naver_datalab_keyword,패션의류,,패션_앵커,2.63969,1.0,kw_b01,,,50000000,True
2026-01-10,naver_datalab_keyword,패션의류,,히트텍,0.42169,0.15974981910754674,kw_b01,,,50000000,False
2026-01-10,naver_datalab_keyword,패션의류,,가디건,1.01681,0.3852005349112964,kw_b02,,,50000000,False
2026-01-10,naver_datalab_keyword,패션의류,,반팔,0.10405,0.03941750735881865,kw_b02,,,50000000,False
2026-01-10,naver_datalab_keyword,패션의류,,자켓,0.12596,0.04771772442976258,kw_b02,,,50000000,False
2026-01-10,naver_datalab_keyword,패션의류,,패션_앵커,2.63969,1.0,kw_b02,,,50000000,True
2026-01-11,naver_datalab_keyword,패션의류,,코트,1.54256,0.616789619944421,kw_b01,,,50000000,False
2026-01-11,naver_datalab_keyword,패션의류,,패딩,2.90987,1.1635058677702474,kw_b01,,,50000000,False
2026-01-11,naver_datalab_keyword,패션의류,,패션_앵커,2.50095,1.0,kw_b01,,,50000000,True
2026-01-11,naver_datalab_keyword,패션의류,,히트텍,0.70464,0.28174893540454626,kw_b01,,,50000000,False
2026-01-11,naver_datalab_keyword,패션의류,,가디건,1.36913,0.5474439712909094,kw_b02,,,50000000,False
2026-01-11,naver_datalab_keyword,패션의류,,반팔,0.05841,0.023355125052480056,kw_b02,,,50000000,False
2026-01-11,naver_datalab_keyword,패션의류,,자켓,0.2008,0.08028948999380235,kw_b02,,,50000000,False
2026-01-11,naver_datalab_keyword,패션의류,,패션_앵커,2.50095,1.0,kw_b02,,,50000000,True
2026-01-12,naver_datalab_keyword,패션의류,,코트,1.42207,0.6715511501282118,kw_b01,,,50000000,False
2026-01-12,naver_datalab_keyword,패션의류,,패딩,2.53929,1.1991414768675712,kw_b01,,,50000000,False
2026-01-12,naver_datalab_keyword,패션의류,,패션_앵커,2.11759,1.0,kw_b01,,,50000000,True
2026-01-12,naver_datalab_keyword,패션의류,,히트텍,0.77949,0.36810241831516016,kw_b01,,,50000000,False
2026-01-12,naver_datalab_keyword,패션의류,,가디건,1.04967,0.4956908561147343,kw_b02,,,50000000,False
2026-01-12,naver_datalab_keyword,패션의류,,반팔,0.03285,0.01551291798695687,kw_b02,,,50000000,False
2026-01-12,naver_datalab_keyword,패션의류,,자켓,0.14604,0.06896519156210598,kw_b02,,,50000000,False
2026-01-12,naver_datalab_keyword,패션의류,,패션_앵커,2.11759,1.0,kw_b02,,,50000000,True
2026-01-13,naver_datalab_keyword,패션의류,,코트,1.28333,0.6588545142775,kw_b01,,,50000000,False
2026-01-13,naver_datalab_keyword,패션의류,,패딩,2.25816,1.1593268371820804,kw_b01,,,50000000,False
2026-01-13,naver_datalab_keyword,패션의류,,패션_앵커,1.94782,1.0,kw_b01,,,50000000,True
2026-01-13,naver_datalab_keyword,패션의류,,히트텍,0.61702,0.31677465063506893,kw_b01,,,50000000,False
2026-01-13,naver_datalab_keyword,패션의류,,가디건,0.98577,0.5060888583133965,kw_b02,,,50000000,False
2026-01-13,naver_datalab_keyword,패션의류,,반팔,0.06571,0.0337351500652011,kw_b02,,,50000000,False
2026-01-13,naver_datalab_keyword,패션의류,,자켓,0.115,0.05904036307256317,kw_b02,,,50000000,False
2026-01-13,naver_datalab_keyword,패션의류,,패션_앵커,1.94782,1.0,kw_b02,,,50000000,True
2026-01-14,naver_datalab_keyword,패션의류,,코트,1.26508,0.6369476779312845,kw_b01,,,50000000,False
2026-01-14,naver_datalab_keyword,패션의류,,패딩,2.2253,1.120403190075321,kw_b01,,,50000000,False
2026-01-14,naver_datalab_keyword,패션의류,,패션_앵커,1.98616,1.0,kw_b01,,,50000000,True
2026-01-14,naver_datalab_keyword,패션의류,,히트텍,0.61519,0.3097383896564225,kw_b01,,,50000000,False
2026-01-14,naver_datalab_keyword,패션의류,,가디건,0.93649,0.4715078342127523,kw_b02,,,50000000,False
2026-01-14,naver_datalab_keyword,패션의류,,반팔,0.02738,0.013785394932935917,kw_b02,,,50000000,False
2026-01-14,naver_datalab_keyword,패션의류,,자켓,0.12048,0.06065976557779837,kw_b02,,,50000000,False
2026-01-14,naver_datalab_keyword,패션의류,,패션_앵커,1.98616,1.0,kw_b02,,,50000000,True
2026-01-15,naver_datalab_keyword,패션의류,,코트,1.55534,0.80150681260693,kw_b01,,,50000000,False
2026-01-15,naver_datalab_keyword,패션의류,,패딩,2.0391,1.0508008162760496,kw_b01,,,50000000,False
2026-01-15,naver_datalab_keyword,패션의류,,패션_앵커,1.94052,1.0,kw_b01,,,50000000,True
2026-01-15,naver_datalab_keyword,패션의류,,히트텍,0.51297,0.26434666996475176,kw_b01,,,50000000,False
2026-01-15,naver_datalab_keyword,패션의류,,가디건,0.84703,0.436496403025993,kw_b02,,,50000000,False
2026-01-15,naver_datalab_keyword,패션의류,,반팔,0.06754,0.034805103786613896,kw_b02,,,50000000,False
2026-01-15,naver_datalab_keyword,패션의류,,자켓,0.16794,0.0865438129985777,kw_b02,,,50000000,False
2026-01-15,naver_datalab_keyword,패션의류,,패션_앵커,1.94052,1.0,kw_b02,,,50000000,True
2026-01-16,naver_datalab_keyword,패션의류,,코트,1.39286,0.628498716253717,kw_b01,,,50000000,False
2026-01-16,naver_datalab_keyword,패션의류,,패딩,1.77805,0.8023075847069493,kw_b01,,,50000000,False
2026-01-16,naver_datalab_keyword,패션의류,,패션_앵커,2.21617,1.0,kw_b01,,,50000000,True
2026-01-16,naver_datalab_keyword,패션의류,,히트텍,0.28843,0.13014795796351364,kw_b01,,,50000000,False
2026-01-16,naver_datalab_keyword,패션의류,,가디건,0.91275,0.4118591985271888,kw_b02,,,50000000,False
2026-01-16,naver_datalab_keyword,패션의류,,반팔,0.02373,0.010707662318323955,kw_b02,,,50000000,False
2026-01-16,naver_datalab_keyword,패션의류,,자켓,0.31398,0.14167685691982113,kw_b02,,,50000000,False
2026-01-16,naver_datalab_keyword,패션의류,,패션_앵커,2.21617,1.0,kw_b02,,,50000000,True
2026-01-17,naver_datalab_keyword,패션의류,,코트,1.38374,0.6316659210634432,kw_b01,,,50000000,False
2026-01-17,naver_datalab_keyword,패션의류,,패딩,1.92044,0.8766650537290812,kw_b01,,,50000000,False
2026-01-17,naver_datalab_keyword,패션의류,,패션_앵커,2.19062,1.0,kw_b01,,,50000000,True
2026-01-17,naver_datalab_keyword,패션의류,,히트텍,0.32494,0.14833243556618675,kw_b01,,,50000000,False
2026-01-17,naver_datalab_keyword,패션의류,,가디건,1.18476,0.5408331887776063,kw_b02,,,50000000,False
2026-01-17,naver_datalab_keyword,패션의류,,반팔,0.06571,0.0299960741707827,kw_b02,,,50000000,False
2026-01-17,naver_datalab_keyword,패션의류,,자켓,0.3578,0.16333275511042536,kw_b02,,,50000000,False
2026-01-17,naver_datalab_keyword,패션의류,,패션_앵커,2.19062,1.0,kw_b02,,,50000000,True
2026-01-18,naver_datalab_keyword,패션의류,,코트,1.53891,0.5249063708736672,kw_b01,,,50000000,False
2026-01-18,naver_datalab_keyword,패션의류,,패딩,2.36221,0.8057255319294082,kw_b01,,,50000000,False
2026-01-18,naver_datalab_keyword,패션의류,,패션_앵커,2.93178,1.0,kw_b01,,,50000000,True
2026-01-18,naver_datalab_keyword,패션의류,,히트텍,0.40161,0.13698503980516957,kw_b01,,,50000000,False
2026-01-18,naver_datalab_keyword,패션의류,,가디건,1.56994,0.5354903846809788,kw_b02,,,50000000,False
2026-01-18,naver_datalab_keyword,패션의류,,레인부츠,0.00182,0.0006207832784178895,kw_b02,,,50000000,False
2026-01-18,naver_datalab_keyword,패션의류,,반팔,0.03651,0.012453185436833597,kw_b02,,,50000000,False
2026-01-18,naver_datalab_keyword,패션의류,,자켓,0.20993,0.07160496353750964,kw_b02,,,50000000,False
2026-01-18,naver_datalab_keyword,패션의류,,패션_앵커,2.93178,1.0,kw_b02,,,50000000,True
2026-01-19,naver_datalab_keyword,패션의류,,코트,1.4239,0.6695286638579596,kw_b01,,,50000000,False
2026-01-19,naver_datalab_keyword,패션의류,,패딩,2.01902,0.9493586367739992,kw_b01,,,50000000,False
2026-01-19,naver_datalab_keyword,패션의류,,패션_앵커,2.12672,1.0,kw_b01,,,50000000,True
2026-01-19,naver_datalab_keyword,패션의류,,히트텍,0.68456,0.32188534456816126,kw_b01,,,50000000,False
2026-01-19,naver_datalab_keyword,패션의류,,가디건,1.1665,0.5484972163707493,kw_b02,,,50000000,False
2026-01-19,naver_datalab_keyword,패션의류,,반팔,0.04928,0.023171832681312066,kw_b02,,,50000000,False
2026-01-19,naver_datalab_keyword,패션의류,,자켓,0.25374,0.11931048751128498,kw_b02,,,50000000,False
2026-01-19,naver_datalab_keyword,패션의류,,패션_앵커,2.12672,1.0,kw_b02,,,50000000,True
2026-01-20,naver_datalab_keyword,패션의류,,코트,1.28151,0.786994276449925,kw_b01,,,50000000,False
2026-01-20,naver_datalab_keyword,패션의류,,패딩,2.40055,1.4742133189221056,kw_b01,,,50000000,False
2026-01-20,naver_datalab_keyword,패션의류,,패션_앵커,1.62836,1.0,kw_b01,,,50000000,True
2026-01-20,naver_datalab_keyword,패션의류,,히트텍,0.61337,0.3766796040187673,kw_b01,,,50000000,False
2026-01-20,naver_datalab_keyword,패션의류,,가디건,0.81783,0.5022415190744061,kw_b02,,,50000000,False
2026-01-20,naver_datalab_keyword,패션의류,,반팔,0.05293,0.032505097152963715,kw_b02,,,50000000,False
2026-01-20,naver_datalab_keyword,패션의류,,자켓,0.24644,0.15134245498538407,kw_b02,,,50000000,False
2026-01-20,naver_datalab_keyword,패션의류,,패션_앵커,1.62836,1.0,kw_b02,,,50000000,True
2026-01-21,naver_datalab_keyword,패션의류,,목도리,0.00182,0.0010194079592236816,kw_b01,,,50000000,False
2026-01-21,naver_datalab_keyword,패션의류,,코트,1.44946,0.8118632200968997,kw_b01,,,50000000,False
2026-01-21,naver_datalab_keyword,패션의류,,패딩,2.28554,1.2801635533648865,kw_b01,,,50000000,False
2026-01-21,naver_datalab_keyword,패션의류,,패션_앵커,1.78535,1.0,kw_b01,,,50000000,True
2026-01-21,naver_datalab_keyword,패션의류,,히트텍,0.79592,0.4458061444534685,kw_b01,,,50000000,False
2026-01-21,naver_datalab_keyword,패션의류,,가디건,0.82878,0.4642114991458257,kw_b02,,,50000000,False
2026-01-21,naver_datalab_keyword,패션의류,,반팔,0.03833,0.021469179712661386,kw_b02,,,50000000,False
2026-01-21,naver_datalab_keyword,패션의류,,자켓,0.0931,0.052146637914134486,kw_b02,,,50000000,False
2026-01-21,naver_datalab_keyword,패션의류,,패션_앵커,1.78535,1.0,kw_b02,,,50000000,True
2026-01-22,naver_datalab_keyword,패션의류,,목도리,0.00182,0.001062879234726951,kw_b01,,,50000000,False
2026-01-22,naver_datalab_keyword,패션의류,,코트,1.10808,0.6471182540748571,kw_b01,,,50000000,False
2026-01-22,naver_datalab_keyword,패션의류,,패딩,2.43706,1.423242015265749,kw_b01,,,50000000,False
2026-01-22,naver_datalab_keyword,패션의류,,패션_앵커,1.71233,1.0,kw_b01,,,50000000,True
2026-01-22,naver_datalab_keyword,패션의류,,히트텍,0.72107,0.4211045768047047,kw_b01,,,50000000,False
2026-01-22,naver_datalab_keyword,패션의류,,가디건,0.97117,0.5671628716427324,kw_b02,,,50000000,False
2026-01-22,naver_datalab_keyword,패션의류,,반팔,0.04381,0.025585021578784464,kw_b02,,,50000000,False
2026-01-22,naver_datalab_keyword,패션의류,,자켓,0.24644,0.1439208563769834,kw_b02,,,50000000,False
2026-01-22,naver_datalab_keyword,패션의류,,패션_앵커,1.71233,1.0,kw_b02,,,50000000,True
2026-01-23,naver_datalab_keyword,패션의류,,코트,1.11721,0.5714278407463481,kw_b01,,,50000000,False
2026-01-23,naver_datalab_keyword,패션의류,,패딩,1.77622,0.9084966651663324,kw_b01,,,50000000,False
2026-01-23,naver_datalab_keyword,패션의류,,패션_앵커,1.95512,1.0,kw_b01,,,50000000,True
2026-01-23,naver_datalab_keyword,패션의류,,히트텍,0.49288,0.2520970579810958,kw_b01,,,50000000,False
2026-01-23,naver_datalab_keyword,패션의류,,가디건,0.82878,0.42390236916404106,kw_b02,,,50000000,False
2026-01-23,naver_datalab_keyword,패션의류,,반팔,0.01825,0.009334465403658086,kw_b02,,,50000000,False
2026-01-23,naver_datalab_keyword,패션의류,,자켓,0.05659,0.028944514914685544,kw_b02,,,50000000,False
2026-01-23,naver_datalab_keyword,패션의류,,패션_앵커,1.95512,1.0,kw_b02,,,50000000,True
2026-01-24,naver_datalab_keyword,패션의류,,코트,1.73789,0.6130080211074348,kw_b01,,,50000000,False
2026-01-24,naver_datalab_keyword,패션의류,,패딩,2.53746,0.8950413048232463,kw_b01,,,50000000,False
2026-01-24,naver_datalab_keyword,패션의류,,패션_앵커,2.83502,1.0,kw_b01,,,50000000,True
2026-01-24,naver_datalab_keyword,패션의류,,히트텍,0.44542,0.15711353006327997,kw_b01,,,50000000,False
2026-01-24,naver_datalab_keyword,패션의류,,가디건,1.15372,0.4069530373683431,kw_b02,,,50000000,False
2026-01-24,naver_datalab_keyword,패션의류,,반팔,0.08032,0.028331369796333005,kw_b02,,,50000000,False
2026-01-24,naver_datalab_keyword,패션의류,,자켓,0.13143,0.046359461308914926,kw_b02,,,50000000,False
2026-01-24,naver_datalab_keyword,패션의류,,패션_앵커,2.83502,1.0,kw_b02,,,50000000,True
2026-01-25,naver_datalab_keyword,패션의류,,코트,1.31254,0.4951766547827891,kw_b01,,,50000000,False
2026-01-25,naver_datalab_keyword,패션의류,,패딩,2.48087,0.9359477863920169,kw_b01,,,50000000,False
2026-01-25,naver_datalab_keyword,패션의류,,패션_앵커,2.65065,1.0,kw_b01,,,50000000,True
2026-01-25,naver_datalab_keyword,패션의류,,히트텍,0.59694,0.2252051383622885,kw_b01,,,50000000,False
2026-01-25,naver_datalab_keyword,패션의류,,가디건,1.62653,0.6136343915643333,kw_b02,,,50000000,False
2026-01-25,naver_datalab_keyword,패션의류,,반팔,0.0219,0.008262124384584912,kw_b02,,,50000000,False
2026-01-25,naver_datalab_keyword,패션의류,,자켓,0.23914,0.09021938015203818,kw_b02,,,50000000,False
2026-01-25,naver_datalab_keyword,패션의류,,패션_앵커,2.65065,1.0,kw_b02,,,50000000,True
2026-01-26,naver_datalab_keyword,패션의류,,코트,1.09165,0.6314641708507832,kw_b01,,,50000000,False
2026-01-26,naver_datalab_keyword,패션의류,,패딩,2.35491,1.3621960248964575,kw_b01,,,50000000,False
2026-01-26,naver_datalab_keyword,패션의류,,패션_앵커,1.72876,1.0,kw_b01,,,50000000,True
2026-01-26,naver_datalab_keyword,패션의류,,히트텍,0.52757,0.30517249357921283,kw_b01,,,50000000,False
2026-01-26,naver_datalab_keyword,패션의류,,가디건,0.89815,0.5195342326291678,kw_b02,,,50000000,False
2026-01-26,naver_datalab_keyword,패션의류,,반팔,0.01642,0.009498137393276105,kw_b02,,,50000000,False
2026-01-26,naver_datalab_keyword,패션의류,,자켓,0.14604,0.08447673476943011,kw_b02,,,50000000,False
2026-01-26,naver_datalab_keyword,패션의류,,패션_앵커,1.72876,1.0,kw_b02,,,50000000,True
2026-01-27,naver_datalab_keyword,패션의류,,코트,1.06975,0.538109035302166,kw_b01,,,50000000,False
2026-01-27,naver_datalab_keyword,패션의류,,패딩,1.78718,0.8989929476151671,kw_b01,,,50000000,False
2026-01-27,naver_datalab_keyword,패션의류,,패션_앵커,1.98798,1.0,kw_b01,,,50000000,True
2026-01-27,naver_datalab_keyword,패션의류,,히트텍,0.54217,0.27272407167074114,kw_b01,,,50000000,False
2026-01-27,naver_datalab_keyword,패션의류,,가디건,0.72655,0.36547148361653536,kw_b02,,,50000000,False
2026-01-27,naver_datalab_keyword,패션의류,,반팔,0.06024,0.030302115715449853,kw_b02,,,50000000,False
2026-01-27,naver_datalab_keyword,패션의류,,자켓,0.12596,0.06336079839837422,kw_b02,,,50000000,False
2026-01-27,naver_datalab_keyword,패션의류,,패션_앵커,1.98798,1.0,kw_b02,,,50000000,True
2026-01-28,naver_datalab_keyword,패션의류,,코트,1.25595,0.5709538399992726,kw_b01,,,50000000,False
2026-01-28,naver_datalab_keyword,패션의류,,패딩,2.02449,0.9203314937219854,kw_b01,,,50000000,False
2026-01-28,naver_datalab_keyword,패션의류,,패션_앵커,2.19974,1.0,kw_b01,,,50000000,True
2026-01-28,naver_datalab_keyword,패션의류,,히트텍,0.52939,0.24066025984889128,kw_b01,,,50000000,False
2026-01-28,naver_datalab_keyword,패션의류,,가디건,0.77219,0.351036940729359,kw_b02,,,50000000,False
2026-01-28,naver_datalab_keyword,패션의류,,반팔,0.04016,0.018256703064907672,kw_b02,,,50000000,False
2026-01-28,naver_datalab_keyword,패션의류,,자켓,0.1935,0.08796494131124588,kw_b02,,,50000000,False
2026-01-28,naver_datalab_keyword,패션의류,,패션_앵커,2.19974,1.0,kw_b02,,,50000000,True
2026-01-29,naver_datalab_keyword,패션의류,,코트,0.99125,0.4418201429870384,kw_b01,,,50000000,False
2026-01-29,naver_datalab_keyword,패션의류,,패딩,1.5243,0.6794112927668526,kw_b01,,,50000000,False
2026-01-29,naver_datalab_keyword,패션의류,,패션_앵커,2.24356,1.0,kw_b01,,,50000000,True
2026-01-29,naver_datalab_keyword,패션의류,,히트텍,0.37605,0.167613079213393,kw_b01,,,50000000,False
2026-01-29,naver_datalab_keyword,패션의류,,가디건,0.70464,0.31407227798677106,kw_b02,,,50000000,False
2026-01-29,naver_datalab_keyword,패션의류,,반팔,0.01825,0.008134393553103103,kw_b02,,,50000000,False
2026-01-29,naver_datalab_keyword,패션의류,,자켓,0.29938,0.13343971188646614,kw_b02,,,50000000,False
2026-01-29,naver_datalab_keyword,패션의류,,패션_앵커,2.24356,1.0,kw_b02,,,50000000,True
2026-01-30,naver_datalab_keyword,패션의류,,코트,0.9949,0.5385348215348973,kw_b01,,,50000000,False
2026-01-30,naver_datalab_keyword,패션의류,,패딩,1.64113,0.888336166112741,kw_b01,,,50000000,False
2026-01-30,naver_datalab_keyword,패션의류,,패션_앵커,1.84742,1.0,kw_b01,,,50000000,True
2026-01-30,naver_datalab_keyword,패션의류,,히트텍,0.31946,0.17292223749878208,kw_b01,,,50000000,False
2026-01-30,naver_datalab_keyword,패션의류,,가디건,0.70099,0.3794426822271059,kw_b02,,,50000000,False
2026-01-30,naver_datalab_keyword,패션의류,,반팔,0.01642,0.008888070931352915,kw_b02,,,50000000,False
2026-01-30,naver_datalab_keyword,패션의류,,자켓,0.09127,0.04940403373353109,kw_b02,,,50000000,False
2026-01-30,naver_datalab_keyword,패션의류,,패션_앵커,1.84742,1.0,kw_b02,,,50000000,True
2026-01-31,naver_datalab_keyword,패션의류,,코트,1.41842,0.6127745976887353,kw_b01,,,50000000,False
2026-01-31,naver_datalab_keyword,패션의류,,패딩,1.59185,0.6876984555567556,kw_b01,,,50000000,False
2026-01-31,naver_datalab_keyword,패션의류,,패션_앵커,2.31475,1.0,kw_b01,,,50000000,True
2026-01-31,naver_datalab_keyword,패션의류,,히트텍,0.30668,0.13248946970515174,kw_b01,,,50000000,False
2026-01-31,naver_datalab_keyword,패션의류,,가디건,0.9949,0.42980883464737013,kw_b02,,,50000000,False
2026-01-31,naver_datalab_keyword,패션의류,,반팔,0.01095,0.004730532454908737,kw_b02,,,50000000,False
2026-01-31,naver_datalab_keyword,패션의류,,자켓,0.17342,0.07491953774705691,kw_b02,,,50000000,False
2026-01-31,naver_datalab_keyword,패션의류,,패션_앵커,2.31475,1.0,kw_b02,,,50000000,True
2026-02-01,naver_datalab_keyword,패션의류,,코트,1.38009,0.5470339218188881,kw_b01,,,50000000,False
2026-02-01,naver_datalab_keyword,패션의류,,패딩,1.76527,0.6997098531032241,kw_b01,,,50000000,False
2026-02-01,naver_datalab_keyword,패션의류,,패션_앵커,2.52286,1.0,kw_b01,,,50000000,True
2026-02-01,naver_datalab_keyword,패션의류,,히트텍,0.31946,0.12662613066123368,kw_b01,,,50000000,False
2026-02-01,naver_datalab_keyword,패션의류,,가디건,1.01498,0.4023132476633662,kw_b02,,,50000000,False
2026-02-01,naver_datalab_keyword,패션의류,,반팔,0.0146,0.005787082913835884,kw_b02,,,50000000,False
2026-02-01,naver_datalab_keyword,패션의류,,자켓,0.2081,0.08248575029926353,kw_b02,,,50000000,False
2026-02-01,naver_datalab_keyword,패션의류,,패션_앵커,2.52286,1.0,kw_b02,,,50000000,True
2026-02-02,naver_datalab_keyword,패션의류,,코트,1.11356,0.6069637640081978,kw_b01,,,50000000,False
2026-02-02,naver_datalab_keyword,패션의류,,패딩,1.79995,0.981091658308987,kw_b01,,,50000000,False
2026-02-02,naver_datalab_keyword,패션의류,,패션_앵커,1.83464,1.0,kw_b01,,,50000000,True
2026-02-02,naver_datalab_keyword,패션의류,,히트텍,0.37057,0.20198513059782847,kw_b01,,,50000000,False
2026-02-02,naver_datalab_keyword,패션의류,,가디건,0.96387,0.5253728251864126,kw_b02,,,50000000,False
2026-02-02,naver_datalab_keyword,패션의류,,반팔,0.06936,0.03780578206078577,kw_b02,,,50000000,False
2026-02-02,naver_datalab_keyword,패션의류,,자켓,0.17159,0.09352788557973225,kw_b02,,,50000000,False
2026-02-02,naver_datalab_keyword,패션의류,,패션_앵커,1.83464,1.0,kw_b02,,,50000000,True
2026-02-03,naver_datalab_keyword,패션의류,,코트,1.15737,0.6143381123502465,kw_b01,,,50000000,False
2026-02-03,naver_datalab_keyword,패션의류,,패딩,1.48779,0.7897267945199662,kw_b01,,,50000000,False
2026-02-03,naver_datalab_keyword,패션의류,,패션_앵커,1.88393,1.0,kw_b01,,,50000000,True
2026-02-03,naver_datalab_keyword,패션의류,,히트텍,0.39066,0.20736439251989192,kw_b01,,,50000000,False
2026-02-03,naver_datalab_keyword,패션의류,,가디건,0.83608,0.44379568242981426,kw_b02,,,50000000,False
2026-02-03,naver_datalab_keyword,패션의류,,반팔,0.03833,0.020345766562451895,kw_b02,,,50000000,False
2026-02-03,naver_datalab_keyword,패션의류,,자켓,0.18255,0.096898504721513,kw_b02,,,50000000,False
2026-02-03,naver_datalab_keyword,패션의류,,패션_앵커,1.88393,1.0,kw_b02,,,50000000,True
2026-02-04,naver_datalab_keyword,패션의류,,코트,0.95657,0.5067705739624281,kw_b01,,,50000000,False
2026-02-04,naver_datalab_keyword,패션의류,,패딩,1.38921,0.7359741044088198,kw_b01,,,50000000,False
2026-02-04,naver_datalab_keyword,패션의류,,패션_앵커,1.88758,1.0,kw_b01,,,50000000,True
2026-02-04,naver_datalab_keyword,패션의류,,히트텍,0.35597,0.18858538446052617,kw_b01,,,50000000,False
2026-02-04,naver_datalab_keyword,패션의류,,가디건,0.81235,0.4303658652878289,kw_b02,,,50000000,False
2026-02-04,naver_datalab_keyword,패션의류,,반팔,0.03103,0.016439038345394633,kw_b02,,,50000000,False
2026-02-04,naver_datalab_keyword,패션의류,,자켓,0.16977,0.08994055881075239,kw_b02,,,50000000,False
2026-02-04,naver_datalab_keyword,패션의류,,패션_앵커,1.88758,1.0,kw_b02,,,50000000,True
2026-02-05,naver_datalab_keyword,패션의류,,코트,1.01316,0.45232376445377026,kw_b01,,,50000000,False
2026-02-05,naver_datalab_keyword,패션의류,,패딩,1.39286,0.6218402607259252,kw_b01,,,50000000,False
2026-02-05,naver_datalab_keyword,패션의류,,패션_앵커,2.2399,1.0,kw_b01,,,50000000,True
2026-02-05,naver_datalab_keyword,패션의류,,히트텍,0.25192,0.11246930666547612,kw_b01,,,50000000,False
2026-02-05,naver_datalab_keyword,패션의류,,가디건,0.9876,0.44091254073842584,kw_b02,,,50000000,False
2026-02-05,naver_datalab_keyword,패션의류,,반팔,0.03833,0.017112371087995,kw_b02,,,50000000,False
2026-02-05,naver_datalab_keyword,패션의류,,자켓,0.2866,0.1279521407205679,kw_b02,,,50000000,False
2026-02-05,naver_datalab_keyword,패션의류,,패션_앵커,2.2399,1.0,kw_b02,,,50000000,True
2026-02-06,naver_datalab_keyword,패션의류,,코트,0.88355,0.3766550997962298,kw_b01,,,50000000,False
2026-02-06,naver_datalab_keyword,패션의류,,패딩,1.25047,0.5330721551040591,kw_b01,,,50000000,False
2026-02-06,naver_datalab_keyword,패션의류,,패션_앵커,2.34578,1.0,kw_b01,,,50000000,True
2026-02-06,naver_datalab_keyword,패션의류,,히트텍,0.16794,0.07159239144335787,kw_b01,,,50000000,False
2026-02-06,naver_datalab_keyword,패션의류,,가디건,0.74298,0.31673046918295833,kw_b02,,,50000000,False
2026-02-06,naver_datalab_keyword,패션의류,,반팔,0.04381,0.01867609068199064,kw_b02,,,50000000,False
2026-02-06,naver_datalab_keyword,패션의류,,자켓,0.39978,0.17042518906291299,kw_b02,,,50000000,False
2026-02-06,naver_datalab_keyword,패션의류,,패션_앵커,2.34578,1.0,kw_b02,,,50000000,True
2026-02-07,naver_datalab_keyword,패션의류,,코트,0.96934,0.29207632902352965,kw_b01,,,50000000,False
2026-02-07,naver_datalab_keyword,패션의류,,패딩,1.69042,0.5093482865743238,kw_b01,,,50000000,False
2026-02-07,naver_datalab_keyword,패션의류,,패션_앵커,3.31879,1.0,kw_b01,,,50000000,True
2026-02-07,naver_datalab_keyword,패션의류,,히트텍,0.24827,0.0748073846190931,kw_b01,,,50000000,False
2026-02-07,naver_datalab_keyword,패션의류,,가디건,1.05879,0.3190289231918862,kw_b02,,,50000000,False
2026-02-07,naver_datalab_keyword,패션의류,,반팔,0.02738,0.008249994726993875,kw_b02,,,50000000,False
2026-02-07,naver_datalab_keyword,패션의류,,자켓,0.23184,0.06985678515362527,kw_b02,,,50000000,False
2026-02-07,naver_datalab_keyword,패션의류,,패션_앵커,3.31879,1.0,kw_b02,,,50000000,True
2026-02-08,naver_datalab_keyword,패션의류,,목도리,0.00182,0.0006169428785469978,kw_b01,,,50000000,False
2026-02-08,naver_datalab_keyword,패션의류,,코트,0.89085,0.30197997986461156,kw_b01,,,50000000,False
2026-02-08,naver_datalab_keyword,패션의류,,패딩,1.84012,0.6237631481713746,kw_b01,,,50000000,False
2026-02-08,naver_datalab_keyword,패션의류,,패션_앵커,2.95003,1.0,kw_b01,,,50000000,True
2026-02-08,naver_datalab_keyword,패션의류,,히트텍,0.32676,0.11076497527143792,kw_b01,,,50000000,False
2026-02-08,naver_datalab_keyword,패션의류,,가디건,0.74298,0.25185506588068596,kw_b02,,,50000000,False
2026-02-08,naver_datalab_keyword,패션의류,,반팔,0.14786,0.050121524187889614,kw_b02,,,50000000,False
2026-02-08,naver_datalab_keyword,패션의류,,자켓,0.41804,0.14170703348779504,kw_b02,,,50000000,False
2026-02-08,naver_datalab_keyword,패션의류,,패션_앵커,2.95003,1.0,kw_b02,,,50000000,True
2026-02-09,naver_datalab_keyword,패션의류,,코트,0.73568,0.33865473494264303,kw_b01,,,50000000,False
2026-02-09,naver_datalab_keyword,패션의류,,패딩,1.19753,0.5512576184426154,kw_b01,,,50000000,False
2026-02-09,naver_datalab_keyword,패션의류,,패션_앵커,2.17236,1.0,kw_b01,,,50000000,True
2026-02-09,naver_datalab_keyword,패션의류,,히트텍,0.28478,0.13109245244802886,kw_b01,,,50000000,False
2026-02-09,naver_datalab_keyword,패션의류,,가디건,0.63345,0.2915953156935315,kw_b02,,,50000000,False
2026-02-09,naver_datalab_keyword,패션의류,,반팔,0.06024,0.02773021046235431,kw_b02,,,50000000,False
2026-02-09,naver_datalab_keyword,패션의류,,자켓,0.42351,0.19495387504833453,kw_b02,,,50000000,False
2026-02-09,naver_datalab_keyword,패션의류,,패션_앵커,2.17236,1.0,kw_b02,,,50000000,True
2026-02-10,naver_datalab_keyword,패션의류,,코트,0.70282,0.28455172637170434,kw_b01,,,50000000,False
2026-02-10,naver_datalab_keyword,패션의류,,패딩,1.31984,0.5343654855217982,kw_b01,,,50000000,False
2026-02-10,naver_datalab_keyword,패션의류,,패션_앵커,2.46992,1.0,kw_b01,,,50000000,True
2026-02-10,naver_datalab_keyword,패션의류,,히트텍,0.2793,0.11308058560601152,kw_b01,,,50000000,False
2026-02-10,naver_datalab_keyword,패션의류,,가디건,0.84338,0.34146045216039383,kw_b02,,,50000000,False
2026-02-10,naver_datalab_keyword,패션의류,,반팔,0.06206,0.025126319880805853,kw_b02,,,50000000,False
2026-02-10,naver_datalab_keyword,패션의류,,자켓,0.16064,0.06503854375850229,kw_b02,,,50000000,False
2026-02-10,naver_datalab_keyword,패션의류,,패션_앵커,2.46992,1.0,kw_b02,,,50000000,True
2026-02-11,naver_datalab_keyword,패션의류,,코트,0.66448,0.3140606020503174,kw_b01,,,50000000,False
2026-02-11,naver_datalab_keyword,패션의류,,패딩,1.18658,0.5608265548712762,kw_b01,,,50000000,False
2026-02-11,naver_datalab_keyword,패션의류,,패션_앵커,2.11577,1.0,kw_b01,,,50000000,True
2026-02-11,naver_datalab_keyword,패션의류,,히트텍,0.12778,0.06039408820429442,kw_b01,,,50000000,False
2026-02-11,naver_datalab_keyword,패션의류,,가디건,0.80687,0.38135997769133695,kw_b02,,,50000000,False
2026-02-11,naver_datalab_keyword,패션의류,,반팔,0.07119,0.03364732461467929,kw_b02,,,50000000,False
2026-02-11,naver_datalab_keyword,패션의류,,자켓,0.35415,0.16738586897441596,kw_b02,,,50000000,False
2026-02-11,naver_datalab_keyword,패션의류,,패션_앵커,2.11577,1.0,kw_b02,,,50000000,True
2026-02-12,naver_datalab_keyword,패션의류,,코트,0.64805,0.29314244356991,kw_b01,,,50000000,False
2026-02-12,naver_datalab_keyword,패션의류,,패딩,0.8087,0.3658117338399602,kw_b01,,,50000000,False
2026-02-12,naver_datalab_keyword,패션의류,,패션_앵커,2.2107,1.0,kw_b01,,,50000000,True
2026-02-12,naver_datalab_keyword,패션의류,,히트텍,0.08945,0.04046229700999683,kw_b01,,,50000000,False
2026-02-12,naver_datalab_keyword,패션의류,,가디건,0.78497,0.3550775772379789,kw_b02,,,50000000,False
2026-02-12,naver_datalab_keyword,패션의류,,반팔,0.08762,0.03963450490794771,kw_b02,,,50000000,False
2026-02-12,naver_datalab_keyword,패션의류,,자켓,0.24096,0.10899715022391097,kw_b02,,,50000000,False
2026-02-12,naver_datalab_keyword,패션의류,,패션_앵커,2.2107,1.0,kw_b02,,,50000000,True
2026-02-13,naver_datalab_keyword,패션의류,,코트,0.83791,0.4811316421098568,kw_b01,,,50000000,False
2026-02-13,naver_datalab_keyword,패션의류,,패딩,0.8014,0.4601674380146307,kw_b01,,,50000000,False
2026-02-13,naver_datalab_keyword,패션의류,,패션_앵커,1.74154,1.0,kw_b01,,,50000000,True
2026-02-13,naver_datalab_keyword,패션의류,,히트텍,0.09675,0.05555427954568944,kw_b01,,,50000000,False
2026-02-13,naver_datalab_keyword,패션의류,,가디건,0.65536,0.37631062163372647,kw_b02,,,50000000,False
2026-02-13,naver_datalab_keyword,패션의류,,반팔,0.03103,0.01781756376540303,kw_b02,,,50000000,False
2026-02-13,naver_datalab_keyword,패션의류,,자켓,0.33772,0.19392032339194046,kw_b02,,,50000000,False
2026-02-13,naver_datalab_keyword,패션의류,,패션_앵커,1.74154,1.0,kw_b02,,,50000000,True
2026-02-14,naver_datalab_keyword,패션의류,,코트,0.81783,0.3152714866714211,kw_b01,,,50000000,False
2026-02-14,naver_datalab_keyword,패션의류,,패딩,0.78314,0.3018985755864382,kw_b01,,,50000000,False
2026-02-14,naver_datalab_keyword,패션의류,,패션_앵커,2.59405,1.0,kw_b01,,,50000000,True
2026-02-14,naver_datalab_keyword,패션의류,,히트텍,0.07119,0.02744357279158073,kw_b01,,,50000000,False
2026-02-14,naver_datalab_keyword,패션의류,,가디건,0.73203,0.28219579422139124,kw_b02,,,50000000,False
2026-02-14,naver_datalab_keyword,패션의류,,반팔,0.14604,0.056298066729631266,kw_b02,,,50000000,False
2026-02-14,naver_datalab_keyword,패션의류,,자켓,0.51844,0.199857365895029,kw_b02,,,50000000,False
2026-02-14,naver_datalab_keyword,패션의류,,패션_앵커,2.59405,1.0,kw_b02,,,50000000,True
2026-02-15,naver_datalab_keyword,패션의류,,코트,0.78862,0.26832205996434255,kw_b01,,,50000000,False
2026-02-15,naver_datalab_keyword,패션의류,,패딩,0.84521,0.2875763844468337,kw_b01,,,50000000,False
2026-02-15,naver_datalab_keyword,패션의류,,패션_앵커,2.93908,1.0,kw_b01,,,50000000,True
2026-02-15,naver_datalab_keyword,패션의류,,히트텍,0.06754,0.02297998012983655,kw_b01,,,50000000,False
2026-02-15,naver_datalab_keyword,패션의류,,가디건,0.5367,0.1826081630986567,kw_b02,,,50000000,False
2026-02-15,naver_datalab_keyword,패션의류,,반팔,0.08032,0.02732827959769724,kw_b02,,,50000000,False
2026-02-15,naver_datalab_keyword,패션의류,,자켓,0.31581,0.10745199177974059,kw_b02,,,50000000,False
2026-02-15,naver_datalab_keyword,패션의류,,패션_앵커,2.93908,1.0,kw_b02,,,50000000,True
2026-02-16,naver_datalab_keyword,패션의류,,코트,0.62432,0.26823284769691474,kw_b01,,,50000000,False
2026-02-16,naver_datalab_keyword,패션의류,,패딩,0.84886,0.3647042143388055,kw_b01,,,50000000,False
2026-02-16,naver_datalab_keyword,패션의류,,패션_앵커,2.32753,1.0,kw_b01,,,50000000,True
2026-02-16,naver_datalab_keyword,패션의류,,히트텍,0.05476,0.02352708665409254,kw_b01,,,50000000,False
2026-02-16,naver_datalab_keyword,패션의류,,가디건,0.71195,0.3058822013035278,kw_b02,,,50000000,False
2026-02-16,naver_datalab_keyword,패션의류,,반팔,0.05111,0.02195890063715613,kw_b02,,,50000000,False
2026-02-16,naver_datalab_keyword,패션의류,,자켓,0.58599,0.25176474631905926,kw_b02,,,50000000,False
2026-02-16,naver_datalab_keyword,패션의류,,패션_앵커,2.32753,1.0,kw_b02,,,50000000,True
2026-02-17,naver_datalab_keyword,패션의류,,코트,0.70464,0.268239109828658,kw_b01,,,50000000,False
2026-02-17,naver_datalab_keyword,패션의류,,패딩,0.86712,0.33009124789201,kw_b01,,,50000000,False
2026-02-17,naver_datalab_keyword,패션의류,,패션_앵커,2.62691,1.0,kw_b01,,,50000000,True
2026-02-17,naver_datalab_keyword,패션의류,,히트텍,0.06024,0.022931885751700666,kw_b01,,,50000000,False
2026-02-17,naver_datalab_keyword,패션의류,,가디건,0.60059,0.22862983505335163,kw_b02,,,50000000,False
2026-02-17,naver_datalab_keyword,패션의류,,반팔,0.01277,0.004861224785013571,kw_b02,,,50000000,False
2026-02-17,naver_datalab_keyword,패션의류,,자켓,0.50931,0.1938817850630589,kw_b02,,,50000000,False
2026-02-17,naver_datalab_keyword,패션의류,,패션_앵커,2.62691,1.0,kw_b02,,,50000000,True
2026-02-18,naver_datalab_keyword,패션의류,,코트,0.79227,0.3305394467854312,kw_b01,,,50000000,False
2026-02-18,naver_datalab_keyword,패션의류,,패딩,0.87624,0.3655721974216697,kw_b01,,,50000000,False
2026-02-18,naver_datalab_keyword,패션의류,,패션_앵커,2.3969,1.0,kw_b01,,,50000000,True
2026-02-18,naver_datalab_keyword,패션의류,,히트텍,0.10222,0.04264675205473737,kw_b01,,,50000000,False
2026-02-18,naver_datalab_keyword,패션의류,,가디건,0.89815,0.3747131711794401,kw_b02,,,50000000,False
2026-02-18,naver_datalab_keyword,패션의류,,반팔,0.14604,0.06092869957027828,kw_b02,,,50000000,False
2026-02-18,naver_datalab_keyword,패션의류,,자켓,0.53122,0.22162793608410863,kw_b02,,,50000000,False
2026-02-18,naver_datalab_keyword,패션의류,,패션_앵커,2.3969,1.0,kw_b02,,,50000000,True
2026-02-19,naver_datalab_keyword,패션의류,,코트,0.86164,0.2994914859524298,kw_b01,,,50000000,False
2026-02-19,naver_datalab_keyword,패션의류,,패딩,0.84338,0.2931446188925308,kw_b01,,,50000000,False
2026-02-19,naver_datalab_keyword,패션의류,,패션_앵커,2.87701,1.0,kw_b01,,,50000000,True
2026-02-19,naver_datalab_keyword,패션의류,,히트텍,0.1004,0.03489734133701308,kw_b01,,,50000000,False
2026-02-19,naver_datalab_keyword,패션의류,,가디건,0.63345,0.22017650268855513,kw_b02,,,50000000,False
2026-02-19,naver_datalab_keyword,패션의류,,반팔,0.05293,0.018397572479761974,kw_b02,,,50000000,False
2026-02-19,naver_datalab_keyword,패션의류,,자켓,0.39066,0.13578680644140967,kw_b02,,,50000000,False
2026-02-19,naver_datalab_keyword,패션의류,,패션_앵커,2.87701,1.0,kw_b02,,,50000000,True
2026-02-20,naver_datalab_keyword,패션의류,,코트,0.75758,0.31415301679452623,kw_b01,,,50000000,False
2026-02-20,naver_datalab_keyword,패션의류,,패딩,0.62797,0.2604063860667634,kw_b01,,,50000000,False
2026-02-20,naver_datalab_keyword,패션의류,,패션_앵커,2.4115,1.0,kw_b01,,,50000000,True
2026-02-20,naver_datalab_keyword,패션의류,,히트텍,0.1077,0.04466099937798051,kw_b01,,,50000000,False
2026-02-20,naver_datalab_keyword,패션의류,,가디건,0.81783,0.3391374663072776,kw_b02,,,50000000,False
2026-02-20,naver_datalab_keyword,패션의류,,반팔,0.02738,0.011353929089778145,kw_b02,,,50000000,False
2026-02-20,naver_datalab_keyword,패션의류,,자켓,0.43082,0.17865229110512126,kw_b02,,,50000000,False
2026-02-20,naver_datalab_keyword,패션의류,,패션_앵커,2.4115,1.0,kw_b02,,,50000000,True
2026-02-21,naver_datalab_keyword,패션의류,,코트,0.69004,0.2010623635987494,kw_b01,,,50000000,False
2026-02-21,naver_datalab_keyword,패션의류,,패딩,0.7302,0.21276409758826562,kw_b01,,,50000000,False
2026-02-21,naver_datalab_keyword,패션의류,,패션_앵커,3.43197,1.0,kw_b01,,,50000000,True
2026-02-21,naver_datalab_keyword,패션의류,,히트텍,0.02555,0.007444703770720606,kw_b01,,,50000000,False
2026-02-21,naver_datalab_keyword,패션의류,,가디건,0.99855,0.2909553405187108,kw_b02,,,50000000,False
2026-02-21,naver_datalab_keyword,패션의류,,반팔,0.06936,0.020209966870339775,kw_b02,,,50000000,False
2026-02-21,naver_datalab_keyword,패션의류,,자켓,0.44907,0.1308490458832682,kw_b02,,,50000000,False
2026-02-21,naver_datalab_keyword,패션의류,,패션_앵커,3.43197,1.0,kw_b02,,,50000000,True
2026-02-22,naver_datalab_keyword,패션의류,,코트,0.66813,0.19901880183014012,kw_b01,,,50000000,False
2026-02-22,naver_datalab_keyword,패션의류,,패딩,0.94561,0.28167298160327897,kw_b01,,,50000000,False
2026-02-22,naver_datalab_keyword,패션의류,,패션_앵커,3.35712,1.0,kw_b01,,,50000000,True
2026-02-22,naver_datalab_keyword,패션의류,,히트텍,0.03468,0.010330283099799829,kw_b01,,,50000000,False
2026-02-22,naver_datalab_keyword,패션의류,,가디건,1.44946,0.43175698217519776,kw_b02,,,50000000,False
2026-02-22,naver_datalab_keyword,패션의류,,반팔,0.08214,0.024467400629110667,kw_b02,,,50000000,False
2026-02-22,naver_datalab_keyword,패션의류,,자켓,0.53305,0.15878193213230388,kw_b02,,,50000000,False
2026-02-22,naver_datalab_keyword,패션의류,,패션_앵커,3.35712,1.0,kw_b02,,,50000000,True
2026-02-23,naver_datalab_keyword,패션의류,,코트,0.40891,0.14526419746069189,kw_b01,,,50000000,False
2026-02-23,naver_datalab_keyword,패션의류,,패딩,0.66448,0.2360547649328227,kw_b01,,,50000000,False
2026-02-23,naver_datalab_keyword,패션의류,,패션_앵커,2.81494,1.0,kw_b01,,,50000000,True
2026-02-23,naver_datalab_keyword,패션의류,,히트텍,0.04381,0.015563386786219244,kw_b01,,,50000000,False
2026-02-23,naver_datalab_keyword,패션의류,,가디건,0.973,0.34565568005001884,kw_b02,,,50000000,False
2026-02-23,naver_datalab_keyword,패션의류,,반팔,0.05476,0.019453345364377216,kw_b02,,,50000000,False
2026-02-23,naver_datalab_keyword,패션의류,,자켓,0.5367,0.19066125743355097,kw_b02,,,50000000,False
2026-02-23,naver_datalab_keyword,패션의류,,패션_앵커,2.81494,1.0,kw_b02,,,50000000,True
2026-02-24,naver_datalab_keyword,패션의류,,코트,0.49471,0.19030747865960385,kw_b01,,,50000000,False
2026-02-24,naver_datalab_keyword,패션의류,,패딩,0.69552,0.2675560582105227,kw_b01,,,50000000,False
2026-02-24,naver_datalab_keyword,패션의류,,패션_앵커,2.59953,1.0,kw_b01,,,50000000,True
2026-02-24,naver_datalab_keyword,패션의류,,히트텍,0.03103,0.011936773185922069,kw_b01,,,50000000,False
2026-02-24,naver_datalab_keyword,패션의류,,가디건,0.75393,0.2900255046104488,kw_b02,,,50000000,False
2026-02-24,naver_datalab_keyword,패션의류,,반팔,0.07302,0.028089693136836274,kw_b02,,,50000000,False
2026-02-24,naver_datalab_keyword,패션의류,,자켓,0.53487,0.20575642519993997,kw_b02,,,50000000,False
2026-02-24,naver_datalab_keyword,패션의류,,패션_앵커,2.59953,1.0,kw_b02,,,50000000,True
2026-02-25,naver_datalab_keyword,패션의류,,코트,0.46915,0.19221865768567342,kw_b01,,,50000000,False
2026-02-25,naver_datalab_keyword,패션의류,,패딩,0.64805,0.26551700120047034,kw_b01,,,50000000,False
2026-02-25,naver_datalab_keyword,패션의류,,패션_앵커,2.44071,1.0,kw_b01,,,50000000,True
2026-02-25,naver_datalab_keyword,패션의류,,히트텍,0.1077,0.04412650417296606,kw_b01,,,50000000,False
2026-02-25,naver_datalab_keyword,패션의류,,가디건,0.83243,0.341060593024161,kw_b02,,,50000000,False
2026-02-25,naver_datalab_keyword,패션의류,,반팔,0.06936,0.02841796034760377,kw_b02,,,50000000,False
2026-02-25,naver_datalab_keyword,패션의류,,자켓,0.68821,0.28197122968316596,kw_b02,,,50000000,False
2026-02-25,naver_datalab_keyword,패션의류,,패션_앵커,2.44071,1.0,kw_b02,,,50000000,True
2026-02-26,naver_datalab_keyword,패션의류,,코트,0.51662,0.2027216863782265,kw_b01,,,50000000,False
2026-02-26,naver_datalab_keyword,패션의류,,패딩,0.47098,0.18481255052149959,kw_b01,,,50000000,False
2026-02-26,naver_datalab_keyword,패션의류,,패션_앵커,2.54842,1.0,kw_b01,,,50000000,True
2026-02-26,naver_datalab_keyword,패션의류,,히트텍,0.08214,0.03223173574214611,kw_b01,,,50000000,False
2026-02-26,naver_datalab_keyword,패션의류,,가디건,0.61337,0.2406863860745089,kw_b02,,,50000000,False
2026-02-26,naver_datalab_keyword,패션의류,,반팔,0.06571,0.02578460379372317,kw_b02,,,50000000,False
2026-02-26,naver_datalab_keyword,패션의류,,자켓,0.59511,0.2335211621318307,kw_b02,,,50000000,False
2026-02-26,naver_datalab_keyword,패션의류,,패션_앵커,2.54842,1.0,kw_b02,,,50000000,True
2026-02-27,naver_datalab_keyword,패션의류,,코트,0.57503,0.2338499453023014,kw_b01,,,50000000,False
2026-02-27,naver_datalab_keyword,패션의류,,패딩,0.51844,0.21083624444381185,kw_b01,,,50000000,False
2026-02-27,naver_datalab_keyword,패션의류,,패션_앵커,2.45897,1.0,kw_b01,,,50000000,True
2026-02-27,naver_datalab_keyword,패션의류,,히트텍,0.0292,0.011874890706271325,kw_b01,,,50000000,False
2026-02-27,naver_datalab_keyword,패션의류,,가디건,0.79957,0.3251646014388138,kw_b02,,,50000000,False
2026-02-27,naver_datalab_keyword,패션의류,,반팔,0.05476,0.022269486817651295,kw_b02,,,50000000,False
2026-02-27,naver_datalab_keyword,패션의류,,자켓,0.68274,0.27765283838355087,kw_b02,,,50000000,False
2026-02-27,naver_datalab_keyword,패션의류,,패션_앵커,2.45897,1.0,kw_b02,,,50000000,True
2026-02-28,naver_datalab_keyword,패션의류,,코트,0.387,0.11385333219578067,kw_b01,,,50000000,False
2026-02-28,naver_datalab_keyword,패션의류,,패딩,0.43082,0.12674494205836234,kw_b01,,,50000000,False
2026-02-28,naver_datalab_keyword,패션의류,,패션_앵커,3.39911,1.0,kw_b01,,,50000000,True
2026-02-28,naver_datalab_keyword,패션의류,,히트텍,0.04928,0.014497912688909743,kw_b01,,,50000000,False
2026-02-28,naver_datalab_keyword,패션의류,,가디건,0.98943,0.29108501931387926,kw_b02,,,50000000,False
2026-02-28,naver_datalab_keyword,패션의류,,레인부츠,0.00182,0.0005354342754426895,kw_b02,,,50000000,False
2026-02-28,naver_datalab_keyword,패션의류,,반팔,0.07667,0.022555904339665384,kw_b02,,,50000000,False
2026-02-28,naver_datalab_keyword,패션의류,,자켓,0.71195,0.20945188593484765,kw_b02,,,50000000,False
2026-02-28,naver_datalab_keyword,패션의류,,패션_앵커,3.39911,1.0,kw_b02,,,50000000,True
2026-03-01,naver_datalab_keyword,패션의류,,코트,0.48011,0.14758674113990783,kw_b01,,,50000000,False
2026-03-01,naver_datalab_keyword,패션의류,,패딩,0.60242,0.18518507133261808,kw_b01,,,50000000,False
2026-03-01,naver_datalab_keyword,패션의류,,패션_앵커,3.25307,1.0,kw_b01,,,50000000,True
2026-03-01,naver_datalab_keyword,패션의류,,히트텍,0.03833,0.011782716019022033,kw_b01,,,50000000,False
2026-03-01,naver_datalab_keyword,패션의류,,가디건,1.29429,0.3978672454020356,kw_b02,,,50000000,False
2026-03-01,naver_datalab_keyword,패션의류,,레인부츠,0.00365,0.0011220170485110987,kw_b02,,,50000000,False
2026-03-01,naver_datalab_keyword,패션의류,,반팔,0.04563,0.014026750116044227,kw_b02,,,50000000,False
2026-03-01,naver_datalab_keyword,패션의류,,자켓,1.01316,0.3114473405121931,kw_b02,,,50000000,False
2026-03-01,naver_datalab_keyword,패션의류,,패션_앵커,3.25307,1.0,kw_b02,,,50000000,True
2026-03-02,naver_datalab_keyword,패션의류,,코트,0.50201,0.13252849833946684,kw_b01,,,50000000,False
2026-03-02,naver_datalab_keyword,패션의류,,패딩,0.5513,0.14554084805989537,kw_b01,,,50000000,False
2026-03-02,naver_datalab_keyword,패션의류,,패션_앵커,3.78794,1.0,kw_b01,,,50000000,True
2026-03-02,naver_datalab_keyword,패션의류,,히트텍,0.06024,0.015903103005855426,kw_b01,,,50000000,False
2026-03-02,naver_datalab_keyword,패션의류,,가디건,1.19936,0.31662592332507905,kw_b02,,,50000000,False
2026-03-02,naver_datalab_keyword,패션의류,,반팔,0.03468,0.009155372049187685,kw_b02,,,50000000,False
2026-03-02,naver_datalab_keyword,패션의류,,자켓,0.58416,0.15421574787351439,kw_b02,,,50000000,False
2026-03-02,naver_datalab_keyword,패션의류,,패션_앵커,3.78794,1.0,kw_b02,,,50000000,True
2026-03-03,naver_datalab_keyword,패션의류,,코트,0.34684,0.13022354716867787,kw_b01,,,50000000,False
2026-03-03,naver_datalab_keyword,패션의류,,패딩,0.46003,0.172721538473091,kw_b01,,,50000000,False
2026-03-03,naver_datalab_keyword,패션의류,,패션_앵커,2.66342,1.0,kw_b01,,,50000000,True
2026-03-03,naver_datalab_keyword,패션의류,,히트텍,0.13508,0.05071674764025201,kw_b01,,,50000000,False
2026-03-03,naver_datalab_keyword,패션의류,,가디건,0.80687,0.30294508564176886,kw_b02,,,50000000,False
2026-03-03,naver_datalab_keyword,패션의류,,반팔,0.06754,0.025358373820126005,kw_b02,,,50000000,False
2026-03-03,naver_datalab_keyword,패션의류,,자켓,0.50566,0.18985364681499728,kw_b02,,,50000000,False
2026-03-03,naver_datalab_keyword,패션의류,,패션_앵커,2.66342,1.0,kw_b02,,,50000000,True
2026-03-04,naver_datalab_keyword,패션의류,,코트,0.2939,0.10393532598701428,kw_b01,,,50000000,False
2026-03-04,naver_datalab_keyword,패션의류,,패딩,0.4655,0.16462025943162692,kw_b01,,,50000000,False
2026-03-04,naver_datalab_keyword,패션의류,,패션_앵커,2.82772,1.0,kw_b01,,,50000000,True
2026-03-04,naver_datalab_keyword,패션의류,,히트텍,0.05841,0.02065621773018545,kw_b01,,,50000000,False
2026-03-04,naver_datalab_keyword,패션의류,,가디건,0.80322,0.28405216923882143,kw_b02,,,50000000,False
2026-03-04,naver_datalab_keyword,패션의류,,반팔,0.02008,0.00710112741006889,kw_b02,,,50000000,False
2026-03-04,naver_datalab_keyword,패션의류,,자켓,0.57868,0.20464543872802116,kw_b02,,,50000000,False
2026-03-04,naver_datalab_keyword,패션의류,,패션_앵커,2.82772,1.0,kw_b02,,,50000000,True
2026-03-05,naver_datalab_keyword,패션의류,,코트,0.32494,0.12642005664664321,kw_b01,,,50000000,False
2026-03-05,naver_datalab_keyword,패션의류,,패딩,0.47463,0.18465794142363595,kw_b01,,,50000000,False
2026-03-05,naver_datalab_keyword,패션의류,,패션_앵커,2.57032,1.0,kw_b01,,,50000000,True
2026-03-05,naver_datalab_keyword,패션의류,,히트텍,0.03833,0.014912540072831399,kw_b01,,,50000000,False
2026-03-05,naver_datalab_keyword,패션의류,,가디건,0.92371,0.3593754863207694,kw_b02,,,50000000,False
2026-03-05,naver_datalab_keyword,패션의류,,반팔,0.10405,0.04048134084471972,kw_b02,,,50000000,False
2026-03-05,naver_datalab_keyword,패션의류,,자켓,0.57321,0.22301114258146845,kw_b02,,,50000000,False
2026-03-05,naver_datalab_keyword,패션의류,,패션_앵커,2.57032,1.0,kw_b02,,,50000000,True
2026-03-06,naver_datalab_keyword,패션의류,,코트,0.43447,0.17668780017649668,kw_b01,,,50000000,False
2026-03-06,naver_datalab_keyword,패션의류,,패딩,0.61885,0.2516704148484935,kw_b01,,,50000000,False
2026-03-06,naver_datalab_keyword,패션의류,,패션_앵커,2.45897,1.0,kw_b01,,,50000000,True
2026-03-06,naver_datalab_keyword,패션의류,,히트텍,0.04563,0.018556550100245223,kw_b01,,,50000000,False
2026-03-06,naver_datalab_keyword,패션의류,,가디건,1.00951,0.41054181222219055,kw_b02,,,50000000,False
2026-03-06,naver_datalab_keyword,패션의류,,반팔,0.04198,0.017072188761961312,kw_b02,,,50000000,False
2026-03-06,naver_datalab_keyword,패션의류,,자켓,0.76124,0.30957677401513645,kw_b02,,,50000000,False
2026-03-06,naver_datalab_keyword,패션의류,,패션_앵커,2.45897,1.0,kw_b02,,,50000000,True
2026-03-07,naver_datalab_keyword,패션의류,,코트,0.35049,0.09434658081466088,kw_b01,,,50000000,False
2026-03-07,naver_datalab_keyword,패션의류,,패딩,0.70282,0.18918846166270067,kw_b01,,,50000000,False
2026-03-07,naver_datalab_keyword,패션의류,,패션_앵커,3.71492,1.0,kw_b01,,,50000000,True
2026-03-07,naver_datalab_keyword,패션의류,,히트텍,0.07119,0.01916326596535053,kw_b01,,,50000000,False
2026-03-07,naver_datalab_keyword,패션의류,,가디건,0.87624,0.23587048980866343,kw_b02,,,50000000,False
2026-03-07,naver_datalab_keyword,패션의류,,반팔,0.09127,0.024568496764398696,kw_b02,,,50000000,False
2026-03-07,naver_datalab_keyword,패션의류,,자켓,0.57138,0.15380681145219816,kw_b02,,,50000000,False
2026-03-07,naver_datalab_keyword,패션의류,,패션_앵커,3.71492,1.0,kw_b02,,,50000000,True
2026-03-08,naver_datalab_keyword,패션의류,,코트,0.72107,0.18818245401590913,kw_b01,,,50000000,False
2026-03-08,naver_datalab_keyword,패션의류,,패딩,0.56043,0.14625916028143723,kw_b01,,,50000000,False
2026-03-08,naver_datalab_keyword,패션의류,,패션_앵커,3.83176,1.0,kw_b01,,,50000000,True
2026-03-08,naver_datalab_keyword,패션의류,,히트텍,0.07667,0.020009081988433514,kw_b01,,,50000000,False
2026-03-08,naver_datalab_keyword,패션의류,,가디건,1.35088,0.3525481762949663,kw_b02,,,50000000,False
2026-03-08,naver_datalab_keyword,패션의류,,반팔,0.06206,0.016196212706432553,kw_b02,,,50000000,False
2026-03-08,naver_datalab_keyword,패션의류,,자켓,0.75028,0.1958055828131198,kw_b02,,,50000000,False
2026-03-08,naver_datalab_keyword,패션의류,,패션_앵커,3.83176,1.0,kw_b02,,,50000000,True
2026-03-09,naver_datalab_keyword,패션의류,,코트,0.58599,0.19753848020873363,kw_b01,,,50000000,False
2026-03-09,naver_datalab_keyword,패션의류,,패딩,0.6225,0.20984607916506545,kw_b01,,,50000000,False
2026-03-09,naver_datalab_keyword,패션의류,,패션_앵커,2.96646,1.0,kw_b01,,,50000000,True
2026-03-09,naver_datalab_keyword,패션의류,,히트텍,0.10222,0.034458580260647374,kw_b01,,,50000000,False
2026-03-09,naver_datalab_keyword,패션의류,,가디건,1.02776,0.3464600904782131,kw_b02,,,50000000,False
2026-03-09,naver_datalab_keyword,패션의류,,반팔,0.04563,0.015381970429400699,kw_b02,,,50000000,False
2026-03-09,naver_datalab_keyword,패션의류,,자켓,0.6444,0.21722861592605325,kw_b02,,,50000000,False
2026-03-09,naver_datalab_keyword,패션의류,,패션_앵커,2.96646,1.0,kw_b02,,,50000000,True
2026-03-10,naver_datalab_keyword,패션의류,,코트,0.43629,0.15107203700882282,kw_b01,,,50000000,False
2026-03-10,naver_datalab_keyword,패션의류,,패딩,0.41074,0.1422249615645646,kw_b01,,,50000000,False
2026-03-10,naver_datalab_keyword,패션의류,,패션_앵커,2.88796,1.0,kw_b01,,,50000000,True
2026-03-10,naver_datalab_keyword,패션의류,,히트텍,0.07302,0.02528428371584094,kw_b01,,,50000000,False
2026-03-10,naver_datalab_keyword,패션의류,,가디건,1.0734,0.37168104821396414,kw_b02,,,50000000,False
2026-03-10,naver_datalab_keyword,패션의류,,반팔,0.04928,0.01706394825413094,kw_b02,,,50000000,False
2026-03-10,naver_datalab_keyword,패션의류,,자켓,0.52392,0.18141525505893435,kw_b02,,,50000000,False
2026-03-10,naver_datalab_keyword,패션의류,,패션_앵커,2.88796,1.0,kw_b02,,,50000000,True
2026-03-11,naver_datalab_keyword,패션의류,,코트,0.3651,0.13003803906483735,kw_b01,,,50000000,False
2026-03-11,naver_datalab_keyword,패션의류,,패딩,0.44907,0.15994571953669273,kw_b01,,,50000000,False
2026-03-11,naver_datalab_keyword,패션의류,,패션_앵커,2.80764,1.0,kw_b01,,,50000000,True
2026-03-11,naver_datalab_keyword,패션의류,,히트텍,0.07119,0.025355814848057445,kw_b01,,,50000000,False
2026-03-11,naver_datalab_keyword,패션의류,,가디건,1.27055,0.4525330882876722,kw_b02,,,50000000,False
2026-03-11,naver_datalab_keyword,패션의류,,반팔,0.10953,0.03901141171945121,kw_b02,,,50000000,False
2026-03-11,naver_datalab_keyword,패션의류,,자켓,0.73568,0.26202789531421405,kw_b02,,,50000000,False
2026-03-11,naver_datalab_keyword,패션의류,,패션_앵커,2.80764,1.0,kw_b02,,,50000000,True
2026-03-12,naver_datalab_keyword,패션의류,,코트,0.44907,0.15008923737140795,kw_b01,,,50000000,False
2026-03-12,naver_datalab_keyword,패션의류,,패딩,0.46733,0.15619213775308988,kw_b01,,,50000000,False
2026-03-12,naver_datalab_keyword,패션의류,,패션_앵커,2.99202,1.0,kw_b01,,,50000000,True
2026-03-12,naver_datalab_keyword,패션의류,,히트텍,0.07302,0.024404917079431286,kw_b01,,,50000000,False
2026-03-12,naver_datalab_keyword,패션의류,,가디건,1.09713,0.36668538311909676,kw_b02,,,50000000,False
2026-03-12,naver_datalab_keyword,패션의류,,반팔,0.02008,0.006711185085661192,kw_b02,,,50000000,False
2026-03-12,naver_datalab_keyword,패션의류,,자켓,0.86894,0.29041918168996195,kw_b02,,,50000000,False
2026-03-12,naver_datalab_keyword,패션의류,,패션_앵커,2.99202,1.0,kw_b02,,,50000000,True
2026-03-13,naver_datalab_keyword,패션의류,,코트,0.38518,0.12492499894593115,kw_b01,,,50000000,False
2026-03-13,naver_datalab_keyword,패션의류,,패딩,0.544,0.17643491205822354,kw_b01,,,50000000,False
2026-03-13,naver_datalab_keyword,패션의류,,패션_앵커,3.08329,1.0,kw_b01,,,50000000,True
2026-03-13,naver_datalab_keyword,패션의류,,히트텍,0.03468,0.01124772564371175,kw_b01,,,50000000,False
2026-03-13,naver_datalab_keyword,패션의류,,가디건,0.94379,0.30609835597689483,kw_b02,,,50000000,False
2026-03-13,naver_datalab_keyword,패션의류,,반팔,0.0292,0.009470403367831117,kw_b02,,,50000000,False
2026-03-13,naver_datalab_keyword,패션의류,,자켓,0.69187,0.22439342390757924,kw_b02,,,50000000,False
2026-03-13,naver_datalab_keyword,패션의류,,패션_앵커,3.08329,1.0,kw_b02,,,50000000,True
2026-03-14,naver_datalab_keyword,패션의류,,코트,0.37605,0.09599111689704025,kw_b01,,,50000000,False
2026-03-14,naver_datalab_keyword,패션의류,,패딩,0.52757,0.13466835139309008,kw_b01,,,50000000,False
2026-03-14,naver_datalab_keyword,패션의류,,패션_앵커,3.91755,1.0,kw_b01,,,50000000,True
2026-03-14,naver_datalab_keyword,패션의류,,히트텍,0.06571,0.016773238376025835,kw_b01,,,50000000,False
2026-03-14,naver_datalab_keyword,패션의류,,가디건,1.22127,0.31174330895585256,kw_b02,,,50000000,False
2026-03-14,naver_datalab_keyword,패션의류,,반팔,0.05659,0.014445252772778906,kw_b02,,,50000000,False
2026-03-14,naver_datalab_keyword,패션의류,,자켓,0.7229,0.18452859567842148,kw_b02,,,50000000,False
2026-03-14,naver_datalab_keyword,패션의류,,패션_앵커,3.91755,1.0,kw_b02,,,50000000,True
2026-03-15,naver_datalab_keyword,패션의류,,코트,0.50749,0.13687756566206893,kw_b01,,,50000000,False
2026-03-15,naver_datalab_keyword,패션의류,,패딩,0.41439,0.11176711745000836,kw_b01,,,50000000,False
2026-03-15,naver_datalab_keyword,패션의류,,패션_앵커,3.70762,1.0,kw_b01,,,50000000,True
2026-03-15,naver_datalab_keyword,패션의류,,히트텍,0.07667,0.020679033989459545,kw_b01,,,50000000,False
2026-03-15,naver_datalab_keyword,패션의류,,가디건,1.30889,0.35302700924042923,kw_b02,,,50000000,False
2026-03-15,naver_datalab_keyword,패션의류,,반팔,0.09857,0.026585788187570465,kw_b02,,,50000000,False
2026-03-15,naver_datalab_keyword,패션의류,,자켓,0.87807,0.2368284775678198,kw_b02,,,50000000,False
2026-03-15,naver_datalab_keyword,패션의류,,패션_앵커,3.70762,1.0,kw_b02,,,50000000,True
2026-03-16,naver_datalab_keyword,패션의류,,코트,0.272,0.09662728157616149,kw_b01,,,50000000,False
2026-03-16,naver_datalab_keyword,패션의류,,패딩,0.34319,0.12191734104456933,kw_b01,,,50000000,False
2026-03-16,naver_datalab_keyword,패션의류,,패션_앵커,2.81494,1.0,kw_b01,,,50000000,True
2026-03-16,naver_datalab_keyword,패션의류,,히트텍,0.04928,0.01750658983850455,kw_b01,,,50000000,False
2026-03-16,naver_datalab_keyword,패션의류,,가디건,0.96752,0.3437089245241462,kw_b02,,,50000000,False
2026-03-16,naver_datalab_keyword,패션의류,,반팔,0.07484,0.026586712327793843,kw_b02,,,50000000,False
2026-03-16,naver_datalab_keyword,패션의류,,자켓,0.83791,0.2976653143583878,kw_b02,,,50000000,False
2026-03-16,naver_datalab_keyword,패션의류,,패션_앵커,2.81494,1.0,kw_b02,,,50000000,True
2026-03-17,naver_datalab_keyword,패션의류,,코트,0.31946,0.09999843488332055,kw_b01,,,50000000,False
2026-03-17,naver_datalab_keyword,패션의류,,패딩,0.27017,0.0845695146573177,kw_b01,,,50000000,False
2026-03-17,naver_datalab_keyword,패션의류,,패션_앵커,3.19465,1.0,kw_b01,,,50000000,True
2026-03-17,naver_datalab_keyword,패션의류,,히트텍,0.07484,0.02342666645798444,kw_b01,,,50000000,False
2026-03-17,naver_datalab_keyword,패션의류,,가디건,1.10078,0.3445698276806536,kw_b02,,,50000000,False
2026-03-17,naver_datalab_keyword,패션의류,,반팔,0.08214,0.025711736809979183,kw_b02,,,50000000,False
2026-03-17,naver_datalab_keyword,패션의류,,자켓,0.75941,0.2377130515079899,kw_b02,,,50000000,False
2026-03-17,naver_datalab_keyword,패션의류,,패션_앵커,3.19465,1.0,kw_b02,,,50000000,True
2026-03-18,naver_datalab_keyword,패션의류,,코트,0.38335,0.1141279268819125,kw_b01,,,50000000,False
2026-03-18,naver_datalab_keyword,패션의류,,패딩,0.30121,0.08967385641346252,kw_b01,,,50000000,False
2026-03-18,naver_datalab_keyword,패션의류,,패션_앵커,3.35895,1.0,kw_b01,,,50000000,True
2026-03-18,naver_datalab_keyword,패션의류,,히트텍,0.05111,0.015216064543979517,kw_b01,,,50000000,False
2026-03-18,naver_datalab_keyword,패션의류,,가디건,1.3381,0.3983685377871061,kw_b02,,,50000000,False
2026-03-18,naver_datalab_keyword,패션의류,,반팔,0.03833,0.011411304127778027,kw_b02,,,50000000,False
2026-03-18,naver_datalab_keyword,패션의류,,자켓,0.65536,0.19510859048214474,kw_b02,,,50000000,False
2026-03-18,naver_datalab_keyword,패션의류,,패션_앵커,3.35895,1.0,kw_b02,,,50000000,True
2026-03-19,naver_datalab_keyword,패션의류,,코트,0.2008,0.06574789871942216,kw_b01,,,50000000,False
2026-03-19,naver_datalab_keyword,패션의류,,패딩,0.30486,0.0998202410538,kw_b01,,,50000000,False
2026-03-19,naver_datalab_keyword,패션의류,,패션_앵커,3.05409,1.0,kw_b01,,,50000000,True
2026-03-19,naver_datalab_keyword,패션의류,,히트텍,0.06206,0.020320291805415034,kw_b01,,,50000000,False
2026-03-19,naver_datalab_keyword,패션의류,,가디건,0.91823,0.3006558418383217,kw_b02,,,50000000,False
2026-03-19,naver_datalab_keyword,패션의류,,반팔,0.07484,0.024504844323513717,kw_b02,,,50000000,False
2026-03-19,naver_datalab_keyword,패션의류,,자켓,1.04602,0.3424980927215635,kw_b02,,,50000000,False
2026-03-19,naver_datalab_keyword,패션의류,,패션_앵커,3.05409,1.0,kw_b02,,,50000000,True
2026-03-20,naver_datalab_keyword,패션의류,,코트,0.24279,0.08302017117631572,kw_b01,,,50000000,False
2026-03-20,naver_datalab_keyword,패션의류,,패딩,0.35232,0.12047311136718791,kw_b01,,,50000000,False
2026-03-20,naver_datalab_keyword,패션의류,,패션_앵커,2.92447,1.0,kw_b01,,,50000000,True
2026-03-20,naver_datalab_keyword,패션의류,,히트텍,0.05111,0.017476670986537733,kw_b01,,,50000000,False
2026-03-20,naver_datalab_keyword,패션의류,,가디건,0.86894,0.2971273427321874,kw_b02,,,50000000,False
2026-03-20,naver_datalab_keyword,패션의류,,반팔,0.05841,0.0199728497813279,kw_b02,,,50000000,False
2026-03-20,naver_datalab_keyword,패션의류,,자켓,0.65718,0.22471764114523315,kw_b02,,,50000000,False
2026-03-20,naver_datalab_keyword,패션의류,,패션_앵커,2.92447,1.0,kw_b02,,,50000000,True
2026-03-21,naver_datalab_keyword,패션의류,,코트,0.19715,0.058408238479815605,kw_b01,,,50000000,False
2026-03-21,naver_datalab_keyword,패션의류,,패딩,0.34502,0.10221663931172194,kw_b01,,,50000000,False
2026-03-21,naver_datalab_keyword,패션의류,,패션_앵커,3.37538,1.0,kw_b01,,,50000000,True
2026-03-21,naver_datalab_keyword,패션의류,,히트텍,0.02008,0.005948959820820175,kw_b01,,,50000000,False
2026-03-21,naver_datalab_keyword,패션의류,,가디건,1.10443,0.32720167803328815,kw_b02,,,50000000,False
2026-03-21,naver_datalab_keyword,패션의류,,반팔,0.04381,0.012979279370026487,kw_b02,,,50000000,False
2026-03-21,naver_datalab_keyword,패션의류,,자켓,0.6517,0.19307455753130018,kw_b02,,,50000000,False
2026-03-21,naver_datalab_keyword,패션의류,,패션_앵커,3.37538,1.0,kw_b02,,,50000000,True
2026-03-22,naver_datalab_keyword,패션의류,,코트,0.20445,0.04606981339979224,kw_b01,,,50000000,False
2026-03-22,naver_datalab_keyword,패션의류,,패딩,0.3651,0.0822699382355791,kw_b01,,,50000000,False
2026-03-22,naver_datalab_keyword,패션의류,,패션_앵커,4.43783,1.0,kw_b01,,,50000000,True
2026-03-22,naver_datalab_keyword,패션의류,,히트텍,0.04016,0.009049467870558358,kw_b01,,,50000000,False
2026-03-22,naver_datalab_keyword,패션의류,,가디건,1.41295,0.3183875903313106,kw_b02,,,50000000,False
2026-03-22,naver_datalab_keyword,패션의류,,반팔,0.12596,0.028383241358952458,kw_b02,,,50000000,False
2026-03-22,naver_datalab_keyword,패션의류,,자켓,0.65353,0.14726341477704194,kw_b02,,,50000000,False
2026-03-22,naver_datalab_keyword,패션의류,,패션_앵커,4.43783,1.0,kw_b02,,,50000000,True
2026-03-23,naver_datalab_keyword,패션의류,,코트,0.11865,0.035400580014560035,kw_b01,,,50000000,False
2026-03-23,naver_datalab_keyword,패션의류,,패딩,0.25009,0.07461720232483202,kw_b01,,,50000000,False
2026-03-23,naver_datalab_keyword,패션의류,,패션_앵커,3.35164,1.0,kw_b01,,,50000000,True
2026-03-23,naver_datalab_keyword,패션의류,,히트텍,0.04198,0.01252521153823203,kw_b01,,,50000000,False
2026-03-23,naver_datalab_keyword,패션의류,,가디건,1.19388,0.356207707271664,kw_b02,,,50000000,False
2026-03-23,naver_datalab_keyword,패션의류,,반팔,0.13143,0.03921363869628003,kw_b02,,,50000000,False
2026-03-23,naver_datalab_keyword,패션의류,,자켓,0.76306,0.227667649270208,kw_b02,,,50000000,False
2026-03-23,naver_datalab_keyword,패션의류,,패션_앵커,3.35164,1.0,kw_b02,,,50000000,True
2026-03-24,naver_datalab_keyword,패션의류,,코트,0.21175,0.06405001799752572,kw_b01,,,50000000,False
2026-03-24,naver_datalab_keyword,패션의류,,패딩,0.20628,0.06239545554913627,kw_b01,,,50000000,False
2026-03-24,naver_datalab_keyword,패션의류,,패션_앵커,3.30601,1.0,kw_b01,,,50000000,True
2026-03-24,naver_datalab_keyword,패션의류,,히트텍,0.02008,0.006073786830650845,kw_b01,,,50000000,False
2026-03-24,naver_datalab_keyword,패션의류,,가디건,1.42755,0.4318045014987856,kw_b02,,,50000000,False
2026-03-24,naver_datalab_keyword,패션의류,,반팔,0.0931,0.02816083435924271,kw_b02,,,50000000,False
2026-03-24,naver_datalab_keyword,패션의류,,자켓,0.6517,0.19712584051469897,kw_b02,,,50000000,False
2026-03-24,naver_datalab_keyword,패션의류,,패션_앵커,3.30601,1.0,kw_b02,,,50000000,True
2026-03-25,naver_datalab_keyword,패션의류,,코트,0.12778,0.04002104722471044,kw_b01,,,50000000,False
2026-03-25,naver_datalab_keyword,패션의류,,패딩,0.12413,0.03887785719207472,kw_b01,,,50000000,False
2026-03-25,naver_datalab_keyword,패션의류,,패션_앵커,3.19282,1.0,kw_b01,,,50000000,True
2026-03-25,naver_datalab_keyword,패션의류,,히트텍,0.02555,0.008002330228450084,kw_b01,,,50000000,False
2026-03-25,naver_datalab_keyword,패션의류,,가디건,0.98395,0.3081758445512118,kw_b02,,,50000000,False
2026-03-25,naver_datalab_keyword,패션의류,,반팔,0.12596,0.03945101822213591,kw_b02,,,50000000,False
2026-03-25,naver_datalab_keyword,패션의류,,자켓,0.71195,0.2229846969137001,kw_b02,,,50000000,False
2026-03-25,naver_datalab_keyword,패션의류,,패션_앵커,3.19282,1.0,kw_b02,,,50000000,True
2026-03-26,naver_datalab_keyword,패션의류,,코트,0.12596,0.03885124193812054,kw_b01,,,50000000,False
2026-03-26,naver_datalab_keyword,패션의류,,패딩,0.17524,0.05405121973036079,kw_b01,,,50000000,False
2026-03-26,naver_datalab_keyword,패션의류,,패션_앵커,3.24211,1.0,kw_b01,,,50000000,True
2026-03-26,naver_datalab_keyword,패션의류,,히트텍,0.02738,0.008445117531484128,kw_b01,,,50000000,False
2026-03-26,naver_datalab_keyword,패션의류,,가디건,1.00038,0.3085583154180457,kw_b02,,,50000000,False
2026-03-26,naver_datalab_keyword,패션의류,,반팔,0.15516,0.047857722285795365,kw_b02,,,50000000,False
2026-03-26,naver_datalab_keyword,패션의류,,자켓,0.6225,0.19200458960368405,kw_b02,,,50000000,False
2026-03-26,naver_datalab_keyword,패션의류,,패션_앵커,3.24211,1.0,kw_b02,,,50000000,True
2026-03-27,naver_datalab_keyword,패션의류,,코트,0.06206,0.019571606978416357,kw_b01,,,50000000,False
2026-03-27,naver_datalab_keyword,패션의류,,패딩,0.13143,0.04144853859447731,kw_b01,,,50000000,False
2026-03-27,naver_datalab_keyword,패션의류,,패션_앵커,3.17092,1.0,kw_b01,,,50000000,True
2026-03-27,naver_datalab_keyword,패션의류,,히트텍,0.00547,0.001725051404639663,kw_b01,,,50000000,False
2026-03-27,naver_datalab_keyword,패션의류,,가디건,0.83243,0.2625200257338564,kw_b02,,,50000000,False
2026-03-27,naver_datalab_keyword,패션의류,,반팔,0.16612,0.0523885812319453,kw_b02,,,50000000,False
2026-03-27,naver_datalab_keyword,패션의류,,자켓,0.5513,0.1738612137802278,kw_b02,,,50000000,False
2026-03-27,naver_datalab_keyword,패션의류,,패션_앵커,3.17092,1.0,kw_b02,,,50000000,True
2026-03-28,naver_datalab_keyword,패션의류,,코트,0.15699,0.03611830072126169,kw_b01,,,50000000,False
2026-03-28,naver_datalab_keyword,패션의류,,패딩,0.12413,0.02855828185572466,kw_b01,,,50000000,False
2026-03-28,naver_datalab_keyword,패션의류,,패션_앵커,4.34655,1.0,kw_b01,,,50000000,True
2026-03-28,naver_datalab_keyword,패션의류,,히트텍,0.04016,0.009239511796712336,kw_b01,,,50000000,False
2026-03-28,naver_datalab_keyword,패션의류,,가디건,1.1519,0.2650147818384696,kw_b02,,,50000000,False
2026-03-28,naver_datalab_keyword,패션의류,,반팔,0.14239,0.03275931485891109,kw_b02,,,50000000,False
2026-03-28,naver_datalab_keyword,패션의류,,자켓,0.59694,0.13733650826517585,kw_b02,,,50000000,False
2026-03-28,naver_datalab_keyword,패션의류,,패션_앵커,4.34655,1.0,kw_b02,,,50000000,True
2026-03-29,naver_datalab_keyword,패션의류,,코트,0.30303,0.0656115014452588,kw_b01,,,50000000,False
2026-03-29,naver_datalab_keyword,패션의류,,패딩,0.15151,0.03280466813177296,kw_b01,,,50000000,False
2026-03-29,naver_datalab_keyword,패션의류,,패션_앵커,4.61855,1.0,kw_b01,,,50000000,True
2026-03-29,naver_datalab_keyword,패션의류,,히트텍,0.03285,0.007112621926795206,kw_b01,,,50000000,False
2026-03-29,naver_datalab_keyword,패션의류,,가디건,0.98943,0.21422957421701616,kw_b02,,,50000000,False
2026-03-29,naver_datalab_keyword,패션의류,,반팔,0.1862,0.040315683493737216,kw_b02,,,50000000,False
2026-03-29,naver_datalab_keyword,패션의류,,자켓,1.06975,0.2316203137348302,kw_b02,,,50000000,False
2026-03-29,naver_datalab_keyword,패션의류,,패션_앵커,4.61855,1.0,kw_b02,,,50000000,True
2026-03-30,naver_datalab_keyword,패션의류,,코트,0.09857,0.025736762812897364,kw_b01,,,50000000,False
2026-03-30,naver_datalab_keyword,패션의류,,패딩,0.05476,0.014297911450078723,kw_b01,,,50000000,False
2026-03-30,naver_datalab_keyword,패션의류,,패션_앵커,3.82993,1.0,kw_b01,,,50000000,True
2026-03-30,naver_datalab_keyword,패션의류,,히트텍,0.03651,0.009532811304645254,kw_b01,,,50000000,False
2026-03-30,naver_datalab_keyword,패션의류,,가디건,1.07705,0.2812192389939242,kw_b02,,,50000000,False
2026-03-30,naver_datalab_keyword,패션의류,,반팔,0.11865,0.03097967847976334,kw_b02,,,50000000,False
2026-03-30,naver_datalab_keyword,패션의류,,자켓,0.59146,0.15443102093249744,kw_b02,,,50000000,False
2026-03-30,naver_datalab_keyword,패션의류,,패션_앵커,3.82993,1.0,kw_b02,,,50000000,True
2026-03-31,naver_datalab_keyword,패션의류,,코트,0.06571,0.019541426277285435,kw_b01,,,50000000,False
2026-03-31,naver_datalab_keyword,패션의류,,패딩,0.05476,0.01628501754594659,kw_b01,,,50000000,False
2026-03-31,naver_datalab_keyword,패션의류,,패션_앵커,3.3626,1.0,kw_b01,,,50000000,True
2026-03-31,naver_datalab_keyword,패션의류,,히트텍,0.03468,0.010313447927199192,kw_b01,,,50000000,False
2026-03-31,naver_datalab_keyword,패션의류,,가디건,1.05697,0.31433117230714325,kw_b02,,,50000000,False
2026-03-31,naver_datalab_keyword,패션의류,,반팔,0.12961,0.038544578599892944,kw_b02,,,50000000,False
2026-03-31,naver_datalab_keyword,패션의류,,자켓,0.53122,0.15797894486409328,kw_b02,,,50000000,False
2026-03-31,naver_datalab_keyword,패션의류,,패션_앵커,3.3626,1.0,kw_b02,,,50000000,True
2026-04-01,naver_datalab_keyword,패션의류,,코트,0.06024,0.019241334372484636,kw_b01,,,50000000,False
2026-04-01,naver_datalab_keyword,패션의류,,패딩,0.15699,0.05014437389004586,kw_b01,,,50000000,False
2026-04-01,naver_datalab_keyword,패션의류,,패션_앵커,3.13076,1.0,kw_b01,,,50000000,True
2026-04-01,naver_datalab_keyword,패션의류,,히트텍,0.04928,0.015740586950133514,kw_b01,,,50000000,False
2026-04-01,naver_datalab_keyword,패션의류,,가디건,1.20484,0.38483946390013923,kw_b02,,,50000000,False
2026-04-01,naver_datalab_keyword,패션의류,,반팔,0.14786,0.04722814907562381,kw_b02,,,50000000,False
2026-04-01,naver_datalab_keyword,패션의류,,자켓,0.56408,0.180173504197064,kw_b02,,,50000000,False
2026-04-01,naver_datalab_keyword,패션의류,,패션_앵커,3.13076,1.0,kw_b02,,,50000000,True
2026-04-02,naver_datalab_keyword,패션의류,,코트,0.11865,0.033851737094827666,kw_b01,,,50000000,False
2026-04-02,naver_datalab_keyword,패션의류,,패딩,0.13143,0.0374979671839292,kw_b01,,,50000000,False
2026-04-02,naver_datalab_keyword,패션의류,,패션_앵커,3.50499,1.0,kw_b01,,,50000000,True
2026-04-02,naver_datalab_keyword,패션의류,,히트텍,0.0219,0.006248234659727988,kw_b01,,,50000000,False
2026-04-02,naver_datalab_keyword,패션의류,,가디건,0.96022,0.2739579856147949,kw_b02,,,50000000,False
2026-04-02,naver_datalab_keyword,패션의류,,반팔,0.15334,0.04374905491884428,kw_b02,,,50000000,False
2026-04-02,naver_datalab_keyword,패션의류,,자켓,0.77036,0.2197895001126965,kw_b02,,,50000000,False
2026-04-02,naver_datalab_keyword,패션의류,,패션_앵커,3.50499,1.0,kw_b02,,,50000000,True
2026-04-03,naver_datalab_keyword,패션의류,,코트,0.01825,0.005603797686015377,kw_b01,,,50000000,False
2026-04-03,naver_datalab_keyword,패션의류,,패딩,0.0931,0.028587044633864748,kw_b01,,,50000000,False
2026-04-03,naver_datalab_keyword,패션의류,,패션_앵커,3.25672,1.0,kw_b01,,,50000000,True
2026-04-03,naver_datalab_keyword,패션의류,,히트텍,0.00547,0.0016796040187673487,kw_b01,,,50000000,False
2026-04-03,naver_datalab_keyword,패션의류,,가디건,0.86894,0.2668144636321207,kw_b02,,,50000000,False
2026-04-03,naver_datalab_keyword,패션의류,,반팔,0.14969,0.04596342332162421,kw_b02,,,50000000,False
2026-04-03,naver_datalab_keyword,패션의류,,자켓,0.88172,0.2707386572993687,kw_b02,,,50000000,False
2026-04-03,naver_datalab_keyword,패션의류,,패션_앵커,3.25672,1.0,kw_b02,,,50000000,True
2026-04-04,naver_datalab_keyword,패션의류,,코트,0.04198,0.01121221752449835,kw_b01,,,50000000,False
2026-04-04,naver_datalab_keyword,패션의류,,패딩,0.06571,0.01755013848343941,kw_b01,,,50000000,False
2026-04-04,naver_datalab_keyword,패션의류,,패션_앵커,3.74413,1.0,kw_b01,,,50000000,True
2026-04-04,naver_datalab_keyword,패션의류,,히트텍,0.02555,0.0068240151917801995,kw_b01,,,50000000,False
2026-04-04,naver_datalab_keyword,패션의류,,가디건,1.30341,0.34812092528838473,kw_b02,,,50000000,False
2026-04-04,naver_datalab_keyword,패션의류,,반팔,0.17524,0.04680393041908267,kw_b02,,,50000000,False
2026-04-04,naver_datalab_keyword,패션의류,,자켓,0.64258,0.17162331436141373,kw_b02,,,50000000,False
2026-04-04,naver_datalab_keyword,패션의류,,패션_앵커,3.74413,1.0,kw_b02,,,50000000,True
2026-04-05,naver_datalab_keyword,패션의류,,코트,0.05111,0.011005337944191675,kw_b01,,,50000000,False
2026-04-05,naver_datalab_keyword,패션의류,,패딩,0.07119,0.015329094272099497,kw_b01,,,50000000,False
2026-04-05,naver_datalab_keyword,패션의류,,패션_앵커,4.64411,1.0,kw_b01,,,50000000,True
2026-04-05,naver_datalab_keyword,패션의류,,히트텍,0.03285,0.0070734758651280856,kw_b01,,,50000000,False
2026-04-05,naver_datalab_keyword,패션의류,,가디건,1.37096,0.29520403263488587,kw_b02,,,50000000,False
2026-04-05,naver_datalab_keyword,패션의류,,반팔,0.2866,0.061712577867449304,kw_b02,,,50000000,False
2026-04-05,naver_datalab_keyword,패션의류,,자켓,0.67726,0.14583203240233325,kw_b02,,,50000000,False
2026-04-05,naver_datalab_keyword,패션의류,,패션_앵커,4.64411,1.0,kw_b02,,,50000000,True
2026-04-06,naver_datalab_keyword,패션의류,,코트,0.08579,0.02194999014949737,kw_b01,,,50000000,False
2026-04-06,naver_datalab_keyword,패션의류,,패딩,0.10222,0.026153724129637734,kw_b01,,,50000000,False
2026-04-06,naver_datalab_keyword,패션의류,,패션_앵커,3.90843,1.0,kw_b01,,,50000000,True
2026-04-06,naver_datalab_keyword,패션의류,,히트텍,0.01825,0.004669394104538139,kw_b01,,,50000000,False
2026-04-06,naver_datalab_keyword,패션의류,,가디건,1.34723,0.34469851065517354,kw_b02,,,50000000,False
2026-04-06,naver_datalab_keyword,패션의류,,반팔,0.08032,0.020550451204191966,kw_b02,,,50000000,False
2026-04-06,naver_datalab_keyword,패션의류,,자켓,0.70647,0.18075544400181148,kw_b02,,,50000000,False
2026-04-06,naver_datalab_keyword,패션의류,,패션_앵커,3.90843,1.0,kw_b02,,,50000000,True
2026-04-07,naver_datalab_keyword,패션의류,,코트,0.03651,0.00993534271625902,kw_b01,,,50000000,False
2026-04-07,naver_datalab_keyword,패션의류,,패딩,0.12596,0.034277068434401155,kw_b01,,,50000000,False
2026-04-07,naver_datalab_keyword,패션의류,,패션_앵커,3.67476,1.0,kw_b01,,,50000000,True
2026-04-07,naver_datalab_keyword,패션의류,,히트텍,0.03103,0.008444088865667417,kw_b01,,,50000000,False
2026-04-07,naver_datalab_keyword,패션의류,,가디건,0.9876,0.26875224504457434,kw_b02,,,50000000,False
2026-04-07,naver_datalab_keyword,패션의류,,반팔,0.11865,0.03228782287822878,kw_b02,,,50000000,False
2026-04-07,naver_datalab_keyword,패션의류,,자켓,0.48923,0.1331325038914106,kw_b02,,,50000000,False
2026-04-07,naver_datalab_keyword,패션의류,,패션_앵커,3.67476,1.0,kw_b02,,,50000000,True
2026-04-08,naver_datalab_keyword,패션의류,,코트,0.0931,0.024204702627939143,kw_b01,,,50000000,False
2026-04-08,naver_datalab_keyword,패션의류,,패딩,0.10587,0.027524724674757434,kw_b01,,,50000000,False
2026-04-08,naver_datalab_keyword,패션의류,,패션_앵커,3.84636,1.0,kw_b01,,,50000000,True
2026-04-08,naver_datalab_keyword,패션의류,,히트텍,0.0292,0.007591593090610344,kw_b01,,,50000000,False
2026-04-08,naver_datalab_keyword,패션의류,,가디건,0.92188,0.23967595336889944,kw_b02,,,50000000,False
2026-04-08,naver_datalab_keyword,패션의류,,반팔,0.115,0.029898397445896903,kw_b02,,,50000000,False
2026-04-08,naver_datalab_keyword,패션의류,,자켓,0.72655,0.1888928753418817,kw_b02,,,50000000,False
2026-04-08,naver_datalab_keyword,패션의류,,패션_앵커,3.84636,1.0,kw_b02,,,50000000,True
2026-04-09,naver_datalab_keyword,패션의류,,코트,0.11683,0.03597436868570232,kw_b01,,,50000000,False
2026-04-09,naver_datalab_keyword,패션의류,,패딩,0.115,0.03541087390957602,kw_b01,,,50000000,False
2026-04-09,naver_datalab_keyword,패션의류,,패션_앵커,3.24759,1.0,kw_b01,,,50000000,True
2026-04-09,naver_datalab_keyword,패션의류,,히트텍,0.01095,0.0033717310374770213,kw_b01,,,50000000,False
2026-04-09,naver_datalab_keyword,패션의류,,가디건,1.01498,0.31253329391949103,kw_b02,,,50000000,False
2026-04-09,naver_datalab_keyword,패션의류,,반팔,0.10222,0.031475648095972704,kw_b02,,,50000000,False
2026-04-09,naver_datalab_keyword,패션의류,,자켓,0.58781,0.1809988329807642,kw_b02,,,50000000,False
2026-04-09,naver_datalab_keyword,패션의류,,패션_앵커,3.24759,1.0,kw_b02,,,50000000,True
2026-04-10,naver_datalab_keyword,패션의류,,코트,0.03103,0.010440991406286801,kw_b01,,,50000000,False
2026-04-10,naver_datalab_keyword,패션의류,,패딩,0.07484,0.02518220421677423,kw_b01,,,50000000,False
2026-04-10,naver_datalab_keyword,패션의류,,패션_앵커,2.97194,1.0,kw_b01,,,50000000,True
2026-04-10,naver_datalab_keyword,패션의류,,히트텍,0.04928,0.01658176140837298,kw_b01,,,50000000,False
2026-04-10,naver_datalab_keyword,패션의류,,가디건,1.04419,0.3513496234782667,kw_b02,,,50000000,False
2026-04-10,naver_datalab_keyword,패션의류,,반팔,0.09675,0.03255449302475824,kw_b02,,,50000000,False
2026-04-10,naver_datalab_keyword,패션의류,,자켓,0.29025,0.09766347907427472,kw_b02,,,50000000,False
2026-04-10,naver_datalab_keyword,패션의류,,패션_앵커,2.97194,1.0,kw_b02,,,50000000,True
2026-04-11,naver_datalab_keyword,패션의류,,코트,0.04198,0.01000271631648423,kw_b01,,,50000000,False
2026-04-11,naver_datalab_keyword,패션의류,,패딩,0.08762,0.02087751318843135,kw_b01,,,50000000,False
2026-04-11,naver_datalab_keyword,패션의류,,패션_앵커,4.19686,1.0,kw_b01,,,50000000,True
2026-04-11,naver_datalab_keyword,패션의류,,히트텍,0.00912,0.002173053187382948,kw_b01,,,50000000,False
2026-04-11,naver_datalab_keyword,패션의류,,가디건,0.87442,0.20835100527537254,kw_b02,,,50000000,False
2026-04-11,naver_datalab_keyword,패션의류,,반팔,0.16429,0.0391459329117483,kw_b02,,,50000000,False
2026-04-11,naver_datalab_keyword,패션의류,,자켓,0.3724,0.08873300515147038,kw_b02,,,50000000,False
2026-04-11,naver_datalab_keyword,패션의류,,패션_앵커,4.19686,1.0,kw_b02,,,50000000,True
2026-04-12,naver_datalab_keyword,패션의류,,코트,0.03651,0.006891735014581938,kw_b01,,,50000000,False
2026-04-12,naver_datalab_keyword,패션의류,,패딩,0.07484,0.014127018583711647,kw_b01,,,50000000,False
2026-04-12,naver_datalab_keyword,패션의류,,패션_앵커,5.29765,1.0,kw_b01,,,50000000,True
2026-04-12,naver_datalab_keyword,패션의류,,히트텍,0.01825,0.0034449236925806724,kw_b01,,,50000000,False
2026-04-12,naver_datalab_keyword,패션의류,,가디건,1.33262,0.251549271846951,kw_b02,,,50000000,False
2026-04-12,naver_datalab_keyword,패션의류,,반팔,0.21358,0.04031598916500712,kw_b02,,,50000000,False
2026-04-12,naver_datalab_keyword,패션의류,,자켓,0.52574,0.09924022915821165,kw_b02,,,50000000,False
2026-04-12,naver_datalab_keyword,패션의류,,패션_앵커,5.29765,1.0,kw_b02,,,50000000,True
2026-04-13,naver_datalab_keyword,패션의류,,코트,0.03833,0.0089045105655398,kw_b01,,,50000000,False
2026-04-13,naver_datalab_keyword,패션의류,,패딩,0.06571,0.015265207129183936,kw_b01,,,50000000,False
2026-04-13,naver_datalab_keyword,패션의류,,패션_앵커,4.30456,1.0,kw_b01,,,50000000,True
2026-04-13,naver_datalab_keyword,패션의류,,히트텍,0.00912,0.0021186834426747446,kw_b01,,,50000000,False
2026-04-13,naver_datalab_keyword,패션의류,,가디건,0.89632,0.20822569554147227,kw_b02,,,50000000,False
2026-04-13,naver_datalab_keyword,패션의류,,반팔,0.23731,0.055129908747932416,kw_b02,,,50000000,False
2026-04-13,naver_datalab_keyword,패션의류,,자켓,0.43447,0.10093249948891408,kw_b02,,,50000000,False
2026-04-13,naver_datalab_keyword,패션의류,,패션_앵커,4.30456,1.0,kw_b02,,,50000000,True
2026-04-14,naver_datalab_keyword,패션의류,,코트,0.04563,0.010987105861956873,kw_b01,,,50000000,False
2026-04-14,naver_datalab_keyword,패션의류,,패딩,0.06024,0.014505002347672193,kw_b01,,,50000000,False
2026-04-14,naver_datalab_keyword,패션의류,,패션_앵커,4.15305,1.0,kw_b01,,,50000000,True
2026-04-14,naver_datalab_keyword,패션의류,,히트텍,0.0146,0.0035154886167997014,kw_b01,,,50000000,False
2026-04-14,naver_datalab_keyword,패션의류,,가디건,1.11539,0.26857129097891913,kw_b02,,,50000000,False
2026-04-14,naver_datalab_keyword,패션의류,,반팔,0.27017,0.06505339449320378,kw_b02,,,50000000,False
2026-04-14,naver_datalab_keyword,패션의류,,자켓,0.46185,0.11120742586773574,kw_b02,,,50000000,False
2026-04-14,naver_datalab_keyword,패션의류,,패션_앵커,4.15305,1.0,kw_b02,,,50000000,True
2026-04-15,naver_datalab_keyword,패션의류,,코트,0.0146,0.0036074590392792985,kw_b01,,,50000000,False
2026-04-15,naver_datalab_keyword,패션의류,,패딩,0.03651,0.009021118460553918,kw_b01,,,50000000,False
2026-04-15,naver_datalab_keyword,패션의류,,패션_앵커,4.04717,1.0,kw_b01,,,50000000,True
2026-04-15,naver_datalab_keyword,패션의류,,히트텍,0.00365,0.0009018647598198246,kw_b01,,,50000000,False
2026-04-15,naver_datalab_keyword,패션의류,,가디건,0.79227,0.1957590118527267,kw_b02,,,50000000,False
2026-04-15,naver_datalab_keyword,패션의류,,반팔,0.2866,0.07081491511352377,kw_b02,,,50000000,False
2026-04-15,naver_datalab_keyword,패션의류,,자켓,0.31216,0.0771304392946182,kw_b02,,,50000000,False
2026-04-15,naver_datalab_keyword,패션의류,,패션_앵커,4.04717,1.0,kw_b02,,,50000000,True
2026-04-16,naver_datalab_keyword,패션의류,,코트,0.02008,0.005181173349984647,kw_b01,,,50000000,False
2026-04-16,naver_datalab_keyword,패션의류,,패딩,0.04928,0.012715548938607739,kw_b01,,,50000000,False
2026-04-16,naver_datalab_keyword,패션의류,,패션_앵커,3.87557,1.0,kw_b01,,,50000000,True
2026-04-16,naver_datalab_keyword,패션의류,,히트텍,0.01825,0.0047089847428894325,kw_b01,,,50000000,False
2026-04-16,naver_datalab_keyword,패션의류,,가디건,0.73203,0.18888318363492335,kw_b02,,,50000000,False
2026-04-16,naver_datalab_keyword,패션의류,,반팔,0.33224,0.08572674471110055,kw_b02,,,50000000,False
2026-04-16,naver_datalab_keyword,패션의류,,자켓,0.24827,0.06406025436258408,kw_b02,,,50000000,False
2026-04-16,naver_datalab_keyword,패션의류,,패션_앵커,3.87557,1.0,kw_b02,,,50000000,True
2026-04-17,naver_datalab_keyword,패션의류,,코트,0.07849,0.022487522848515063,kw_b01,,,50000000,False
2026-04-17,naver_datalab_keyword,패션의류,,패딩,0.04381,0.012551641941565102,kw_b01,,,50000000,False
2026-04-17,naver_datalab_keyword,패션의류,,패션_앵커,3.49038,1.0,kw_b01,,,50000000,True
2026-04-17,naver_datalab_keyword,패션의류,,히트텍,0.02008,0.005752955265615778,kw_b01,,,50000000,False
2026-04-17,naver_datalab_keyword,패션의류,,가디건,0.59694,0.17102435837931687,kw_b02,,,50000000,False
2026-04-17,naver_datalab_keyword,패션의류,,반팔,0.27565,0.07897420911190185,kw_b02,,,50000000,False
2026-04-17,naver_datalab_keyword,패션의류,,자켓,0.30668,0.08786435860851827,kw_b02,,,50000000,False
2026-04-17,naver_datalab_keyword,패션의류,,패션_앵커,3.49038,1.0,kw_b02,,,50000000,True
2026-04-18,naver_datalab_keyword,패션의류,,코트,0.06936,0.01578512565970492,kw_b01,,,50000000,False
2026-04-18,naver_datalab_keyword,패션의류,,패딩,0.04381,0.00997039151026056,kw_b01,,,50000000,False
2026-04-18,naver_datalab_keyword,패션의류,,패션_앵커,4.39401,1.0,kw_b01,,,50000000,True
2026-04-18,naver_datalab_keyword,패션의류,,히트텍,0.00547,0.0012448765478458176,kw_b01,,,50000000,False
2026-04-18,naver_datalab_keyword,패션의류,,가디건,0.44542,0.10136981936773017,kw_b02,,,50000000,False
2026-04-18,naver_datalab_keyword,패션의류,,반팔,0.44907,0.10220049567479365,kw_b02,,,50000000,False
2026-04-18,naver_datalab_keyword,패션의류,,자켓,0.26652,0.06065530119412564,kw_b02,,,50000000,False
2026-04-18,naver_datalab_keyword,패션의류,,패션_앵커,4.39401,1.0,kw_b02,,,50000000,True
2026-04-19,naver_datalab_keyword,패션의류,,코트,0.05111,0.010957958402209174,kw_b01,,,50000000,False
2026-04-19,naver_datalab_keyword,패션의류,,패딩,0.01642,0.003520439776252683,kw_b01,,,50000000,False
2026-04-19,naver_datalab_keyword,패션의류,,패션_앵커,4.66419,1.0,kw_b01,,,50000000,True
2026-04-19,naver_datalab_keyword,패션의류,,히트텍,0.00547,0.0011727652604203518,kw_b01,,,50000000,False
2026-04-19,naver_datalab_keyword,패션의류,,가디건,0.67726,0.14520420480297758,kw_b02,,,50000000,False
2026-04-19,naver_datalab_keyword,패션의류,,반팔,0.34319,0.07357976411767103,kw_b02,,,50000000,False
2026-04-19,naver_datalab_keyword,패션의류,,자켓,0.25739,0.05518428708950537,kw_b02,,,50000000,False
2026-04-19,naver_datalab_keyword,패션의류,,패션_앵커,4.66419,1.0,kw_b02,,,50000000,True
2026-04-20,naver_datalab_keyword,패션의류,,코트,0.05111,0.013319503912978894,kw_b01,,,50000000,False
2026-04-20,naver_datalab_keyword,패션의류,,패딩,0.03285,0.008560862914133372,kw_b01,,,50000000,False
2026-04-20,naver_datalab_keyword,패션의류,,패션_앵커,3.83723,1.0,kw_b01,,,50000000,True
2026-04-20,naver_datalab_keyword,패션의류,,히트텍,0.01095,0.0028536209713777906,kw_b01,,,50000000,False
2026-04-20,naver_datalab_keyword,패션의류,,가디건,0.80505,0.2097997774436247,kw_b02,,,50000000,False
2026-04-20,naver_datalab_keyword,패션의류,,반팔,0.20628,0.05375752821696901,kw_b02,,,50000000,False
2026-04-20,naver_datalab_keyword,패션의류,,자켓,0.33772,0.08801140405969932,kw_b02,,,50000000,False
2026-04-20,naver_datalab_keyword,패션의류,,패션_앵커,3.83723,1.0,kw_b02,,,50000000,True
2026-04-21,naver_datalab_keyword,패션의류,,코트,0.01642,0.003934696498791076,kw_b01,,,50000000,False
2026-04-21,naver_datalab_keyword,패션의류,,패딩,0.01825,0.004373216266926744,kw_b01,,,50000000,False
2026-04-21,naver_datalab_keyword,패션의류,,패션_앵커,4.17313,1.0,kw_b01,,,50000000,True
2026-04-21,naver_datalab_keyword,패션의류,,히트텍,0.02008,0.004811736035062412,kw_b01,,,50000000,False
2026-04-21,naver_datalab_keyword,패션의류,,가디건,0.62797,0.15047937639134176,kw_b02,,,50000000,False
2026-04-21,naver_datalab_keyword,패션의류,,반팔,0.18802,0.0450549108223324,kw_b02,,,50000000,False
2026-04-21,naver_datalab_keyword,패션의류,,자켓,0.41804,0.10017420976581129,kw_b02,,,50000000,False
2026-04-21,naver_datalab_keyword,패션의류,,패션_앵커,4.17313,1.0,kw_b02,,,50000000,True
2026-04-22,naver_datalab_keyword,패션의류,,코트,0.03833,0.01109181931301907,kw_b01,,,50000000,False
2026-04-22,naver_datalab_keyword,패션의류,,패딩,0.0219,0.006337355673235523,kw_b01,,,50000000,False
2026-04-22,naver_datalab_keyword,패션의류,,패션_앵커,3.4557,1.0,kw_b01,,,50000000,True
2026-04-22,naver_datalab_keyword,패션의류,,가디건,0.54948,0.1590068582342217,kw_b02,,,50000000,False
2026-04-22,naver_datalab_keyword,패션의류,,반팔,0.18802,0.0544086581589837,kw_b02,,,50000000,False
2026-04-22,naver_datalab_keyword,패션의류,,자켓,0.24461,0.07078450096941284,kw_b02,,,50000000,False
2026-04-22,naver_datalab_keyword,패션의류,,패션_앵커,3.4557,1.0,kw_b02,,,50000000,True
2026-04-23,naver_datalab_keyword,패션의류,,코트,0.02738,0.006704736903968969,kw_b01,,,50000000,False
2026-04-23,naver_datalab_keyword,패션의류,,패딩,0.02738,0.006704736903968969,kw_b01,,,50000000,False
2026-04-23,naver_datalab_keyword,패션의류,,패션_앵커,4.08368,1.0,kw_b01,,,50000000,True
2026-04-23,naver_datalab_keyword,패션의류,,히트텍,0.01825,0.00446900834541394,kw_b01,,,50000000,False
2026-04-23,naver_datalab_keyword,패션의류,,가디건,0.84521,0.20697263252752418,kw_b02,,,50000000,False
2026-04-23,naver_datalab_keyword,패션의류,,반팔,0.18802,0.04604180543039611,kw_b02,,,50000000,False
2026-04-23,naver_datalab_keyword,패션의류,,자켓,0.21175,0.05185274066528229,kw_b02,,,50000000,False
2026-04-23,naver_datalab_keyword,패션의류,,패션_앵커,4.08368,1.0,kw_b02,,,50000000,True
2026-04-24,naver_datalab_keyword,패션의류,,코트,0.01642,0.004724119478217839,kw_b01,,,50000000,False
2026-04-24,naver_datalab_keyword,패션의류,,패딩,0.03468,0.009977616534993586,kw_b01,,,50000000,False
2026-04-24,naver_datalab_keyword,패션의류,,패션_앵커,3.47578,1.0,kw_b01,,,50000000,True
2026-04-24,naver_datalab_keyword,패션의류,,히트텍,0.0219,0.006300744005662038,kw_b01,,,50000000,False
2026-04-24,naver_datalab_keyword,패션의류,,가디건,0.56408,0.1622887524526869,kw_b02,,,50000000,False
2026-04-24,naver_datalab_keyword,패션의류,,반팔,0.17707,0.05094396078002636,kw_b02,,,50000000,False
2026-04-24,naver_datalab_keyword,패션의류,,자켓,0.272,0.078255815960734,kw_b02,,,50000000,False
2026-04-24,naver_datalab_keyword,패션의류,,패션_앵커,3.47578,1.0,kw_b02,,,50000000,True
2026-04-25,naver_datalab_keyword,패션의류,,코트,0.03833,0.008125703552795875,kw_b01,,,50000000,False
2026-04-25,naver_datalab_keyword,패션의류,,패딩,0.03103,0.006578152393510461,kw_b01,,,50000000,False
2026-04-25,naver_datalab_keyword,패션의류,,패션_앵커,4.71713,1.0,kw_b01,,,50000000,True
2026-04-25,naver_datalab_keyword,패션의류,,히트텍,0.0073,0.0015475511592854129,kw_b01,,,50000000,False
2026-04-25,naver_datalab_keyword,패션의류,,가디건,0.8872,0.18808046418055047,kw_b02,,,50000000,False
2026-04-25,naver_datalab_keyword,패션의류,,반팔,0.30121,0.06385450475183002,kw_b02,,,50000000,False
2026-04-25,naver_datalab_keyword,패션의류,,자켓,0.1935,0.041020705386538,kw_b02,,,50000000,False
2026-04-25,naver_datalab_keyword,패션의류,,패션_앵커,4.71713,1.0,kw_b02,,,50000000,True
2026-04-26,naver_datalab_keyword,패션의류,,코트,0.10953,0.009724382604248792,kw_b01,,,50000000,False
2026-04-26,naver_datalab_keyword,패션의류,,패딩,0.05841,0.0051858046919946305,kw_b01,,,50000000,False
2026-04-26,naver_datalab_keyword,패션의류,,패션_앵커,11.26344,1.0,kw_b01,,,50000000,True
2026-04-26,naver_datalab_keyword,패션의류,,히트텍,0.03285,0.0029165157358675502,kw_b01,,,50000000,False
2026-04-26,naver_datalab_keyword,패션의류,,가디건,1.06975,0.09497542491459093,kw_b02,,,50000000,False
2026-04-26,naver_datalab_keyword,패션의류,,반팔,0.53305,0.047325683805302825,kw_b02,,,50000000,False
2026-04-26,naver_datalab_keyword,패션의류,,자켓,0.50749,0.04505639484917574,kw_b02,,,50000000,False
2026-04-26,naver_datalab_keyword,패션의류,,패션_앵커,11.26344,1.0,kw_b02,,,50000000,True
2026-04-27,naver_datalab_keyword,패션의류,,코트,0.01642,0.0037697902508907906,kw_b01,,,50000000,False
2026-04-27,naver_datalab_keyword,패션의류,,패딩,0.06024,0.013830217095838078,kw_b01,,,50000000,False
2026-04-27,naver_datalab_keyword,패션의류,,패션_앵커,4.35568,1.0,kw_b01,,,50000000,True
2026-04-27,naver_datalab_keyword,패션의류,,히트텍,0.02555,0.005865903831319104,kw_b01,,,50000000,False
2026-04-27,naver_datalab_keyword,패션의류,,가디건,0.64075,0.1471067663372883,kw_b02,,,50000000,False
2026-04-27,naver_datalab_keyword,패션의류,,반팔,0.23549,0.05406503691731256,kw_b02,,,50000000,False
2026-04-27,naver_datalab_keyword,패션의류,,자켓,0.21723,0.04987280975645594,kw_b02,,,50000000,False
2026-04-27,naver_datalab_keyword,패션의류,,패션_앵커,4.35568,1.0,kw_b02,,,50000000,True
2026-04-28,naver_datalab_keyword,패션의류,,코트,0.01825,0.005357546507907151,kw_b01,,,50000000,False
2026-04-28,naver_datalab_keyword,패션의류,,패딩,0.02008,0.005894768979658937,kw_b01,,,50000000,False
2026-04-28,naver_datalab_keyword,패션의류,,패션_앵커,3.40641,1.0,kw_b01,,,50000000,True
2026-04-28,naver_datalab_keyword,패션의류,,히트텍,0.02008,0.005894768979658937,kw_b01,,,50000000,False
2026-04-28,naver_datalab_keyword,패션의류,,가디건,0.49471,0.1452291415302327,kw_b02,,,50000000,False
2026-04-28,naver_datalab_keyword,패션의류,,반팔,0.2793,0.08199247888539547,kw_b02,,,50000000,False
2026-04-28,naver_datalab_keyword,패션의류,,자켓,0.22818,0.06698547737941117,kw_b02,,,50000000,False
2026-04-28,naver_datalab_keyword,패션의류,,패션_앵커,3.40641,1.0,kw_b02,,,50000000,True
2026-04-29,naver_datalab_keyword,패션의류,,코트,0.03468,0.009638447064970582,kw_b01,,,50000000,False
2026-04-29,naver_datalab_keyword,패션의류,,패딩,0.0292,0.008115416790575,kw_b01,,,50000000,False
2026-04-29,naver_datalab_keyword,패션의류,,패션_앵커,3.59809,1.0,kw_b01,,,50000000,True
2026-04-29,naver_datalab_keyword,패션의류,,히트텍,0.00547,0.0015202510220700426,kw_b01,,,50000000,False
2026-04-29,naver_datalab_keyword,패션의류,,가디건,0.61702,0.17148542699043104,kw_b02,,,50000000,False
2026-04-29,naver_datalab_keyword,패션의류,,반팔,0.14604,0.040588200962177155,kw_b02,,,50000000,False
2026-04-29,naver_datalab_keyword,패션의류,,자켓,0.19898,0.05530156277358265,kw_b02,,,50000000,False
2026-04-29,naver_datalab_keyword,패션의류,,패션_앵커,3.59809,1.0,kw_b02,,,50000000,True
2026-04-30,naver_datalab_keyword,패션의류,,코트,0.0073,0.0019234569527699099,kw_b01,,,50000000,False
2026-04-30,naver_datalab_keyword,패션의류,,패딩,0.04198,0.011061194914696003,kw_b01,,,50000000,False
2026-04-30,naver_datalab_keyword,패션의류,,패션_앵커,3.79525,1.0,kw_b01,,,50000000,True
2026-04-30,naver_datalab_keyword,패션의류,,히트텍,0.0073,0.0019234569527699099,kw_b01,,,50000000,False
2026-04-30,naver_datalab_keyword,패션의류,,가디건,0.38518,0.10149002042026219,kw_b02,,,50000000,False
2026-04-30,naver_datalab_keyword,패션의류,,반팔,0.16247,0.04280877412555168,kw_b02,,,50000000,False
2026-04-30,naver_datalab_keyword,패션의류,,자켓,0.2081,0.05483169751663264,kw_b02,,,50000000,False
2026-04-30,naver_datalab_keyword,패션의류,,패션_앵커,3.79525,1.0,kw_b02,,,50000000,True
2026-05-01,naver_datalab_keyword,패션의류,,코트,0.06024,0.016966003216330624,kw_b01,,,50000000,False
2026-05-01,naver_datalab_keyword,패션의류,,패딩,0.0219,0.00616791949597677,kw_b01,,,50000000,False
2026-05-01,naver_datalab_keyword,패션의류,,패션_앵커,3.55063,1.0,kw_b01,,,50000000,True
2026-05-01,naver_datalab_keyword,패션의류,,히트텍,0.0146,0.00411194633065118,kw_b01,,,50000000,False
2026-05-01,naver_datalab_keyword,패션의류,,가디건,0.62067,0.1748055978798129,kw_b02,,,50000000,False
2026-05-01,naver_datalab_keyword,패션의류,,반팔,0.15151,0.042671300586093176,kw_b02,,,50000000,False
2026-05-01,naver_datalab_keyword,패션의류,,자켓,0.14786,0.041643314003430375,kw_b02,,,50000000,False
2026-05-01,naver_datalab_keyword,패션의류,,패션_앵커,3.55063,1.0,kw_b02,,,50000000,True
2026-05-02,naver_datalab_keyword,패션의류,,코트,0.02555,0.0067127318585465815,kw_b01,,,50000000,False
2026-05-02,naver_datalab_keyword,패션의류,,패딩,0.01825,0.004794808470390415,kw_b01,,,50000000,False
2026-05-02,naver_datalab_keyword,패션의류,,패션_앵커,3.8062,1.0,kw_b01,,,50000000,True
2026-05-02,naver_datalab_keyword,패션의류,,히트텍,0.00365,0.0009589616940780831,kw_b01,,,50000000,False
2026-05-02,naver_datalab_keyword,패션의류,,가디건,0.39431,0.10359676317587095,kw_b02,,,50000000,False
2026-05-02,naver_datalab_keyword,패션의류,,반팔,0.14056,0.0369292207451001,kw_b02,,,50000000,False
2026-05-02,naver_datalab_keyword,패션의류,,자켓,0.27747,0.07289947979612212,kw_b02,,,50000000,False
2026-05-02,naver_datalab_keyword,패션의류,,패션_앵커,3.8062,1.0,kw_b02,,,50000000,True
2026-05-03,naver_datalab_keyword,패션의류,,코트,0.04746,0.01161669318320891,kw_b01,,,50000000,False
2026-05-03,naver_datalab_keyword,패션의류,,패딩,0.04381,0.010723289683025335,kw_b01,,,50000000,False
2026-05-03,naver_datalab_keyword,패션의류,,패션_앵커,4.0855,1.0,kw_b01,,,50000000,True
2026-05-03,naver_datalab_keyword,패션의류,,히트텍,0.0073,0.0017868070003671523,kw_b01,,,50000000,False
2026-05-03,naver_datalab_keyword,패션의류,,가디건,0.50384,0.12332395055684739,kw_b02,,,50000000,False
2026-05-03,naver_datalab_keyword,패션의류,,반팔,0.20993,0.05138416350507894,kw_b02,,,50000000,False
2026-05-03,naver_datalab_keyword,패션의류,,자켓,0.25739,0.06300085668828785,kw_b02,,,50000000,False
2026-05-03,naver_datalab_keyword,패션의류,,패션_앵커,4.0855,1.0,kw_b02,,,50000000,True
2026-05-04,naver_datalab_keyword,패션의류,,코트,0.01642,0.00492591625942359,kw_b01,,,50000000,False
2026-05-04,naver_datalab_keyword,패션의류,,패딩,0.01642,0.00492591625942359,kw_b01,,,50000000,False
2026-05-04,naver_datalab_keyword,패션의류,,패션_앵커,3.33339,1.0,kw_b01,,,50000000,True
2026-05-04,naver_datalab_keyword,패션의류,,히트텍,0.0146,0.0043799255412657985,kw_b01,,,50000000,False
2026-05-04,naver_datalab_keyword,패션의류,,가디건,0.58964,0.17688899288712093,kw_b02,,,50000000,False
2026-05-04,naver_datalab_keyword,패션의류,,반팔,0.12596,0.03778735761492054,kw_b02,,,50000000,False
2026-05-04,naver_datalab_keyword,패션의류,,자켓,0.18255,0.05476406901082681,kw_b02,,,50000000,False
2026-05-04,naver_datalab_keyword,패션의류,,패션_앵커,3.33339,1.0,kw_b02,,,50000000,True
2026-05-05,naver_datalab_keyword,패션의류,,코트,0.0073,0.0017409097087911173,kw_b01,,,50000000,False
2026-05-05,naver_datalab_keyword,패션의류,,패딩,0.02555,0.00609318398076891,kw_b01,,,50000000,False
2026-05-05,naver_datalab_keyword,패션의류,,패션_앵커,4.19321,1.0,kw_b01,,,50000000,True
2026-05-05,naver_datalab_keyword,패션의류,,히트텍,0.01642,0.003915854440869883,kw_b01,,,50000000,False
2026-05-05,naver_datalab_keyword,패션의류,,가디건,0.67726,0.16151349443505095,kw_b02,,,50000000,False
2026-05-05,naver_datalab_keyword,패션의류,,반팔,0.14969,0.035698188261498946,kw_b02,,,50000000,False
2026-05-05,naver_datalab_keyword,패션의류,,자켓,0.20445,0.04875739588525259,kw_b02,,,50000000,False
2026-05-05,naver_datalab_keyword,패션의류,,패션_앵커,4.19321,1.0,kw_b02,,,50000000,True
2026-05-06,naver_datalab_keyword,패션의류,,코트,0.01825,0.006058895786992463,kw_b01,,,50000000,False
2026-05-06,naver_datalab_keyword,패션의류,,패딩,0.05476,0.01818000730387437,kw_b01,,,50000000,False
2026-05-06,naver_datalab_keyword,패션의류,,패션_앵커,3.0121,1.0,kw_b01,,,50000000,True
2026-05-06,naver_datalab_keyword,패션의류,,히트텍,0.0146,0.004847116629593971,kw_b01,,,50000000,False
2026-05-06,naver_datalab_keyword,패션의류,,가디건,0.50931,0.169088011686199,kw_b02,,,50000000,False
2026-05-06,naver_datalab_keyword,패션의류,,반팔,0.23001,0.07636200657348693,kw_b02,,,50000000,False
2026-05-06,naver_datalab_keyword,패션의류,,자켓,0.13326,0.04424155904518442,kw_b02,,,50000000,False
2026-05-06,naver_datalab_keyword,패션의류,,패션_앵커,3.0121,1.0,kw_b02,,,50000000,True
2026-05-07,naver_datalab_keyword,패션의류,,코트,0.00912,0.002607435192941627,kw_b01,,,50000000,False
2026-05-07,naver_datalab_keyword,패션의류,,패딩,0.01825,0.005217729415700076,kw_b01,,,50000000,False
2026-05-07,naver_datalab_keyword,패션의류,,패션_앵커,3.49769,1.0,kw_b01,,,50000000,True
2026-05-07,naver_datalab_keyword,패션의류,,히트텍,0.0219,0.006261275298840092,kw_b01,,,50000000,False
2026-05-07,naver_datalab_keyword,패션의류,,가디건,0.61519,0.17588465530107014,kw_b02,,,50000000,False
2026-05-07,naver_datalab_keyword,패션의류,,반팔,0.1004,0.028704659360892476,kw_b02,,,50000000,False
2026-05-07,naver_datalab_keyword,패션의류,,자켓,0.18072,0.05166838684960645,kw_b02,,,50000000,False
2026-05-07,naver_datalab_keyword,패션의류,,패션_앵커,3.49769,1.0,kw_b02,,,50000000,True
2026-05-08,naver_datalab_keyword,패션의류,,코트,0.04016,0.013063688735496085,kw_b01,,,50000000,False
2026-05-08,naver_datalab_keyword,패션의류,,패딩,0.0219,0.007123874086338751,kw_b01,,,50000000,False
2026-05-08,naver_datalab_keyword,패션의류,,패션_앵커,3.07417,1.0,kw_b01,,,50000000,True
2026-05-08,naver_datalab_keyword,패션의류,,히트텍,0.00547,0.0017793420663138344,kw_b01,,,50000000,False
2026-05-08,naver_datalab_keyword,패션의류,,가디건,0.68639,0.22327652667223996,kw_b02,,,50000000,False
2026-05-08,naver_datalab_keyword,패션의류,,반팔,0.12778,0.04156569090193451,kw_b02,,,50000000,False
2026-05-08,naver_datalab_keyword,패션의류,,자켓,0.20628,0.06710103865433596,kw_b02,,,50000000,False
2026-05-08,naver_datalab_keyword,패션의류,,패션_앵커,3.07417,1.0,kw_b02,,,50000000,True
2026-05-09,naver_datalab_keyword,패션의류,,코트,0.05111,0.012099217847470789,kw_b01,,,50000000,False
2026-05-09,naver_datalab_keyword,패션의류,,패딩,0.03468,0.00820976080904494,kw_b01,,,50000000,False
2026-05-09,naver_datalab_keyword,패션의류,,패션_앵커,4.22424,1.0,kw_b01,,,50000000,True
2026-05-09,naver_datalab_keyword,패션의류,,히트텍,0.0146,0.003456243016495275,kw_b01,,,50000000,False
2026-05-09,naver_datalab_keyword,패션의류,,가디건,0.47645,0.11278951953487491,kw_b02,,,50000000,False
2026-05-09,naver_datalab_keyword,패션의류,,반팔,0.19167,0.04537384239531845,kw_b02,,,50000000,False
2026-05-09,naver_datalab_keyword,패션의류,,자켓,0.33954,0.08037895574115107,kw_b02,,,50000000,False
2026-05-09,naver_datalab_keyword,패션의류,,패션_앵커,4.22424,1.0,kw_b02,,,50000000,True
2026-05-10,naver_datalab_keyword,패션의류,,코트,0.0292,0.005588923213554287,kw_b01,,,50000000,False
2026-05-10,naver_datalab_keyword,패션의류,,패딩,0.06571,0.01257699124529631,kw_b01,,,50000000,False
2026-05-10,naver_datalab_keyword,패션의류,,패션_앵커,5.22462,1.0,kw_b01,,,50000000,True
2026-05-10,naver_datalab_keyword,패션의류,,히트텍,0.0146,0.0027944616067771435,kw_b01,,,50000000,False
2026-05-10,naver_datalab_keyword,패션의류,,가디건,0.75393,0.14430331775325286,kw_b02,,,50000000,False
2026-05-10,naver_datalab_keyword,패션의류,,반팔,0.32311,0.06184373217573719,kw_b02,,,50000000,False
2026-05-10,naver_datalab_keyword,패션의류,,자켓,0.42899,0.08210932086926896,kw_b02,,,50000000,False
2026-05-10,naver_datalab_keyword,패션의류,,패션_앵커,5.22462,1.0,kw_b02,,,50000000,True
2026-05-11,naver_datalab_keyword,패션의류,,코트,0.04746,0.011849654697167169,kw_b01,,,50000000,False
2026-05-11,naver_datalab_keyword,패션의류,,패딩,0.02738,0.006836147189389741,kw_b01,,,50000000,False
2026-05-11,naver_datalab_keyword,패션의류,,패션_앵커,4.00518,1.0,kw_b01,,,50000000,True
2026-05-11,naver_datalab_keyword,패션의류,,히트텍,0.02555,0.006379238885643092,kw_b01,,,50000000,False
2026-05-11,naver_datalab_keyword,패션의류,,가디건,0.66813,0.16681647266789507,kw_b02,,,50000000,False
2026-05-11,naver_datalab_keyword,패션의류,,반팔,0.12961,0.03236059303202353,kw_b02,,,50000000,False
2026-05-11,naver_datalab_keyword,패션의류,,자켓,0.09857,0.024610629235140492,kw_b02,,,50000000,False
2026-05-11,naver_datalab_keyword,패션의류,,패션_앵커,4.00518,1.0,kw_b02,,,50000000,True
2026-05-12,naver_datalab_keyword,패션의류,,코트,0.01277,0.0031007488417719676,kw_b01,,,50000000,False
2026-05-12,naver_datalab_keyword,패션의류,,패딩,0.0146,0.0035451004768888585,kw_b01,,,50000000,False
2026-05-12,naver_datalab_keyword,패션의류,,패션_앵커,4.11836,1.0,kw_b01,,,50000000,True
2026-05-12,naver_datalab_keyword,패션의류,,히트텍,0.00547,0.0013281986033275382,kw_b01,,,50000000,False
2026-05-12,naver_datalab_keyword,패션의류,,가디건,0.47828,0.1161336065812605,kw_b02,,,50000000,False
2026-05-12,naver_datalab_keyword,패션의류,,반팔,0.14969,0.03634699249215707,kw_b02,,,50000000,False
2026-05-12,naver_datalab_keyword,패션의류,,자켓,0.18802,0.04565409531949611,kw_b02,,,50000000,False
2026-05-12,naver_datalab_keyword,패션의류,,패션_앵커,4.11836,1.0,kw_b02,,,50000000,True
2026-05-13,naver_datalab_keyword,패션의류,,코트,0.03103,0.006383000606827322,kw_b01,,,50000000,False
2026-05-13,naver_datalab_keyword,패션의류,,패딩,0.03285,0.006757382208645746,kw_b01,,,50000000,False
2026-05-13,naver_datalab_keyword,패션의류,,패션_앵커,4.86135,1.0,kw_b01,,,50000000,True
2026-05-13,naver_datalab_keyword,패션의류,,히트텍,0.00182,0.0003743816018184249,kw_b01,,,50000000,False
2026-05-13,naver_datalab_keyword,패션의류,,가디건,0.33772,0.06947041459676839,kw_b02,,,50000000,False
2026-05-13,naver_datalab_keyword,패션의류,,반팔,0.15881,0.032667880321309926,kw_b02,,,50000000,False
2026-05-13,naver_datalab_keyword,패션의류,,자켓,0.20445,0.04205621895152581,kw_b02,,,50000000,False
2026-05-13,naver_datalab_keyword,패션의류,,패션_앵커,4.86135,1.0,kw_b02,,,50000000,True
2026-05-14,naver_datalab_keyword,패션의류,,코트,0.00365,0.000802986670421271,kw_b01,,,50000000,False
2026-05-14,naver_datalab_keyword,패션의류,,패딩,0.03833,0.008432460021163648,kw_b01,,,50000000,False
2026-05-14,naver_datalab_keyword,패션의류,,패션_앵커,4.54553,1.0,kw_b01,,,50000000,True
2026-05-14,naver_datalab_keyword,패션의류,,히트텍,0.00365,0.000802986670421271,kw_b01,,,50000000,False
2026-05-14,naver_datalab_keyword,패션의류,,가디건,0.4436,0.097590379999692,kw_b02,,,50000000,False
2026-05-14,naver_datalab_keyword,패션의류,,반팔,0.15516,0.03413463336508613,kw_b02,,,50000000,False
2026-05-14,naver_datalab_keyword,패션의류,,자켓,0.09127,0.020079066687492986,kw_b02,,,50000000,False
2026-05-14,naver_datalab_keyword,패션의류,,패션_앵커,4.54553,1.0,kw_b02,,,50000000,True
2026-05-15,naver_datalab_keyword,패션의류,,코트,0.0146,0.0027954353986367466,kw_b01,,,50000000,False
2026-05-15,naver_datalab_keyword,패션의류,,패딩,0.01277,0.002445048632917209,kw_b01,,,50000000,False
2026-05-15,naver_datalab_keyword,패션의류,,패션_앵커,5.2228,1.0,kw_b01,,,50000000,True
2026-05-15,naver_datalab_keyword,패션의류,,히트텍,0.00912,0.0017461897832580222,kw_b01,,,50000000,False
2026-05-15,naver_datalab_keyword,패션의류,,가디건,0.41621,0.07969097036072605,kw_b02,,,50000000,False
2026-05-15,naver_datalab_keyword,패션의류,,반팔,0.20628,0.03949605575553342,kw_b02,,,50000000,False
2026-05-15,naver_datalab_keyword,패션의류,,자켓,0.13873,0.026562380332388755,kw_b02,,,50000000,False
2026-05-15,naver_datalab_keyword,패션의류,,패션_앵커,5.2228,1.0,kw_b02,,,50000000,True
2026-05-16,naver_datalab_keyword,패션의류,,코트,0.0146,0.0023094834349927868,kw_b01,,,50000000,False
2026-05-16,naver_datalab_keyword,패션의류,,패딩,0.03833,0.0060631849358406525,kw_b01,,,50000000,False
2026-05-16,naver_datalab_keyword,패션의류,,패션_앵커,6.32176,1.0,kw_b01,,,50000000,True
2026-05-16,naver_datalab_keyword,패션의류,,히트텍,0.00365,0.0005773708587481967,kw_b01,,,50000000,False
2026-05-16,naver_datalab_keyword,패션의류,,가디건,0.26835,0.042448621902761254,kw_b02,,,50000000,False
2026-05-16,naver_datalab_keyword,패션의류,,반팔,0.23184,0.03667333147731011,kw_b02,,,50000000,False
2026-05-16,naver_datalab_keyword,패션의류,,자켓,0.12961,0.02050220191845309,kw_b02,,,50000000,False
2026-05-16,naver_datalab_keyword,패션의류,,패션_앵커,6.32176,1.0,kw_b02,,,50000000,True
2026-05-17,naver_datalab_keyword,패션의류,,코트,0.06389,0.010296651211214309,kw_b01,,,50000000,False
2026-05-17,naver_datalab_keyword,패션의류,,패딩,0.04746,0.007648756714419018,kw_b01,,,50000000,False
2026-05-17,naver_datalab_keyword,패션의류,,패션_앵커,6.20493,1.0,kw_b01,,,50000000,True
2026-05-17,naver_datalab_keyword,패션의류,,히트텍,0.00365,0.0005882419302071095,kw_b01,,,50000000,False
2026-05-17,naver_datalab_keyword,패션의류,,가디건,0.40891,0.0659008240221888,kw_b02,,,50000000,False
2026-05-17,naver_datalab_keyword,패션의류,,반팔,0.23184,0.03736383810937432,kw_b02,,,50000000,False
2026-05-17,naver_datalab_keyword,패션의류,,자켓,0.09675,0.01559244020480489,kw_b02,,,50000000,False
2026-05-17,naver_datalab_keyword,패션의류,,패션_앵커,6.20493,1.0,kw_b02,,,50000000,True
2026-05-18,naver_datalab_keyword,패션의류,,코트,0.0219,0.0043831207819967815,kw_b01,,,50000000,False
2026-05-18,naver_datalab_keyword,패션의류,,패딩,0.04563,0.009132502341667266,kw_b01,,,50000000,False
2026-05-18,naver_datalab_keyword,패션의류,,패션_앵커,4.99644,1.0,kw_b01,,,50000000,True
2026-05-18,naver_datalab_keyword,패션의류,,히트텍,0.0073,0.001461040260665594,kw_b01,,,50000000,False
2026-05-18,naver_datalab_keyword,패션의류,,가디건,0.25557,0.05115041909839806,kw_b02,,,50000000,False
2026-05-18,naver_datalab_keyword,패션의류,,반팔,0.36327,0.0727057665057521,kw_b02,,,50000000,False
2026-05-18,naver_datalab_keyword,패션의류,,자켓,0.07302,0.01461440545668516,kw_b02,,,50000000,False
2026-05-18,naver_datalab_keyword,패션의류,,패션_앵커,4.99644,1.0,kw_b02,,,50000000,True
2026-05-19,naver_datalab_keyword,패션의류,,코트,0.01825,0.003876380628717077,kw_b01,,,50000000,False
2026-05-19,naver_datalab_keyword,패션의류,,패딩,0.02738,0.005815632965165676,kw_b01,,,50000000,False
2026-05-19,naver_datalab_keyword,패션의류,,패션_앵커,4.708,1.0,kw_b01,,,50000000,True
2026-05-19,naver_datalab_keyword,패션의류,,가디건,0.36692,0.07793542905692438,kw_b02,,,50000000,False
2026-05-19,naver_datalab_keyword,패션의류,,반팔,0.25192,0.05350892098555649,kw_b02,,,50000000,False
2026-05-19,naver_datalab_keyword,패션의류,,자켓,0.05476,0.011631265930331352,kw_b02,,,50000000,False
2026-05-19,naver_datalab_keyword,패션의류,,패션_앵커,4.708,1.0,kw_b02,,,50000000,True
2026-05-20,naver_datalab_keyword,패션의류,,코트,0.02555,0.0054672053272619885,kw_b01,,,50000000,False
2026-05-20,naver_datalab_keyword,패션의류,,패딩,0.04016,0.008593462463516301,kw_b01,,,50000000,False
2026-05-20,naver_datalab_keyword,패션의류,,패션_앵커,4.67332,1.0,kw_b01,,,50000000,True
2026-05-20,naver_datalab_keyword,패션의류,,히트텍,0.0073,0.001562058664931997,kw_b01,,,50000000,False
2026-05-20,naver_datalab_keyword,패션의류,,가디건,0.41256,0.08827985243895131,kw_b02,,,50000000,False
2026-05-20,naver_datalab_keyword,패션의류,,반팔,0.33589,0.07187395684438472,kw_b02,,,50000000,False
2026-05-20,naver_datalab_keyword,패션의류,,자켓,0.16612,0.03554646375595936,kw_b02,,,50000000,False
2026-05-20,naver_datalab_keyword,패션의류,,패션_앵커,4.67332,1.0,kw_b02,,,50000000,True
2026-05-21,naver_datalab_keyword,패션의류,,코트,0.04016,0.008993977886818313,kw_b01,,,50000000,False
2026-05-21,naver_datalab_keyword,패션의류,,패딩,0.03651,0.008176547127682685,kw_b01,,,50000000,False
2026-05-21,naver_datalab_keyword,패션의류,,패션_앵커,4.46521,1.0,kw_b01,,,50000000,True
2026-05-21,naver_datalab_keyword,패션의류,,히트텍,0.00912,0.0020424571296758717,kw_b01,,,50000000,False
2026-05-21,naver_datalab_keyword,패션의류,,가디건,0.272,0.06091538807805232,kw_b02,,,50000000,False
2026-05-21,naver_datalab_keyword,패션의류,,반팔,0.16794,0.037610773065544514,kw_b02,,,50000000,False
2026-05-21,naver_datalab_keyword,패션의류,,자켓,0.0146,0.0032697230365425142,kw_b02,,,50000000,False
2026-05-21,naver_datalab_keyword,패션의류,,패션_앵커,4.46521,1.0,kw_b02,,,50000000,True
2026-05-22,naver_datalab_keyword,패션의류,,코트,0.01095,0.002454298496490017,kw_b01,,,50000000,False
2026-05-22,naver_datalab_keyword,패션의류,,패딩,0.02008,0.004500667927810003,kw_b01,,,50000000,False
2026-05-22,naver_datalab_keyword,패션의류,,패션_앵커,4.46156,1.0,kw_b01,,,50000000,True
2026-05-22,naver_datalab_keyword,패션의류,,히트텍,0.00365,0.0008180994988300056,kw_b01,,,50000000,False
2026-05-22,naver_datalab_keyword,패션의류,,가디건,0.29938,0.06710208985198002,kw_b02,,,50000000,False
2026-05-22,naver_datalab_keyword,패션의류,,반팔,0.13873,0.031094505061010046,kw_b02,,,50000000,False
2026-05-22,naver_datalab_keyword,패션의류,,자켓,0.05841,0.013091833349770033,kw_b02,,,50000000,False
2026-05-22,naver_datalab_keyword,패션의류,,패션_앵커,4.46156,1.0,kw_b02,,,50000000,True
2026-05-23,naver_datalab_keyword,패션의류,,코트,0.03285,0.006734621077621377,kw_b01,,,50000000,False
2026-05-23,naver_datalab_keyword,패션의류,,패딩,0.03468,0.0071097917495254,kw_b01,,,50000000,False
2026-05-23,naver_datalab_keyword,패션의류,,패션_앵커,4.87778,1.0,kw_b01,,,50000000,True
2026-05-23,naver_datalab_keyword,패션의류,,가디건,0.387,0.07933937159937514,kw_b02,,,50000000,False
2026-05-23,naver_datalab_keyword,패션의류,,반팔,0.16429,0.03368130583995178,kw_b02,,,50000000,False
2026-05-23,naver_datalab_keyword,패션의류,,자켓,0.17159,0.03517788830164542,kw_b02,,,50000000,False
2026-05-23,naver_datalab_keyword,패션의류,,패션_앵커,4.87778,1.0,kw_b02,,,50000000,True
2026-05-24,naver_datalab_keyword,패션의류,,코트,0.04928,0.007881786005031675,kw_b01,,,50000000,False
2026-05-24,naver_datalab_keyword,패션의류,,패딩,0.02738,0.004379125422438459,kw_b01,,,50000000,False
2026-05-24,naver_datalab_keyword,패션의류,,패션_앵커,6.25239,1.0,kw_b01,,,50000000,True
2026-05-24,naver_datalab_keyword,패션의류,,히트텍,0.00547,0.000874865451451365,kw_b01,,,50000000,False
2026-05-24,naver_datalab_keyword,패션의류,,가디건,0.27565,0.04408714107725206,kw_b02,,,50000000,False
2026-05-24,naver_datalab_keyword,패션의류,,반팔,0.23549,0.03766399728743729,kw_b02,,,50000000,False
2026-05-24,naver_datalab_keyword,패션의류,,자켓,0.14969,0.02394124486796249,kw_b02,,,50000000,False
2026-05-24,naver_datalab_keyword,패션의류,,패션_앵커,6.25239,1.0,kw_b02,,,50000000,True
2026-05-25,naver_datalab_keyword,패션의류,,코트,0.01825,0.00269247905767659,kw_b01,,,50000000,False
2026-05-25,naver_datalab_keyword,패션의류,,패딩,0.01825,0.00269247905767659,kw_b01,,,50000000,False
2026-05-25,naver_datalab_keyword,패션의류,,패션_앵커,6.77814,1.0,kw_b01,,,50000000,True
2026-05-25,naver_datalab_keyword,패션의류,,가디건,0.35049,0.0517088758863051,kw_b02,,,50000000,False
2026-05-25,naver_datalab_keyword,패션의류,,반팔,0.14056,0.02073725240257652,kw_b02,,,50000000,False
2026-05-25,naver_datalab_keyword,패션의류,,자켓,0.08945,0.01319683571009156,kw_b02,,,50000000,False
2026-05-25,naver_datalab_keyword,패션의류,,패션_앵커,6.77814,1.0,kw_b02,,,50000000,True
2026-05-26,naver_datalab_keyword,패션의류,,코트,0.03103,0.006522621072080953,kw_b01,,,50000000,False
2026-05-26,naver_datalab_keyword,패션의류,,패딩,0.00365,0.0007672435357104569,kw_b01,,,50000000,False
2026-05-26,naver_datalab_keyword,패션의류,,패션_앵커,4.75729,1.0,kw_b01,,,50000000,True
2026-05-26,naver_datalab_keyword,패션의류,,히트텍,0.01277,0.00268430135644453,kw_b01,,,50000000,False
2026-05-26,naver_datalab_keyword,패션의류,,가디건,0.24279,0.05103535836579229,kw_b02,,,50000000,False
2026-05-26,naver_datalab_keyword,패션의류,,반팔,0.15516,0.0326152073974889,kw_b02,,,50000000,False
2026-05-26,naver_datalab_keyword,패션의류,,자켓,0.08397,0.017650805395508787,kw_b02,,,50000000,False
2026-05-26,naver_datalab_keyword,패션의류,,패션_앵커,4.75729,1.0,kw_b02,,,50000000,True
2026-05-27,naver_datalab_keyword,패션의류,,코트,0.03833,0.00823081498596703,kw_b01,,,50000000,False
2026-05-27,naver_datalab_keyword,패션의류,,패딩,0.04928,0.010582169645407128,kw_b01,,,50000000,False
2026-05-27,naver_datalab_keyword,패션의류,,패션_앵커,4.65689,1.0,kw_b01,,,50000000,True
2026-05-27,naver_datalab_keyword,패션의류,,히트텍,0.0073,0.0015675697729600657,kw_b01,,,50000000,False
2026-05-27,naver_datalab_keyword,패션의류,,가디건,0.2939,0.06311078853054292,kw_b02,,,50000000,False
2026-05-27,naver_datalab_keyword,패션의류,,반팔,0.17159,0.036846479087975025,kw_b02,,,50000000,False
2026-05-27,naver_datalab_keyword,패션의류,,자켓,0.11683,0.02508755843492116,kw_b02,,,50000000,False
2026-05-27,naver_datalab_keyword,패션의류,,패션_앵커,4.65689,1.0,kw_b02,,,50000000,True
2026-05-28,naver_datalab_keyword,패션의류,,코트,0.00547,0.0012000061426274211,kw_b01,,,50000000,False
2026-05-28,naver_datalab_keyword,패션의류,,패딩,0.03651,0.00800954739804884,kw_b01,,,50000000,False
2026-05-28,naver_datalab_keyword,패션의류,,패션_앵커,4.55831,1.0,kw_b01,,,50000000,True
2026-05-28,naver_datalab_keyword,패션의류,,히트텍,0.00547,0.0012000061426274211,kw_b01,,,50000000,False
2026-05-28,naver_datalab_keyword,패션의류,,가디건,0.30668,0.06727932062540723,kw_b02,,,50000000,False
2026-05-28,naver_datalab_keyword,패션의류,,반팔,0.20263,0.04445287836939568,kw_b02,,,50000000,False
2026-05-28,naver_datalab_keyword,패션의류,,자켓,0.15334,0.033639660312703615,kw_b02,,,50000000,False
2026-05-28,naver_datalab_keyword,패션의류,,패션_앵커,4.55831,1.0,kw_b02,,,50000000,True
2026-05-29,naver_datalab_keyword,패션의류,,코트,0.00182,0.00041575482344126207,kw_b01,,,50000000,False
2026-05-29,naver_datalab_keyword,패션의류,,패딩,0.03651,0.008340224507604658,kw_b01,,,50000000,False
2026-05-29,naver_datalab_keyword,패션의류,,패션_앵커,4.37758,1.0,kw_b01,,,50000000,True
2026-05-29,naver_datalab_keyword,패션의류,,히트텍,0.0073,0.0016675880280885786,kw_b01,,,50000000,False
2026-05-29,naver_datalab_keyword,패션의류,,가디건,0.19167,0.043784465389553134,kw_b02,,,50000000,False
2026-05-29,naver_datalab_keyword,패션의류,,반팔,0.16247,0.03711411327719882,kw_b02,,,50000000,False
2026-05-29,naver_datalab_keyword,패션의류,,자켓,0.0931,0.02126745827603379,kw_b02,,,50000000,False
2026-05-29,naver_datalab_keyword,패션의류,,패션_앵커,4.37758,1.0,kw_b02,,,50000000,True
2026-05-30,naver_datalab_keyword,패션의류,,코트,0.01277,0.002194942522413509,kw_b01,,,50000000,False
2026-05-30,naver_datalab_keyword,패션의류,,패딩,0.03468,0.0059608932401958095,kw_b01,,,50000000,False
2026-05-30,naver_datalab_keyword,패션의류,,패션_앵커,5.81792,1.0,kw_b01,,,50000000,True
2026-05-30,naver_datalab_keyword,패션의류,,히트텍,0.00182,0.00031282657719597384,kw_b01,,,50000000,False
2026-05-30,naver_datalab_keyword,패션의류,,가디건,0.25739,0.04424089709036907,kw_b02,,,50000000,False
2026-05-30,naver_datalab_keyword,패션의류,,반팔,0.25922,0.04455544249491227,kw_b02,,,50000000,False
2026-05-30,naver_datalab_keyword,패션의류,,자켓,0.04198,0.007215637203674166,kw_b02,,,50000000,False
2026-05-30,naver_datalab_keyword,패션의류,,패션_앵커,5.81792,1.0,kw_b02,,,50000000,True
2026-05-31,naver_datalab_keyword,패션의류,,코트,0.03833,0.005911264714545906,kw_b01,,,50000000,False
2026-05-31,naver_datalab_keyword,패션의류,,패딩,0.0292,0.004503233228926179,kw_b01,,,50000000,False
2026-05-31,naver_datalab_keyword,패션의류,,패션_앵커,6.48423,1.0,kw_b01,,,50000000,True
2026-05-31,naver_datalab_keyword,패션의류,,히트텍,0.0073,0.0011258083072315447,kw_b01,,,50000000,False
2026-05-31,naver_datalab_keyword,패션의류,,가디건,0.31581,0.048704318014629336,kw_b02,,,50000000,False
2026-05-31,naver_datalab_keyword,패션의류,,반팔,0.24461,0.037723831511220295,kw_b02,,,50000000,False
2026-05-31,naver_datalab_keyword,패션의류,,자켓,0.07667,0.011824071632252403,kw_b02,,,50000000,False
2026-05-31,naver_datalab_keyword,패션의류,,패션_앵커,6.48423,1.0,kw_b02,,,50000000,True
2026-06-01,naver_datalab_keyword,패션의류,,코트,0.00182,0.00032892715528614854,kw_b01,,,50000000,False
2026-06-01,naver_datalab_keyword,패션의류,,패딩,0.03468,0.0062676888710569405,kw_b01,,,50000000,False
2026-06-01,naver_datalab_keyword,패션의류,,패션_앵커,5.53314,1.0,kw_b01,,,50000000,True
2026-06-01,naver_datalab_keyword,패션의류,,히트텍,0.00182,0.00032892715528614854,kw_b01,,,50000000,False
2026-06-01,naver_datalab_keyword,패션의류,,가디건,0.20263,0.036621159052545205,kw_b02,,,50000000,False
2026-06-01,naver_datalab_keyword,패션의류,,반팔,0.14421,0.026062958826272242,kw_b02,,,50000000,False
2026-06-01,naver_datalab_keyword,패션의류,,자켓,0.07667,0.01385650823944451,kw_b02,,,50000000,False
2026-06-01,naver_datalab_keyword,패션의류,,패션_앵커,5.53314,1.0,kw_b02,,,50000000,True
2026-06-02,naver_datalab_keyword,패션의류,,코트,0.02008,0.0036948713419301654,kw_b01,,,50000000,False
2026-06-02,naver_datalab_keyword,패션의류,,패딩,0.0146,0.0026865100394512158,kw_b01,,,50000000,False
2026-06-02,naver_datalab_keyword,패션의류,,패션_앵커,5.43456,1.0,kw_b01,,,50000000,True
2026-06-02,naver_datalab_keyword,패션의류,,히트텍,0.00365,0.0006716275098628039,kw_b01,,,50000000,False
2026-06-02,naver_datalab_keyword,패션의류,,가디건,0.19715,0.036277085909438844,kw_b02,,,50000000,False
2026-06-02,naver_datalab_keyword,패션의류,,반팔,0.26652,0.049041688747571095,kw_b02,,,50000000,False
2026-06-02,naver_datalab_keyword,패션의류,,자켓,0.11683,0.02149760054171819,kw_b02,,,50000000,False
2026-06-02,naver_datalab_keyword,패션의류,,패션_앵커,5.43456,1.0,kw_b02,,,50000000,True
2026-06-03,naver_datalab_keyword,패션의류,,코트,0.01095,0.0016268787106206207,kw_b01,,,50000000,False
2026-06-03,naver_datalab_keyword,패션의류,,패딩,0.01825,0.002711464517701034,kw_b01,,,50000000,False
2026-06-03,naver_datalab_keyword,패션의류,,패션_앵커,6.73068,1.0,kw_b01,,,50000000,True
2026-06-03,naver_datalab_keyword,패션의류,,히트텍,0.01277,0.0018972822953995732,kw_b01,,,50000000,False
2026-06-03,naver_datalab_keyword,패션의류,,가디건,0.19898,0.029563134779843934,kw_b02,,,50000000,False
2026-06-03,naver_datalab_keyword,패션의류,,반팔,0.22453,0.033359185104625384,kw_b02,,,50000000,False
2026-06-03,naver_datalab_keyword,패션의류,,자켓,0.07119,0.010576940220007488,kw_b02,,,50000000,False
2026-06-03,naver_datalab_keyword,패션의류,,패션_앵커,6.73068,1.0,kw_b02,,,50000000,True
2026-06-04,naver_datalab_keyword,패션의류,,코트,0.0292,0.005852723821588132,kw_b01,,,50000000,False
2026-06-04,naver_datalab_keyword,패션의류,,패딩,0.0292,0.005852723821588132,kw_b01,,,50000000,False
2026-06-04,naver_datalab_keyword,패션의류,,패션_앵커,4.98913,1.0,kw_b01,,,50000000,True
2026-06-04,naver_datalab_keyword,패션의류,,가디건,0.25192,0.05049377346350966,kw_b02,,,50000000,False
2026-06-04,naver_datalab_keyword,패션의류,,반팔,0.18985,0.03805272662768859,kw_b02,,,50000000,False
2026-06-04,naver_datalab_keyword,패션의류,,자켓,0.09492,0.019025361135107725,kw_b02,,,50000000,False
2026-06-04,naver_datalab_keyword,패션의류,,패션_앵커,4.98913,1.0,kw_b02,,,50000000,True
2026-06-05,naver_datalab_keyword,패션의류,,코트,0.01642,0.003137329830427514,kw_b01,,,50000000,False
2026-06-05,naver_datalab_keyword,패션의류,,패딩,0.0219,0.004184380224504418,kw_b01,,,50000000,False
2026-06-05,naver_datalab_keyword,패션의류,,패션_앵커,5.23375,1.0,kw_b01,,,50000000,True
2026-06-05,naver_datalab_keyword,패션의류,,히트텍,0.00365,0.0006973967040840698,kw_b01,,,50000000,False
2026-06-05,naver_datalab_keyword,패션의류,,가디건,0.21906,0.04185526630045379,kw_b02,,,50000000,False
2026-06-05,naver_datalab_keyword,패션의류,,반팔,0.1789,0.03418199187962742,kw_b02,,,50000000,False
2026-06-05,naver_datalab_keyword,패션의류,,자켓,0.14421,0.027553857176976358,kw_b02,,,50000000,False
2026-06-05,naver_datalab_keyword,패션의류,,패션_앵커,5.23375,1.0,kw_b02,,,50000000,True
2026-06-06,naver_datalab_keyword,패션의류,,코트,0.02008,0.0034309537641390156,kw_b01,,,50000000,False
2026-06-06,naver_datalab_keyword,패션의류,,패딩,0.03285,0.0056128899976079,kw_b01,,,50000000,False
2026-06-06,naver_datalab_keyword,패션의류,,패션_앵커,5.8526,1.0,kw_b01,,,50000000,True
2026-06-06,naver_datalab_keyword,패션의류,,히트텍,0.00365,0.0006236544441786556,kw_b01,,,50000000,False
2026-06-06,naver_datalab_keyword,패션의류,,가디건,0.19167,0.03274954720978711,kw_b02,,,50000000,False
2026-06-06,naver_datalab_keyword,패션의류,,반팔,0.15334,0.02620032122475481,kw_b02,,,50000000,False
2026-06-06,naver_datalab_keyword,패션의류,,자켓,0.18802,0.03212589276560845,kw_b02,,,50000000,False
2026-06-06,naver_datalab_keyword,패션의류,,패션_앵커,5.8526,1.0,kw_b02,,,50000000,True
2026-06-07,naver_datalab_keyword,패션의류,,코트,0.02738,0.004471824890000948,kw_b01,,,50000000,False
2026-06-07,naver_datalab_keyword,패션의류,,패딩,0.02373,0.003875690454336103,kw_b01,,,50000000,False
2026-06-07,naver_datalab_keyword,패션의류,,패션_앵커,6.12278,1.0,kw_b01,,,50000000,True
2026-06-07,naver_datalab_keyword,패션의류,,가디건,0.50749,0.08288555198782253,kw_b02,,,50000000,False
2026-06-07,naver_datalab_keyword,패션의류,,반팔,0.15334,0.025044179278040368,kw_b02,,,50000000,False
2026-06-07,naver_datalab_keyword,패션의류,,자켓,0.13691,0.022360757695033956,kw_b02,,,50000000,False
2026-06-07,naver_datalab_keyword,패션의류,,패션_앵커,6.12278,1.0,kw_b02,,,50000000,True
2026-06-08,naver_datalab_keyword,패션의류,,코트,0.00547,0.0010174586227293188,kw_b01,,,50000000,False
2026-06-08,naver_datalab_keyword,패션의류,,패딩,0.0146,0.0027157030880892237,kw_b01,,,50000000,False
2026-06-08,naver_datalab_keyword,패션의류,,패션_앵커,5.37614,1.0,kw_b01,,,50000000,True
2026-06-08,naver_datalab_keyword,패션의류,,히트텍,0.00547,0.0010174586227293188,kw_b01,,,50000000,False
2026-06-08,naver_datalab_keyword,패션의류,,가디건,0.29755,0.05534640094938003,kw_b02,,,50000000,False
2026-06-08,naver_datalab_keyword,패션의류,,반팔,0.21358,0.039727388051650436,kw_b02,,,50000000,False
2026-06-08,naver_datalab_keyword,패션의류,,자켓,0.06389,0.011883991116302775,kw_b02,,,50000000,False
2026-06-08,naver_datalab_keyword,패션의류,,패션_앵커,5.37614,1.0,kw_b02,,,50000000,True
2026-06-09,naver_datalab_keyword,패션의류,,코트,0.05659,0.010594481658572751,kw_b01,,,50000000,False
2026-06-09,naver_datalab_keyword,패션의류,,패딩,0.02555,0.004783336391173949,kw_b01,,,50000000,False
2026-06-09,naver_datalab_keyword,패션의류,,패션_앵커,5.34146,1.0,kw_b01,,,50000000,True
2026-06-09,naver_datalab_keyword,패션의류,,히트텍,0.0073,0.001366667540335414,kw_b01,,,50000000,False
2026-06-09,naver_datalab_keyword,패션의류,,가디건,0.26287,0.0492131364832836,kw_b02,,,50000000,False
2026-06-09,naver_datalab_keyword,패션의류,,반팔,0.18072,0.03383344628622137,kw_b02,,,50000000,False
2026-06-09,naver_datalab_keyword,패션의류,,자켓,0.18985,0.035542716785298405,kw_b02,,,50000000,False
2026-06-09,naver_datalab_keyword,패션의류,,패션_앵커,5.34146,1.0,kw_b02,,,50000000,True
2026-06-10,naver_datalab_keyword,패션의류,,코트,0.00912,0.0016564500749216727,kw_b01,,,50000000,False
2026-06-10,naver_datalab_keyword,패션의류,,패딩,0.0292,0.005303546292512374,kw_b01,,,50000000,False
2026-06-10,naver_datalab_keyword,패션의류,,패션_앵커,5.50575,1.0,kw_b01,,,50000000,True
2026-06-10,naver_datalab_keyword,패션의류,,히트텍,0.01825,0.0033147164328202333,kw_b01,,,50000000,False
2026-06-10,naver_datalab_keyword,패션의류,,가디건,0.32859,0.059681242337556194,kw_b02,,,50000000,False
2026-06-10,naver_datalab_keyword,패션의류,,반팔,0.16064,0.029176769740725608,kw_b02,,,50000000,False
2026-06-10,naver_datalab_keyword,패션의류,,자켓,0.04928,0.008950642510103074,kw_b02,,,50000000,False
2026-06-10,naver_datalab_keyword,패션의류,,패션_앵커,5.50575,1.0,kw_b02,,,50000000,True
2026-06-11,naver_datalab_keyword,패션의류,,코트,0.03103,0.005843228972472987,kw_b01,,,50000000,False
2026-06-11,naver_datalab_keyword,패션의류,,패딩,0.05111,0.009624474147054283,kw_b01,,,50000000,False
2026-06-11,naver_datalab_keyword,패션의류,,패션_앵커,5.31042,1.0,kw_b01,,,50000000,True
2026-06-11,naver_datalab_keyword,패션의류,,히트텍,0.00547,0.0010300503538326535,kw_b01,,,50000000,False
2026-06-11,naver_datalab_keyword,패션의류,,가디건,0.23366,0.044000286229714414,kw_b02,,,50000000,False
2026-06-11,naver_datalab_keyword,패션의류,,반팔,0.16794,0.03162461726191149,kw_b02,,,50000000,False
2026-06-11,naver_datalab_keyword,패션의류,,자켓,0.13508,0.02543678277801003,kw_b02,,,50000000,False
2026-06-11,naver_datalab_keyword,패션의류,,패션_앵커,5.31042,1.0,kw_b02,,,50000000,True
2026-06-12,naver_datalab_keyword,패션의류,,코트,0.05476,0.011479915389082343,kw_b01,,,50000000,False
2026-06-12,naver_datalab_keyword,패션의류,,패딩,0.03651,0.007653975727819509,kw_b01,,,50000000,False
2026-06-12,naver_datalab_keyword,패션의류,,패션_앵커,4.77007,1.0,kw_b01,,,50000000,True
2026-06-12,naver_datalab_keyword,패션의류,,히트텍,0.0073,0.0015303758645051331,kw_b01,,,50000000,False
2026-06-12,naver_datalab_keyword,패션의류,,가디건,0.27747,0.058168957688251956,kw_b02,,,50000000,False
2026-06-12,naver_datalab_keyword,패션의류,,반팔,0.12596,0.026406321081241996,kw_b02,,,50000000,False
2026-06-12,naver_datalab_keyword,패션의류,,자켓,0.10953,0.022961927183458526,kw_b02,,,50000000,False
2026-06-12,naver_datalab_keyword,패션의류,,패션_앵커,4.77007,1.0,kw_b02,,,50000000,True
2026-06-13,naver_datalab_keyword,패션의류,,코트,0.04381,0.007736523773784822,kw_b01,,,50000000,False
2026-06-13,naver_datalab_keyword,패션의류,,패딩,0.01642,0.0028996512295262904,kw_b01,,,50000000,False
2026-06-13,naver_datalab_keyword,패션의류,,패션_앵커,5.66275,1.0,kw_b01,,,50000000,True
2026-06-13,naver_datalab_keyword,패션의류,,히트텍,0.00912,0.0016105249216370138,kw_b01,,,50000000,False
2026-06-13,naver_datalab_keyword,패션의류,,가디건,0.17707,0.03126925963533619,kw_b02,,,50000000,False
2026-06-13,naver_datalab_keyword,패션의류,,반팔,0.19898,0.03513840448545318,kw_b02,,,50000000,False
2026-06-13,naver_datalab_keyword,패션의류,,자켓,0.04381,0.007736523773784822,kw_b02,,,50000000,False
2026-06-13,naver_datalab_keyword,패션의류,,패션_앵커,5.66275,1.0,kw_b02,,,50000000,True
2026-06-14,naver_datalab_keyword,패션의류,,코트,0.0146,0.00207625545905866,kw_b01,,,50000000,False
2026-06-14,naver_datalab_keyword,패션의류,,패딩,0.02008,0.002855562302595746,kw_b01,,,50000000,False
2026-06-14,naver_datalab_keyword,패션의류,,패션_앵커,7.03189,1.0,kw_b01,,,50000000,True
2026-06-14,naver_datalab_keyword,패션의류,,히트텍,0.00182,0.0002588208859922439,kw_b01,,,50000000,False
2026-06-14,naver_datalab_keyword,패션의류,,가디건,0.22818,0.03244931305808253,kw_b02,,,50000000,False
2026-06-14,naver_datalab_keyword,패션의류,,반팔,0.14604,0.02076824296170731,kw_b02,,,50000000,False
2026-06-14,naver_datalab_keyword,패션의류,,자켓,0.05293,0.0075271370854777305,kw_b02,,,50000000,False
2026-06-14,naver_datalab_keyword,패션의류,,패션_앵커,7.03189,1.0,kw_b02,,,50000000,True
2026-06-15,naver_datalab_keyword,패션의류,,코트,0.02008,0.003649515639483106,kw_b01,,,50000000,False
2026-06-15,naver_datalab_keyword,패션의류,,패딩,0.0219,0.003980298431507969,kw_b01,,,50000000,False
2026-06-15,naver_datalab_keyword,패션의류,,패션_앵커,5.5021,1.0,kw_b01,,,50000000,True
2026-06-15,naver_datalab_keyword,패션의류,,가디건,0.25009,0.04545355409752639,kw_b02,,,50000000,False
2026-06-15,naver_datalab_keyword,패션의류,,반팔,0.12413,0.022560476908816633,kw_b02,,,50000000,False
2026-06-15,naver_datalab_keyword,패션의류,,자켓,0.03285,0.0059704476472619535,kw_b02,,,50000000,False
2026-06-15,naver_datalab_keyword,패션의류,,패션_앵커,5.5021,1.0,kw_b02,,,50000000,True
2026-06-16,naver_datalab_keyword,패션의류,,코트,0.02373,0.004294369724783925,kw_b01,,,50000000,False
2026-06-16,naver_datalab_keyword,패션의류,,패딩,0.0146,0.002642132236908778,kw_b01,,,50000000,False
2026-06-16,naver_datalab_keyword,패션의류,,패션_앵커,5.52584,1.0,kw_b01,,,50000000,True
2026-06-16,naver_datalab_keyword,패션의류,,가디건,0.19533,0.03534847190653367,kw_b02,,,50000000,False
2026-06-16,naver_datalab_keyword,패션의류,,반팔,0.13691,0.024776323599669917,kw_b02,,,50000000,False
2026-06-16,naver_datalab_keyword,패션의류,,자켓,0.02008,0.00363383666555673,kw_b02,,,50000000,False
2026-06-16,naver_datalab_keyword,패션의류,,패션_앵커,5.52584,1.0,kw_b02,,,50000000,True
2026-06-17,naver_datalab_keyword,패션의류,,코트,0.01277,0.0021242901011740986,kw_b01,,,50000000,False
2026-06-17,naver_datalab_keyword,패션의류,,패딩,0.00182,0.0003027570856802552,kw_b01,,,50000000,False
2026-06-17,naver_datalab_keyword,패션의류,,패션_앵커,6.01142,1.0,kw_b01,,,50000000,True
2026-06-17,naver_datalab_keyword,패션의류,,가디건,0.22271,0.03704781898453277,kw_b02,,,50000000,False
2026-06-17,naver_datalab_keyword,패션의류,,반팔,0.09857,0.016397124140386132,kw_b02,,,50000000,False
2026-06-17,naver_datalab_keyword,패션의류,,자켓,0.10587,0.017611479484048693,kw_b02,,,50000000,False
2026-06-17,naver_datalab_keyword,패션의류,,패션_앵커,6.01142,1.0,kw_b02,,,50000000,True
2026-06-18,naver_datalab_keyword,패션의류,,코트,0.04746,0.008557642374935089,kw_b01,,,50000000,False
2026-06-18,naver_datalab_keyword,패션의류,,패딩,0.02008,0.0036206797068836193,kw_b01,,,50000000,False
2026-06-18,naver_datalab_keyword,패션의류,,패션_앵커,5.54592,1.0,kw_b01,,,50000000,True
2026-06-18,naver_datalab_keyword,패션의류,,히트텍,0.00182,0.00032816917661992963,kw_b01,,,50000000,False
2026-06-18,naver_datalab_keyword,패션의류,,가디건,0.16247,0.029295409959032948,kw_b02,,,50000000,False
2026-06-18,naver_datalab_keyword,패션의류,,반팔,0.16247,0.029295409959032948,kw_b02,,,50000000,False
2026-06-18,naver_datalab_keyword,패션의류,,자켓,0.02008,0.0036206797068836193,kw_b02,,,50000000,False
2026-06-18,naver_datalab_keyword,패션의류,,패션_앵커,5.54592,1.0,kw_b02,,,50000000,True
2026-06-19,naver_datalab_keyword,패션의류,,코트,0.02373,0.004285876834772495,kw_b01,,,50000000,False
2026-06-19,naver_datalab_keyword,패션의류,,패딩,0.02008,0.0036266500987034004,kw_b01,,,50000000,False
2026-06-19,naver_datalab_keyword,패션의류,,패션_앵커,5.53679,1.0,kw_b01,,,50000000,True
2026-06-19,naver_datalab_keyword,패션의류,,가디건,0.15516,0.02802345763520018,kw_b02,,,50000000,False
2026-06-19,naver_datalab_keyword,패션의류,,반팔,0.08945,0.01615557028530972,kw_b02,,,50000000,False
2026-06-19,naver_datalab_keyword,패션의류,,자켓,0.07484,0.013516857240386579,kw_b02,,,50000000,False
2026-06-19,naver_datalab_keyword,패션의류,,패션_앵커,5.53679,1.0,kw_b02,,,50000000,True
2026-06-20,naver_datalab_keyword,패션의류,,코트,0.0219,0.003663089439597495,kw_b01,,,50000000,False
2026-06-20,naver_datalab_keyword,패션의류,,패딩,0.04016,0.006717336616175133,kw_b01,,,50000000,False
2026-06-20,naver_datalab_keyword,패션의류,,패션_앵커,5.97856,1.0,kw_b01,,,50000000,True
2026-06-20,naver_datalab_keyword,패션의류,,가디건,0.34137,0.05709903388106835,kw_b02,,,50000000,False
2026-06-20,naver_datalab_keyword,패션의류,,반팔,0.13326,0.022289648343413796,kw_b02,,,50000000,False
2026-06-20,naver_datalab_keyword,패션의류,,자켓,0.08397,0.014045188138949848,kw_b02,,,50000000,False
2026-06-20,naver_datalab_keyword,패션의류,,패션_앵커,5.97856,1.0,kw_b02,,,50000000,True
2026-06-21,naver_datalab_keyword,패션의류,,코트,0.01277,0.0019039979483937532,kw_b01,,,50000000,False
2026-06-21,naver_datalab_keyword,패션의류,,패딩,0.02373,0.0035381261797481417,kw_b01,,,50000000,False
2026-06-21,naver_datalab_keyword,패션의류,,패션_앵커,6.70694,1.0,kw_b01,,,50000000,True
2026-06-21,naver_datalab_keyword,패션의류,,히트텍,0.00182,0.00027136070995118487,kw_b01,,,50000000,False
2026-06-21,naver_datalab_keyword,패션의류,,가디건,0.16247,0.02422416183833462,kw_b02,,,50000000,False
2026-06-21,naver_datalab_keyword,패션의류,,반팔,0.12048,0.01796348260160371,kw_b02,,,50000000,False
2026-06-21,naver_datalab_keyword,패션의류,,자켓,0.1004,0.01496956883466976,kw_b02,,,50000000,False
2026-06-21,naver_datalab_keyword,패션의류,,패션_앵커,6.70694,1.0,kw_b02,,,50000000,True
2026-06-22,naver_datalab_keyword,패션의류,,코트,0.00365,0.0007045230379033394,kw_b01,,,50000000,False
2026-06-22,naver_datalab_keyword,패션의류,,패딩,0.05293,0.010216549149650344,kw_b01,,,50000000,False
2026-06-22,naver_datalab_keyword,패션의류,,패션_앵커,5.18081,1.0,kw_b01,,,50000000,True
2026-06-22,naver_datalab_keyword,패션의류,,히트텍,0.00547,0.0010558194568030868,kw_b01,,,50000000,False
2026-06-22,naver_datalab_keyword,패션의류,,가디건,0.24096,0.04651010170224347,kw_b02,,,50000000,False
2026-06-22,naver_datalab_keyword,패션의류,,반팔,0.12778,0.024664096926928416,kw_b02,,,50000000,False
2026-06-22,naver_datalab_keyword,패션의류,,자켓,0.05111,0.009865252730750597,kw_b02,,,50000000,False
2026-06-22,naver_datalab_keyword,패션의류,,패션_앵커,5.18081,1.0,kw_b02,,,50000000,True
2026-06-23,naver_datalab_keyword,패션의류,,코트,0.00547,0.001128167686555005,kw_b01,,,50000000,False
2026-06-23,naver_datalab_keyword,패션의류,,패딩,0.02008,0.004141427266183638,kw_b01,,,50000000,False
2026-06-23,naver_datalab_keyword,패션의류,,패션_앵커,4.84857,1.0,kw_b01,,,50000000,True
2026-06-23,naver_datalab_keyword,패션의류,,히트텍,0.01095,0.0022583978368879896,kw_b01,,,50000000,False
2026-06-23,naver_datalab_keyword,패션의류,,가디건,0.18255,0.03765027626702306,kw_b02,,,50000000,False
2026-06-23,naver_datalab_keyword,패션의류,,반팔,0.14604,0.030120221013618453,kw_b02,,,50000000,False
2026-06-23,naver_datalab_keyword,패션의류,,자켓,0.115,0.023718333446768845,kw_b02,,,50000000,False
2026-06-23,naver_datalab_keyword,패션의류,,패션_앵커,4.84857,1.0,kw_b02,,,50000000,True
2026-06-24,naver_datalab_keyword,패션의류,,코트,0.01825,0.0036051875191371254,kw_b01,,,50000000,False
2026-06-24,naver_datalab_keyword,패션의류,,패딩,0.01825,0.0036051875191371254,kw_b01,,,50000000,False
2026-06-24,naver_datalab_keyword,패션의류,,패션_앵커,5.06215,1.0,kw_b01,,,50000000,True
2026-06-24,naver_datalab_keyword,패션의류,,히트텍,0.00547,0.0010805685331331549,kw_b01,,,50000000,False
2026-06-24,naver_datalab_keyword,패션의류,,가디건,0.21723,0.042912596426419605,kw_b02,,,50000000,False
2026-06-24,naver_datalab_keyword,패션의류,,반팔,0.15334,0.030291476941615717,kw_b02,,,50000000,False
2026-06-24,naver_datalab_keyword,패션의류,,자켓,0.08762,0.017308850982290135,kw_b02,,,50000000,False
2026-06-24,naver_datalab_keyword,패션의류,,패션_앵커,5.06215,1.0,kw_b02,,,50000000,True
2026-06-25,naver_datalab_keyword,패션의류,,코트,0.02738,0.005473908966774693,kw_b01,,,50000000,False
2026-06-25,naver_datalab_keyword,패션의류,,패딩,0.04016,0.008028932947614012,kw_b01,,,50000000,False
2026-06-25,naver_datalab_keyword,패션의류,,패션_앵커,5.00191,1.0,kw_b01,,,50000000,True
2026-06-25,naver_datalab_keyword,패션의류,,히트텍,0.00182,0.00036386100509605334,kw_b01,,,50000000,False
2026-06-25,naver_datalab_keyword,패션의류,,가디건,0.25922,0.051824203154395024,kw_b02,,,50000000,False
2026-06-25,naver_datalab_keyword,패션의류,,반팔,0.11683,0.023357077596358192,kw_b02,,,50000000,False
2026-06-25,naver_datalab_keyword,패션의류,,자켓,0.1223,0.02445065984793809,kw_b02,,,50000000,False
2026-06-25,naver_datalab_keyword,패션의류,,패션_앵커,5.00191,1.0,kw_b02,,,50000000,True
2026-06-26,naver_datalab_keyword,패션의류,,코트,0.02555,0.005668707845225417,kw_b01,,,50000000,False
2026-06-26,naver_datalab_keyword,패션의류,,패딩,0.02373,0.0052649094781682644,kw_b01,,,50000000,False
2026-06-26,naver_datalab_keyword,패션의류,,패션_앵커,4.5072,1.0,kw_b01,,,50000000,True
2026-06-26,naver_datalab_keyword,패션의류,,히트텍,0.00547,0.001213613773517927,kw_b01,,,50000000,False
2026-06-26,naver_datalab_keyword,패션의류,,가디건,0.15516,0.03442492012779552,kw_b02,,,50000000,False
2026-06-26,naver_datalab_keyword,패션의류,,반팔,0.08762,0.019440007099751508,kw_b02,,,50000000,False
2026-06-26,naver_datalab_keyword,패션의류,,자켓,0.08214,0.018224174653887114,kw_b02,,,50000000,False
2026-06-26,naver_datalab_keyword,패션의류,,패션_앵커,4.5072,1.0,kw_b02,,,50000000,True
2026-06-27,naver_datalab_keyword,패션의류,,코트,0.0146,0.0030123340637211817,kw_b01,,,50000000,False
2026-06-27,naver_datalab_keyword,패션의류,,패딩,0.0219,0.004518501095581773,kw_b01,,,50000000,False
2026-06-27,naver_datalab_keyword,패션의류,,패션_앵커,4.84674,1.0,kw_b01,,,50000000,True
2026-06-27,naver_datalab_keyword,패션의류,,히트텍,0.00365,0.0007530835159302954,kw_b01,,,50000000,False
2026-06-27,naver_datalab_keyword,패션의류,,가디건,0.16064,0.033143927670970595,kw_b02,,,50000000,False
2026-06-27,naver_datalab_keyword,패션의류,,반팔,0.06936,0.014310650045185013,kw_b02,,,50000000,False
2026-06-27,naver_datalab_keyword,패션의류,,자켓,0.15516,0.032013270775820446,kw_b02,,,50000000,False
2026-06-27,naver_datalab_keyword,패션의류,,패션_앵커,4.84674,1.0,kw_b02,,,50000000,True
2026-06-28,naver_datalab_keyword,패션의류,,코트,0.04016,0.007409648779695792,kw_b01,,,50000000,False
2026-06-28,naver_datalab_keyword,패션의류,,패딩,0.0219,0.004040620225979528,kw_b01,,,50000000,False
2026-06-28,naver_datalab_keyword,패션의류,,패션_앵커,5.41996,1.0,kw_b01,,,50000000,True
2026-06-28,naver_datalab_keyword,패션의류,,히트텍,0.00182,0.000335795836131632,kw_b01,,,50000000,False
2026-06-28,naver_datalab_keyword,패션의류,,가디건,0.18437,0.03401685621296099,kw_b02,,,50000000,False
2026-06-28,naver_datalab_keyword,패션의류,,반팔,0.14056,0.025933770728935268,kw_b02,,,50000000,False
2026-06-28,naver_datalab_keyword,패션의류,,자켓,0.03468,0.006398571207167581,kw_b02,,,50000000,False
2026-06-28,naver_datalab_keyword,패션의류,,패션_앵커,5.41996,1.0,kw_b02,,,50000000,True
2026-06-29,naver_datalab_keyword,패션의류,,코트,0.02738,0.005687719677266571,kw_b01,,,50000000,False
2026-06-29,naver_datalab_keyword,패션의류,,패딩,0.02555,0.0053075689464631435,kw_b01,,,50000000,False
2026-06-29,naver_datalab_keyword,패션의류,,패션_앵커,4.81388,1.0,kw_b01,,,50000000,True
2026-06-29,naver_datalab_keyword,패션의류,,가디건,0.17707,0.03678321852642775,kw_b02,,,50000000,False
2026-06-29,naver_datalab_keyword,패션의류,,반팔,0.14239,0.029579050578743132,kw_b02,,,50000000,False
2026-06-29,naver_datalab_keyword,패션의류,,자켓,0.09675,0.020098132899033627,kw_b02,,,50000000,False
2026-06-29,naver_datalab_keyword,패션의류,,패션_앵커,4.81388,1.0,kw_b02,,,50000000,True
2026-06-30,naver_datalab_keyword,패션의류,,코트,0.0931,0.01692081205357954,kw_b01,,,50000000,False
2026-06-30,naver_datalab_keyword,패션의류,,패딩,0.01095,0.0019901492157539846,kw_b01,,,50000000,False
2026-06-30,naver_datalab_keyword,패션의류,,패션_앵커,5.5021,1.0,kw_b01,,,50000000,True
2026-06-30,naver_datalab_keyword,패션의류,,히트텍,0.00182,0.00033078279202486323,kw_b01,,,50000000,False
2026-06-30,naver_datalab_keyword,패션의류,,가디건,0.27017,0.04910306973700951,kw_b02,,,50000000,False
2026-06-30,naver_datalab_keyword,패션의류,,반팔,0.13508,0.024550626124570617,kw_b02,,,50000000,False
2026-06-30,naver_datalab_keyword,패션의류,,자켓,0.04198,0.007629814070991076,kw_b02,,,50000000,False
2026-06-30,naver_datalab_keyword,패션의류,,패션_앵커,5.5021,1.0,kw_b02,,,50000000,True
2026-07-01,naver_datalab_keyword,패션의류,,코트,0.0292,0.00522899225500291,kw_b01,,,50000000,False
2026-07-01,naver_datalab_keyword,패션의류,,패딩,0.01095,0.001960872095626091,kw_b01,,,50000000,False
2026-07-01,naver_datalab_keyword,패션의류,,패션_앵커,5.58425,1.0,kw_b01,,,50000000,True
2026-07-01,naver_datalab_keyword,패션의류,,히트텍,0.01095,0.001960872095626091,kw_b01,,,50000000,False
2026-07-01,naver_datalab_keyword,패션의류,,가디건,0.15151,0.02713166495053051,kw_b02,,,50000000,False
2026-07-01,naver_datalab_keyword,패션의류,,반팔,0.15699,0.028112996373729684,kw_b02,,,50000000,False
2026-07-01,naver_datalab_keyword,패션의류,,자켓,0.07849,0.014055602811478713,kw_b02,,,50000000,False
2026-07-01,naver_datalab_keyword,패션의류,,패션_앵커,5.58425,1.0,kw_b02,,,50000000,True
2026-07-02,naver_datalab_keyword,패션의류,,코트,0.04746,0.008457435718320703,kw_b01,,,50000000,False
2026-07-02,naver_datalab_keyword,패션의류,,패딩,0.0073,0.001300869800753079,kw_b01,,,50000000,False
2026-07-02,naver_datalab_keyword,패션의류,,패션_앵커,5.61163,1.0,kw_b01,,,50000000,True
2026-07-02,naver_datalab_keyword,패션의류,,히트텍,0.00365,0.0006504349003765395,kw_b01,,,50000000,False
2026-07-02,naver_datalab_keyword,패션의류,,가디건,0.18072,0.0322045466290543,kw_b02,,,50000000,False
2026-07-02,naver_datalab_keyword,패션의류,,반팔,0.09127,0.016264436536264866,kw_b02,,,50000000,False
2026-07-02,naver_datalab_keyword,패션의류,,자켓,0.05841,0.01040874041945032,kw_b02,,,50000000,False
2026-07-02,naver_datalab_keyword,패션의류,,패션_앵커,5.61163,1.0,kw_b02,,,50000000,True
2026-07-03,naver_datalab_keyword,패션의류,,코트,0.01642,0.0030656863440663472,kw_b01,,,50000000,False
2026-07-03,naver_datalab_keyword,패션의류,,패딩,0.01095,0.0020444132440637333,kw_b01,,,50000000,False
2026-07-03,naver_datalab_keyword,패션의류,,패션_앵커,5.35606,1.0,kw_b01,,,50000000,True
2026-07-03,naver_datalab_keyword,패션의류,,히트텍,0.00182,0.000339802018648036,kw_b01,,,50000000,False
2026-07-03,naver_datalab_keyword,패션의류,,가디건,0.13873,0.02590150222364947,kw_b02,,,50000000,False
2026-07-03,naver_datalab_keyword,패션의류,,반팔,0.09857,0.01840345328469061,kw_b02,,,50000000,False
2026-07-03,naver_datalab_keyword,패션의류,,자켓,0.06936,0.012949817589795484,kw_b02,,,50000000,False
2026-07-03,naver_datalab_keyword,패션의류,,패션_앵커,5.35606,1.0,kw_b02,,,50000000,True
2026-07-04,naver_datalab_keyword,패션의류,,코트,0.09127,0.012879145999873002,kw_b01,,,50000000,False
2026-07-04,naver_datalab_keyword,패션의류,,패딩,0.0146,0.0020602118067069774,kw_b01,,,50000000,False
2026-07-04,naver_datalab_keyword,패션의류,,패션_앵커,7.08665,1.0,kw_b01,,,50000000,True
2026-07-04,naver_datalab_keyword,패션의류,,히트텍,0.00182,0.00025682092384977386,kw_b01,,,50000000,False
2026-07-04,naver_datalab_keyword,패션의류,,가디건,0.12048,0.017000980717264153,kw_b02,,,50000000,False
2026-07-04,naver_datalab_keyword,패션의류,,반팔,0.08945,0.012622325076023228,kw_b02,,,50000000,False
2026-07-04,naver_datalab_keyword,패션의류,,자켓,0.11135,0.015712642786083694,kw_b02,,,50000000,False
2026-07-04,naver_datalab_keyword,패션의류,,패션_앵커,7.08665,1.0,kw_b02,,,50000000,True
2026-07-05,naver_datalab_keyword,패션의류,,코트,0.04563,0.007386435377188978,kw_b01,,,50000000,False
2026-07-05,naver_datalab_keyword,패션의류,,패딩,0.04016,0.006500969641637286,kw_b01,,,50000000,False
2026-07-05,naver_datalab_keyword,패션의류,,패션_앵커,6.17754,1.0,kw_b01,,,50000000,True
2026-07-05,naver_datalab_keyword,패션의류,,히트텍,0.00365,0.0005908500794814765,kw_b01,,,50000000,False
2026-07-05,naver_datalab_keyword,패션의류,,가디건,0.25009,0.04048375243219793,kw_b02,,,50000000,False
2026-07-05,naver_datalab_keyword,패션의류,,반팔,0.07302,0.01182023912431162,kw_b02,,,50000000,False
2026-07-05,naver_datalab_keyword,패션의류,,자켓,0.05659,0.009160604382974454,kw_b02,,,50000000,False
2026-07-05,naver_datalab_keyword,패션의류,,패션_앵커,6.17754,1.0,kw_b02,,,50000000,True
2026-07-06,naver_datalab_keyword,패션의류,,코트,0.02373,0.004551496354775044,kw_b01,,,50000000,False
2026-07-06,naver_datalab_keyword,패션의류,,패딩,0.05111,0.00980307537684587,kw_b01,,,50000000,False
2026-07-06,naver_datalab_keyword,패션의류,,패션_앵커,5.21367,1.0,kw_b01,,,50000000,True
2026-07-06,naver_datalab_keyword,패션의류,,히트텍,0.0073,0.0014001653345915642,kw_b01,,,50000000,False
2026-07-06,naver_datalab_keyword,패션의류,,가디건,0.12778,0.024508647459467136,kw_b02,,,50000000,False
2026-07-06,naver_datalab_keyword,패션의류,,반팔,0.15516,0.02976022648153796,kw_b02,,,50000000,False
2026-07-06,naver_datalab_keyword,패션의류,,자켓,0.06206,0.011903323378733215,kw_b02,,,50000000,False
2026-07-06,naver_datalab_keyword,패션의류,,패션_앵커,5.21367,1.0,kw_b02,,,50000000,True
2026-07-07,naver_datalab_keyword,패션의류,,코트,0.05476,0.009639148037317373,kw_b01,,,50000000,False
2026-07-07,naver_datalab_keyword,패션의류,,패딩,0.01825,0.003212462594613624,kw_b01,,,50000000,False
2026-07-07,naver_datalab_keyword,패션의류,,패션_앵커,5.681,1.0,kw_b01,,,50000000,True
2026-07-07,naver_datalab_keyword,패션의류,,히트텍,0.00182,0.0003203661327231121,kw_b01,,,50000000,False
2026-07-07,naver_datalab_keyword,패션의류,,가디건,0.16794,0.029561696884351348,kw_b02,,,50000000,False
2026-07-07,naver_datalab_keyword,패션의류,,반팔,0.14421,0.025384615384615384,kw_b02,,,50000000,False
2026-07-07,naver_datalab_keyword,패션의류,,자켓,0.04928,0.008674529132195035,kw_b02,,,50000000,False
2026-07-07,naver_datalab_keyword,패션의류,,패션_앵커,5.681,1.0,kw_b02,,,50000000,True
2026-07-08,naver_datalab_keyword,패션의류,,코트,0.08397,0.013780099350626974,kw_b01,,,50000000,False
2026-07-08,naver_datalab_keyword,패션의류,,패딩,0.02008,0.003295276824587229,kw_b01,,,50000000,False
2026-07-08,naver_datalab_keyword,패션의류,,패션_앵커,6.09357,1.0,kw_b01,,,50000000,True
2026-07-08,naver_datalab_keyword,패션의류,,히트텍,0.0146,0.0023959682091122285,kw_b01,,,50000000,False
2026-07-08,naver_datalab_keyword,패션의류,,가디건,0.19898,0.032654092756791174,kw_b02,,,50000000,False
2026-07-08,naver_datalab_keyword,패션의류,,반팔,0.12778,0.02096964505207949,kw_b02,,,50000000,False
2026-07-08,naver_datalab_keyword,패션의류,,자켓,0.06389,0.010484822526039744,kw_b02,,,50000000,False
2026-07-08,naver_datalab_keyword,패션의류,,패션_앵커,6.09357,1.0,kw_b02,,,50000000,True
2026-07-09,naver_datalab_keyword,패션의류,,코트,0.03468,0.00713115108046809,kw_b01,,,50000000,False
2026-07-09,naver_datalab_keyword,패션의류,,패딩,0.01277,0.0026258592646360296,kw_b01,,,50000000,False
2026-07-09,naver_datalab_keyword,패션의류,,패션_앵커,4.86317,1.0,kw_b01,,,50000000,True
2026-07-09,naver_datalab_keyword,패션의류,,히트텍,0.00182,0.0003742414926889251,kw_b01,,,50000000,False
2026-07-09,naver_datalab_keyword,패션의류,,가디건,0.26287,0.054053220430295465,kw_b02,,,50000000,False
2026-07-09,naver_datalab_keyword,패션의류,,반팔,0.07119,0.014638599925562957,kw_b02,,,50000000,False
2026-07-09,naver_datalab_keyword,패션의류,,자켓,0.06206,0.012761223646304776,kw_b02,,,50000000,False
2026-07-09,naver_datalab_keyword,패션의류,,패션_앵커,4.86317,1.0,kw_b02,,,50000000,True
2026-07-10,naver_datalab_keyword,패션의류,,코트,0.0292,0.006197404306347034,kw_b01,,,50000000,False
2026-07-10,naver_datalab_keyword,패션의류,,패딩,0.0219,0.004648053229760275,kw_b01,,,50000000,False
2026-07-10,naver_datalab_keyword,패션의류,,패션_앵커,4.71165,1.0,kw_b01,,,50000000,True
2026-07-10,naver_datalab_keyword,패션의류,,가디건,0.16977,0.03603196332494986,kw_b02,,,50000000,False
2026-07-10,naver_datalab_keyword,패션의류,,반팔,0.06206,0.013171606549722497,kw_b02,,,50000000,False
2026-07-10,naver_datalab_keyword,패션의류,,자켓,0.04563,0.009684505428034765,kw_b02,,,50000000,False
2026-07-10,naver_datalab_keyword,패션의류,,패션_앵커,4.71165,1.0,kw_b02,,,50000000,True
2026-07-11,naver_datalab_keyword,패션의류,,코트,0.04198,0.007263503576384444,kw_b01,,,50000000,False
2026-07-11,naver_datalab_keyword,패션의류,,패딩,0.03833,0.006631969797113286,kw_b01,,,50000000,False
2026-07-11,naver_datalab_keyword,패션의류,,패션_앵커,5.77958,1.0,kw_b01,,,50000000,True
2026-07-11,naver_datalab_keyword,패션의류,,히트텍,0.0073,0.0012630675585423162,kw_b01,,,50000000,False
2026-07-11,naver_datalab_keyword,패션의류,,가디건,0.19533,0.033796573453434335,kw_b02,,,50000000,False
2026-07-11,naver_datalab_keyword,패션의류,,반팔,0.07484,0.012949037819357117,kw_b02,,,50000000,False
2026-07-11,naver_datalab_keyword,패션의류,,자켓,0.08214,0.014212105377899433,kw_b02,,,50000000,False
2026-07-11,naver_datalab_keyword,패션의류,,패션_앵커,5.77958,1.0,kw_b02,,,50000000,True
2026-07-12,naver_datalab_keyword,패션의류,,코트,0.03285,0.004259153614770252,kw_b01,,,50000000,False
2026-07-12,naver_datalab_keyword,패션의류,,패딩,0.00547,0.000709210662794316,kw_b01,,,50000000,False
2026-07-12,naver_datalab_keyword,패션의류,,패션_앵커,7.7128,1.0,kw_b01,,,50000000,True
2026-07-12,naver_datalab_keyword,패션의류,,히트텍,0.01277,0.0016556892438543721,kw_b01,,,50000000,False
2026-07-12,naver_datalab_keyword,패션의류,,가디건,0.25557,0.033135826159112126,kw_b02,,,50000000,False
2026-07-12,naver_datalab_keyword,패션의류,,반팔,0.15516,0.020117207758531274,kw_b02,,,50000000,False
2026-07-12,naver_datalab_keyword,패션의류,,자켓,0.0219,0.002839435743180168,kw_b02,,,50000000,False
2026-07-12,naver_datalab_keyword,패션의류,,패션_앵커,7.7128,1.0,kw_b02,,,50000000,True
2026-07-13,naver_datalab_keyword,패션의류,,코트,0.06024,0.009739929020105582,kw_b01,,,50000000,False
2026-07-13,naver_datalab_keyword,패션의류,,패딩,0.03285,0.005311365675804587,kw_b01,,,50000000,False
2026-07-13,naver_datalab_keyword,패션의류,,패션_앵커,6.18485,1.0,kw_b01,,,50000000,True
2026-07-13,naver_datalab_keyword,패션의류,,히트텍,0.00547,0.0008844191855905964,kw_b01,,,50000000,False
2026-07-13,naver_datalab_keyword,패션의류,,가디건,0.14604,0.023612537086590623,kw_b02,,,50000000,False
2026-07-13,naver_datalab_keyword,패션의류,,반팔,0.11683,0.018889706298455097,kw_b02,,,50000000,False
2026-07-13,naver_datalab_keyword,패션의류,,자켓,0.0292,0.004721213934048522,kw_b02,,,50000000,False
2026-07-13,naver_datalab_keyword,패션의류,,패션_앵커,6.18485,1.0,kw_b02,,,50000000,True
2026-07-14,naver_datalab_keyword,패션의류,,코트,0.01095,0.0018993994775350477,kw_b01,,,50000000,False
2026-07-14,naver_datalab_keyword,패션의류,,패딩,0.01642,0.002848231910605067,kw_b01,,,50000000,False
2026-07-14,naver_datalab_keyword,패션의류,,패션_앵커,5.76498,1.0,kw_b01,,,50000000,True
2026-07-14,naver_datalab_keyword,패션의류,,히트텍,0.01095,0.0018993994775350477,kw_b01,,,50000000,False
2026-07-14,naver_datalab_keyword,패션의류,,가디건,0.1862,0.03229846417507086,kw_b02,,,50000000,False
2026-07-14,naver_datalab_keyword,패션의류,,반팔,0.08579,0.014881231157783722,kw_b02,,,50000000,False
2026-07-14,naver_datalab_keyword,패션의류,,자켓,0.01825,0.003165665795891746,kw_b02,,,50000000,False
2026-07-14,naver_datalab_keyword,패션의류,,패션_앵커,5.76498,1.0,kw_b02,,,50000000,True
2026-07-15,naver_datalab_keyword,패션의류,,코트,0.04563,0.007968023133984327,kw_b01,,,50000000,False
2026-07-15,naver_datalab_keyword,패션의류,,패딩,0.00912,0.001592556891999497,kw_b01,,,50000000,False
2026-07-15,naver_datalab_keyword,패션의류,,패션_앵커,5.72664,1.0,kw_b01,,,50000000,True
2026-07-15,naver_datalab_keyword,패션의류,,가디건,0.29208,0.051003729935878636,kw_b02,,,50000000,False
2026-07-15,naver_datalab_keyword,패션의류,,반팔,0.07849,0.0137061173742369,kw_b02,,,50000000,False
2026-07-15,naver_datalab_keyword,패션의류,,자켓,0.0146,0.00254948800692902,kw_b02,,,50000000,False
2026-07-15,naver_datalab_keyword,패션의류,,패션_앵커,5.72664,1.0,kw_b02,,,50000000,True
2026-07-16,naver_datalab_keyword,패션의류,,코트,0.04381,0.008107662953661773,kw_b01,,,50000000,False
2026-07-16,naver_datalab_keyword,패션의류,,패딩,0.02373,0.004391573656480116,kw_b01,,,50000000,False
2026-07-16,naver_datalab_keyword,패션의류,,패션_앵커,5.40353,1.0,kw_b01,,,50000000,True
2026-07-16,naver_datalab_keyword,패션의류,,가디건,0.16794,0.031079683096050175,kw_b02,,,50000000,False
2026-07-16,naver_datalab_keyword,패션의류,,반팔,0.03651,0.006756694235064856,kw_b02,,,50000000,False
2026-07-16,naver_datalab_keyword,패션의류,,자켓,0.04381,0.008107662953661773,kw_b02,,,50000000,False
2026-07-16,naver_datalab_keyword,패션의류,,패션_앵커,5.40353,1.0,kw_b02,,,50000000,True
2026-07-17,naver_datalab_keyword,패션의류,,코트,0.08579,0.014527037324275172,kw_b01,,,50000000,False
2026-07-17,naver_datalab_keyword,패션의류,,패딩,0.02008,0.0034001971030591612,kw_b01,,,50000000,False
2026-07-17,naver_datalab_keyword,패션의류,,패션_앵커,5.90554,1.0,kw_b01,,,50000000,True
2026-07-17,naver_datalab_keyword,패션의류,,히트텍,0.00365,0.0006180637164425268,kw_b01,,,50000000,False
2026-07-17,naver_datalab_keyword,패션의류,,가디건,0.18255,0.030911652448378978,kw_b02,,,50000000,False
2026-07-17,naver_datalab_keyword,패션의류,,반팔,0.04198,0.007108579401714323,kw_b02,,,50000000,False
2026-07-17,naver_datalab_keyword,패션의류,,자켓,0.06936,0.011744903937658539,kw_b02,,,50000000,False
2026-07-17,naver_datalab_keyword,패션의류,,패션_앵커,5.90554,1.0,kw_b02,,,50000000,True
2026-07-18,naver_datalab_keyword,패션의류,,코트,0.03468,0.005905310692903411,kw_b01,,,50000000,False
2026-07-18,naver_datalab_keyword,패션의류,,패딩,0.02738,0.004662266631248425,kw_b01,,,50000000,False
2026-07-18,naver_datalab_keyword,패션의류,,패션_앵커,5.87268,1.0,kw_b01,,,50000000,True
2026-07-18,naver_datalab_keyword,패션의류,,히트텍,0.01095,0.001864566092482478,kw_b01,,,50000000,False
2026-07-18,naver_datalab_keyword,패션의류,,가디건,0.1935,0.03294918163427941,kw_b02,,,50000000,False
2026-07-18,naver_datalab_keyword,패션의류,,반팔,0.08214,0.013986799893745275,kw_b02,,,50000000,False
2026-07-18,naver_datalab_keyword,패션의류,,자켓,0.09675,0.016474590817139704,kw_b02,,,50000000,False
2026-07-18,naver_datalab_keyword,패션의류,,패션_앵커,5.87268,1.0,kw_b02,,,50000000,True
2026-07-19,naver_datalab_keyword,패션의류,,코트,0.05111,0.008098801897062342,kw_b01,,,50000000,False
2026-07-19,naver_datalab_keyword,패션의류,,패딩,0.0073,0.0011567453306310918,kw_b01,,,50000000,False
2026-07-19,naver_datalab_keyword,패션의류,,패션_앵커,6.31081,1.0,kw_b01,,,50000000,True
2026-07-19,naver_datalab_keyword,패션의류,,히트텍,0.00547,0.0008667667066509687,kw_b01,,,50000000,False
2026-07-19,naver_datalab_keyword,패션의류,,가디건,0.22453,0.03557863412145192,kw_b02,,,50000000,False
2026-07-19,naver_datalab_keyword,패션의류,,반팔,0.07667,0.012148995136915863,kw_b02,,,50000000,False
2026-07-19,naver_datalab_keyword,패션의류,,자켓,0.10587,0.01677597645944023,kw_b02,,,50000000,False
2026-07-19,naver_datalab_keyword,패션의류,,패션_앵커,6.31081,1.0,kw_b02,,,50000000,True
2026-07-20,naver_datalab_keyword,패션의류,,코트,0.03833,0.00792631607245145,kw_b01,,,50000000,False
2026-07-20,naver_datalab_keyword,패션의류,,패딩,0.0219,0.00452873263727333,kw_b01,,,50000000,False
2026-07-20,naver_datalab_keyword,패션의류,,패션_앵커,4.83579,1.0,kw_b01,,,50000000,True
2026-07-20,naver_datalab_keyword,패션의류,,가디건,0.23549,0.048697317294588885,kw_b02,,,50000000,False
2026-07-20,naver_datalab_keyword,패션의류,,반팔,0.14239,0.02944503380006162,kw_b02,,,50000000,False
2026-07-20,naver_datalab_keyword,패션의류,,자켓,0.07849,0.016231060488565468,kw_b02,,,50000000,False
2026-07-20,naver_datalab_keyword,패션의류,,패션_앵커,4.83579,1.0,kw_b02,,,50000000,True
2026-07-21,naver_datalab_keyword,패션의류,,코트,0.01642,0.0031615895748412946,kw_b01,,,50000000,False
2026-07-21,naver_datalab_keyword,패션의류,,패딩,0.01277,0.0024588001748308973,kw_b01,,,50000000,False
2026-07-21,naver_datalab_keyword,패션의류,,패션_앵커,5.19359,1.0,kw_b01,,,50000000,True
2026-07-21,naver_datalab_keyword,패션의류,,히트텍,0.00912,0.0017560107748204998,kw_b01,,,50000000,False
2026-07-21,naver_datalab_keyword,패션의류,,가디건,0.20263,0.039015401677837486,kw_b02,,,50000000,False
2026-07-21,naver_datalab_keyword,패션의류,,반팔,0.07484,0.014410070875829628,kw_b02,,,50000000,False
2026-07-21,naver_datalab_keyword,패션의류,,자켓,0.05476,0.010543766450566948,kw_b02,,,50000000,False
2026-07-21,naver_datalab_keyword,패션의류,,패션_앵커,5.19359,1.0,kw_b02,,,50000000,True
2026-07-22,naver_datalab_keyword,패션의류,,코트,0.0292,0.00574550935317764,kw_b01,,,50000000,False
2026-07-22,naver_datalab_keyword,패션의류,,패딩,0.04563,0.008978342184434785,kw_b01,,,50000000,False
2026-07-22,naver_datalab_keyword,패션의류,,패션_앵커,5.08223,1.0,kw_b01,,,50000000,True
2026-07-22,naver_datalab_keyword,패션의류,,히트텍,0.01095,0.002154566007441615,kw_b01,,,50000000,False
2026-07-22,naver_datalab_keyword,패션의류,,가디건,0.20993,0.04130667049700624,kw_b02,,,50000000,False
2026-07-22,naver_datalab_keyword,패션의류,,반팔,0.14239,0.028017228657498772,kw_b02,,,50000000,False
2026-07-22,naver_datalab_keyword,패션의류,,자켓,0.0219,0.00430913201488323,kw_b02,,,50000000,False
2026-07-22,naver_datalab_keyword,패션의류,,패션_앵커,5.08223,1.0,kw_b02,,,50000000,True
2026-07-23,naver_datalab_keyword,패션의류,,코트,0.03833,0.0070863375855056395,kw_b01,,,50000000,False
2026-07-23,naver_datalab_keyword,패션의류,,패딩,0.03285,0.0060732113144758735,kw_b01,,,50000000,False
2026-07-23,naver_datalab_keyword,패션의류,,패션_앵커,5.409,1.0,kw_b01,,,50000000,True
2026-07-23,naver_datalab_keyword,패션의류,,히트텍,0.0219,0.004048807542983915,kw_b01,,,50000000,False
2026-07-23,naver_datalab_keyword,패션의류,,가디건,0.27747,0.05129783693843594,kw_b02,,,50000000,False
2026-07-23,naver_datalab_keyword,패션의류,,반팔,0.12048,0.022273987798114254,kw_b02,,,50000000,False
2026-07-23,naver_datalab_keyword,패션의류,,자켓,0.08214,0.015185801442041045,kw_b02,,,50000000,False
2026-07-23,naver_datalab_keyword,패션의류,,패션_앵커,5.409,1.0,kw_b02,,,50000000,True
2026-07-24,naver_datalab_keyword,패션의류,,코트,0.07484,0.013362663105194371,kw_b01,,,50000000,False
2026-07-24,naver_datalab_keyword,패션의류,,패딩,0.01642,0.0029317868544533883,kw_b01,,,50000000,False
2026-07-24,naver_datalab_keyword,패션의류,,패션_앵커,5.60068,1.0,kw_b01,,,50000000,True
2026-07-24,naver_datalab_keyword,패션의류,,히트텍,0.01277,0.00228008027596649,kw_b01,,,50000000,False
2026-07-24,naver_datalab_keyword,패션의류,,가디건,0.18072,0.03226751037374033,kw_b02,,,50000000,False
2026-07-24,naver_datalab_keyword,패션의류,,반팔,0.06754,0.012059249948220574,kw_b02,,,50000000,False
2026-07-24,naver_datalab_keyword,패션의류,,자켓,0.02555,0.004561946049408286,kw_b02,,,50000000,False
2026-07-24,naver_datalab_keyword,패션의류,,패션_앵커,5.60068,1.0,kw_b02,,,50000000,True
2026-07-25,naver_datalab_keyword,패션의류,,코트,0.04198,0.007502859593937661,kw_b01,,,50000000,False
2026-07-25,naver_datalab_keyword,패션의류,,패딩,0.0292,0.005218758936231055,kw_b01,,,50000000,False
2026-07-25,naver_datalab_keyword,패션의류,,패션_앵커,5.5952,1.0,kw_b01,,,50000000,True
2026-07-25,naver_datalab_keyword,패션의류,,히트텍,0.00182,0.0003252788104089219,kw_b01,,,50000000,False
2026-07-25,naver_datalab_keyword,패션의류,,가디건,0.26104,0.0466542750929368,kw_b02,,,50000000,False
2026-07-25,naver_datalab_keyword,패션의류,,반팔,0.08214,0.0146804403774664,kw_b02,,,50000000,False
2026-07-25,naver_datalab_keyword,패션의류,,자켓,0.06389,0.01141871604232199,kw_b02,,,50000000,False
2026-07-25,naver_datalab_keyword,패션의류,,패션_앵커,5.5952,1.0,kw_b02,,,50000000,True
2026-07-26,naver_datalab_keyword,패션의류,,코트,0.04198,0.005782305429141277,kw_b01,,,50000000,False
2026-07-26,naver_datalab_keyword,패션의류,,패딩,0.01825,0.0025137464049982917,kw_b01,,,50000000,False
2026-07-26,naver_datalab_keyword,패션의류,,패션_앵커,7.26008,1.0,kw_b01,,,50000000,True
2026-07-26,naver_datalab_keyword,패션의류,,히트텍,0.00365,0.0005027492809996584,kw_b01,,,50000000,False
2026-07-26,naver_datalab_keyword,패션의류,,가디건,0.18802,0.02589778625028925,kw_b02,,,50000000,False
2026-07-26,naver_datalab_keyword,패션의류,,반팔,0.14786,0.0203661667640026,kw_b02,,,50000000,False
2026-07-26,naver_datalab_keyword,패션의류,,자켓,0.02373,0.003268559024142985,kw_b02,,,50000000,False
2026-07-26,naver_datalab_keyword,패션의류,,패션_앵커,7.26008,1.0,kw_b02,,,50000000,True
2026-07-27,naver_datalab_keyword,패션의류,,코트,0.11865,0.019512267320529075,kw_b01,,,50000000,False
2026-07-27,naver_datalab_keyword,패션의류,,패딩,0.02738,0.00450270441834038,kw_b01,,,50000000,False
2026-07-27,naver_datalab_keyword,패션의류,,패션_앵커,6.08079,1.0,kw_b01,,,50000000,True
2026-07-27,naver_datalab_keyword,패션의류,,히트텍,0.00182,0.0002993032155361392,kw_b01,,,50000000,False
2026-07-27,naver_datalab_keyword,패션의류,,가디건,0.2008,0.0330220250987125,kw_b02,,,50000000,False
2026-07-27,naver_datalab_keyword,패션의류,,반팔,0.12961,0.021314664706395058,kw_b02,,,50000000,False
2026-07-27,naver_datalab_keyword,패션의류,,자켓,0.06024,0.00990660752961375,kw_b02,,,50000000,False
2026-07-27,naver_datalab_keyword,패션의류,,패션_앵커,6.08079,1.0,kw_b02,,,50000000,True
2026-07-28,naver_datalab_keyword,패션의류,,코트,0.02555,0.0038716579484910385,kw_b01,,,50000000,False
2026-07-28,naver_datalab_keyword,패션의류,,패딩,0.0073,0.001106187985283154,kw_b01,,,50000000,False
2026-07-28,naver_datalab_keyword,패션의류,,패션_앵커,6.59924,1.0,kw_b01,,,50000000,True
2026-07-28,naver_datalab_keyword,패션의류,,히트텍,0.01642,0.0024881653038834775,kw_b01,,,50000000,False
2026-07-28,naver_datalab_keyword,패션의류,,가디건,0.20993,0.03181123886993048,kw_b02,,,50000000,False
2026-07-28,naver_datalab_keyword,패션의류,,반팔,0.14969,0.0226829150023336,kw_b02,,,50000000,False
2026-07-28,naver_datalab_keyword,패션의류,,자켓,0.01277,0.0019350713112419005,kw_b02,,,50000000,False
2026-07-28,naver_datalab_keyword,패션의류,,패션_앵커,6.59924,1.0,kw_b02,,,50000000,True
2026-07-29,naver_datalab_keyword,패션의류,,코트,0.09675,0.015375324788837593,kw_b01,,,50000000,False
2026-07-29,naver_datalab_keyword,패션의류,,패딩,0.05293,0.008411534274658126,kw_b01,,,50000000,False
2026-07-29,naver_datalab_keyword,패션의류,,패션_앵커,6.29255,1.0,kw_b01,,,50000000,True
2026-07-29,naver_datalab_keyword,패션의류,,가디건,0.30486,0.04844776759819151,kw_b02,,,50000000,False
2026-07-29,naver_datalab_keyword,패션의류,,반팔,0.09857,0.01566455570476198,kw_b02,,,50000000,False
2026-07-29,naver_datalab_keyword,패션의류,,자켓,0.05111,0.008122303358733741,kw_b02,,,50000000,False
2026-07-29,naver_datalab_keyword,패션의류,,패션_앵커,6.29255,1.0,kw_b02,,,50000000,True
2026-07-30,naver_datalab_keyword,패션의류,,코트,0.11318,0.02225372550330424,kw_b01,,,50000000,False
2026-07-30,naver_datalab_keyword,패션의류,,패딩,0.10222,0.020098743779358184,kw_b01,,,50000000,False
2026-07-30,naver_datalab_keyword,패션의류,,패션_앵커,5.08589,1.0,kw_b01,,,50000000,True
2026-07-30,naver_datalab_keyword,패션의류,,가디건,0.13873,0.027277428336043442,kw_b02,,,50000000,False
2026-07-30,naver_datalab_keyword,패션의류,,반팔,0.15334,0.030150081893237958,kw_b02,,,50000000,False
2026-07-30,naver_datalab_keyword,패션의류,,자켓,0.11318,0.02225372550330424,kw_b02,,,50000000,False
2026-07-30,naver_datalab_keyword,패션의류,,패션_앵커,5.08589,1.0,kw_b02,,,50000000,True
2026-07-31,naver_datalab_keyword,패션의류,,코트,0.07302,0.01447689288050913,kw_b01,,,50000000,False
2026-07-31,naver_datalab_keyword,패션의류,,패딩,0.0073,0.0014472927694839312,kw_b01,,,50000000,False
2026-07-31,naver_datalab_keyword,패션의류,,패션_앵커,5.0439,1.0,kw_b01,,,50000000,True
2026-07-31,naver_datalab_keyword,패션의류,,히트텍,0.00547,0.0010844782806954936,kw_b01,,,50000000,False
2026-07-31,naver_datalab_keyword,패션의류,,가디건,0.19898,0.03944963222902912,kw_b02,,,50000000,False
2026-07-31,naver_datalab_keyword,패션의류,,반팔,0.09127,0.01809512480421896,kw_b02,,,50000000,False
2026-07-31,naver_datalab_keyword,패션의류,,자켓,0.04381,0.008685739209738497,kw_b02,,,50000000,False
2026-07-31,naver_datalab_keyword,패션의류,,패션_앵커,5.0439,1.0,kw_b02,,,50000000,True
