date,category,ratio,rescaled
2023-01-01,남성의류,21.83542,0.3499366408106899
2023-01-01,스포츠_레저,57.9121,0.9281051491701445
2023-01-01,여성의류,32.50333,0.5209016412490037
2023-01-01,패션의류_앵커,62.39821,1.0
2023-01-01,패션잡화,52.80534,0.8462636989105938
2023-01-02,남성의류,20.78627,0.3470467268155311
2023-01-02,스포츠_레저,58.40161,0.9750709286109145
2023-01-02,여성의류,31.48755,0.5257148667336842
2023-01-02,패션의류_앵커,59.89473,1.0
2023-01-02,패션잡화,51.3351,0.8570887622333383
2023-01-03,남성의류,21.04185,0.3405262642584859
2023-01-03,스포츠_레저,58.70219,0.9499942953918904
2023-01-03,여성의류,33.09678,0.5356146371343286
2023-01-03,패션의류_앵커,61.79215,1.0
2023-01-03,패션잡화,51.37201,0.831367900291542
2023-01-04,남성의류,20.42297,0.3335419436592069
2023-01-04,스포츠_레저,59.59606,0.9733053364339622
2023-01-04,여성의류,33.01623,0.5392113647769848
2023-01-04,패션의류_앵커,61.23059,1.0
2023-01-04,패션잡화,51.1595,0.8355219180478255
2023-01-05,남성의류,19.46186,0.33248466163864426
2023-01-05,스포츠_레저,57.9358,0.9897699839462499
2023-01-05,여성의류,31.57819,0.5394789510001006
2023-01-05,패션의류_앵커,58.53461,1.0
2023-01-05,패션잡화,49.26807,0.841691266073183
2023-01-06,남성의류,18.12679,0.3253725888682047
2023-01-06,스포츠_레저,56.31183,1.0107871228720715
2023-01-06,여성의류,30.40687,0.5457977949366075
2023-01-06,패션의류_앵커,55.71087,1.0
2023-01-06,패션잡화,47.13622,0.8460865895650167
2023-01-07,남성의류,20.07593,0.32862675410216047
2023-01-07,스포츠_레저,57.91331,0.9479940946502698
2023-01-07,여성의류,33.67937,0.5513040762398395
2023-01-07,패션의류_앵커,61.09037,1.0
2023-01-07,패션잡화,51.02672,0.8352661802506679
2023-01-08,남성의류,22.42126,0.3312399318765505
2023-01-08,스포츠_레저,62.32645,0.9207782725907121
2023-01-08,여성의류,37.2535,0.5503636638691615
2023-01-08,패션의류_앵커,67.68888,1.0
2023-01-08,패션잡화,56.13118,0.8292526039727648
2023-01-09,남성의류,19.69513,0.3296327786211248
2023-01-09,스포츠_레저,59.20467,0.990894697290485
2023-01-09,여성의류,32.54071,0.5446262429140717
2023-01-09,패션의류_앵커,59.7487,1.0
2023-01-09,패션잡화,51.01838,0.8538826786189491
2023-01-10,남성의류,19.13152,0.3259632530763
2023-01-10,스포츠_레저,58.69215,0.999998125817612
2023-01-10,여성의류,32.14471,0.5476822667929299
2023-01-10,패션의류_앵커,58.69226,1.0
2023-01-10,패션잡화,49.80112,0.8485125636668276
2023-01-11,남성의류,18.96927,0.32670190774044644
2023-01-11,스포츠_레저,58.82561,1.0131354032598767
2023-01-11,여성의류,31.66351,0.5453309021780334
2023-01-11,패션의류_앵커,58.06293,1.0
2023-01-11,패션잡화,50.61702,0.8717613802817046
2023-01-12,남성의류,18.24265,0.3263462914897351
2023-01-12,스포츠_레저,58.43015,1.0452682457696083
2023-01-12,여성의류,30.48923,0.545427727927553
2023-01-12,패션의류_앵커,55.89967,1.0
2023-01-12,패션잡화,49.02096,0.8769454274059221
2023-01-13,남성의류,17.44728,0.3221208568015114
2023-01-13,스포츠_레저,56.16029,1.0368608019715024
2023-01-13,여성의류,29.2018,0.5391389853402007
2023-01-13,패션의류_앵커,54.16377,1.0
2023-01-13,패션잡화,47.31811,0.8736118257647132
2023-01-14,남성의류,18.85673,0.3207052316672251
2023-01-14,스포츠_레저,57.9031,0.984785119145817
2023-01-14,여성의류,32.01602,0.5445114349710958
2023-01-14,패션의류_앵커,58.7977,1.0
2023-01-14,패션잡화,51.72469,0.8797060089085118
2023-01-15,남성의류,21.2915,0.3252047545892796
2023-01-15,스포츠_레저,59.85644,0.9142427203714131
2023-01-15,여성의류,35.95114,0.5491149830169239
2023-01-15,패션의류_앵커,65.47106,1.0
2023-01-15,패션잡화,55.81409,0.8525001733590384
2023-01-16,남성의류,19.10128,0.32883066355646984
2023-01-16,스포츠_레저,58.27646,1.003235752343407
2023-01-16,여성의류,30.91649,0.5322308202139838
2023-01-16,패션의류_앵커,58.0885,1.0
2023-01-16,패션잡화,51.34355,0.8838849341952365
2023-01-17,남성의류,18.27973,0.32674319982482875
2023-01-17,스포츠_레저,57.20198,1.022463569293193
2023-01-17,여성의류,29.75416,0.5318442584491087
2023-01-17,패션의류_앵커,55.94525,1.0
2023-01-17,패션잡화,49.10822,0.8777906971548076
2023-01-18,남성의류,16.84749,0.32201524802117476
2023-01-18,스포츠_레저,54.00651,1.0322558263817372
2023-01-18,여성의류,27.86184,0.5325385157033058
2023-01-18,패션의류_앵커,52.31892,1.0
2023-01-18,패션잡화,46.87681,0.8959819889248478
2023-01-19,남성의류,16.26599,0.3265440790612163
2023-01-19,스포츠_레저,54.49826,1.094067076282398
2023-01-19,여성의류,25.80071,0.5179561210891875
2023-01-19,패션의류_앵커,49.81254,1.0
2023-01-19,패션잡화,45.66255,0.9166878460724951
2023-01-20,남성의류,15.4864,0.33963772034979633
2023-01-20,스포츠_레저,51.9941,1.140301012219712
2023-01-20,여성의류,23.46573,0.5146352311411191
2023-01-20,패션의류_앵커,45.59682,1.0
2023-01-20,패션잡화,42.7483,0.937528099547293
2023-01-21,남성의류,16.73213,0.3474924539563615
2023-01-21,스포츠_레저,53.64733,1.1141463967771426
2023-01-21,여성의류,24.28426,0.5043348993770853
2023-01-21,패션의류_앵커,48.15106,1.0
2023-01-21,패션잡화,45.91878,0.9536400652446695
2023-01-22,남성의류,16.89659,0.347933997808603
2023-01-22,스포츠_레저,51.67253,1.0640389534092367
2023-01-22,여성의류,24.86462,0.5120113964173687
2023-01-22,패션의류_앵커,48.56263,1.0
2023-01-22,패션잡화,46.5167,0.9578702800898551
2023-01-23,남성의류,20.03583,0.3466883420816531
2023-01-23,스포츠_레저,57.19757,0.9897134640491209
2023-01-23,여성의류,30.1421,0.5215613566225804
2023-01-23,패션의류_앵커,57.79205,1.0
2023-01-23,패션잡화,52.80247,0.9136632114624762
2023-01-24,남성의류,23.14912,0.33442819994221323
2023-01-24,스포츠_레저,65.01782,0.9392924010401619
2023-01-24,여성의류,37.18338,0.537176827506501
2023-01-24,패션의류_앵커,69.22,1.0
2023-01-24,패션잡화,61.05741,0.8820775787344698
2023-01-25,남성의류,21.19501,0.3430006775858266
2023-01-25,스포츠_레저,65.76274,1.0642441017909658
2023-01-25,여성의류,31.8569,0.5155429643951062
2023-01-25,패션의류_앵커,61.79291,1.0
2023-01-25,패션잡화,57.26881,0.9267860989229995
2023-01-26,남성의류,20.52362,0.33508443389372256
2023-01-26,스포츠_레저,65.12796,1.0633292570829613
2023-01-26,여성의류,31.83005,0.519681921856811
2023-01-26,패션의류_앵커,61.2491,1.0
2023-01-26,패션잡화,56.07416,0.9155099421869056
2023-01-27,남성의류,19.78333,0.33644054796906087
2023-01-27,스포츠_레저,63.96096,1.0877370205636352
2023-01-27,여성의류,30.61006,0.5205627849187083
2023-01-27,패션의류_앵커,58.80186,1.0
2023-01-27,패션잡화,54.7417,0.9309518440403076
2023-01-28,남성의류,21.44576,0.3313584892133462
2023-01-28,스포츠_레저,65.01816,1.0045957461536275
2023-01-28,여성의류,34.63239,0.5351051409811263
2023-01-28,패션의류_앵커,64.72072,1.0
2023-01-28,패션잡화,58.8834,0.9098075546749171
2023-01-29,남성의류,23.51186,0.3363185742021576
2023-01-29,스포츠_레저,65.9046,0.9427132138998582
2023-01-29,여성의류,37.37573,0.5346302769480938
2023-01-29,패션의류_앵커,69.90949,1.0
2023-01-29,패션잡화,61.53021,0.880141022341888
2023-01-30,남성의류,21.22212,0.33799196449432173
2023-01-30,스포츠_레저,67.06169,1.0680512759992502
2023-01-30,여성의류,32.81442,0.5226155671319246
2023-01-30,패션의류_앵커,62.78883,1.0
2023-01-30,패션잡화,58.87237,0.9376248928352383
2023-01-31,남성의류,20.58828,0.33285639870053907
2023-01-31,스포츠_레저,66.71234,1.0785567925677093
2023-01-31,여성의류,32.6795,0.528338485844095
2023-01-31,패션의류_앵커,61.85334,1.0
2023-01-31,패션잡화,57.5513,0.9304477332994466
2023-02-01,남성의류,19.19305,0.31766758812592
2023-02-01,스포츠_레저,61.11757,1.0115677838601518
2023-02-01,여성의류,33.21486,0.5497450622042925
2023-02-01,패션의류_앵커,60.41866,1.0
2023-02-01,패션잡화,56.19867,0.9301541940850724
2023-02-02,남성의류,18.93809,0.31169321291172053
2023-02-02,스포츠_레저,59.40218,0.9776728454749316
2023-02-02,여성의류,33.17393,0.5459942806591643
2023-02-02,패션의류_앵커,60.75875,1.0
2023-02-02,패션잡화,54.6681,0.8997568251486412
2023-02-03,남성의류,18.07761,0.3187556799086489
2023-02-03,스포츠_레저,60.84344,1.0728294329383743
2023-02-03,여성의류,31.01301,0.5468407100586709
2023-02-03,패션의류_앵커,56.71306,1.0
2023-02-03,패션잡화,54.67095,0.9639922444671474
2023-02-04,남성의류,20.6292,0.32391270316182774
2023-02-04,스포츠_레저,64.92003,1.0193522970666313
2023-02-04,여성의류,34.77439,0.5460156799926139
2023-02-04,패션의류_앵커,63.68753,1.0
2023-02-04,패션잡화,59.19545,0.929466883077425
2023-02-05,남성의류,23.53195,0.3310500323847864
2023-02-05,스포츠_레저,68.92011,0.9695756045488386
2023-02-05,여성의류,38.53357,0.5420944544077917
2023-02-05,패션의류_앵커,71.08276,1.0
2023-02-05,패션잡화,63.14457,0.8883246795706864
2023-02-06,남성의류,21.61092,0.3295726139104528
2023-02-06,스포츠_레저,71.34401,1.0880162372797402
2023-02-06,여성의류,34.86364,0.5316803248187961
2023-02-06,패션의류_앵커,65.57256,1.0
2023-02-06,패션잡화,59.55902,0.9082918220670354
2023-02-07,남성의류,20.30909,0.3191778703485717
2023-02-07,스포츠_레저,69.314,1.0893395472343121
2023-02-07,여성의류,34.38523,0.5403986334614608
2023-02-07,패션의류_앵커,63.62938,1.0
2023-02-07,패션잡화,57.53645,0.9042434485453105
2023-02-08,남성의류,19.1576,0.30835837985980813
2023-02-08,스포츠_레저,64.88906,1.0444463509116946
2023-02-08,여성의류,34.5412,0.5559709186126449
2023-02-08,패션의류_앵커,62.12771,1.0
2023-02-08,패션잡화,54.85671,0.8829668758111316
2023-02-09,남성의류,19.49678,0.31457850731886927
2023-02-09,스포츠_레저,66.43698,1.0719537277013729
2023-02-09,여성의류,33.82971,0.5458388346604016
2023-02-09,패션의류_앵커,61.97747,1.0
2023-02-09,패션잡화,54.6297,0.8814444991058848
2023-02-10,남성의류,19.23339,0.3181685916912585
2023-02-10,스포츠_레저,67.77513,1.1211709253434763
2023-02-10,여성의류,32.79942,0.5425848105659011
2023-02-10,패션의류_앵커,60.45031,1.0
2023-02-10,패션잡화,54.67625,0.9044825411151738
2023-02-11,남성의류,22.29513,0.322056533123166
2023-02-11,스포츠_레저,71.20511,1.0285686097032707
2023-02-11,여성의류,38.08851,0.5501943017343716
2023-02-11,패션의류_앵커,69.22738,1.0
2023-02-11,패션잡화,60.56034,0.8748032931478845
2023-02-12,남성의류,25.4308,0.3243721593615924
2023-02-12,스포츠_레저,74.99128,0.9565205745352013
2023-02-12,여성의류,43.61196,0.5562745033263363
2023-02-12,패션의류_앵커,78.40007,1.0
2023-02-12,패션잡화,66.57657,0.8491901856720282
2023-02-13,남성의류,23.2878,0.3300563629086481
2023-02-13,스포츠_레저,75.07074,1.0639723548493532
2023-02-13,여성의류,38.28037,0.5425450103915923
2023-02-13,패션의류_앵커,70.55704,1.0
2023-02-13,패션잡화,62.42602,0.8847596214353664
2023-02-14,남성의류,22.72997,0.3252053353203363
2023-02-14,스포츠_레저,74.75314,1.0695183478001968
2023-02-14,여성의류,38.23057,0.5469776394925989
2023-02-14,패션의류_앵커,69.89421,1.0
2023-02-14,패션잡화,62.35997,0.8922050910940977
2023-02-15,남성의류,22.42891,0.323411020156854
2023-02-15,스포츠_레저,76.34184,1.1008021502182375
2023-02-15,여성의류,37.58998,0.5420242793553383
2023-02-15,패션의류_앵커,69.3511,1.0
2023-02-15,패션잡화,62.47057,0.9007870098671831
2023-02-16,남성의류,22.67514,0.32611113683869597
2023-02-16,스포츠_레저,75.34443,1.0835945322394283
2023-02-16,여성의류,37.29827,0.5364192340958702
2023-02-16,패션의류_앵커,69.53194,1.0
2023-02-16,패션잡화,61.99973,0.8916726615135432
2023-02-17,남성의류,21.41425,0.32359247830804244
2023-02-17,스포츠_레저,84.08759,1.2706544307202245
2023-02-17,여성의류,35.20843,0.5320374573489723
2023-02-17,패션의류_앵커,66.1766,1.0
2023-02-17,패션잡화,62.90648,0.9505849499672091
2023-02-18,남성의류,25.37018,0.32413480130307143
2023-02-18,스포츠_레저,87.53799,1.1184039291451717
2023-02-18,여성의류,42.74237,0.5460855858008244
2023-02-18,패션의류_앵커,78.27046,1.0
2023-02-18,패션잡화,72.27673,0.9234228341062516
2023-02-19,남성의류,29.2808,0.3370852226704801
2023-02-19,스포츠_레저,91.42363,1.0524833568718608
2023-02-19,여성의류,47.28455,0.5443472536823942
2023-02-19,패션의류_앵커,86.86468,1.0
2023-02-19,패션잡화,79.01642,0.9096495836973093
2023-02-20,남성의류,26.59084,0.3479456740361038
2023-02-20,스포츠_레저,92.84137,1.2148451520555692
2023-02-20,여성의류,39.75024,0.5201386661683834
2023-02-20,패션의류_앵커,76.42239,1.0
2023-02-20,패션잡화,72.53109,0.9490816761946337
2023-02-21,남성의류,26.42012,0.34357106296918954
2023-02-21,스포츠_레저,96.97707,1.2611038490187592
2023-02-21,여성의류,39.8776,0.5185740799307555
2023-02-21,패션의류_앵커,76.89856,1.0
2023-02-21,패션잡화,73.86043,0.9604917179203355
2023-02-22,남성의류,26.16384,0.34672650620020595
2023-02-22,스포츠_레저,94.18841,1.248196683814476
2023-02-22,여성의류,38.79685,0.5141407473854549
2023-02-22,패션의류_앵커,75.45959,1.0
2023-02-22,패션잡화,73.28732,0.9712128040981933
2023-02-23,남성의류,24.77759,0.3418627981363216
2023-02-23,스포츠_레저,87.59313,1.2085450005153275
2023-02-23,여성의류,37.86219,0.5223943982029347
2023-02-23,패션의류_앵커,72.47817,1.0
2023-02-23,패션잡화,68.42616,0.9440933732184462
2023-02-24,남성의류,22.42468,0.3372544136216332
2023-02-24,스포츠_레저,75.66645,1.1379803067682852
2023-02-24,여성의류,35.60547,0.535485987161139
2023-02-24,패션의류_앵커,66.49188,1.0
2023-02-24,패션잡화,61.60242,0.9264653067412142
2023-02-25,남성의류,25.83661,0.3392711384197766
2023-02-25,스포츠_레저,79.28452,1.0411175986116423
2023-02-25,여성의류,40.89449,0.5370023457952172
2023-02-25,패션의류_앵커,76.15328,1.0
2023-02-25,패션잡화,67.42349,0.8853655417074616
2023-02-26,남성의류,29.17054,0.34870854112108496
2023-02-26,스포츠_레저,85.24551,1.0190362409891232
2023-02-26,여성의류,44.40278,0.5307967776914823
2023-02-26,패션의류_앵커,83.65307,1.0
2023-02-26,패션잡화,73.59908,0.879813257301854
2023-02-27,남성의류,25.30158,0.3521040381584578
2023-02-27,스포츠_레저,77.76466,1.0821952942076938
2023-02-27,여성의류,37.52298,0.5221805429439208
2023-02-27,패션의류_앵커,71.85825,1.0
2023-02-27,패션잡화,65.15459,0.9067099463179246
2023-02-28,남성의류,26.53492,0.3552594285279737
2023-02-28,스포츠_레저,87.39099,1.1700232435558076
2023-02-28,여성의류,38.11859,0.51034593281955
2023-02-28,패션의류_앵커,74.69167,1.0
2023-02-28,패션잡화,68.58845,0.9182878090689363
2023-03-01,남성의류,31.16768,0.3522684863172443
2023-03-01,스포츠_레저,91.11188,1.0297796965676753
2023-03-01,여성의류,46.868,0.5297192289165125
2023-03-01,패션의류_앵커,88.47706,1.0
2023-03-01,패션잡화,76.35641,0.8630079932583655
2023-03-02,남성의류,26.74946,0.3577697454433592
2023-03-02,스포츠_레저,88.56252,1.184509527901588
2023-03-02,여성의류,38.20476,0.5109825491776145
2023-03-02,패션의류_앵커,74.76725,1.0
2023-03-02,패션잡화,66.82727,0.8938040385329138
2023-03-03,남성의류,26.63503,0.35783414060320007
2023-03-03,스포츠_레저,94.6051,1.2709929237992148
2023-03-03,여성의류,37.49324,0.5037111395718167
2023-03-03,패션의류_앵커,74.43401,1.0
2023-03-03,패션잡화,67.75667,0.9102918141854779
2023-03-04,남성의류,30.61328,0.3471777900787196
2023-03-04,스포츠_레저,99.3983,1.1272520334829066
2023-03-04,여성의류,46.58496,0.5283087426014315
2023-03-04,패션의류_앵커,88.17753,1.0
2023-03-04,패션잡화,73.88117,0.8378684456232783
2023-03-05,남성의류,32.9798,0.3477627636193233
2023-03-05,스포츠_레저,96.77062,1.0204191125584559
2023-03-05,여성의류,51.43837,0.5424032197670481
2023-03-05,패션의류_앵커,94.83419,1.0
2023-03-05,패션잡화,75.25554,0.7935486136381825
2023-03-06,남성의류,31.02486,0.35669384871927645
2023-03-06,스포츠_레저,99.00257,1.1382358446226537
2023-03-06,여성의류,44.65319,0.5133792126279735
2023-03-06,패션의류_앵커,86.97896,1.0
2023-03-06,패션잡화,71.419,0.82110662164735
2023-03-07,남성의류,32.50372,0.3611159717312996
2023-03-07,스포츠_레저,96.15445,1.0682748820146943
2023-03-07,여성의류,46.25667,0.5139110949794071
2023-03-07,패션의류_앵커,90.00909,1.0
2023-03-07,패션잡화,72.57255,0.806280232363198
2023-03-08,남성의류,33.56577,0.3660351392215675
2023-03-08,스포츠_레저,100.0,1.0905012434440429
2023-03-08,여성의류,46.63628,0.5085692132960454
2023-03-08,패션의류_앵커,91.70095,1.0
2023-03-08,패션잡화,75.31143,0.8212720806054898
2023-03-09,남성의류,26.48414,0.34024631112716724
2023-03-09,스포츠_레저,79.77022,1.0248217647543993
2023-03-09,여성의류,42.89665,0.5511006557967598
2023-03-09,패션의류_앵커,77.83814,1.0
2023-03-09,패션잡화,61.17063,0.7858696263811032
2023-03-10,남성의류,22.79332,0.32843481028699933
2023-03-10,스포츠_레저,73.73953,1.0625318534641945
2023-03-10,여성의류,38.97877,0.5616551222099535
2023-03-10,패션의류_앵커,69.39983,1.0
2023-03-10,패션잡화,56.35978,0.8121025656691091
2023-03-11,남성의류,27.98147,0.3448491025520944
2023-03-11,스포츠_레저,80.59208,0.9932325378476039
2023-03-11,여성의류,44.24334,0.5452635652418254
2023-03-11,패션의류_앵커,81.1412,1.0
2023-03-11,패션잡화,64.57676,0.7958566055222254
2023-03-12,남성의류,34.93021,0.3493021
2023-03-12,스포츠_레저,96.13367,0.9613366999999999
2023-03-12,여성의류,53.50585,0.5350585
2023-03-12,패션의류_앵커,100.0,1.0
2023-03-12,패션잡화,78.25755,0.7825755
2023-03-13,남성의류,29.04291,0.34966665201841823
2023-03-13,스포츠_레저,92.51266,1.1138206223659488
2023-03-13,여성의류,43.44254,0.5230332469086677
2023-03-13,패션의류_앵커,83.05885,1.0
2023-03-13,패션잡화,68.95528,0.8301978657301419
2023-03-14,남성의류,28.95016,0.3436486308912416
2023-03-14,스포츠_레저,94.77982,1.1250699608954948
2023-03-14,여성의류,44.84873,0.5323702757328787
2023-03-14,패션의류_앵커,84.24349,1.0
2023-03-14,패션잡화,69.36849,0.8234284928129164
2023-03-15,남성의류,26.38838,0.3316674786043119
2023-03-15,스포츠_레저,87.27039,1.0968748444624095
2023-03-15,여성의류,43.93838,0.5522480617816677
2023-03-15,패션의류_앵커,79.56276,1.0
2023-03-15,패션잡화,62.89555,0.7905149343738201
2023-03-16,남성의류,22.25348,0.3123204701280959
2023-03-16,스포츠_레저,70.28544,0.9864336572958511
2023-03-16,여성의류,41.71924,0.5855161821965312
2023-03-16,패션의류_앵커,71.25207,1.0
2023-03-16,패션잡화,54.75189,0.768425254171563
2023-03-17,남성의류,15.34193,0.2785562289611196
2023-03-17,스포츠_레저,37.95448,0.6891216959652556
2023-03-17,여성의류,36.25514,0.6582675764299175
2023-03-17,패션의류_앵커,55.0766,1.0
2023-03-17,패션잡화,39.03156,0.7086777324671457
2023-03-18,남성의류,19.54181,0.2985922693767899
2023-03-18,스포츠_레저,51.62812,0.7888602700802656
2023-03-18,여성의류,41.07995,0.6276877882030917
2023-03-18,패션의류_앵커,65.44647,1.0
2023-03-18,패션잡화,47.07126,0.7192329853695699
2023-03-19,남성의류,23.0734,0.308210715069056
2023-03-19,스포츠_레저,59.33828,0.7926310690998234
2023-03-19,여성의류,46.22532,0.6174702874953816
2023-03-19,패션의류_앵커,74.86242,1.0
2023-03-19,패션잡화,52.95708,0.7073920399580991
2023-03-20,남성의류,20.42612,0.31336714904918805
2023-03-20,스포츠_레저,59.11396,0.9068963226597974
2023-03-20,여성의류,39.42903,0.6049001337931484
2023-03-20,패션의류_앵커,65.18271,1.0
2023-03-20,패션잡화,48.10971,0.7380747133710764
2023-03-21,남성의류,20.0454,0.3085578176862212
2023-03-21,스포츠_레저,58.72654,0.903974628725921
2023-03-21,여성의류,39.7502,0.611872796980396
2023-03-21,패션의류_앵커,64.96481,1.0
2023-03-21,패션잡화,47.68659,0.7340372426241223
2023-03-22,남성의류,17.94823,0.299510006706682
2023-03-22,스포츠_레저,49.88888,0.832517679090855
2023-03-22,여성의류,37.56913,0.6269325932565054
2023-03-22,패션의류_앵커,59.92531,1.0
2023-03-22,패션잡화,42.23296,0.7047599753760139
2023-03-23,남성의류,18.38546,0.2985479420112128
2023-03-23,스포츠_레저,50.77944,0.824569921475006
2023-03-23,여성의류,38.29305,0.6218126318749966
2023-03-23,패션의류_앵커,61.58294,1.0
2023-03-23,패션잡화,44.81013,0.7276386934433465
2023-03-24,남성의류,16.9643,0.2876556630656084
2023-03-24,스포츠_레저,44.37703,0.752480443609957
2023-03-24,여성의류,37.91123,0.6428429114836913
2023-03-24,패션의류_앵커,58.97433,1.0
2023-03-24,패션잡화,41.40075,0.7020130622933741
2023-03-25,남성의류,16.62499,0.2993034012948998
2023-03-25,스포츠_레저,42.61432,0.7671951032673868
2023-03-25,여성의류,35.04335,0.6308932425082737
2023-03-25,패션의류_앵커,55.54561,1.0
2023-03-25,패션잡화,39.05549,0.7031246933826093
2023-03-26,남성의류,20.18962,0.3157158785088673
2023-03-26,스포츠_레저,48.63871,0.7605895037741189
2023-03-26,여성의류,39.30096,0.6145701163588939
2023-03-26,패션의류_앵커,63.9487,1.0
2023-03-26,패션잡화,44.32845,0.6931876644873155
2023-03-27,남성의류,17.35619,0.31473361906152164
2023-03-27,스포츠_레저,48.83993,0.8856533561577387
2023-03-27,여성의류,33.66044,0.6103915721366961
2023-03-27,패션의류_앵커,55.14565,1.0
2023-03-27,패션잡화,40.19611,0.7289080825051476
2023-03-28,남성의류,16.38301,0.3021533229375784
2023-03-28,스포츠_레저,39.98845,0.7375105701957826
2023-03-28,여성의류,34.21763,0.6310788193102838
2023-03-28,패션의류_앵커,54.22085,1.0
2023-03-28,패션잡화,37.6377,0.6941554770904551
2023-03-29,남성의류,15.4894,0.29927096006712894
2023-03-29,스포츠_레저,35.70369,0.689831599948297
2023-03-29,여성의류,32.8894,0.6354566551339517
2023-03-29,패션의류_앵커,51.75711,1.0
2023-03-29,패션잡화,35.73544,0.6904450422367091
2023-03-30,남성의류,14.79626,0.2929502318059641
2023-03-30,스포츠_레저,36.25905,0.7178906766009818
2023-03-30,여성의류,32.3776,0.6410420893739893
2023-03-30,패션의류_앵커,50.50776,1.0
2023-03-30,패션잡화,35.0924,0.6947922457855981
2023-03-31,남성의류,13.94101,0.29751376328284573
2023-03-31,스포츠_레저,33.7999,0.7213204385897333
2023-03-31,여성의류,29.81891,0.6363625111159436
2023-03-31,패션의류_앵커,46.85837,1.0
2023-03-31,패션잡화,33.63915,0.717889888188599
2023-04-01,남성의류,16.22614,0.30461041703821207
2023-04-01,스포츠_레저,36.01022,0.676013403793987
2023-04-01,여성의류,33.30337,0.6251981940546477
2023-04-01,패션의류_앵커,53.2685,1.0
2023-04-01,패션잡화,38.08657,0.7149923500755606
2023-04-02,남성의류,21.00789,0.32984193316520855
2023-04-02,스포츠_레저,43.25667,0.6791669061047769
2023-04-02,여성의류,37.67722,0.5915647445360224
2023-04-02,패션의류_앵커,63.69078,1.0
2023-04-02,패션잡화,44.13423,0.6929453525298325
2023-04-03,남성의류,18.68137,0.3299662639536527
2023-04-03,스포츠_레저,41.78523,0.7380463119966088
2023-04-03,여성의류,33.57789,0.5930812844425604
2023-04-03,패션의류_앵커,56.616,1.0
2023-04-03,패션잡화,41.61257,0.7349966440582167
2023-04-04,남성의류,17.88811,0.31530366122268255
2023-04-04,스포츠_레저,39.81814,0.7018519745840865
2023-04-04,여성의류,34.48928,0.6079231543709336
2023-04-04,패션의류_앵커,56.73296,1.0
2023-04-04,패션잡화,41.36649,0.7291438698068988
2023-04-05,남성의류,17.19391,0.3110963026678538
2023-04-05,스포츠_레저,40.31121,0.729366873914509
2023-04-05,여성의류,33.44071,0.6050561646296815
2023-04-05,패션의류_앵커,55.26877,1.0
2023-04-05,패션잡화,42.68982,0.7724040176758049
2023-04-06,남성의류,15.52692,0.3051066473780579
2023-04-06,스포츠_레저,41.72613,0.8199256280293196
2023-04-06,여성의류,31.09715,0.611064343701943
2023-04-06,패션의류_앵커,50.89014,1.0
2023-04-06,패션잡화,39.02916,0.7669297038679791
2023-04-07,남성의류,14.21869,0.3040761723248509
2023-04-07,스포츠_레저,36.65862,0.783969047240725
2023-04-07,여성의류,29.18792,0.624203143308136
2023-04-07,패션의류_앵커,46.76029,1.0
2023-04-07,패션잡화,35.35898,0.7561753787241269
2023-04-08,남성의류,15.1614,0.29869359231380266
2023-04-08,스포츠_레저,34.86635,0.6868993188208444
2023-04-08,여성의류,32.22676,0.6348969562860133
2023-04-08,패션의류_앵커,50.75904,1.0
2023-04-08,패션잡화,37.54951,0.7397600506234948
2023-04-09,남성의류,17.92643,0.31238420488399227
2023-04-09,스포츠_레저,39.05147,0.6805070728249338
2023-04-09,여성의류,35.59151,0.6202141503897128
2023-04-09,패션의류_앵커,57.38584,1.0
2023-04-09,패션잡화,42.10785,0.7337672498999753
2023-04-10,남성의류,16.16848,0.3144524211320223
2023-04-10,스포츠_레저,37.17422,0.7229822149450318
2023-04-10,여성의류,31.50995,0.612820751687788
2023-04-10,패션의류_앵커,51.41789,1.0
2023-04-10,패션잡화,38.61795,0.7510605744420862
2023-04-11,남성의류,16.03587,0.3054422338834868
2023-04-11,스포츠_레저,38.24215,0.7284149674765003
2023-04-11,여성의류,32.63509,0.6216148417634118
2023-04-11,패션의류_앵커,52.5005,1.0
2023-04-11,패션잡화,39.24532,0.7475227854972809
2023-04-12,남성의류,15.59879,0.3030692022832984
2023-04-12,스포츠_레저,35.91736,0.6978391043998959
2023-04-12,여성의류,32.11992,0.6240585668377716
2023-04-12,패션의류_앵커,51.4694,1.0
2023-04-12,패션잡화,37.64412,0.7313883589083999
2023-04-13,남성의류,14.81173,0.29753757655525076
2023-04-13,스포츠_레저,34.72429,0.6975404692228206
2023-04-13,여성의류,31.43026,0.6313700959240708
2023-04-13,패션의류_앵커,49.78104,1.0
2023-04-13,패션잡화,36.5366,0.7339460967468739
2023-04-14,남성의류,13.86734,0.2940719666606441
2023-04-14,스포츠_레저,32.46112,0.6883732134935155
2023-04-14,여성의류,29.9455,0.6350267663182931
2023-04-14,패션의류_앵커,47.15628,1.0
2023-04-14,패션잡화,35.88659,0.7610140155245494
2023-04-15,남성의류,15.46922,0.2900611634270495
2023-04-15,스포츠_레저,33.61683,0.6303444401546646
2023-04-15,여성의류,34.24955,0.6422084836761585
2023-04-15,패션의류_앵커,53.33089,1.0
2023-04-15,패션잡화,40.12264,0.7523339662998311
2023-04-16,남성의류,18.33706,0.30781242052709495
2023-04-16,스포츠_레저,38.43637,0.6452065972394165
2023-04-16,여성의류,37.00061,0.621105418484699
2023-04-16,패션의류_앵커,59.57219,1.0
2023-04-16,패션잡화,44.27911,0.7432849119698303
2023-04-17,남성의류,16.44219,0.31236575665845073
2023-04-17,스포츠_레저,38.40734,0.7296557101175927
2023-04-17,여성의류,32.3036,0.6136979597481802
2023-04-17,패션의류_앵커,52.63762,1.0
2023-04-17,패션잡화,39.49552,0.7503287572652411
2023-04-18,남성의류,15.51142,0.29906577012990143
2023-04-18,스포츠_레저,36.65039,0.7066327332321115
2023-04-18,여성의류,32.36685,0.6240445376328537
2023-04-18,패션의류_앵커,51.86625,1.0
2023-04-18,패션잡화,38.79888,0.7480563950545874
2023-04-19,남성의류,15.80039,0.30130467424524565
2023-04-19,스포츠_레저,35.37824,0.6746434156732916
2023-04-19,여성의류,32.55634,0.6208313477273321
2023-04-19,패션의류_앵커,52.43991,1.0
2023-04-19,패션잡화,38.10029,0.7265513994970625
2023-04-20,남성의류,15.05156,0.298620200227404
2023-04-20,스포츠_레저,33.89347,0.6724402518942562
2023-04-20,여성의류,31.356,0.6220973107326071
2023-04-20,패션의류_앵커,50.40369,1.0
2023-04-20,패션잡화,36.71058,0.7283311995609846
2023-04-21,남성의류,13.48889,0.2956058270478141
2023-04-21,스포츠_레저,31.45711,0.6893751092998803
2023-04-21,여성의류,28.61656,0.6271251293518884
2023-04-21,패션의류_앵커,45.63134,1.0
2023-04-21,패션잡화,33.96399,0.744312790288429
2023-04-22,남성의류,14.12035,0.28637268899723367
2023-04-22,스포츠_레저,30.59721,0.6205374019420942
2023-04-22,여성의류,31.59687,0.6408113556530839
2023-04-22,패션의류_앵커,49.3076,1.0
2023-04-22,패션잡화,36.64175,0.7431258061637557
2023-04-23,남성의류,17.22878,0.3018831095215909
2023-04-23,스포츠_레저,35.57021,0.6232620998779942
2023-04-23,여성의류,35.53266,0.6226041478487422
2023-04-23,패션의류_앵커,57.07103,1.0
2023-04-23,패션잡화,41.89899,0.7341551396566699
2023-04-24,남성의류,15.43746,0.3052369603915585
2023-04-24,스포츠_레저,35.67861,0.7054548136413543
2023-04-24,여성의류,31.24367,0.6177650249637521
2023-04-24,패션의류_앵커,50.57533,1.0
2023-04-24,패션잡화,38.60843,0.763384638320699
2023-04-25,남성의류,15.07599,0.30663309076841777
2023-04-25,스포츠_레저,34.10978,0.6937645399626003
2023-04-25,여성의류,30.36703,0.6176401195780354
2023-04-25,패션의류_앵커,49.16622,1.0
2023-04-25,패션잡화,39.82243,0.8099550870496043
2023-04-26,남성의류,13.32078,0.2896751848365225
2023-04-26,스포츠_레저,31.56887,0.6865002088714137
2023-04-26,여성의류,28.69705,0.6240492871298023
2023-04-26,패션의류_앵커,45.98523,1.0
2023-04-26,패션잡화,36.73292,0.7987982228206753
2023-04-27,남성의류,12.42496,0.28549239036827145
2023-04-27,스포츠_레저,29.31455,0.6735700519011901
2023-04-27,여성의류,27.23519,0.6257919136346549
2023-04-27,패션의류_앵커,43.52116,1.0
2023-04-27,패션잡화,34.15955,0.7848952095945972
2023-04-28,남성의류,11.11331,0.2824557742714443
2023-04-28,스포츠_레저,26.32168,0.6689915519791305
2023-04-28,여성의류,25.30176,0.6430692756010818
2023-04-28,패션의류_앵커,39.34531,1.0
2023-04-28,패션잡화,31.50028,0.8006107970683164
2023-04-29,남성의류,12.55489,0.28097310870207415
2023-04-29,스포츠_레저,27.94614,0.6254227501812746
2023-04-29,여성의류,28.8027,0.6445921993751623
2023-04-29,패션의류_앵커,44.6836,1.0
2023-04-29,패션잡화,35.34602,0.7910289233633817
2023-04-30,남성의류,14.30058,0.29778649490982745
2023-04-30,스포츠_레저,30.31697,0.6313019634578731
2023-04-30,여성의류,30.1743,0.628331091001736
2023-04-30,패션의류_앵커,48.02293,1.0
2023-04-30,패션잡화,38.48571,0.8014027882097156
2023-05-01,남성의류,16.46866,0.31652926538669784
2023-05-01,스포츠_레저,35.53102,0.6829096999415901
2023-05-01,여성의류,31.26632,0.6009417463804231
2023-05-01,패션의류_앵커,52.02887,1.0
2023-05-01,패션잡화,42.07743,0.8087323441773769
2023-05-02,남성의류,14.93458,0.3097584003199095
2023-05-02,스포츠_레저,34.30784,0.7115795447097544
2023-05-02,여성의류,29.20757,0.6057947501993213
2023-05-02,패션의류_앵커,48.21364,1.0
2023-05-02,패션잡화,38.18012,0.7918945758918017
2023-05-03,남성의류,13.99058,0.29882301931162486
2023-05-03,스포츠_레저,31.94554,0.6823207269705963
2023-05-03,여성의류,28.92962,0.6179040751661453
2023-05-03,패션의류_앵커,46.81895,1.0
2023-05-03,패션잡화,36.98171,0.7898876416493749
2023-05-04,남성의류,12.61327,0.29597783346423223
2023-05-04,스포츠_레저,28.86841,0.6774142983823527
2023-05-04,여성의류,26.57129,0.6235110202627725
2023-05-04,패션의류_앵커,42.61559,1.0
2023-05-04,패션잡화,33.79655,0.7930560154159547
2023-05-05,남성의류,14.1832,0.28885966094956766
2023-05-05,스포츠_레저,31.56108,0.6427832130973392
2023-05-05,여성의류,30.97669,0.6308813364219544
2023-05-05,패션의류_앵커,49.10066,1.0
2023-05-05,패션잡화,39.66315,0.8077926040098036
2023-05-06,남성의류,14.15965,0.29604347765182376
2023-05-06,스포츠_레저,31.3307,0.6550479274039962
2023-05-06,여성의류,29.82734,0.6236163650021963
2023-05-06,패션의류_앵커,47.82963,1.0
2023-05-06,패션잡화,40.33205,0.8432440309490163
2023-05-07,남성의류,15.46023,0.30587944572145126
2023-05-07,스포츠_레저,33.16566,0.6561799984726041
2023-05-07,여성의류,30.9512,0.6123670799473088
2023-05-07,패션의류_앵커,50.54354,1.0
2023-05-07,패션잡화,41.57538,0.8225656532961483
2023-05-08,남성의류,14.46759,0.31377518156230116
2023-05-08,스포츠_레저,33.88763,0.7349598140371744
2023-05-08,여성의류,27.77495,0.602387127305504
2023-05-08,패션의류_앵커,46.10814,1.0
2023-05-08,패션잡화,37.6678,0.8169446869901931
2023-05-09,남성의류,14.47968,0.2992543689416701
2023-05-09,스포츠_레저,33.54048,0.6931876378760241
2023-05-09,여성의류,29.80087,0.6159003890806115
2023-05-09,패션의류_앵커,48.38586,1.0
2023-05-09,패션잡화,37.63055,0.777717911803159
2023-05-10,남성의류,14.32184,0.2917964589996131
2023-05-10,스포츠_레저,32.94544,0.6712379646877924
2023-05-10,여성의류,30.32291,0.6178059358688519
2023-05-10,패션의류_앵커,49.08161,1.0
2023-05-10,패션잡화,36.47037,0.7430556984581395
2023-05-11,남성의류,13.75545,0.2874706399779477
2023-05-11,스포츠_레저,31.93541,0.6674076639192575
2023-05-11,여성의류,30.09396,0.6289238040682609
2023-05-11,패션의류_앵커,47.84993,1.0
2023-05-11,패션잡화,36.1418,0.7553156295108479
2023-05-12,남성의류,12.11849,0.28051683565359536
2023-05-12,스포츠_레저,29.63212,0.6859194945993781
2023-05-12,여성의류,27.51812,0.6369849664055436
2023-05-12,패션의류_앵커,43.20058,1.0
2023-05-12,패션잡화,33.65114,0.7789511159340915
2023-05-13,남성의류,13.10815,0.28294264756861626
2023-05-13,스포츠_레저,30.26386,0.653252875046894
2023-05-13,여성의류,29.57666,0.6384194937223628
2023-05-13,패션의류_앵커,46.32794,1.0
2023-05-13,패션잡화,36.19389,0.7812540337429207
2023-05-14,남성의류,16.31196,0.3008635276593343
2023-05-14,스포츠_레저,36.19543,0.6676012419688682
2023-05-14,여성의류,33.37705,0.6156180499377134
2023-05-14,패션의류_앵커,54.21714,1.0
2023-05-14,패션잡화,41.12892,0.7585962667894323
2023-05-15,남성의류,16.32208,0.3144139460259347
2023-05-15,스포츠_레저,38.10219,0.7339664987630198
2023-05-15,여성의류,31.13309,0.599719991501118
2023-05-15,패션의류_앵커,51.91271,1.0
2023-05-15,패션잡화,39.65069,0.7637954173457714
2023-05-16,남성의류,16.82946,0.3072767215169258
2023-05-16,스포츠_레저,37.392,0.6827130027321666
2023-05-16,여성의류,33.07885,0.6039623719091498
2023-05-16,패션의류_앵커,54.76972,1.0
2023-05-16,패션잡화,40.75726,0.7441568078127841
2023-05-17,남성의류,16.23743,0.295640164994779
2023-05-17,스포츠_레저,35.14078,0.6398196018240098
2023-05-17,여성의류,33.55436,0.6109351373150933
2023-05-17,패션의류_앵커,54.92295,1.0
2023-05-17,패션잡화,40.18821,0.7317198001928156
2023-05-18,남성의류,14.11822,0.2855725794723078
2023-05-18,스포츠_레저,32.37027,0.6547611173444712
2023-05-18,여성의류,30.59816,0.6189162286964213
2023-05-18,패션의류_앵커,49.43829,1.0
2023-05-18,패션잡화,38.1115,0.7708903362151077
2023-05-19,남성의류,12.54368,0.28130361898354495
2023-05-19,스포츠_레저,29.21567,0.6551884057971014
2023-05-19,여성의류,27.9291,0.6263358842822302
2023-05-19,패션의류_앵커,44.59125,1.0
2023-05-19,패션잡화,34.67329,0.7775805791494969
2023-05-20,남성의류,13.50644,0.27840063981003577
2023-05-20,스포츠_레저,29.36693,0.6053239862803621
2023-05-20,여성의류,30.31552,0.6248767376284154
2023-05-20,패션의류_앵커,48.5144,1.0
2023-05-20,패션잡화,36.26867,0.7475856652870075
2023-05-21,남성의류,16.49964,0.29775477175967163
2023-05-21,스포츠_레저,35.05895,0.6326786314964291
2023-05-21,여성의류,33.81964,0.6103138728599086
2023-05-21,패션의류_앵커,55.41352,1.0
2023-05-21,패션잡화,41.43848,0.747804506914558
2023-05-22,남성의류,15.11469,0.2990982936502989
2023-05-22,스포츠_레저,37.09325,0.7340228467103163
2023-05-22,여성의류,30.65936,0.6067052821070249
2023-05-22,패션의류_앵커,50.53419,1.0
2023-05-22,패션잡화,39.7277,0.7861548785089857
2023-05-23,남성의류,14.20602,0.2905196175109911
2023-05-23,스포츠_레저,35.09863,0.7177830639939826
2023-05-23,여성의류,30.19704,0.6175433028226132
2023-05-23,패션의류_앵커,48.89866,1.0
2023-05-23,패션잡화,37.51352,0.7671686708797337
2023-05-24,남성의류,13.67611,0.28368528196339504
2023-05-24,스포츠_레저,33.23272,0.6893505202583599
2023-05-24,여성의류,30.09202,0.6242025823533244
2023-05-24,패션의류_앵커,48.20874,1.0
2023-05-24,패션잡화,36.81608,0.7636806106112709
2023-05-25,남성의류,12.07814,0.27670220974325044
2023-05-25,스포츠_레저,29.34694,0.6723190116361117
2023-05-25,여성의류,27.65963,0.6336638540106923
2023-05-25,패션의류_앵커,43.65032,1.0
2023-05-25,패션잡화,33.33697,0.7637279635063385
2023-05-26,남성의류,10.193,0.26555307883172274
2023-05-26,스포츠_레저,25.37079,0.6609723728924835
2023-05-26,여성의류,24.87227,0.6479846832172955
2023-05-26,패션의류_앵커,38.38404,1.0
2023-05-26,패션잡화,30.0012,0.7816061050374062
2023-05-27,남성의류,11.08692,0.2683703843022888
2023-05-27,스포츠_레저,25.56083,0.6187263703702628
2023-05-27,여성의류,26.81638,0.6491182588307854
2023-05-27,패션의류_앵커,41.31201,1.0
2023-05-27,패션잡화,33.228,0.8043181631685314
2023-05-28,남성의류,12.99583,0.2776499347420114
2023-05-28,스포츠_레저,30.52618,0.6521778051053987
2023-05-28,여성의류,29.6078,0.6325570385157797
2023-05-28,패션의류_앵커,46.80653,1.0
2023-05-28,패션잡화,38.75958,0.8280806118291614
2023-05-29,남성의류,14.49094,0.2860297637200011
2023-05-29,스포츠_레저,34.2169,0.6753910941754577
2023-05-29,여성의류,31.09903,0.613848943051398
2023-05-29,패션의류_앵커,50.66235,1.0
2023-05-29,패션잡화,42.90207,0.8468235287151109
2023-05-30,남성의류,13.25932,0.28115254707373255
2023-05-30,스포츠_레저,33.23319,0.7046813875738196
2023-05-30,여성의류,29.1879,0.6189044708728199
2023-05-30,패션의류_앵커,47.16059,1.0
2023-05-30,패션잡화,38.01652,0.8061078116283108
2023-05-31,남성의류,12.69637,0.2781235357373728
2023-05-31,스포츠_레저,32.22347,0.7058793505645441
2023-05-31,여성의류,28.39215,0.621951403841086
2023-05-31,패션의류_앵커,45.65011,1.0
2023-05-31,패션잡화,36.30885,0.7953726727054984
2023-06-01,남성의류,12.4299,0.2733810291393971
2023-06-01,스포츠_레저,30.88611,0.6793036579467754
2023-06-01,여성의류,28.39133,0.624433906470385
2023-06-01,패션의류_앵커,45.46731,1.0
2023-06-01,패션잡화,36.42759,0.8011819920729861
2023-06-02,남성의류,10.8905,0.26449288913520863
2023-06-02,스포츠_레저,27.12286,0.6587212343794854
2023-06-02,여성의류,26.1696,0.6355698187881875
2023-06-02,패션의류_앵커,41.17502,1.0
2023-06-02,패션잡화,32.92023,0.7995194659286139
2023-06-03,남성의류,11.61551,0.26803014912575013
2023-06-03,스포츠_레저,26.85729,0.6197371827679988
2023-06-03,여성의류,27.70704,0.639345329049962
2023-06-03,패션의류_앵커,43.33658,1.0
2023-06-03,패션잡화,34.43914,0.7946898440070722
2023-06-04,남성의류,13.59781,0.2789994289849536
2023-06-04,스포츠_레저,31.88737,0.654264033828384
2023-06-04,여성의류,30.37761,0.6232868266233765
2023-06-04,패션의류_앵커,48.73777,1.0
2023-06-04,패션잡화,38.34561,0.7867739947888466
2023-06-05,남성의류,12.38485,0.28410623706194116
2023-06-05,스포츠_레저,31.8359,0.7303098343928471
2023-06-05,여성의류,27.06629,0.6208958366978403
2023-06-05,패션의류_앵커,43.59232,1.0
2023-06-05,패션잡화,35.29038,0.8095549858323667
2023-06-06,남성의류,14.55759,0.2730947735714554
2023-06-06,스포츠_레저,35.21966,0.6607072374591978
2023-06-06,여성의류,33.7794,0.6336885153641242
2023-06-06,패션의류_앵커,53.306,1.0
2023-06-06,패션잡화,40.12845,0.7527942445503321
2023-06-07,남성의류,13.25124,0.2717270008206413
2023-06-07,스포츠_레저,33.74198,0.6919055897523599
2023-06-07,여성의류,30.78029,0.6311738287201483
2023-06-07,패션의류_앵커,48.76674,1.0
2023-06-07,패션잡화,37.54357,0.7698601546873957
2023-06-08,남성의류,11.61661,0.2644963289855541
2023-06-08,스포츠_레저,32.30261,0.7354918312357952
2023-06-08,여성의류,28.11552,0.6401567950994246
2023-06-08,패션의류_앵커,43.91974,1.0
2023-06-08,패션잡화,35.14182,0.8001372503571288
2023-06-09,남성의류,10.49807,0.25764442704683976
2023-06-09,스포츠_레저,29.62146,0.7269721091582436
2023-06-09,여성의류,26.33685,0.6463609623929505
2023-06-09,패션의류_앵커,40.74635,1.0
2023-06-09,패션잡화,32.66523,0.8016725424485874
2023-06-10,남성의류,10.91441,0.2526682655579375
2023-06-10,스포츠_레저,27.51433,0.6369559178268661
2023-06-10,여성의류,28.19048,0.6526087701346865
2023-06-10,패션의류_앵커,43.1966,1.0
2023-06-10,패션잡화,34.08828,0.7891426640059634
2023-06-11,남성의류,13.21995,0.26874323438381437
2023-06-11,스포츠_레저,32.85978,0.667993718458888
2023-06-11,여성의류,31.12001,0.6326266091366947
2023-06-11,패션의류_앵커,49.19175,1.0
2023-06-11,패션잡화,39.3373,0.7996727093465876
2023-06-12,남성의류,12.84299,0.27782960030839693
2023-06-12,스포츠_레저,34.24873,0.7408953029606192
2023-06-12,여성의류,28.76141,0.6221893067428949
2023-06-12,패션의류_앵커,46.22614,1.0
2023-06-12,패션잡화,37.55802,0.8124844514380823
2023-06-13,남성의류,12.53984,0.267526060656228
2023-06-13,스포츠_레저,33.02017,0.7044552404415815
2023-06-13,여성의류,29.81466,0.6360686053095427
2023-06-13,패션의류_앵커,46.87334,1.0
2023-06-13,패션잡화,36.15994,0.7714393725729807
2023-06-14,남성의류,12.10092,0.2619128268872685
2023-06-14,스포츠_레저,31.8107,0.6885121430653895
2023-06-14,여성의류,29.65555,0.641865984850469
2023-06-14,패션의류_앵커,46.20209,1.0
2023-06-14,패션잡화,35.59021,0.7703160181714723
2023-06-15,남성의류,10.87596,0.25516322670524316
2023-06-15,스포츠_레저,29.2263,0.6856844832691044
2023-06-15,여성의류,27.58547,0.6471886192465478
2023-06-15,패션의류_앵커,42.62354,1.0
2023-06-15,패션잡화,32.88563,0.7715368080642763
2023-06-16,남성의류,9.79777,0.24860237174970398
2023-06-16,스포츠_레저,25.97785,0.6591454099206296
2023-06-16,여성의류,25.83265,0.6554611976582417
2023-06-16,패션의류_앵커,39.41141,1.0
2023-06-16,패션잡화,30.83606,0.7824145342681219
2023-06-17,남성의류,10.30037,0.25069803508478156
2023-06-17,스포츠_레저,25.97572,0.6322163149394111
2023-06-17,여성의류,27.02279,0.6577006802191266
2023-06-17,패션의류_앵커,41.08676,1.0
2023-06-17,패션잡화,32.37299,0.7879178109931277
2023-06-18,남성의류,12.7623,0.26688049505356304
2023-06-18,스포츠_레저,32.03962,0.6700006775368108
2023-06-18,여성의류,30.17304,0.6309674472838721
2023-06-18,패션의류_앵커,47.82028,1.0
2023-06-18,패션잡화,37.47728,0.783711011311519
2023-06-19,남성의류,12.37701,0.2693004872731308
2023-06-19,스포츠_레저,33.97431,0.7392171645468817
2023-06-19,여성의류,28.71195,0.6247180963384346
2023-06-19,패션의류_앵커,45.95985,1.0
2023-06-19,패션잡화,35.94328,0.7820582530186674
2023-06-20,남성의류,11.68303,0.26042604280489917
2023-06-20,스포츠_레저,31.75637,0.7078802136901314
2023-06-20,여성의류,28.66402,0.6389487401368041
2023-06-20,패션의류_앵커,44.86122,1.0
2023-06-20,패션잡화,34.87389,0.7773727508971
2023-06-21,남성의류,11.04971,0.2580502704461164
2023-06-21,스포츠_레저,29.57151,0.6906005816442274
2023-06-21,여성의류,27.44755,0.64099851494594
2023-06-21,패션의류_앵커,42.81999,1.0
2023-06-21,패션잡화,34.33543,0.801855161572901
2023-06-22,남성의류,10.44735,0.25016570198737026
2023-06-22,스포츠_레저,27.57391,0.6602675847642292
2023-06-22,여성의류,27.36838,0.6553460920670892
2023-06-22,패션의류_앵커,41.76172,1.0
2023-06-22,패션잡화,32.76699,0.7846178270435222
2023-06-23,남성의류,9.60565,0.24710701131881901
2023-06-23,스포츠_레저,25.92196,0.6668469143812208
2023-06-23,여성의류,25.44131,0.6544821098140765
2023-06-23,패션의류_앵커,38.87243,1.0
2023-06-23,패션잡화,31.52006,0.8108590072707057
2023-06-24,남성의류,10.14131,0.24874716547030812
2023-06-24,스포츠_레저,25.66728,0.6295698628020177
2023-06-24,여성의류,26.66523,0.6540476900039367
2023-06-24,패션의류_앵커,40.76955,1.0
2023-06-24,패션잡화,33.1461,0.8130111811388645
2023-06-25,남성의류,12.43446,0.26220917715039316
2023-06-25,스포츠_레저,30.97848,0.6532524733820296
2023-06-25,여성의류,30.20245,0.6368880966624921
2023-06-25,패션의류_앵커,47.42191,1.0
2023-06-25,패션잡화,39.50502,0.8330541726387656
2023-06-26,남성의류,11.47989,0.2641157776869264
2023-06-26,스포츠_레저,32.01835,0.7366404565289563
2023-06-26,여성의류,27.49719,0.6326229363744056
2023-06-26,패션의류_앵커,43.46537,1.0
2023-06-26,패션잡화,39.37834,0.9059704311731386
2023-06-27,남성의류,11.22814,0.25568655241679755
2023-06-27,스포츠_레저,30.44128,0.6932070613970267
2023-06-27,여성의류,28.0842,0.6395317724381622
2023-06-27,패션의류_앵커,43.91369,1.0
2023-06-27,패션잡화,35.77391,0.8146414022597509
2023-06-28,남성의류,10.85504,0.2479801854167628
2023-06-28,스포츠_레저,29.05231,0.663691448450238
2023-06-28,여성의류,28.32718,0.6471260675901714
2023-06-28,패션의류_앵커,43.77382,1.0
2023-06-28,패션잡화,34.29197,0.7833899348971599
2023-06-29,남성의류,10.42198,0.24441075249904728
2023-06-29,스포츠_레저,27.90873,0.6545007475156098
2023-06-29,여성의류,27.79581,0.6518526075103332
2023-06-29,패션의류_앵커,42.64125,1.0
2023-06-29,패션잡화,36.13825,0.8474950898484449
2023-06-30,남성의류,8.91746,0.2405272175265896
2023-06-30,스포츠_레저,23.83976,0.6430206739701315
2023-06-30,여성의류,24.2206,0.6532929247593503
2023-06-30,패션의류_앵커,37.07464,1.0
2023-06-30,패션잡화,30.42143,0.8205455265378166
2023-07-01,남성의류,10.70153,0.24474060176082837
2023-07-01,스포츠_레저,25.70204,0.58779751456856
2023-07-01,여성의류,28.45435,0.6507419725696445
2023-07-01,패션의류_앵커,43.72601,1.0
2023-07-01,패션잡화,33.99939,0.7775552811701776
2023-07-02,남성의류,12.94755,0.25544410999156975
2023-07-02,스포츠_레저,31.81882,0.6277581593337703
2023-07-02,여성의류,32.20281,0.6353339542753356
2023-07-02,패션의류_앵커,50.68643,1.0
2023-07-02,패션잡화,37.97515,0.7492172954378519
2023-07-03,남성의류,11.99492,0.2620481223618875
2023-07-03,스포츠_레저,32.88319,0.7183856329820619
2023-07-03,여성의류,28.45747,0.6216987341866175
2023-07-03,패션의류_앵커,45.77373,1.0
2023-07-03,패션잡화,35.06127,0.765969257912781
2023-07-04,남성의류,11.56387,0.25245928982691584
2023-07-04,스포츠_레저,31.66232,0.6912432275243975
2023-07-04,여성의류,29.14429,0.6362702759465202
2023-07-04,패션의류_앵커,45.80489,1.0
2023-07-04,패션잡화,35.37387,0.772272785722223
2023-07-05,남성의류,10.43903,0.2483851679337312
2023-07-05,스포츠_레저,29.31913,0.6976162563687331
2023-07-05,여성의류,26.9541,0.6413429844537839
2023-07-05,패션의류_앵커,42.02759,1.0
2023-07-05,패션잡화,32.58997,0.775442274943674
2023-07-06,남성의류,9.85582,0.24225470096016316
2023-07-06,스포츠_레저,28.14353,0.6917640991935101
2023-07-06,여성의류,26.4389,0.6498645280875319
2023-07-06,패션의류_앵커,40.68371,1.0
2023-07-06,패션잡화,31.29678,0.769270550792934
2023-07-07,남성의류,8.87454,0.2396234948501904
2023-07-07,스포츠_레저,25.2851,0.6827287982967624
2023-07-07,여성의류,24.36531,0.6578933370415022
2023-07-07,패션의류_앵커,37.03535,1.0
2023-07-07,패션잡화,29.08296,0.7852756893076479
2023-07-08,남성의류,9.4286,0.23857642600945086
2023-07-08,스포츠_레저,24.86083,0.629065605607252
2023-07-08,여성의류,26.18721,0.6626276402603729
2023-07-08,패션의류_앵커,39.52025,1.0
2023-07-08,패션잡화,31.509,0.7972874665519576
2023-07-09,남성의류,11.60916,0.2518578846008241
2023-07-09,스포츠_레저,29.94182,0.6495804559760264
2023-07-09,여성의류,29.60631,0.642301648649534
2023-07-09,패션의류_앵커,46.09409,1.0
2023-07-09,패션잡화,36.42277,0.7901830798698922
2023-07-10,남성의류,10.70755,0.26384869607729106
2023-07-10,스포츠_레저,30.51288,0.7518791508386936
2023-07-10,여성의류,25.37382,0.6252456744539965
2023-07-10,패션의류_앵커,40.58216,1.0
2023-07-10,패션잡화,33.34465,0.8216578417708668
2023-07-11,남성의류,10.54285,0.25493716554587503
2023-07-11,스포츠_레저,29.13492,0.7045129090526591
2023-07-11,여성의류,26.38989,0.6381352059137172
2023-07-11,패션의류_앵커,41.3547,1.0
2023-07-11,패션잡화,34.55066,0.8354711798175298
2023-07-12,남성의류,10.06694,0.2504640092990947
2023-07-12,스포츠_레저,27.80616,0.6918132338935281
2023-07-12,여성의류,25.88266,0.6439568324560697
2023-07-12,패션의류_앵커,40.19316,1.0
2023-07-12,패션잡화,32.97657,0.8204522859113342
2023-07-13,남성의류,9.79046,0.247524179245605
2023-07-13,스포츠_레저,26.935,0.6809755382260252
2023-07-13,여성의류,25.6592,0.6487205320382115
2023-07-13,패션의류_앵커,39.55355,1.0
2023-07-13,패션잡화,33.04459,0.8354392968519893
2023-07-14,남성의류,8.62624,0.24322116692724008
2023-07-14,스포츠_레저,23.68313,0.6677577386079598
2023-07-14,여성의류,23.20418,0.6542535029386762
2023-07-14,패션의류_앵커,35.46665,1.0
2023-07-14,패션잡화,30.8546,0.8699609351320184
2023-07-15,남성의류,9.35565,0.23931374038654862
2023-07-15,스포츠_레저,24.26912,0.6207942668964738
2023-07-15,여성의류,25.96535,0.6641831437629528
2023-07-15,패션의류_앵커,39.09366,1.0
2023-07-15,패션잡화,32.09919,0.8210842883475223
2023-07-16,남성의류,11.01285,0.2509091679581006
2023-07-16,스포츠_레저,27.80243,0.6334313623188671
2023-07-16,여성의류,28.3344,0.6455513993736413
2023-07-16,패션의류_앵커,43.89178,1.0
2023-07-16,패션잡화,35.24155,0.802919134288926
2023-07-17,남성의류,9.90137,0.2549579892520465
2023-07-17,스포츠_레저,27.94153,0.7194879400957377
2023-07-17,여성의류,24.65668,0.6349038117382897
2023-07-17,패션의류_앵커,38.8353,1.0
2023-07-17,패션잡화,32.43692,0.8352431936923367
2023-07-18,남성의류,9.62576,0.24966735262489254
2023-07-18,스포츠_레저,26.78691,0.694783259160966
2023-07-18,여성의류,24.76718,0.6423966795956044
2023-07-18,패션의류_앵커,38.55434,1.0
2023-07-18,패션잡화,31.78605,0.824448038794076
2023-07-19,남성의류,9.03044,0.2444691879605739
2023-07-19,스포츠_레저,25.34255,0.6860654208820658
2023-07-19,여성의류,24.09127,0.6521911682973295
2023-07-19,패션의류_앵커,36.93897,1.0
2023-07-19,패션잡화,29.41518,0.7963183597160398
2023-07-20,남성의류,8.76409,0.24690116026013942
2023-07-20,스포츠_레저,24.74108,0.697003494725514
2023-07-20,여성의류,22.95535,0.6466960687507307
2023-07-20,패션의류_앵커,35.49635,1.0
2023-07-20,패션잡화,28.16517,0.7934666522050858
2023-07-21,남성의류,8.00048,0.24356746474876914
2023-07-21,스포츠_레저,22.72816,0.6919385223892047
2023-07-21,여성의류,21.28955,0.648141326413185
2023-07-21,패션의류_앵커,32.84708,1.0
2023-07-21,패션잡화,25.77647,0.7847415965132974
2023-07-22,남성의류,8.61962,0.24335343393326456
2023-07-22,스포츠_레저,23.58614,0.665895731161087
2023-07-22,여성의류,23.10785,0.6523924080545068
2023-07-22,패션의류_앵커,35.42017,1.0
2023-07-22,패션잡화,28.39794,0.8017448815180729
2023-07-23,남성의류,10.5133,0.2555930194197015
2023-07-23,스포츠_레저,28.45087,0.691680420840022
2023-07-23,여성의류,26.19735,0.6368941994706436
2023-07-23,패션의류_앵커,41.13297,1.0
2023-07-23,패션잡화,33.95443,0.8254796578024879
2023-07-24,남성의류,9.71091,0.2625074710302439
2023-07-24,스포츠_레저,28.88388,0.7807954447462742
2023-07-24,여성의류,23.24722,0.6284240025583294
2023-07-24,패션의류_앵커,36.99289,1.0
2023-07-24,패션잡화,30.4584,0.8233582182954616
2023-07-25,남성의류,9.48183,0.25701992495816106
2023-07-25,스포츠_레저,28.04953,0.7603266558999356
2023-07-25,여성의류,23.34137,0.6327045692467247
2023-07-25,패션의류_앵커,36.89142,1.0
2023-07-25,패션잡화,29.38363,0.7964895360493037
2023-07-26,남성의류,9.18631,0.24895223264893204
2023-07-26,스포츠_레저,27.72681,0.7514063050052453
2023-07-26,여성의류,23.50837,0.6370850970016442
2023-07-26,패션의류_앵커,36.89989,1.0
2023-07-26,패션잡화,29.03519,0.7868638632798093
2023-07-27,남성의류,8.55182,0.24511269058113452
2023-07-27,스포츠_레저,26.02274,0.7458650693879564
2023-07-27,여성의류,22.43229,0.6429554127421155
2023-07-27,패션의류_앵커,34.88934,1.0
2023-07-27,패션잡화,27.58409,0.7906165608177169
2023-07-28,남성의류,7.90137,0.2445485951416929
2023-07-28,스포츠_레저,23.75903,0.735345567721716
2023-07-28,여성의류,20.8725,0.6460070281603044
2023-07-28,패션의류_앵커,32.31002,1.0
2023-07-28,패션잡화,26.15815,0.8095986941512261
2023-07-29,남성의류,8.47628,0.245968467396616
2023-07-29,스포츠_레저,23.58497,0.6843991614830051
2023-07-29,여성의류,22.24768,0.6455930847884149
2023-07-29,패션의류_앵커,34.46084,1.0
2023-07-29,패션잡화,27.63697,0.801981901776045
2023-07-30,남성의류,9.70116,0.25183270754764003
2023-07-30,스포츠_레저,27.81851,0.7221415473243509
2023-07-30,여성의류,24.53586,0.6369271361166953
2023-07-30,패션의류_앵커,38.52224,1.0
2023-07-30,패션잡화,30.39171,0.788939324400658
2023-07-31,남성의류,9.3189,0.2610635224035471
2023-07-31,스포츠_레저,28.88923,0.8093148486759408
2023-07-31,여성의류,22.31525,0.6251486514841617
2023-07-31,패션의류_앵커,35.69591,1.0
2023-07-31,패션잡화,29.359,0.8224751799295774
2023-08-01,남성의류,9.59289,0.2579326006561722
2023-08-01,스포츠_레저,28.59901,0.7689671230976144
2023-08-01,여성의류,23.24329,0.6249630963667465
2023-08-01,패션의류_앵커,37.19146,1.0
2023-08-01,패션잡화,30.1277,0.8100703763713498
2023-08-02,남성의류,9.58933,0.2538154381388179
2023-08-02,스포츠_레저,28.37948,0.7511630270677743
2023-08-02,여성의류,23.72611,0.6279951784931572
2023-08-02,패션의류_앵커,37.78072,1.0
2023-08-02,패션잡화,30.5426,0.8084176267683623
2023-08-03,남성의류,8.87194,0.24521872762902958
2023-08-03,스포츠_레저,27.39044,0.7570665317843985
2023-08-03,여성의류,23.03294,0.6366260637871514
2023-08-03,패션의류_앵커,36.1797,1.0
2023-08-03,패션잡화,29.878,0.8258222152201373
2023-08-04,남성의류,8.01468,0.24630391090295578
2023-08-04,스포츠_레저,24.57278,0.7551607569806822
2023-08-04,여성의류,20.88745,0.6419046828806569
2023-08-04,패션의류_앵커,32.5398,1.0
2023-08-04,패션잡화,27.25016,0.8374409185059527
2023-08-05,남성의류,8.54241,0.2466542161640556
2023-08-05,스포츠_레저,24.95183,0.7204610959329707
2023-08-05,여성의류,22.25119,0.642482604811461
2023-08-05,패션의류_앵커,34.63314,1.0
2023-08-05,패션잡화,29.61861,0.855210067582668
2023-08-06,남성의류,9.95218,0.2557167145827065
2023-08-06,스포츠_레저,28.93396,0.7434448724869773
2023-08-06,여성의류,24.65167,0.6334133889637313
2023-08-06,패션의류_앵커,38.91877,1.0
2023-08-06,패션잡화,31.66885,0.81371662054068
2023-08-07,남성의류,9.06766,0.25867778402847275
2023-08-07,스포츠_레저,29.43339,0.8396614012485921
2023-08-07,여성의류,21.95802,0.6264076901044906
2023-08-07,패션의류_앵커,35.05388,1.0
2023-08-07,패션잡화,29.51792,0.8420728318805222
2023-08-08,남성의류,8.9071,0.2527992943155849
2023-08-08,스포츠_레저,28.18969,0.8000733952661472
2023-08-08,여성의류,22.24309,0.6312983412556323
2023-08-08,패션의류_앵커,35.23388,1.0
2023-08-08,패션잡화,28.90512,0.8203785674470141
2023-08-09,남성의류,8.50144,0.2520424581065212
2023-08-09,스포츠_레저,26.37623,0.7819769174143401
2023-08-09,여성의류,21.59155,0.6401253595073139
2023-08-09,패션의류_앵커,33.73019,1.0
2023-08-09,패션잡화,27.83793,0.825311983122538
2023-08-10,남성의류,8.447,0.25261648110953866
2023-08-10,스포츠_레저,25.28982,0.7563188512245335
2023-08-10,여성의류,21.45502,0.641635095836957
2023-08-10,패션의류_앵커,33.43804,1.0
2023-08-10,패션잡화,27.80278,0.8314715814682917
2023-08-11,남성의류,7.47189,0.25055169465239296
2023-08-11,스포츠_레저,22.49011,0.754151248669176
2023-08-11,여성의류,19.1081,0.6407437524625483
2023-08-11,패션의류_앵커,29.82175,1.0
2023-08-11,패션잡화,26.01159,0.8722355327906646
2023-08-12,남성의류,8.19014,0.25328052983278204
2023-08-12,스포츠_레저,22.30643,0.6898275742634271
2023-08-12,여성의류,21.02077,0.6500684680717362
2023-08-12,패션의류_앵커,32.33624,1.0
2023-08-12,패션잡화,26.89514,0.8317336833224891
2023-08-13,남성의류,8.98362,0.254210827903818
2023-08-13,스포츠_레저,26.17533,0.7406871962477981
2023-08-13,여성의류,22.78324,0.6447007222847118
2023-08-13,패션의류_앵커,35.33925,1.0
2023-08-13,패션잡화,29.9854,0.8485013122802549
2023-08-14,남성의류,8.01901,0.2544283776602073
2023-08-14,스포츠_레저,25.7108,0.8157562008709378
2023-08-14,여성의류,20.22194,0.6416048099880226
2023-08-14,패션의류_앵커,31.51775,1.0
2023-08-14,패션잡화,27.56711,0.8746534889070444
2023-08-15,남성의류,9.33195,0.2542557136322062
2023-08-15,스포츠_레저,28.52508,0.7771863942494089
2023-08-15,여성의류,23.55776,0.641848175394879
2023-08-15,패션의류_앵커,36.70301,1.0
2023-08-15,패션잡화,30.84083,0.840280674527784
2023-08-16,남성의류,8.31125,0.2541252450288684
2023-08-16,스포츠_레저,27.98494,0.8556690912459836
2023-08-16,여성의류,20.91784,0.6395850462294679
2023-08-16,패션의류_앵커,32.70533,1.0
2023-08-16,패션잡화,28.01983,0.8567358898381396
2023-08-17,남성의류,7.80486,0.24815281018624352
2023-08-17,스포츠_레저,25.87458,0.8226732752911358
2023-08-17,여성의류,20.38669,0.6481877207145021
2023-08-17,패션의류_앵커,31.45183,1.0
2023-08-17,패션잡화,26.42493,0.8401714622010865
2023-08-18,남성의류,7.25655,0.2412829186902283
2023-08-18,스포츠_레저,23.82018,0.7920296220830289
2023-08-18,여성의류,19.7773,0.6576023961541301
2023-08-18,패션의류_앵커,30.07486,1.0
2023-08-18,패션잡화,24.99663,0.8311470111581566
2023-08-19,남성의류,7.69912,0.2418385094260265
2023-08-19,스포츠_레저,23.81759,0.7481388085547743
2023-08-19,여성의류,21.11314,0.6631888198785079
2023-08-19,패션의류_앵커,31.83579,1.0
2023-08-19,패션잡화,26.28241,0.8255617341363289
2023-08-20,남성의류,9.03793,0.2532607078296499
2023-08-20,스포츠_레저,27.91722,0.7822958241362855
2023-08-20,여성의류,22.93774,0.6427609273818755
2023-08-20,패션의류_앵커,35.68627,1.0
2023-08-20,패션잡화,29.33,0.8218847192491677
2023-08-21,남성의류,8.53002,0.2600368501532781
2023-08-21,스포츠_레저,29.04996,0.8855852735959262
2023-08-21,여성의류,20.83296,0.6350908084352952
2023-08-21,패션의류_앵커,32.80312,1.0
2023-08-21,패션잡화,27.59519,0.8412367482117554
2023-08-22,남성의류,8.66838,0.25863755779033915
2023-08-22,스포츠_레저,28.34633,0.8457665173329991
2023-08-22,여성의류,21.44852,0.6399572735640621
2023-08-22,패션의류_앵커,33.51555,1.0
2023-08-22,패션잡화,27.7904,0.8291792914035426
2023-08-23,남성의류,8.69267,0.25870749080813965
2023-08-23,스포츠_레저,27.47774,0.8177806322428496
2023-08-23,여성의류,21.56548,0.6418225031978805
2023-08-23,패션의류_앵커,33.60038,1.0
2023-08-23,패션잡화,28.24532,0.8406250167408821
2023-08-24,남성의류,8.14313,0.25751983547834895
2023-08-24,스포츠_레저,25.4755,0.8056418807913762
2023-08-24,여성의류,20.44158,0.646448272165311
2023-08-24,패션의류_앵커,31.62137,1.0
2023-08-24,패션잡화,26.28358,0.8311967508049146
2023-08-25,남성의류,7.44078,0.2555447219920233
2023-08-25,스포츠_레저,22.72208,0.7803627599096483
2023-08-25,여성의류,19.00828,0.6528167246103952
2023-08-25,패션의류_앵커,29.11733,1.0
2023-08-25,패션잡화,24.4012,0.8380301353180392
2023-08-26,남성의류,7.91545,0.2531774927609427
2023-08-26,스포츠_레저,22.82784,0.7301537242163058
2023-08-26,여성의류,20.61149,0.6592632585977098
2023-08-26,패션의류_앵커,31.26443,1.0
2023-08-26,패션잡화,25.55429,0.8173598559129337
2023-08-27,남성의류,9.67522,0.26762465354805515
2023-08-27,스포츠_레저,27.84079,0.7700994683587721
2023-08-27,여성의류,23.20546,0.6418823750698436
2023-08-27,패션의류_앵커,36.1522,1.0
2023-08-27,패션잡화,29.60943,0.8190215256609557
2023-08-28,남성의류,9.38779,0.2714131493187343
2023-08-28,스포츠_레저,29.71745,0.8591699105137652
2023-08-28,여성의류,22.12999,0.6398066297064694
2023-08-28,패션의류_앵커,34.58856,1.0
2023-08-28,패션잡화,28.32656,0.8189574818957481
2023-08-29,남성의류,9.79648,0.2689362795548439
2023-08-29,스포츠_레저,29.08474,0.7984441112950723
2023-08-29,여성의류,23.43184,0.6432587901699767
2023-08-29,패션의류_앵커,36.42677,1.0
2023-08-29,패션잡화,29.17289,0.8008640348842349
2023-08-30,남성의류,9.57729,0.26929315849631164
2023-08-30,스포츠_레저,27.17158,0.7640074174986047
2023-08-30,여성의류,23.00019,0.6467167446235086
2023-08-30,패션의류_앵커,35.56455,1.0
2023-08-30,패션잡화,28.38388,0.7980947319732712
2023-08-31,남성의류,8.89539,0.27643918433660775
2023-08-31,스포츠_레저,24.67443,0.7667993537293726
2023-08-31,여성의류,20.5674,0.639166498593625
2023-08-31,패션의류_앵커,32.17847,1.0
2023-08-31,패션잡화,25.73098,0.799633419488248
2023-09-01,남성의류,8.54437,0.2748916760073456
2023-09-01,스포츠_레저,23.70802,0.762740535886867
2023-09-01,여성의류,20.01376,0.6438878500824253
2023-09-01,패션의류_앵커,31.08268,1.0
2023-09-01,패션잡화,24.87908,0.8004161803293667
2023-09-02,남성의류,9.29219,0.26933696693124454
2023-09-02,스포츠_레저,24.54992,0.7115869338879962
2023-09-02,여성의류,22.51369,0.6525661850468287
2023-09-02,패션의류_앵커,34.50024,1.0
2023-09-02,패션잡화,27.20233,0.7884678483396058
2023-09-03,남성의류,11.10607,0.2796352024912706
2023-09-03,스포츠_레저,29.45084,0.741530677092618
2023-09-03,여성의류,25.3493,0.6382596758810242
2023-09-03,패션의류_앵커,39.71628,1.0
2023-09-03,패션잡화,31.13253,0.7838732630548481
2023-09-04,남성의류,10.4001,0.2858294016136564
2023-09-04,스포츠_레저,30.57419,0.8402806158135246
2023-09-04,여성의류,22.88827,0.6290459243730159
2023-09-04,패션의류_앵커,36.38569,1.0
2023-09-04,패션잡화,28.62238,0.7866383734924363
2023-09-05,남성의류,10.0168,0.2785741679248689
2023-09-05,스포츠_레저,29.9653,0.8333558136449838
2023-09-05,여성의류,22.85826,0.6357040930946324
2023-09-05,패션의류_앵커,35.95739,1.0
2023-09-05,패션잡화,28.55538,0.7941449587970651
2023-09-06,남성의류,9.81714,0.2723906831894865
2023-09-06,스포츠_레저,29.06878,0.806555151875687
2023-09-06,여성의류,23.08464,0.6405165721160488
2023-09-06,패션의류_앵커,36.04066,1.0
2023-09-06,패션잡화,28.27268,0.7844662112181076
2023-09-07,남성의류,9.64672,0.27086526090806934
2023-09-07,스포츠_레저,27.4337,0.7702966716328143
2023-09-07,여성의류,22.92126,0.6435942030287698
2023-09-07,패션의류_앵커,35.61446,1.0
2023-09-07,패션잡화,27.52989,0.7729975408864826
2023-09-08,남성의류,9.34855,0.2763271227431509
2023-09-08,스포츠_레저,25.02505,0.7396976069019783
2023-09-08,여성의류,21.96641,0.6492894483418687
2023-09-08,패션의류_앵커,33.83146,1.0
2023-09-08,패션잡화,25.92728,0.7663659800670737
2023-09-09,남성의류,10.08473,0.27555473097924693
2023-09-09,스포츠_레저,25.00459,0.6832243471760143
2023-09-09,여성의류,23.8082,0.6505342380113405
2023-09-09,패션의류_앵커,36.59792,1.0
2023-09-09,패션잡화,27.87377,0.76162169871949
2023-09-10,남성의류,12.54577,0.2894519300494495
2023-09-10,스포츠_레저,31.01123,0.7154810248161245
2023-09-10,여성의류,27.63966,0.6376932570030033
2023-09-10,패션의류_앵커,43.34319,1.0
2023-09-10,패션잡화,32.29537,0.7451082857537712
2023-09-11,남성의류,11.42398,0.2921252867814099
2023-09-11,스포츠_레저,32.26573,0.8250745912949375
2023-09-11,여성의류,24.70627,0.6317698568317648
2023-09-11,패션의류_앵커,39.10644,1.0
2023-09-11,패션잡화,30.62995,0.7832456751368828
2023-09-12,남성의류,10.98984,0.2848324142451455
2023-09-12,스포츠_레저,30.29752,0.7852448959439429
2023-09-12,여성의류,24.65711,0.639057908905691
2023-09-12,패션의류_앵커,38.58353,1.0
2023-09-12,패션잡화,29.4732,0.7638803396164113
2023-09-13,남성의류,11.00932,0.2858377966334484
2023-09-13,스포츠_레저,29.69474,0.7709721448012343
2023-09-13,여성의류,24.5301,0.6368812728849876
2023-09-13,패션의류_앵커,38.51597,1.0
2023-09-13,패션잡화,28.96096,0.751920826607768
2023-09-14,남성의류,10.35641,0.28323728826074956
2023-09-14,스포츠_레저,27.49363,0.7519228386713535
2023-09-14,여성의류,23.45656,0.6415130770533001
2023-09-14,패션의류_앵커,36.56443,1.0
2023-09-14,패션잡화,27.27445,0.745928488424406
2023-09-15,남성의류,9.97613,0.28251995681828224
2023-09-15,스포츠_레저,25.63867,0.7260767393045388
2023-09-15,여성의류,22.55532,0.6387575174363743
2023-09-15,패션의류_앵커,35.31124,1.0
2023-09-15,패션잡화,26.10158,0.7391861628195442
2023-09-16,남성의류,10.94615,0.285017319264756
2023-09-16,스포츠_레저,25.5349,0.6648811450321455
2023-09-16,여성의류,24.76909,0.6449408817189126
2023-09-16,패션의류_앵커,38.40521,1.0
2023-09-16,패션잡화,28.29194,0.7366693216883856
2023-09-17,남성의류,12.9658,0.29676773160760134
2023-09-17,스포츠_레저,29.99559,0.6865541040685227
2023-09-17,여성의류,27.55632,0.6307228692292938
2023-09-17,패션의류_앵커,43.69006,1.0
2023-09-17,패션잡화,31.18821,0.7138513886224922
2023-09-18,남성의류,11.78234,0.30211097219387467
2023-09-18,스포츠_레저,30.51193,0.7823563770703825
2023-09-18,여성의류,24.22568,0.6211706449531847
2023-09-18,패션의류_앵커,39.00004,1.0
2023-09-18,패션잡화,28.61543,0.7337282218172084
2023-09-19,남성의류,11.10104,0.29040062113751036
2023-09-19,스포츠_레저,29.13904,0.7622705003630975
2023-09-19,여성의류,24.2455,0.6342566335937451
2023-09-19,패션의류_앵커,38.22664,1.0
2023-09-19,패션잡화,27.80104,0.7272687319628405
2023-09-20,남성의류,11.40661,0.2912015672883196
2023-09-20,스포츠_레저,28.01518,0.7152049841157351
2023-09-20,여성의류,24.94658,0.6368660973315865
2023-09-20,패션의류_앵커,39.17084,1.0
2023-09-20,패션잡화,28.02223,0.715384964938204
2023-09-21,남성의류,11.26547,0.29424231129772815
2023-09-21,스포츠_레저,25.71481,0.6716439819183694
2023-09-21,여성의류,24.44323,0.6384316402939219
2023-09-21,패션의류_앵커,38.28637,1.0
2023-09-21,패션잡화,25.54539,0.6672189084522769
2023-09-22,남성의류,10.53977,0.29975220133549063
2023-09-22,스포츠_레저,23.17332,0.6590517328415848
2023-09-22,여성의류,22.32321,0.634874512287691
2023-09-22,패션의류_앵커,35.16161,1.0
2023-09-22,패션잡화,23.51731,0.6688348457308979
2023-09-23,남성의류,11.59828,0.30413062774266214
2023-09-23,스포츠_레저,23.44368,0.6147412474089342
2023-09-23,여성의류,24.24221,0.6356803375301717
2023-09-23,패션의류_앵커,38.13585,1.0
2023-09-23,패션잡화,24.83776,0.6512968768232517
2023-09-24,남성의류,14.28496,0.3195140063164864
2023-09-24,스포츠_레저,28.89452,0.6462883932325917
2023-09-24,여성의류,27.5573,0.6163785776274705
2023-09-24,패션의류_앵커,44.7084,1.0
2023-09-24,패션잡화,28.55823,0.6387665405158762
2023-09-25,남성의류,11.80077,0.31765793702707723
2023-09-25,스포츠_레저,26.71755,0.7191939013655708
2023-09-25,여성의류,22.94075,0.6175284594864507
2023-09-25,패션의류_앵커,37.1493,1.0
2023-09-25,패션잡화,24.65625,0.6637069877494327
2023-09-26,남성의류,10.6146,0.31227429866551026
2023-09-26,스포츠_레저,23.6491,0.695740406286673
2023-09-26,여성의류,21.10302,0.6208364677165638
2023-09-26,패션의류_앵커,33.99127,1.0
2023-09-26,패션잡화,22.91039,0.6740080614816687
2023-09-27,남성의류,8.73905,0.3065958963607251
2023-09-27,스포츠_레저,19.5042,0.6842743412383331
2023-09-27,여성의류,17.96259,0.630189366351056
2023-09-27,패션의류_앵커,28.50348,1.0
2023-09-27,패션잡화,19.63336,0.6888057177579721
2023-09-28,남성의류,8.94912,0.3215186080575816
2023-09-28,스포츠_레저,18.64595,0.6699004918820245
2023-09-28,여성의류,17.15098,0.6161901076780086
2023-09-28,패션의류_앵커,27.83391,1.0
2023-09-28,패션잡화,19.3244,0.6942754359700093
2023-09-29,남성의류,8.88264,0.3226168947982228
2023-09-29,스포츠_레저,18.91285,0.686913455772672
2023-09-29,여성의류,16.80441,0.6103350550192513
2023-09-29,패션의류_앵커,27.53309,1.0
2023-09-29,패션잡화,20.25075,0.7355058949068194
2023-09-30,남성의류,11.48241,0.31977169528366123
2023-09-30,스포츠_레저,22.28524,0.6206178820128578
2023-09-30,여성의류,22.11834,0.6159699121230139
2023-09-30,패션의류_앵커,35.90815,1.0
2023-09-30,패션잡화,23.79293,0.6626052859866075
2023-10-01,남성의류,14.09545,0.3218788906254139
2023-10-01,스포츠_레저,25.98103,0.5932939433438165
2023-10-01,여성의류,26.87232,0.6136471379155062
2023-10-01,패션의류_앵커,43.79116,1.0
2023-10-01,패션잡화,27.1893,0.6208855851272266
2023-10-02,남성의류,15.9072,0.3266354771729703
2023-10-02,스포츠_레저,29.91334,0.6142349429652798
2023-10-02,여성의류,29.62685,0.6083522107524904
2023-10-02,패션의류_앵커,48.70016,1.0
2023-10-02,패션잡화,29.62951,0.6084068306962441
2023-10-03,남성의류,19.77528,0.33874605608390435
2023-10-03,스포츠_레저,36.2573,0.6210793161589088
2023-10-03,여성의류,34.75694,0.5953784900413496
2023-10-03,패션의류_앵커,58.37789,1.0
2023-10-03,패션잡화,33.16909,0.5681789800898935
2023-10-04,남성의류,17.21843,0.3416924646171188
2023-10-04,스포츠_레저,34.48962,0.6844319291310458
2023-10-04,여성의류,29.7389,0.5901558989990395
2023-10-04,패션의류_앵커,50.3916,1.0
2023-10-04,패션잡화,29.4729,0.5848772414450027
2023-10-05,남성의류,17.90919,0.3494539510668193
2023-10-05,스포츠_레저,32.13452,0.6270264026254525
2023-10-05,여성의류,29.96932,0.5847778310903983
2023-10-05,패션의류_앵커,51.24907,1.0
2023-10-05,패션잡화,27.88014,0.5440126035457814
2023-10-06,남성의류,16.26112,0.3432368424385446
2023-10-06,스포츠_레저,28.36855,0.5987983316376716
2023-10-06,여성의류,28.16173,0.594432811688668
2023-10-06,패션의류_앵커,47.3758,1.0
2023-10-06,패션잡화,25.64727,0.5413580351149743
2023-10-07,남성의류,15.99496,0.3257048233349814
2023-10-07,스포츠_레저,26.8212,0.5461591781181199
2023-10-07,여성의류,30.21239,0.615213864084534
2023-10-07,패션의류_앵커,49.10876,1.0
2023-10-07,패션잡화,26.10754,0.5316269439505295
2023-10-08,남성의류,18.10132,0.3459004517589093
2023-10-08,스포츠_레저,29.65525,0.566685985995684
2023-10-08,여성의류,31.16579,0.5955510891152301
2023-10-08,패션의류_앵커,52.33101,1.0
2023-10-08,패션잡화,27.38397,0.523283804382908
2023-10-09,남성의류,20.27708,0.3518999432852751
2023-10-09,스포츠_레저,35.20215,0.6109180704775907
2023-10-09,여성의류,33.75797,0.5858549519174366
2023-10-09,패션의류_앵커,57.62172,1.0
2023-10-09,패션잡화,30.68114,0.5324578995559313
2023-10-10,남성의류,18.27601,0.3524106642540163
2023-10-10,스포츠_레저,34.98015,0.6745114440846295
2023-10-10,여성의류,30.3697,0.5856095586616116
2023-10-10,패션의류_앵커,51.85998,1.0
2023-10-10,패션잡화,28.57862,0.551072715415625
2023-10-11,남성의류,17.14039,0.342102589721548
2023-10-11,스포츠_레저,32.78246,0.6543004251036912
2023-10-11,여성의류,29.88767,0.5965237259912416
2023-10-11,패션의류_앵커,50.10307,1.0
2023-10-11,패션잡화,27.87535,0.5563601192501777
2023-10-12,남성의류,15.88915,0.33608568887926243
2023-10-12,스포츠_레저,29.92071,0.6328798225271104
2023-10-12,여성의류,28.62113,0.605391238206759
2023-10-12,패션의류_앵커,47.27708,1.0
2023-10-12,패션잡화,26.7849,0.5665514875284176
2023-10-13,남성의류,13.96058,0.3282284487947275
2023-10-13,스포츠_레저,26.50669,0.6232011665262271
2023-10-13,여성의류,26.11092,0.6138961825513859
2023-10-13,패션의류_앵커,42.53312,1.0
2023-10-13,패션잡화,24.50152,0.5760574347708327
2023-10-14,남성의류,15.35979,0.33105400112034
2023-10-14,스포츠_레저,26.68908,0.5752374687558126
2023-10-14,여성의류,28.51249,0.6145379524331832
2023-10-14,패션의류_앵커,46.39663,1.0
2023-10-14,패션잡화,26.11697,0.5629066162779495
2023-10-15,남성의류,18.89604,0.34788323917345504
2023-10-15,스포츠_레저,32.35085,0.5955913772417167
2023-10-15,여성의류,32.23403,0.5934406768833218
2023-10-15,패션의류_앵커,54.31719,1.0
2023-10-15,패션잡화,29.39629,0.5411968108070392
2023-10-16,남성의류,18.13491,0.35142777081873483
2023-10-16,스포츠_레저,34.34624,0.6655794023353445
2023-10-16,여성의류,30.39345,0.5889801703449687
2023-10-16,패션의류_앵커,51.60352,1.0
2023-10-16,패션잡화,28.6001,0.5542276960951501
2023-10-17,남성의류,18.0912,0.3439201367376824
2023-10-17,스포츠_레저,33.06938,0.6286606577468813
2023-10-17,여성의류,31.36453,0.5962508538025748
2023-10-17,패션의류_앵커,52.60291,1.0
2023-10-17,패션잡화,27.92684,0.5308991460738578
2023-10-18,남성의류,17.18634,0.3387223800679245
2023-10-18,스포츠_레저,31.36567,0.6181801590580133
2023-10-18,여성의류,30.51818,0.6014771361989424
2023-10-18,패션의류_앵커,50.73872,1.0
2023-10-18,패션잡화,27.89848,0.5498459559090177
2023-10-19,남성의류,16.02441,0.32897570745725574
2023-10-19,스포츠_레저,30.00217,0.6159343839182131
2023-10-19,여성의류,29.82981,0.6123958915220916
2023-10-19,패션의류_앵커,48.71001,1.0
2023-10-19,패션잡화,27.20992,0.5586104375671449
2023-10-20,남성의류,15.29986,0.33767242694015
2023-10-20,스포츠_레저,27.2696,0.6018481223806698
2023-10-20,여성의류,27.51078,0.6071710361804971
2023-10-20,패션의류_앵커,45.30977,1.0
2023-10-20,패션잡화,23.98984,0.5294628509480406
2023-10-21,남성의류,17.21379,0.3470080022061705
2023-10-21,스포츠_레저,27.48342,0.5540306154538374
2023-10-21,여성의류,29.68552,0.5984221365342158
2023-10-21,패션의류_앵커,49.60632,1.0
2023-10-21,패션잡화,25.37927,0.5116136411650775
2023-10-22,남성의류,20.62671,0.35217295320816194
2023-10-22,스포츠_레저,33.30709,0.5686731547624434
2023-10-22,여성의류,34.55239,0.589934954566199
2023-10-22,패션의류_앵커,58.56983,1.0
2023-10-22,패션잡화,29.79336,0.5086810052206059
2023-10-23,남성의류,18.54693,0.3502719920347618
2023-10-23,스포츠_레저,34.2973,0.6477289552725888
2023-10-23,여성의류,31.25377,0.5902497220023086
2023-10-23,패션의류_앵커,52.95008,1.0
2023-10-23,패션잡화,28.58867,0.5399174090010818
2023-10-24,남성의류,16.90362,0.33720241776217363
2023-10-24,스포츠_레저,31.56547,0.6296848131819905
2023-10-24,여성의류,30.20013,0.6024482834287539
2023-10-24,패션의류_앵커,50.129,1.0
2023-10-24,패션잡화,27.22075,0.5430140238185481
2023-10-25,남성의류,15.70625,0.3342389662037987
2023-10-25,스포츠_레저,29.90216,0.6363369388403076
2023-10-25,여성의류,28.3543,0.6033974958651728
2023-10-25,패션의류_앵커,46.99108,1.0
2023-10-25,패션잡화,26.19167,0.5573753571954507
2023-10-26,남성의류,14.16548,0.32724204024859854
2023-10-26,스포츠_레저,27.43867,0.6338709561912489
2023-10-26,여성의류,26.50333,0.612263317768398
2023-10-26,패션의류_앵커,43.28747,1.0
2023-10-26,패션잡화,24.81533,0.5732681997815996
2023-10-27,남성의류,13.01784,0.32408984603924873
2023-10-27,스포츠_레저,24.4187,0.6079236435137169
2023-10-27,여성의류,24.79345,0.6172533533429364
2023-10-27,패션의류_앵커,40.16738,1.0
2023-10-27,패션잡화,22.97788,0.5720532432038136
2023-10-28,남성의류,13.64774,0.3226111006051437
2023-10-28,스포츠_레저,23.756,0.561554462934947
2023-10-28,여성의류,26.3905,0.6238298978819969
2023-10-28,패션의류_앵커,42.304,1.0
2023-10-28,패션잡화,24.04475,0.568380058623298
2023-10-29,남성의류,16.96553,0.34037106007476897
2023-10-29,스포츠_레저,29.3178,0.5881885602784034
2023-10-29,여성의류,30.01912,0.6022587975095207
2023-10-29,패션의류_앵커,49.84422,1.0
2023-10-29,패션잡화,27.62899,0.554306798260661
2023-10-30,남성의류,15.71958,0.3355831382472955
2023-10-30,스포츠_레저,30.95624,0.6608568528889741
2023-10-30,여성의류,28.31857,0.60454761458485
2023-10-30,패션의류_앵커,46.84258,1.0
2023-10-30,패션잡화,27.02968,0.5770322642348051
2023-10-31,남성의류,14.83229,0.32613427401471756
2023-10-31,스포츠_레저,29.20618,0.6421891906808161
2023-10-31,여성의류,27.88488,0.6131362786722425
2023-10-31,패션의류_앵커,45.47909,1.0
2023-10-31,패션잡화,26.48208,0.582291334325291
2023-11-01,남성의류,14.93206,0.32114270597989314
2023-11-01,스포츠_레저,29.01187,0.623956134474204
2023-11-01,여성의류,28.6494,0.6161605190911603
2023-11-01,패션의류_앵커,46.49665,1.0
2023-11-01,패션잡화,27.06706,0.5821292501717865
2023-11-02,남성의류,13.32584,0.31405676610031596
2023-11-02,스포츠_레저,26.79333,0.6314518689147236
2023-11-02,여성의류,26.39561,0.622078601862634
2023-11-02,패션의류_앵커,42.43131,1.0
2023-11-02,패션잡화,26.11515,0.6154688601412495
2023-11-03,남성의류,12.28294,0.3119855565958229
2023-11-03,스포츠_레저,24.68225,0.6269269005862806
2023-11-03,여성의류,24.62216,0.6254006200625752
2023-11-03,패션의류_앵커,39.37022,1.0
2023-11-03,패션잡화,24.84225,0.630990886004701
2023-11-04,남성의류,13.42596,0.3146307974927886
2023-11-04,스포츠_레저,24.91773,0.5839347995681488
2023-11-04,여성의류,26.74441,0.626742150786544
2023-11-04,패션의류_앵커,42.67211,1.0
2023-11-04,패션잡화,26.45556,0.6199730924953089
2023-11-05,남성의류,16.93682,0.32579817264851324
2023-11-05,스포츠_레저,31.12602,0.5987428831280651
2023-11-05,여성의류,31.83437,0.6123687665935311
2023-11-05,패션의류_앵커,51.98562,1.0
2023-11-05,패션잡화,31.07235,0.5977104822448978
2023-11-06,남성의류,16.6157,0.3328708263182652
2023-11-06,스포츠_레저,32.24251,0.6459307128965334
2023-11-06,여성의류,30.14923,0.6039949627737279
2023-11-06,패션의류_앵커,49.91636,1.0
2023-11-06,패션잡화,29.68994,0.5947937710201625
2023-11-07,남성의류,19.15908,0.3408671678627243
2023-11-07,스포츠_레저,33.50018,0.5960156479064485
2023-11-07,여성의류,33.76675,0.6007583057447772
2023-11-07,패션의류_앵커,56.20688,1.0
2023-11-07,패션잡화,30.13677,0.5361758204689533
2023-11-08,남성의류,18.65799,0.330955729636447
2023-11-08,스포츠_레저,32.00483,0.567702194316775
2023-11-08,여성의류,34.46821,0.6113976687634776
2023-11-08,패션의류_앵커,56.37609,1.0
2023-11-08,패션잡화,29.64527,0.5258482807161688
2023-11-09,남성의류,16.60177,0.3239354586437058
2023-11-09,스포츠_레저,28.7656,0.5612773715791379
2023-11-09,여성의류,31.65311,0.6176187662730945
2023-11-09,패션의류_앵커,51.25024,1.0
2023-11-09,패션잡화,28.34164,0.5530050200740524
2023-11-10,남성의류,16.5354,0.32720727480828116
2023-11-10,스포츠_레저,28.30429,0.5600934719621712
2023-11-10,여성의류,31.13484,0.6161052135413637
2023-11-10,패션의류_앵커,50.53494,1.0
2023-11-10,패션잡화,27.50446,0.544266204728847
2023-11-11,남성의류,19.33114,0.3344203805524479
2023-11-11,스포츠_레저,30.69534,0.5310161368644982
2023-11-11,여성의류,35.32711,0.6111437592412132
2023-11-11,패션의류_앵커,57.80491,1.0
2023-11-11,패션잡화,29.26026,0.5061898721060201
2023-11-12,남성의류,25.18046,0.3500882295202127
2023-11-12,스포츠_레저,39.01001,0.5423628215872861
2023-11-12,여성의류,42.59001,0.5921361721012306
2023-11-12,패션의류_앵커,71.92604,1.0
2023-11-12,패션잡화,34.03863,0.4732448776548799
2023-11-13,남성의류,25.12134,0.3536631394686016
2023-11-13,스포츠_레저,41.66267,0.5865352194924445
2023-11-13,여성의류,41.4645,0.5837453434608119
2023-11-13,패션의류_앵커,71.03183,1.0
2023-11-13,패션잡화,35.6133,0.5013710050832142
2023-11-14,남성의류,22.73186,0.3446385646743296
2023-11-14,스포츠_레저,36.79258,0.5578136572135076
2023-11-14,여성의류,39.31911,0.5961184713733094
2023-11-14,패션의류_앵커,65.95855,1.0
2023-11-14,패션잡화,33.23043,0.5038077701829407
2023-11-15,남성의류,20.37565,0.33440119477940483
2023-11-15,스포츠_레저,33.05007,0.5424113044512918
2023-11-15,여성의류,36.98293,0.6069566359082088
2023-11-15,패션의류_앵커,60.93175,1.0
2023-11-15,패션잡화,31.60192,0.518644549024113
2023-11-16,남성의류,19.75261,0.33261441981776485
2023-11-16,스포츠_레저,32.22761,0.5426810837789637
2023-11-16,여성의류,36.13437,0.6084670589370441
2023-11-16,패션의류_앵커,59.38591,1.0
2023-11-16,패션잡화,31.47208,0.5299587056929833
2023-11-17,남성의류,18.78563,0.3368224711953381
2023-11-17,스포츠_레저,30.01647,0.538189115933867
2023-11-17,여성의류,33.81344,0.6062680048747523
2023-11-17,패션의류_앵커,55.77309,1.0
2023-11-17,패션잡화,29.7609,0.5336067985474715
2023-11-18,남성의류,20.83049,0.3368701440615622
2023-11-18,스포츠_레저,31.58418,0.5107785398551024
2023-11-18,여성의류,37.59058,0.6079138848849777
2023-11-18,패션의류_앵커,61.83537,1.0
2023-11-18,패션잡화,32.09788,0.519086082932794
2023-11-19,남성의류,23.65332,0.3458389064310282
2023-11-19,스포츠_레저,34.65338,0.5066725112305107
2023-11-19,여성의류,40.86881,0.5975492893825252
2023-11-19,패션의류_앵커,68.39404,1.0
2023-11-19,패션잡화,35.71268,0.5221607028916554
2023-11-20,남성의류,20.88543,0.343593547648378
2023-11-20,스포츠_레저,33.67556,0.5540084704717984
2023-11-20,여성의류,36.21015,0.5957059011655453
2023-11-20,패션의류_앵커,60.78528,1.0
2023-11-20,패션잡화,33.34039,0.5484944710298283
2023-11-21,남성의류,19.59908,0.3332631067394915
2023-11-21,스포츠_레저,31.44399,0.5346741681591943
2023-11-21,여성의류,35.67711,0.6066542163247753
2023-11-21,패션의류_앵커,58.80963,1.0
2023-11-21,패션잡화,32.4253,0.5513603809444134
2023-11-22,남성의류,18.31969,0.3242458589811074
2023-11-22,스포츠_레저,29.56112,0.5232114051517025
2023-11-22,여성의류,34.91345,0.6179439491194416
2023-11-22,패션의류_앵커,56.49938,1.0
2023-11-22,패션잡화,31.81639,0.5631281263617406
2023-11-23,남성의류,16.75916,0.31935622485253334
2023-11-23,스포츠_레저,28.191,0.5371970513329885
2023-11-23,여성의류,32.66916,0.6225311773802139
2023-11-23,패션의류_앵커,52.47795,1.0
2023-11-23,패션잡화,29.83112,0.568450558758488
2023-11-24,남성의류,17.42697,0.32598873787126953
2023-11-24,스포츠_레저,28.75094,0.5378148148078866
2023-11-24,여성의류,32.98997,0.6171100703513602
2023-11-24,패션의류_앵커,53.45881,1.0
2023-11-24,패션잡화,30.0761,0.5626032453771418
2023-11-25,남성의류,18.49596,0.33133402719682137
2023-11-25,스포츠_레저,28.57498,0.5118881745239839
2023-11-25,여성의류,34.28654,0.6142042574078288
2023-11-25,패션의류_앵커,55.8227,1.0
2023-11-25,패션잡화,30.76582,0.5511345742860879
2023-11-26,남성의류,21.73942,0.3386288995544435
2023-11-26,스포츠_레저,32.53597,0.5068037563576391
2023-11-26,여성의류,38.73932,0.6034316141409221
2023-11-26,패션의류_앵커,64.19836,1.0
2023-11-26,패션잡화,35.28197,0.5495774346883628
2023-11-27,남성의류,19.67896,0.3351673131922559
2023-11-27,스포츠_레저,32.49003,0.5533623758895688
2023-11-27,여성의류,35.39757,0.6028828977971804
2023-11-27,패션의류_앵커,58.71384,1.0
2023-11-27,패션잡화,33.41097,0.5690476044489681
2023-11-28,남성의류,19.24388,0.3293880915637508
2023-11-28,스포츠_레저,31.54412,0.5399252898510042
2023-11-28,여성의류,35.53972,0.6083160228347956
2023-11-28,패션의류_앵커,58.42312,1.0
2023-11-28,패션잡화,32.75262,0.560610593888173
2023-11-29,남성의류,18.9016,0.3219720875533231
2023-11-29,스포츠_레저,31.00533,0.5281484543837388
2023-11-29,여성의류,36.14486,0.6156958156199797
2023-11-29,패션의류_앵커,58.70571,1.0
2023-11-29,패션잡화,32.72667,0.5574699633136196
2023-11-30,남성의류,18.77184,0.329356528146959
2023-11-30,스포츠_레저,30.72809,0.5391318612872946
2023-11-30,여성의류,34.70574,0.6089207042661262
2023-11-30,패션의류_앵커,56.9955,1.0
2023-11-30,패션잡화,32.39877,0.5684443508698055
2023-12-01,남성의류,17.11239,0.32699767483811004
2023-12-01,스포츠_레저,27.6308,0.5279921363361196
2023-12-01,여성의류,31.98653,0.6112250209432728
2023-12-01,패션의류_앵커,52.33184,1.0
2023-12-01,패션잡화,30.3243,0.5794617578896519
2023-12-02,남성의류,18.05633,0.32247183646819066
2023-12-02,스포츠_레저,26.77789,0.478232030819286
2023-12-02,여성의류,34.7449,0.6205165562937562
2023-12-02,패션의류_앵커,55.99351,1.0
2023-12-02,패션잡화,31.21451,0.5574665706793519
2023-12-03,남성의류,21.22072,0.33340785788320215
2023-12-03,스포츠_레저,30.65562,0.481643629258642
2023-12-03,여성의류,38.49223,0.6047679791000272
2023-12-03,패션의류_앵커,63.64793,1.0
2023-12-03,패션잡화,35.41944,0.5564900539577642
2023-12-04,남성의류,17.9117,0.3208769876899551
2023-12-04,스포츠_레저,29.44999,0.5275782912118504
2023-12-04,여성의류,34.27784,0.6140662273105428
2023-12-04,패션의류_앵커,55.82108,1.0
2023-12-04,패션잡화,32.19486,0.5767509335183052
2023-12-05,남성의류,16.47211,0.311937219077053
2023-12-05,스포츠_레저,27.34184,0.517780511060801
2023-12-05,여성의류,32.86775,0.6224263031463371
2023-12-05,패션의류_앵커,52.80585,1.0
2023-12-05,패션잡화,30.81657,0.5835825008024679
2023-12-06,남성의류,15.92452,0.3056773236255863
2023-12-06,스포츠_레저,26.41672,0.5070791627356114
2023-12-06,여성의류,32.8622,0.6308026455082315
2023-12-06,패션의류_앵커,52.09585,1.0
2023-12-06,패션잡화,30.3565,0.5827047643910216
2023-12-07,남성의류,14.33126,0.3031043147642392
2023-12-07,스포츠_레저,24.11864,0.5101061490926387
2023-12-07,여성의류,29.92273,0.6328619097361533
2023-12-07,패션의류_앵커,47.28161,1.0
2023-12-07,패션잡화,28.1516,0.5954027369203375
2023-12-08,남성의류,12.39944,0.29759667828706177
2023-12-08,스포츠_레저,21.27082,0.5105170375792777
2023-12-08,여성의류,26.62031,0.638909162911539
2023-12-08,패션의류_앵커,41.66525,1.0
2023-12-08,패션잡화,25.75284,0.618089175031951
2023-12-09,남성의류,13.01078,0.2954630407205868
2023-12-09,스포츠_레저,20.81194,0.47262032527599496
2023-12-09,여성의류,28.38475,0.6445919879587294
2023-12-09,패션의류_앵커,44.03522,1.0
2023-12-09,패션잡화,26.88125,0.6104488634324979
2023-12-10,남성의류,15.67029,0.3071176881815579
2023-12-10,스포츠_레저,24.66632,0.48342839694393175
2023-12-10,여성의류,32.0829,0.6287839011377647
2023-12-10,패션의류_앵커,51.02373,1.0
2023-12-10,패션잡화,31.31673,0.6137679467965199
2023-12-11,남성의류,14.40192,0.30554749357162864
2023-12-11,스포츠_레저,25.37937,0.5384422974108303
2023-12-11,여성의류,29.36174,0.6229312524928503
2023-12-11,패션의류_앵커,47.1348,1.0
2023-12-11,패션잡화,30.35582,0.6440214024457513
2023-12-12,남성의류,13.77988,0.30013148835804215
2023-12-12,스포츠_레저,24.0606,0.5240498240033664
2023-12-12,여성의류,28.90384,0.6295375952811426
2023-12-12,패션의류_앵커,45.91281,1.0
2023-12-12,패션잡화,29.11744,0.6341898916663998
2023-12-13,남성의류,13.24522,0.293537256893911
2023-12-13,스포츠_레저,23.10893,0.512134333892031
2023-12-13,여성의류,28.74039,0.6369373436350013
2023-12-13,패션의류_앵커,45.12279,1.0
2023-12-13,패션잡화,28.38413,0.6290419985111736
2023-12-14,남성의류,12.52476,0.2905205671626835
2023-12-14,스포츠_레저,21.69479,0.5032258259060705
2023-12-14,여성의류,27.74435,0.6435496007556231
2023-12-14,패션의류_앵커,43.11144,1.0
2023-12-14,패션잡화,27.39815,0.6355192496469615
2023-12-15,남성의류,11.37218,0.29129537041851655
2023-12-15,스포츠_레저,19.72274,0.5051927470342621
2023-12-15,여성의류,25.14834,0.6441680500757812
2023-12-15,패션의류_앵커,39.04003,1.0
2023-12-15,패션잡화,25.69694,0.6582202933757991
2023-12-16,남성의류,13.19827,0.29267604165858196
2023-12-16,스포츠_레저,21.23418,0.4708750275805713
2023-12-16,여성의류,29.23211,0.6482317943282149
2023-12-16,패션의류_앵커,45.09515,1.0
2023-12-16,패션잡화,28.21247,0.6256209370630766
2023-12-17,남성의류,16.89605,0.31066287973855555
2023-12-17,스포츠_레저,27.26192,0.5012571917342884
2023-12-17,여성의류,33.98994,0.6249633874509557
2023-12-17,패션의류_앵커,54.38709,1.0
2023-12-17,패션잡화,33.74287,0.6204205814284236
2023-12-18,남성의류,15.70619,0.316823069184841
2023-12-18,스포츠_레저,27.51274,0.5549831454021976
2023-12-18,여성의류,30.27406,0.6106841064501338
2023-12-18,패션의류_앵커,49.57401,1.0
2023-12-18,패션잡화,33.30202,0.6717636923057061
2023-12-19,남성의류,14.51686,0.30852624113565613
2023-12-19,스포츠_레저,25.0682,0.5327734453619347
2023-12-19,여성의류,29.11649,0.6188115897490174
2023-12-19,패션의류_앵커,47.05227,1.0
2023-12-19,패션잡화,30.96538,0.6581059744832715
2023-12-20,남성의류,14.18982,0.30930375256257814
2023-12-20,스포츠_레저,25.06304,0.5463136475745287
2023-12-20,여성의류,28.4337,0.6197858823606345
2023-12-20,패션의류_앵커,45.87665,1.0
2023-12-20,패션잡화,31.40398,0.6845308016169446
2023-12-21,남성의류,13.54687,0.3106227487545277
2023-12-21,스포츠_레저,24.4704,0.5610936630470946
2023-12-21,여성의류,27.05565,0.6203721134358297
2023-12-21,패션의류_앵커,43.61197,1.0
2023-12-21,패션잡화,30.20365,0.6925541313543048
2023-12-22,남성의류,11.81334,0.31233473875073403
2023-12-22,스포츠_레저,20.93701,0.5535568728718132
2023-12-22,여성의류,23.53937,0.6223610747939927
2023-12-22,패션의류_앵커,37.82269,1.0
2023-12-22,패션잡화,26.56206,0.7022784471437648
2023-12-23,남성의류,12.86099,0.3073436085575462
2023-12-23,스포츠_레저,21.06841,0.5034792155168376
2023-12-23,여성의류,26.54919,0.6344553458854972
2023-12-23,패션의류_앵커,41.84564,1.0
2023-12-23,패션잡화,27.23078,0.6507435422184963
2023-12-24,남성의류,13.69914,0.31574383776846826
2023-12-24,스포츠_레저,21.30391,0.4910219402731886
2023-12-24,여성의류,27.18569,0.6265878071896389
2023-12-24,패션의류_앵커,43.38688,1.0
2023-12-24,패션잡화,28.16744,0.649215615411848
2023-12-25,남성의류,15.0522,0.3201578051572542
2023-12-25,스포츠_레저,23.38137,0.49731787385031223
2023-12-25,여성의류,29.10556,0.6190704486701462
2023-12-25,패션의류_앵커,47.01494,1.0
2023-12-25,패션잡화,30.27654,0.6439769996516
2023-12-26,남성의류,12.6247,0.3131428106531111
2023-12-26,스포츠_레저,22.55723,0.559509089542617
2023-12-26,여성의류,25.00683,0.6202689197940972
2023-12-26,패션의류_앵커,40.31611,1.0
2023-12-26,패션잡화,27.06112,0.6712234885756586
2023-12-27,남성의류,11.36796,0.3029822319805161
2023-12-27,스포츠_레저,20.29463,0.540898480872447
2023-12-27,여성의류,23.69688,0.631576254083798
2023-12-27,패션의류_앵커,37.52022,1.0
2023-12-27,패션잡화,24.68188,0.6578287653963649
2023-12-28,남성의류,10.5884,0.29662898433063634
2023-12-28,스포츠_레저,19.03598,0.5332839157132623
2023-12-28,여성의류,22.86954,0.6406792737626895
2023-12-28,패션의류_앵커,35.69577,1.0
2023-12-28,패션잡화,23.5798,0.6605768694722091
2023-12-29,남성의류,9.83556,0.29508825291598695
2023-12-29,스포츠_레저,17.29952,0.5190233329963089
2023-12-29,여성의류,21.52506,0.6457987495690937
2023-12-29,패션의류_앵커,33.33091,1.0
2023-12-29,패션잡화,21.87188,0.656204106038509
2023-12-30,남성의류,10.99157,0.29400544594710265
2023-12-30,스포츠_레저,18.06068,0.48309188564581024
2023-12-30,여성의류,24.40131,0.6526927480099289
2023-12-30,패션의류_앵커,37.3856,1.0
2023-12-30,패션잡화,24.57946,0.6574579517247283
2023-12-31,남성의류,11.49121,0.30429812250086063
2023-12-31,스포츠_레저,18.55433,0.49133622858353415
2023-12-31,여성의류,24.15924,0.6397595530016154
2023-12-31,패션의류_앵커,37.763,1.0
2023-12-31,패션잡화,24.63418,0.652336413950163
2024-01-01,남성의류,12.61729,0.31076770444815927
2024-01-01,스포츠_레저,20.2356,0.4984090054307361
2024-01-01,여성의류,25.32648,0.6237989339511271
2024-01-01,패션의류_앵커,40.60039,1.0
2024-01-01,패션잡화,26.24524,0.6464282732259469
2024-01-02,남성의류,11.54577,0.309691171721355
2024-01-02,스포츠_레저,21.27414,0.5706343833251613
2024-01-02,여성의류,23.21193,0.6226115538083706
2024-01-02,패션의류_앵커,37.28156,1.0
2024-01-02,패션잡화,25.17374,0.675233010635821
2024-01-03,남성의류,11.3655,0.30128059162384024
2024-01-03,스포츠_레저,21.26002,0.563567938369159
2024-01-03,여성의류,23.80966,0.6311546743357075
2024-01-03,패션의류_앵커,37.72397,1.0
2024-01-03,패션잡화,25.32554,0.6713381438910061
2024-01-04,남성의류,10.90976,0.29673276708984425
2024-01-04,스포츠_레저,20.03349,0.5448875980926
2024-01-04,여성의류,23.43395,0.6373761501027572
2024-01-04,패션의류_앵커,36.76628,1.0
2024-01-04,패션잡화,24.41541,0.6640707191480889
2024-01-05,남성의류,9.83158,0.2826048588726252
2024-01-05,스포츠_레저,18.16178,0.5220531464704214
2024-01-05,여성의류,22.76157,0.6542722815223371
2024-01-05,패션의류_앵커,34.78914,1.0
2024-01-05,패션잡화,22.92127,0.6588627945387554
2024-01-06,남성의류,11.35753,0.2802987113820597
2024-01-06,스포츠_레저,19.087,0.4710585403824047
2024-01-06,여성의류,26.82078,0.6619247382363699
2024-01-06,패션의류_앵커,40.51938,1.0
2024-01-06,패션잡화,25.09953,0.6194450655464127
2024-01-07,남성의류,13.76241,0.2995501657576171
2024-01-07,스포츠_레저,22.76821,0.4955688051369081
2024-01-07,여성의류,29.37706,0.63941585757665
2024-01-07,패션의류_앵커,45.94359,1.0
2024-01-07,패션잡화,28.60429,0.62259588334303
2024-01-08,남성의류,11.49513,0.3028020795247523
2024-01-08,스포츠_레저,22.06212,0.5811553079194953
2024-01-08,여성의류,23.90693,0.6297508700686888
2024-01-08,패션의류_앵커,37.96252,1.0
2024-01-08,패션잡화,25.04267,0.6596682728122369
2024-01-09,남성의류,11.18764,0.29512336991718185
2024-01-09,스포츠_레저,21.60664,0.5699704682477607
2024-01-09,여성의류,24.17904,0.6378288688376044
2024-01-09,패션의류_앵커,37.90835,1.0
2024-01-09,패션잡화,25.36071,0.6690006291489871
2024-01-10,남성의류,10.8926,0.29452099982370816
2024-01-10,스포츠_레저,20.83894,0.5634564240003548
2024-01-10,여성의류,23.60401,0.6382201333977935
2024-01-10,패션의류_앵커,36.98412,1.0
2024-01-10,패션잡화,24.26897,0.656199741943299
2024-01-11,남성의류,10.35038,0.28796465982606456
2024-01-11,스포츠_레저,19.51591,0.5429648364935483
2024-01-11,여성의류,23.3249,0.648937226843553
2024-01-11,패션의류_앵커,35.94323,1.0
2024-01-11,패션잡화,23.63766,0.6576387264027189
2024-01-12,남성의류,9.3515,0.28165701004134425
2024-01-12,스포츠_레저,17.9003,0.5391375690363124
2024-01-12,여성의류,21.78751,0.6562161068113018
2024-01-12,패션의류_앵커,33.20173,1.0
2024-01-12,패션잡화,22.01601,0.663098278312606
2024-01-13,남성의류,10.65058,0.2793208650240347
2024-01-13,스포츠_레저,18.78584,0.49267524200589186
2024-01-13,여성의류,25.29578,0.6634041668207437
2024-01-13,패션의류_앵커,38.13027,1.0
2024-01-13,패션잡화,24.46593,0.6416406178083711
2024-01-14,남성의류,13.04801,0.2959635081447743
2024-01-14,스포츠_레저,22.35168,0.5069954441887605
2024-01-14,여성의류,28.35013,0.6430562155578061
2024-01-14,패션의류_앵커,44.08655,1.0
2024-01-14,패션잡화,27.99029,0.6348940890135427
2024-01-15,남성의류,10.97281,0.29355586499888303
2024-01-15,스포츠_레저,21.83869,0.5842510289882407
2024-01-15,여성의류,23.89418,0.6392416052350319
2024-01-15,패션의류_앵커,37.37895,1.0
2024-01-15,패션잡화,25.01976,0.6693542756016421
2024-01-16,남성의류,10.5824,0.29194832969216367
2024-01-16,스포츠_레저,20.69227,0.5708604535870189
2024-01-16,여성의류,23.25684,0.6416120721119879
2024-01-16,패션의류_앵커,36.24751,1.0
2024-01-16,패션잡화,24.01112,0.662421225623498
2024-01-17,남성의류,10.5823,0.28624429833589715
2024-01-17,스포츠_레저,20.3269,0.5498293591982789
2024-01-17,여성의류,23.92652,0.647196727461876
2024-01-17,패션의류_앵커,36.96947,1.0
2024-01-17,패션잡화,24.75404,0.6695806025891093
2024-01-18,남성의류,9.85902,0.28143355837886147
2024-01-18,스포츠_레저,19.13881,0.5463325362395997
2024-01-18,여성의류,22.87347,0.6529413729328206
2024-01-18,패션의류_앵커,35.03143,1.0
2024-01-18,패션잡화,24.05063,0.6865443403252451
2024-01-19,남성의류,9.01107,0.2763219022427253
2024-01-19,스포츠_레저,17.25935,0.5292530657816421
2024-01-19,여성의류,21.54008,0.660520435426701
2024-01-19,패션의류_앵커,32.61077,1.0
2024-01-19,패션잡화,22.22238,0.6814429711411292
2024-01-20,남성의류,10.49255,0.271532130049102
2024-01-20,스포츠_레저,17.97232,0.4650978390881222
2024-01-20,여성의류,25.92273,0.6708430356384061
2024-01-20,패션의류_앵커,38.64202,1.0
2024-01-20,패션잡화,25.33782,0.6557064045823692
2024-01-21,남성의류,12.41526,0.29143152910909265
2024-01-21,스포츠_레저,20.46795,0.4804575954292099
2024-01-21,여성의류,27.57013,0.6471717180015939
2024-01-21,패션의류_앵커,42.60095,1.0
2024-01-21,패션잡화,27.69961,0.6502110868419602
2024-01-22,남성의류,10.96055,0.2966802710482195
2024-01-22,스포츠_레저,21.00899,0.5686715399910892
2024-01-22,여성의류,23.51486,0.6365004528477981
2024-01-22,패션의류_앵커,36.94398,1.0
2024-01-22,패션잡화,24.98481,0.6762890733483506
2024-01-23,남성의류,10.79573,0.29648743137583383
2024-01-23,스포츠_레저,21.07738,0.578856479027576
2024-01-23,여성의류,23.22546,0.6378500553387473
2024-01-23,패션의류_앵커,36.4121,1.0
2024-01-23,패션잡화,24.32995,0.6681831039681864
2024-01-24,남성의류,10.55229,0.29226558877766434
2024-01-24,스포츠_레저,20.1523,0.5581559855466562
2024-01-24,여성의류,23.12127,0.6403872135657139
2024-01-24,패션의류_앵커,36.10514,1.0
2024-01-24,패션잡화,24.02735,0.6654828093728483
2024-01-25,남성의류,9.4836,0.2832152921206445
2024-01-25,스포츠_레저,18.31567,0.5469734941831504
2024-01-25,여성의류,21.74101,0.6492667866788828
2024-01-25,패션의류_앵커,33.48548,1.0
2024-01-25,패션잡화,22.5484,0.6733784314873192
2024-01-26,남성의류,8.74983,0.2806908529574804
2024-01-26,스포츠_레저,16.71065,0.5360705981686411
2024-01-26,여성의류,20.37229,0.6535344637321124
2024-01-26,패션의류_앵커,31.17248,1.0
2024-01-26,패션잡화,21.48533,0.6892403171002115
2024-01-27,남성의류,10.23023,0.2776502038905437
2024-01-27,스포츠_레저,17.64066,0.478770550199141
2024-01-27,여성의류,24.41577,0.6626482023028435
2024-01-27,패션의류_앵커,36.84575,1.0
2024-01-27,패션잡화,24.33845,0.660549724188
2024-01-28,남성의류,12.20152,0.2927484212748805
2024-01-28,스포츠_레저,21.04784,0.5049962571258565
2024-01-28,여성의류,26.85558,0.6443401024971688
2024-01-28,패션의류_앵커,41.6792,1.0
2024-01-28,패션잡화,27.4125,0.6577021631893126
2024-01-29,남성의류,10.35876,0.2929550856840656
2024-01-29,스포츠_레저,20.44535,0.578212958026898
2024-01-29,여성의류,22.60269,0.639224481080783
2024-01-29,패션의류_앵커,35.35955,1.0
2024-01-29,패션잡화,24.21743,0.684890786223241
2024-01-30,남성의류,9.84696,0.29028172800724483
2024-01-30,스포츠_레저,19.50478,0.5749877366010575
2024-01-30,여성의류,21.7422,0.6409453665577111
2024-01-30,패션의류_앵커,33.92208,1.0
2024-01-30,패션잡화,23.44826,0.6912388627112489
2024-01-31,남성의류,9.43938,0.28564943972416074
2024-01-31,스포츠_레저,18.39704,0.5567213279455826
2024-01-31,여성의류,21.39623,0.6474812023363059
2024-01-31,패션의류_앵커,33.04533,1.0
2024-01-31,패션잡화,22.75284,0.6885342043792572
2024-02-01,남성의류,9.48998,0.2867957623041383
2024-02-01,스포츠_레저,18.3822,0.5555266778040767
2024-02-01,여성의류,21.32807,0.6445535284717169
2024-02-01,패션의류_앵커,33.08968,1.0
2024-02-01,패션잡화,23.55639,0.7118953703994719
2024-02-02,남성의류,9.19533,0.2834893933452213
2024-02-02,스포츠_레저,17.14991,0.5287268191380998
2024-02-02,여성의류,21.11915,0.6510973528374436
2024-02-02,패션의류_앵커,32.43624,1.0
2024-02-02,패션잡화,22.95862,0.7078076867109135
2024-02-03,남성의류,10.01983,0.27873424686648157
2024-02-03,스포츠_레저,17.3039,0.4813644078145946
2024-02-03,여성의류,23.65691,0.6580940986062773
2024-02-03,패션의류_앵커,35.94761,1.0
2024-02-03,패션잡화,25.02883,0.6962585273402043
2024-02-04,남성의류,12.48409,0.30058619181902935
2024-02-04,스포츠_레저,20.84273,0.5018416911294485
2024-02-04,여성의류,26.39027,0.6354128142600683
2024-02-04,패션의류_앵커,41.53248,1.0
2024-02-04,패션잡화,28.76682,0.6926342948940203
2024-02-05,남성의류,10.68891,0.30134307277232886
2024-02-05,스포츠_레저,20.30305,0.5723860967722837
2024-02-05,여성의류,22.38038,0.630950441065775
2024-02-05,패션의류_앵커,35.4709,1.0
2024-02-05,패션잡화,25.66161,0.7234552830630179
2024-02-06,남성의류,9.36091,0.2941416204496536
2024-02-06,스포츠_레저,17.90154,0.5625081305283666
2024-02-06,여성의류,20.33759,0.6390545020345959
2024-02-06,패션의류_앵커,31.8245,1.0
2024-02-06,패션잡화,22.72818,0.7141724143348678
2024-02-07,남성의류,8.09464,0.28363899612208476
2024-02-07,스포츠_레저,15.66171,0.5487917562677544
2024-02-07,여성의류,18.57286,0.6507994630417193
2024-02-07,패션의류_앵커,28.53853,1.0
2024-02-07,패션잡화,20.53252,0.7194666298509419
2024-02-08,남성의류,7.64177,0.29280416513241914
2024-02-08,스포츠_레저,14.17314,0.5430619378762898
2024-02-08,여성의류,16.86451,0.6461852124465057
2024-02-08,패션의류_앵커,26.09857,1.0
2024-02-08,패션잡화,19.13653,0.7332405568580961
2024-02-09,남성의류,8.4645,0.30691074008110314
2024-02-09,스포츠_레저,14.69173,0.532701249615659
2024-02-09,여성의류,17.42627,0.6318517836320073
2024-02-09,패션의류_앵커,27.57968,1.0
2024-02-09,패션잡화,20.4537,0.7416220927871535
2024-02-10,남성의류,8.78968,0.31343423026094797
2024-02-10,스포츠_레저,14.95143,0.5331581984043157
2024-02-10,여성의류,17.41732,0.6210902202820369
2024-02-10,패션의류_앵커,28.04314,1.0
2024-02-10,패션잡화,21.93481,0.7821809540586396
2024-02-11,남성의류,11.14005,0.30991742434738195
2024-02-11,스포츠_레저,17.75026,0.4938141983829839
2024-02-11,여성의류,22.47867,0.625359088079027
2024-02-11,패션의류_앵커,35.94522,1.0
2024-02-11,패션잡화,26.88936,0.7480649721993634
2024-02-12,남성의류,13.65369,0.30580324897012473
2024-02-12,스포츠_레저,21.60374,0.4838614236814987
2024-02-12,여성의류,28.0221,0.6276141631284826
2024-02-12,패션의류_앵커,44.64861,1.0
2024-02-12,패션잡화,31.45338,0.7044649318310245
2024-02-13,남성의류,12.65862,0.3010729211038737
2024-02-13,스포츠_레저,22.64898,0.5386838824945541
2024-02-13,여성의류,26.66317,0.6341574735468141
2024-02-13,패션의류_앵커,42.04503,1.0
2024-02-13,패션잡화,28.90959,0.6875863806019404
2024-02-14,남성의류,12.12118,0.2941352900323566
2024-02-14,스포츠_레저,21.35893,0.5183006167989257
2024-02-14,여성의류,26.38787,0.6403340100374817
2024-02-14,패션의류_앵커,41.20954,1.0
2024-02-14,패션잡화,28.75761,0.6978386558063983
2024-02-15,남성의류,11.39273,0.28435425494449434
2024-02-15,스포츠_레저,20.15208,0.5029812603284591
2024-02-15,여성의류,26.10799,0.6516364422353824
2024-02-15,패션의류_앵커,40.06527,1.0
2024-02-15,패션잡화,27.89307,0.696190740758767
2024-02-16,남성의류,9.95718,0.27961807282406903
2024-02-16,스포츠_레저,17.7012,0.4970860656002413
2024-02-16,여성의류,23.46649,0.6589872543978604
2024-02-16,패션의류_앵커,35.60993,1.0
2024-02-16,패션잡화,25.11342,0.7052364326467365
2024-02-17,남성의류,11.54823,0.28220039592308216
2024-02-17,스포츠_레저,18.94533,0.46296095825017736
2024-02-17,여성의류,26.95266,0.6586335155413617
2024-02-17,패션의류_앵커,40.92209,1.0
2024-02-17,패션잡화,27.96076,0.683268132199504
2024-02-18,남성의류,14.22967,0.29304101042389374
2024-02-18,스포츠_레저,22.82641,0.47007936591291805
2024-02-18,여성의류,31.28838,0.6443423136114013
2024-02-18,패션의류_앵커,48.55863,1.0
2024-02-18,패션잡화,32.72762,0.6739815353110251
2024-02-19,남성의류,12.38761,0.2938879674615826
2024-02-19,스포츠_레저,22.96333,0.5447900264739997
2024-02-19,여성의류,26.94532,0.6392601419807316
2024-02-19,패션의류_앵커,42.15079,1.0
2024-02-19,패션잡화,29.39909,0.6974742347652322
2024-02-20,남성의류,11.91154,0.2908916765185037
2024-02-20,스포츠_레저,21.83868,0.533322327604249
2024-02-20,여성의류,26.35212,0.643545029997531
2024-02-20,패션의류_앵커,40.94837,1.0
2024-02-20,패션잡화,28.14781,0.6873975691828516
2024-02-21,남성의류,11.35512,0.28924744494422205
2024-02-21,스포츠_레저,21.18377,0.539611324828453
2024-02-21,여성의류,25.32865,0.6451932957455729
2024-02-21,패션의류_앵커,39.25746,1.0
2024-02-21,패션잡화,27.90987,0.7109443657332899
2024-02-22,남성의류,10.28183,0.2861992187706591
2024-02-22,스포츠_레저,19.17205,0.5336623667413306
2024-02-22,여성의류,23.2725,0.6478001794272191
2024-02-22,패션의류_앵커,35.92543,1.0
2024-02-22,패션잡화,25.81045,0.7184451236909343
2024-02-23,남성의류,9.25855,0.28435035730563174
2024-02-23,스포츠_레저,17.60668,0.5407397215509901
2024-02-23,여성의류,21.16954,0.6501629588862039
2024-02-23,패션의류_앵커,32.56036,1.0
2024-02-23,패션잡화,23.52412,0.7224772699073351
2024-02-24,남성의류,11.1248,0.2895179601954444
2024-02-24,스포츠_레저,18.76846,0.48844080389847827
2024-02-24,여성의류,24.97572,0.6499819779962395
2024-02-24,패션의류_앵커,38.42525,1.0
2024-02-24,패션잡화,26.65217,0.693610841829266
2024-02-25,남성의류,13.50419,0.29822832254670684
2024-02-25,스포츠_레저,22.46745,0.4961741448692597
2024-02-25,여성의류,28.95052,0.6393471223712706
2024-02-25,패션의류_앵커,45.28138,1.0
2024-02-25,패션잡화,30.98102,0.6841889536052126
2024-02-26,남성의류,11.33024,0.300363503717748
2024-02-26,스포츠_레저,21.73822,0.5762779891500289
2024-02-26,여성의류,23.77813,0.6303557946394865
2024-02-26,패션의류_앵커,37.72176,1.0
2024-02-26,패션잡화,27.20917,0.7213123141656168
2024-02-27,남성의류,10.86728,0.29217783699870353
2024-02-27,스포츠_레저,20.8447,0.5604308860070667
2024-02-27,여성의류,23.86725,0.6416952061700174
2024-02-27,패션의류_앵커,37.19406,1.0
2024-02-27,패션잡화,26.02088,0.6995977314657232
2024-02-28,남성의류,10.43819,0.28913164030883726
2024-02-28,스포츠_레저,19.54557,0.541400636975491
2024-02-28,여성의류,23.30821,0.6456235218905618
2024-02-28,패션의류_앵커,36.10186,1.0
2024-02-28,패션잡화,25.33204,0.7016824063912496
2024-02-29,남성의류,9.37545,0.28149001501508264
2024-02-29,스포츠_레저,17.8774,0.5367539258841589
2024-02-29,여성의류,21.88003,0.6569295311937516
2024-02-29,패션의류_앵커,33.30651,1.0
2024-02-29,패션잡화,23.53485,0.7066141123762291
2024-03-01,남성의류,11.22969,0.28735522769372257
2024-03-01,스포츠_레저,19.20381,0.491404054353859
2024-03-01,여성의류,25.40869,0.6501800050000678
2024-03-01,패션의류_앵커,39.07947,1.0
2024-03-01,패션잡화,26.653,0.6820205084664659
2024-03-02,남성의류,12.07194,0.2957208451896621
2024-03-02,스포츠_레저,20.36355,0.49883665898454954
2024-03-02,여성의류,26.22913,0.6425231149417179
2024-03-02,패션의류_앵커,40.82208,1.0
2024-03-02,패션잡화,28.10162,0.688392654171468
2024-03-03,남성의류,13.78345,0.3105586493494321
2024-03-03,스포츠_레저,23.04505,0.5192342702436712
2024-03-03,여성의류,27.82209,0.6268670537839468
2024-03-03,패션의류_앵커,44.38276,1.0
2024-03-03,패션잡화,30.76417,0.6931558560125599
2024-03-04,남성의류,11.47008,0.315810862826705
2024-03-04,스포츠_레저,21.5508,0.5933678529361395
2024-03-04,여성의류,22.49585,0.6193883389235413
2024-03-04,패션의류_앵커,36.31946,1.0
2024-03-04,패션잡화,25.77249,0.7096055392894057
2024-03-05,남성의류,11.28974,0.30542420449230107
2024-03-05,스포츠_레저,21.34909,0.5775623557216145
2024-03-05,여성의류,23.29101,0.6300976108459743
2024-03-05,패션의류_앵커,36.96413,1.0
2024-03-05,패션잡화,25.70485,0.6953998376263691
2024-03-06,남성의류,11.2863,0.29803029550848653
2024-03-06,스포츠_레저,20.98711,0.55419354395764
2024-03-06,여성의류,24.22144,0.6396004820748231
2024-03-06,패션의류_앵커,37.86964,1.0
2024-03-06,패션잡화,25.43762,0.6717153899535354
2024-03-07,남성의류,10.78007,0.28928035404679925
2024-03-07,스포츠_레저,20.37504,0.5467588600925315
2024-03-07,여성의류,24.19048,0.6491451928384525
2024-03-07,패션의류_앵커,37.26513,1.0
2024-03-07,패션잡화,24.94883,0.6694953163990036
2024-03-08,남성의류,9.9016,0.2852278717661394
2024-03-08,스포츠_레저,18.84465,0.5428435216205239
2024-03-08,여성의류,22.77491,0.6560595367380389
2024-03-08,패션의류_앵커,34.7147,1.0
2024-03-08,패션잡화,23.38864,0.6737387907716327
2024-03-09,남성의류,11.85424,0.2893001854519657
2024-03-09,스포츠_레저,19.85664,0.48459704160308203
2024-03-09,여성의류,26.8041,0.6541483132510421
2024-03-09,패션의류_앵커,40.97557,1.0
2024-03-09,패션잡화,26.82198,0.6545846708172699
2024-03-10,남성의류,14.53543,0.3018992191146088
2024-03-10,스포츠_레저,23.78705,0.49405430868162525
2024-03-10,여성의류,30.81967,0.640121021969762
2024-03-10,패션의류_앵커,48.14663,1.0
2024-03-10,패션잡화,30.81665,0.6400582969150697
2024-03-11,남성의류,12.0702,0.30037253540579484
2024-03-11,스포츠_레저,23.14861,0.5760639158274043
2024-03-11,여성의류,25.72152,0.6400919766773425
2024-03-11,패션의류_앵커,40.1841,1.0
2024-03-11,패션잡화,26.72102,0.6649649985939712
2024-03-12,남성의류,11.82662,0.29279464847173464
2024-03-12,스포츠_레저,22.82059,0.564975168473121
2024-03-12,여성의류,26.11761,0.6466003337277989
2024-03-12,패션의류_앵커,40.3922,1.0
2024-03-12,패션잡화,26.30435,0.6512235035477146
2024-03-13,남성의류,11.72547,0.28828831708329317
2024-03-13,스포츠_레저,21.93751,0.5393666811563131
2024-03-13,여성의류,26.56659,0.6531795758926376
2024-03-13,패션의류_앵커,40.67272,1.0
2024-03-13,패션잡화,25.49745,0.6268931608213073
2024-03-14,남성의류,11.18883,0.2801472742250075
2024-03-14,스포츠_레저,21.15926,0.5297881023858825
2024-03-14,여성의류,26.45451,0.6623712101674799
2024-03-14,패션의류_앵커,39.9391,1.0
2024-03-14,패션잡화,25.23275,0.6317806360183379
2024-03-15,남성의류,10.56785,0.2808458448549177
2024-03-15,스포츠_레저,19.94005,0.5299166991109168
2024-03-15,여성의류,24.99615,0.6642850593895875
2024-03-15,패션의류_앵커,37.62865,1.0
2024-03-15,패션잡화,23.98065,0.6372976442152456
2024-03-16,남성의류,12.73983,0.28995121289530845
2024-03-16,스포츠_레저,21.3967,0.4869766014897409
2024-03-16,여성의류,29.00427,0.6601205248141465
2024-03-16,패션의류_앵커,43.93784,1.0
2024-03-16,패션잡화,27.44116,0.6245450390824856
2024-03-17,남성의류,15.80751,0.29818846026951357
2024-03-17,스포츠_레저,25.96114,0.48972370496310164
2024-03-17,여성의류,34.35917,0.6481418008553188
2024-03-17,패션의류_앵커,53.01181,1.0
2024-03-17,패션잡화,31.54585,0.5950721169490346
2024-03-18,남성의류,13.27489,0.3026087713731325
2024-03-18,스포츠_레저,24.91141,0.5678699539711718
2024-03-18,여성의류,28.11826,0.6409719486753034
2024-03-18,패션의류_앵커,43.86816,1.0
2024-03-18,패션잡화,27.09978,0.6177551098564426
2024-03-19,남성의류,12.47964,0.29449094897962313
2024-03-19,스포츠_레저,23.5065,0.5546996141066177
2024-03-19,여성의류,27.50156,0.6489738888958372
2024-03-19,패션의류_앵커,42.37699,1.0
2024-03-19,패션잡화,26.452,0.6242066744240212
2024-03-20,남성의류,11.66645,0.2863752637871999
2024-03-20,스포츠_레저,22.04317,0.5410916451410748
2024-03-20,여성의류,26.74789,0.6565779696909521
2024-03-20,패션의류_앵커,40.73833,1.0
2024-03-20,패션잡화,25.44798,0.6246691997438285
2024-03-21,남성의류,10.78379,0.28010171547459645
2024-03-21,스포츠_레저,20.80686,0.5404442389586372
2024-03-21,여성의류,25.46359,0.6613996786975432
2024-03-21,패션의류_앵커,38.49955,1.0
2024-03-21,패션잡화,24.23338,0.6294457987171279
2024-03-22,남성의류,10.37996,0.2828785593304637
2024-03-22,스포츠_레저,19.63168,0.5350098994251111
2024-03-22,여성의류,24.2381,0.660545783308193
2024-03-22,패션의류_앵커,36.69405,1.0
2024-03-22,패션잡화,23.57442,0.6424589272647746
2024-03-23,남성의류,12.31673,0.28995257122261814
2024-03-23,스포츠_레저,20.81811,0.49008661572473367
2024-03-23,여성의류,27.91542,0.6571669433168786
2024-03-23,패션의류_앵커,42.47843,1.0
2024-03-23,패션잡화,26.41968,0.6219551899634708
2024-03-24,남성의류,15.38869,0.3051228923115969
2024-03-24,스포츠_레저,25.6463,0.508508081785448
2024-03-24,여성의류,32.27587,0.6399574496772045
2024-03-24,패션의류_앵커,50.4344,1.0
2024-03-24,패션잡화,30.82755,0.6112405421696303
2024-03-25,남성의류,13.30293,0.3079449663823626
2024-03-25,스포츠_레저,25.31902,0.5861013147279859
2024-03-25,여성의류,27.30883,0.6321627443196088
2024-03-25,패션의류_앵커,43.19905,1.0
2024-03-25,패션잡화,28.0773,0.6499517929213722
2024-03-26,남성의류,12.12812,0.29832251818315314
2024-03-26,스포츠_레저,23.4954,0.5779302063073631
2024-03-26,여성의류,26.1028,0.6420659613881797
2024-03-26,패션의류_앵커,40.65439,1.0
2024-03-26,패션잡화,26.75517,0.6581126909049675
2024-03-27,남성의류,11.67181,0.2909486621303662
2024-03-27,스포츠_레저,22.20729,0.5535714953414302
2024-03-27,여성의류,26.08777,0.6503020336575648
2024-03-27,패션의류_앵커,40.11639,1.0
2024-03-27,패션잡화,25.68455,0.6402507802920452
2024-03-28,남성의류,11.32977,0.2870450130173629
2024-03-28,스포츠_레저,21.92665,0.555521915685593
2024-03-28,여성의류,25.77082,0.6529157575456621
2024-03-28,패션의류_앵커,39.47036,1.0
2024-03-28,패션잡화,25.56799,0.6477769647907949
2024-03-29,남성의류,9.99312,0.28552938020039104
2024-03-29,스포츠_레저,18.89883,0.5399886338213247
2024-03-29,여성의류,23.04523,0.6584620457350114
2024-03-29,패션의류_앵커,34.99857,1.0
2024-03-29,패션잡화,23.05704,0.6587994880933706
2024-03-30,남성의류,11.77428,0.29147879266186044
2024-03-30,스포츠_레저,19.68124,0.48721994663693363
2024-03-30,여성의류,26.44604,0.6546863001293726
2024-03-30,패션의류_앵커,40.39498,1.0
2024-03-30,패션잡화,25.98325,0.6432296785392642
2024-03-31,남성의류,14.30254,0.3062128327920966
2024-03-31,스포츠_레저,23.52411,0.5036437137748181
2024-03-31,여성의류,29.77242,0.6374180437374112
2024-03-31,패션의류_앵커,46.70784,1.0
2024-03-31,패션잡화,28.74119,0.6153397373974049
2024-04-01,남성의류,13.17444,0.3108259805413486
2024-04-01,스포츠_레저,24.3206,0.5737985327918242
2024-04-01,여성의류,26.75263,0.6311776782777786
2024-04-01,패션의류_앵커,42.38526,1.0
2024-04-01,패션잡화,27.10612,0.6395176058846872
2024-04-02,남성의류,13.19474,0.3057613573059286
2024-04-02,스포츠_레저,23.95901,0.5552014982717597
2024-04-02,여성의류,27.40259,0.6349994855599934
2024-04-02,패션의류_앵커,43.15372,1.0
2024-04-02,패션잡화,26.9847,0.6253157317607845
2024-04-03,남성의류,12.58008,0.2990179533230714
2024-04-03,스포츠_레저,23.58317,0.560552176637196
2024-04-03,여성의류,26.92194,0.6399119400104394
2024-04-03,패션의류_앵커,42.07132,1.0
2024-04-03,패션잡화,26.71374,0.6349632005841509
2024-04-04,남성의류,11.77353,0.29405338578252316
2024-04-04,스포츠_레저,21.80628,0.544629390278168
2024-04-04,여성의류,25.83682,0.6452953701102058
2024-04-04,패션의류_앵커,40.03875,1.0
2024-04-04,패션잡화,25.27109,0.6311658081233805
2024-04-05,남성의류,10.64258,0.2924205064572447
2024-04-05,스포츠_레저,19.80697,0.5442255730079973
2024-04-05,여성의류,23.62104,0.6490227444704983
2024-04-05,패션의류_앵커,36.39478,1.0
2024-04-05,패션잡화,23.76991,0.6531131662287833
2024-04-06,남성의류,11.92638,0.29754351054728945
2024-04-06,스포츠_레저,20.29131,0.5062347175759384
2024-04-06,여성의류,25.82415,0.6442699501357314
2024-04-06,패션의류_앵커,40.08281,1.0
2024-04-06,패션잡화,25.55303,0.6375059533001802
2024-04-07,남성의류,14.94333,0.316639847978936
2024-04-07,스포츠_레저,24.95008,0.5286766429077249
2024-04-07,여성의류,29.34494,0.62180098683165
2024-04-07,패션의류_앵커,47.19346,1.0
2024-04-07,패션잡화,29.47228,0.6244992420559967
2024-04-08,남성의류,13.6622,0.31709073624457457
2024-04-08,스포츠_레저,25.59388,0.5940172338682855
2024-04-08,여성의류,26.75296,0.6209187234209463
2024-04-08,패션의류_앵커,43.08609,1.0
2024-04-08,패션잡화,27.99027,0.6496358801645729
2024-04-09,남성의류,12.04171,0.3001980676870456
2024-04-09,스포츠_레저,22.96581,0.5725342816649652
2024-04-09,여성의류,25.63223,0.639007741966043
2024-04-09,패션의류_앵커,40.11255,1.0
2024-04-09,패션잡화,26.16384,0.6522607014512914
2024-04-10,남성의류,13.77719,0.2958046432336453
2024-04-10,스포츠_레저,23.96341,0.5145089779346563
2024-04-10,여성의류,29.86543,0.641228934649911
2024-04-10,패션의류_앵커,46.5753,1.0
2024-04-10,패션잡화,29.22506,0.6274798015257014
2024-04-11,남성의류,11.85558,0.30047901945477956
2024-04-11,스포츠_레저,22.91752,0.5808432769999696
2024-04-11,여성의류,24.98219,0.6331722239682074
2024-04-11,패션의류_앵커,39.4556,1.0
2024-04-11,패션잡화,26.50666,0.671809831810947
2024-04-12,남성의류,11.64379,0.3017695459172778
2024-04-12,스포츠_레저,22.22532,0.5760087329182502
2024-04-12,여성의류,24.53356,0.6358308816059282
2024-04-12,패션의류_앵커,38.58504,1.0
2024-04-12,패션잡화,25.68473,0.6656655014482297
2024-04-13,남성의류,13.28141,0.3038405903032524
2024-04-13,스포츠_레저,23.07443,0.5278768167017716
2024-04-13,여성의류,27.70964,0.6339171349043976
2024-04-13,패션의류_앵커,43.71177,1.0
2024-04-13,패션잡화,28.09857,0.6428147384560268
2024-04-14,남성의류,15.88147,0.3230760749320647
2024-04-14,스포츠_레저,27.39263,0.5572471177080159
2024-04-14,여성의류,29.92889,0.608842148004783
2024-04-14,패션의류_앵커,49.15706,1.0
2024-04-14,패션잡화,31.68132,0.6444917576437647
2024-04-15,남성의류,13.44797,0.31737202725610647
2024-04-15,스포츠_레저,27.31278,0.6445814765053788
2024-04-15,여성의류,25.68226,0.6061012123553527
2024-04-15,패션의류_앵커,42.37289,1.0
2024-04-15,패션잡화,28.87647,0.6814845529771513
2024-04-16,남성의류,12.693,0.3099305983030366
2024-04-16,스포츠_레저,25.40952,0.6204354948548786
2024-04-16,여성의류,25.24463,0.6164093027526028
2024-04-16,패션의류_앵커,40.95433,1.0
2024-04-16,패션잡화,27.70164,0.6764032032754534
2024-04-17,남성의류,12.59557,0.30437139217210085
2024-04-17,스포츠_레저,24.38427,0.589244806467702
2024-04-17,여성의류,25.72889,0.6217374893190895
2024-04-17,패션의류_앵커,41.38224,1.0
2024-04-17,패션잡화,27.25282,0.6585631903927868
2024-04-18,남성의류,12.08516,0.3025297763211815
2024-04-18,스포츠_레저,23.33737,0.5842081797861718
2024-04-18,여성의류,24.98537,0.6254628318865417
2024-04-18,패션의류_앵커,39.94701,1.0
2024-04-18,패션잡화,26.34217,0.6594278270138366
2024-04-19,남성의류,10.93275,0.29531331668505717
2024-04-19,스포츠_레저,21.61672,0.5839066363954366
2024-04-19,여성의류,23.47376,0.6340686396989803
2024-04-19,패션의류_앵커,37.02085,1.0
2024-04-19,패션잡화,24.62672,0.6652121709793264
2024-04-20,남성의류,12.10007,0.293698860891917
2024-04-20,스포츠_레저,23.0201,0.5587552094837483
2024-04-20,여성의류,26.26861,0.6376046447842053
2024-04-20,패션의류_앵커,41.1989,1.0
2024-04-20,패션잡화,27.76686,0.6739709069902352
2024-04-21,남성의류,13.69645,0.307744107138885
2024-04-21,스포츠_레저,26.25291,0.5898738978164053
2024-04-21,여성의류,27.50446,0.6179948442871822
2024-04-21,패션의류_앵커,44.50597,1.0
2024-04-21,패션잡화,30.30719,0.6809690924610788
2024-04-22,남성의류,12.27247,0.314552896790002
2024-04-22,스포츠_레저,26.13029,0.6697395400814034
2024-04-22,여성의류,23.85366,0.6113877525912712
2024-04-22,패션의류_앵커,39.0156,1.0
2024-04-22,패션잡화,27.316,0.700130204328525
2024-04-23,남성의류,11.88488,0.3033057212177574
2024-04-23,스포츠_레저,25.13098,0.6413501872807328
2024-04-23,여성의류,24.48677,0.6249097538337235
2024-04-23,패션의류_앵커,39.18449,1.0
2024-04-23,패션잡화,26.93632,0.6874230084403293
2024-04-24,남성의류,10.94465,0.2971342796686324
2024-04-24,스포츠_레저,23.97662,0.650936824164183
2024-04-24,여성의류,23.20074,0.629872601470054
2024-04-24,패션의류_앵커,36.83402,1.0
2024-04-24,패션잡화,26.1701,0.7104872072068159
2024-04-25,남성의류,10.12965,0.2935864079577708
2024-04-25,스포츠_레저,22.55582,0.6537325744070176
2024-04-25,여성의류,21.79705,0.6317412362298724
2024-04-25,패션의류_앵커,34.50313,1.0
2024-04-25,패션잡화,24.35467,0.7058684241110879
2024-04-26,남성의류,9.57832,0.2929911444870991
2024-04-26,스포츠_레저,20.79013,0.6359490999189392
2024-04-26,여성의류,20.77844,0.6355915146138905
2024-04-26,패션의류_앵커,32.6915,1.0
2024-04-26,패션잡화,23.1375,0.7077527797745592
2024-04-27,남성의류,11.13948,0.29341585183335517
2024-04-27,스포츠_레저,22.54341,0.5937973629270467
2024-04-27,여성의류,24.09536,0.634675997410234
2024-04-27,패션의류_앵커,37.96482,1.0
2024-04-27,패션잡화,26.79316,0.7057365213373854
2024-04-28,남성의류,13.48009,0.30968679111949193
2024-04-28,스포츠_레저,26.97238,0.6196538606979302
2024-04-28,여성의류,26.84462,0.6167187479180135
2024-04-28,패션의류_앵커,43.52814,1.0
2024-04-28,패션잡화,30.83445,0.7083796826604583
2024-04-29,남성의류,11.99329,0.31329189645552213
2024-04-29,스포츠_레저,27.35877,0.7146730328367317
2024-04-29,여성의류,23.27585,0.6080179156940476
2024-04-29,패션의류_앵커,38.28152,1.0
2024-04-29,패션잡화,28.58632,0.7467394189154454
2024-04-30,남성의류,10.71903,0.30089865113904096
2024-04-30,스포츠_레저,24.29393,0.6819656972567743
2024-04-30,여성의류,22.14235,0.6215677396227591
2024-04-30,패션의류_앵커,35.62339,1.0
2024-04-30,패션잡화,25.99791,0.7297988765246655
2024-05-01,남성의류,12.79069,0.30634959716841903
2024-05-01,스포츠_레저,26.64331,0.638133461582863
2024-05-01,여성의류,25.73617,0.616406566976289
2024-05-01,패션의류_앵커,41.75194,1.0
2024-05-01,패션잡화,29.60774,0.7091344737513994
2024-05-02,남성의류,11.01772,0.30398624439702526
2024-05-02,스포츠_레저,25.11466,0.6929302226511651
2024-05-02,여성의류,22.44533,0.6192816273196163
2024-05-02,패션의류_앵커,36.24414,1.0
2024-05-02,패션잡화,26.82474,0.7401124705952465
2024-05-03,남성의류,9.81897,0.3005792113896574
2024-05-03,스포츠_레저,22.48833,0.6884148232320064
2024-05-03,여성의류,20.3486,0.6229132119645525
2024-05-03,패션의류_앵커,32.66683,1.0
2024-05-03,패션잡화,24.3771,0.7462340239319212
2024-05-04,남성의류,10.54686,0.30171393066065844
2024-05-04,스포츠_레저,22.4578,0.6424500858066698
2024-05-04,여성의류,21.85149,0.6251053810036419
2024-05-04,패션의류_앵커,34.95649,1.0
2024-05-04,패션잡화,25.61239,0.7326934140126768
2024-05-05,남성의류,12.00581,0.3059458299631871
2024-05-05,스포츠_레저,25.99862,0.6625266744848964
2024-05-05,여성의류,24.19995,0.6166909011401671
2024-05-05,패션의류_앵커,39.24162,1.0
2024-05-05,패션잡화,30.27772,0.7715716119772833
2024-05-06,남성의류,12.91495,0.3118213965113533
2024-05-06,스포츠_레저,27.73463,0.6696310135405615
2024-05-06,여성의류,25.2282,0.6091152157358507
2024-05-06,패션의류_앵커,41.41778,1.0
2024-05-06,패션잡화,30.84407,0.7447060175605742
2024-05-07,남성의류,11.04717,0.30933380151307177
2024-05-07,스포츠_레저,26.82633,0.7511689092812152
2024-05-07,여성의류,21.79557,0.6103016903192638
2024-05-07,패션의류_앵커,35.71278,1.0
2024-05-07,패션잡화,27.81098,0.7787402716898544
2024-05-08,남성의류,10.27465,0.3024928319269023
2024-05-08,스포츠_레저,24.4364,0.7194245875137893
2024-05-08,여성의류,21.05206,0.6197872674295537
2024-05-08,패션의류_앵커,33.96659,1.0
2024-05-08,패션잡화,26.29864,0.7742502264725426
2024-05-09,남성의류,10.15578,0.28932799297575273
2024-05-09,스포츠_레저,23.89635,0.6807830599861487
2024-05-09,여성의류,22.28106,0.6347650669049867
2024-05-09,패션의류_앵커,35.10127,1.0
2024-05-09,패션잡화,26.36488,0.7511090054576373
2024-05-10,남성의류,9.31176,0.28316553903342334
2024-05-10,스포츠_레저,21.98335,0.6685016744965944
2024-05-10,여성의류,21.11084,0.6419691216320389
2024-05-10,패션의류_앵커,32.88451,1.0
2024-05-10,패션잡화,24.4058,0.7421670567692813
2024-05-11,남성의류,10.42141,0.28397999983105204
2024-05-11,스포츠_레저,23.00373,0.6268440874616359
2024-05-11,여성의류,23.60517,0.6432331299327015
2024-05-11,패션의류_앵커,36.69769,1.0
2024-05-11,패션잡화,26.91214,0.7333469763355677
2024-05-12,남성의류,12.33999,0.30113783338718353
2024-05-12,스포츠_레저,26.79688,0.6539352450639223
2024-05-12,여성의류,25.56657,0.6239114859041024
2024-05-12,패션의류_앵커,40.97788,1.0
2024-05-12,패션잡화,30.34197,0.7404475292523673
2024-05-13,남성의류,11.31727,0.3010872349986073
2024-05-13,스포츠_레저,27.04801,0.7195914335448991
2024-05-13,여성의류,23.40967,0.6227962054921237
2024-05-13,패션의류_앵커,37.58801,1.0
2024-05-13,패션잡화,27.97068,0.7441383568856134
2024-05-14,남성의류,10.00078,0.28394947456408637
2024-05-14,스포츠_레저,23.97131,0.6806110002532632
2024-05-14,여성의류,22.58536,0.6412600921968821
2024-05-14,패션의류_앵커,35.22028,1.0
2024-05-14,패션잡화,25.71148,0.7300191821302954
2024-05-15,남성의류,12.23182,0.28670059527813674
2024-05-15,스포츠_레저,27.31311,0.6401896770797174
2024-05-15,여성의류,27.18029,0.6370765203242351
2024-05-15,패션의류_앵커,42.66409,1.0
2024-05-15,패션잡화,30.6137,0.7175519271593511
2024-05-16,남성의류,10.03646,0.28829731984254103
2024-05-16,스포츠_레저,24.93022,0.7161205852546528
2024-05-16,여성의류,22.09887,0.6347900547153813
2024-05-16,패션의류_앵커,34.81288,1.0
2024-05-16,패션잡화,26.41176,0.7586778226909121
2024-05-17,남성의류,9.16704,0.28016411855043893
2024-05-17,스포츠_레저,22.90773,0.7001086483141175
2024-05-17,여성의류,21.06244,0.6437126855693339
2024-05-17,패션의류_앵커,32.72025,1.0
2024-05-17,패션잡화,24.68786,0.7545131837317869
2024-05-18,남성의류,10.24304,0.28169201554896456
2024-05-18,스포츠_레저,23.55229,0.647707325256342
2024-05-18,여성의류,23.45844,0.6451263731503979
2024-05-18,패션의류_앵커,36.36255,1.0
2024-05-18,패션잡화,27.31129,0.7510829136020438
2024-05-19,남성의류,12.33707,0.29414449071710813
2024-05-19,스포츠_레저,28.38612,0.6767912325077767
2024-05-19,여성의류,26.27398,0.626432894213252
2024-05-19,패션의류_앵커,41.94221,1.0
2024-05-19,패션잡화,30.88114,0.7362783220054451
2024-05-20,남성의류,11.23502,0.2969221372964462
2024-05-20,스포츠_레저,28.11736,0.7430931699572946
2024-05-20,여성의류,23.43666,0.6193903685342907
2024-05-20,패션의류_앵커,37.83827,1.0
2024-05-20,패션잡화,27.94423,0.7385176436449129
2024-05-21,남성의류,11.27459,0.29246917029380537
2024-05-21,스포츠_레저,27.22895,0.7063341917064401
2024-05-21,여성의류,24.04536,0.6237500865766166
2024-05-21,패션의류_앵커,38.54967,1.0
2024-05-21,패션잡화,27.40038,0.7107811817844355
2024-05-22,남성의류,11.29625,0.28766622695996297
2024-05-22,스포츠_레저,26.51526,0.6752280447991525
2024-05-22,여성의류,24.67902,0.6284670194506553
2024-05-22,패션의류_앵커,39.2686,1.0
2024-05-22,패션잡화,27.90659,0.7106591526053896
2024-05-23,남성의류,10.71783,0.2832740636782074
2024-05-23,스포츠_레저,25.31004,0.6689486475021508
2024-05-23,여성의류,24.0134,0.6346782325088443
2024-05-23,패션의류_앵커,37.83555,1.0
2024-05-23,패션잡화,27.21871,0.7193951191405967
2024-05-24,남성의류,9.48495,0.27725810892895664
2024-05-24,스포츠_레저,22.80452,0.6666074244179011
2024-05-24,여성의류,21.83206,0.638181083677143
2024-05-24,패션의류_앵커,34.20982,1.0
2024-05-24,패션잡화,24.71987,0.7225957342073124
2024-05-25,남성의류,9.88949,0.2765713010456277
2024-05-25,스포츠_레저,22.8538,0.6391335852340784
2024-05-25,여성의류,22.97074,0.6424039508388038
2024-05-25,패션의류_앵커,35.75747,1.0
2024-05-25,패션잡화,25.63813,0.7170006714680877
2024-05-26,남성의류,11.9589,0.2869464315792959
2024-05-26,스포츠_레저,27.97784,0.6713110195165516
2024-05-26,여성의류,26.2014,0.6286864370788086
2024-05-26,패션의류_앵커,41.67642,1.0
2024-05-26,패션잡화,30.12863,0.7229178993781136
2024-05-27,남성의류,10.71442,0.2921374109907416
2024-05-27,스포츠_레저,28.28614,0.7712447063417017
2024-05-27,여성의류,22.7738,0.6209462547128963
2024-05-27,패션의류_앵커,36.67596,1.0
2024-05-27,패션잡화,27.45933,0.7487010564958626
2024-05-28,남성의류,10.39269,0.28250440160586243
2024-05-28,스포츠_레저,26.75364,0.7272439627255951
2024-05-28,여성의류,23.41222,0.6364141720155999
2024-05-28,패션의류_앵커,36.78771,1.0
2024-05-28,패션잡화,26.51774,0.7208314950835484
2024-05-29,남성의류,10.22621,0.2747868739160974
2024-05-29,스포츠_레저,26.06936,0.7005056555061311
2024-05-29,여성의류,23.89517,0.6420833393792728
2024-05-29,패션의류_앵커,37.21506,1.0
2024-05-29,패션잡화,26.883,0.7223688474504676
2024-05-30,남성의류,9.24131,0.27099527086448433
2024-05-30,스포츠_레저,23.92041,0.7014501176932187
2024-05-30,여성의류,21.97178,0.6443078386586814
2024-05-30,패션의류_앵커,34.10137,1.0
2024-05-30,패션잡화,25.05646,0.7347640285419618
2024-05-31,남성의류,8.20384,0.27112504878792776
2024-05-31,스포츠_레저,21.03783,0.6952698596196574
2024-05-31,여성의류,19.62072,0.6484364233400784
2024-05-31,패션의류_앵커,30.25851,1.0
2024-05-31,패션잡화,21.97296,0.7261745538693082
2024-06-01,남성의류,9.35451,0.27098121484736193
2024-06-01,스포츠_레저,21.8728,0.6336107306650353
2024-06-01,여성의류,22.38104,0.6483334144436642
2024-06-01,패션의류_앵커,34.52088,1.0
2024-06-01,패션잡화,24.38123,0.7062748690068156
2024-06-02,남성의류,11.36374,0.28614148615175966
2024-06-02,스포츠_레저,26.89251,0.6771593487488327
2024-06-02,여성의류,25.03789,0.6304596070223608
2024-06-02,패션의류_앵커,39.71371,1.0
2024-06-02,패션잡화,28.43834,0.7160836899901822
2024-06-03,남성의류,10.224,0.2880227172847436
2024-06-03,스포츠_레저,27.37211,0.7711061717543919
2024-06-03,여성의류,22.2873,0.627860789019979
2024-06-03,패션의류_앵커,35.4972,1.0
2024-06-03,패션잡화,26.58379,0.7488982229584306
2024-06-04,남성의류,9.58756,0.27400176103080603
2024-06-04,스포츠_레저,24.91687,0.7120963268418304
2024-06-04,여성의류,22.47877,0.6424181507919066
2024-06-04,패션의류_앵커,34.99087,1.0
2024-06-04,패션잡화,25.66281,0.7334144592575149
2024-06-05,남성의류,8.49911,0.2685627072691738
2024-06-05,스포츠_레저,22.01507,0.6956524624249328
2024-06-05,여성의류,20.52132,0.6484515738632682
2024-06-05,패션의류_앵커,31.64665,1.0
2024-06-05,패션잡화,23.30019,0.7362608680539646
2024-06-06,남성의류,9.54569,0.26837339244149844
2024-06-06,스포츠_레저,22.72166,0.6388107068323293
2024-06-06,여성의류,22.94122,0.6449835515449122
2024-06-06,패션의류_앵커,35.56869,1.0
2024-06-06,패션잡화,25.17414,0.7077612360758859
2024-06-07,남성의류,8.31505,0.27023965872332595
2024-06-07,스포츠_레저,21.41918,0.6961247248463316
2024-06-07,여성의류,19.80536,0.6436754712590558
2024-06-07,패션의류_앵커,30.76917,1.0
2024-06-07,패션잡화,22.8268,0.7418724651981188
2024-06-08,남성의류,8.92156,0.2678214195655567
2024-06-08,스포츠_레저,21.94137,0.6586705532006869
2024-06-08,여성의류,21.6473,0.6498426974387301
2024-06-08,패션의류_앵커,33.3116,1.0
2024-06-08,패션잡화,24.10514,0.7236260041547089
2024-06-09,남성의류,10.37641,0.2757108986794512
2024-06-09,스포츠_레저,25.1377,0.6679321516530707
2024-06-09,여성의류,23.91929,0.6355578607316413
2024-06-09,패션의류_앵커,37.63511,1.0
2024-06-09,패션잡화,26.56844,0.7059482488559221
2024-06-10,남성의류,10.02414,0.2836130049345823
2024-06-10,스포츠_레저,25.11057,0.7104533868561467
2024-06-10,여성의류,22.08601,0.6248795071811881
2024-06-10,패션의류_앵커,35.34443,1.0
2024-06-10,패션잡화,25.07461,0.709435970533405
2024-06-11,남성의류,9.98532,0.27236840813200264
2024-06-11,스포츠_레저,24.18308,0.6596390504589609
2024-06-11,여성의류,23.30777,0.6357633217570241
2024-06-11,패션의류_앵커,36.66108,1.0
2024-06-11,패션잡화,24.91873,0.6797052896423128
2024-06-12,남성의류,9.69245,0.26841285696601763
2024-06-12,스포츠_레저,23.16591,0.6415331611014385
2024-06-12,여성의류,23.0938,0.6395362200683851
2024-06-12,패션의류_앵커,36.11023,1.0
2024-06-12,패션잡화,24.71768,0.6845063019537677
2024-06-13,남성의류,9.11925,0.26170028490944197
2024-06-13,스포츠_레저,22.0607,0.6330884091676099
2024-06-13,여성의류,22.40245,0.6428958025791078
2024-06-13,패션의류_앵커,34.84616,1.0
2024-06-13,패션잡화,24.16214,0.6933946236830687
2024-06-14,남성의류,8.22562,0.2585364826413302
2024-06-14,스포츠_레저,19.90347,0.6255787559062097
2024-06-14,여성의류,20.61984,0.6480947218844302
2024-06-14,패션의류_앵커,31.81609,1.0
2024-06-14,패션잡화,22.74677,0.7149454882733862
2024-06-15,남성의류,8.4386,0.25561561634333296
2024-06-15,스포츠_레저,19.64555,0.5950879733194802
2024-06-15,여성의류,21.50482,0.6514075579660646
2024-06-15,패션의류_앵커,33.01285,1.0
2024-06-15,패션잡화,22.82356,0.6913538213150334
2024-06-16,남성의류,10.16215,0.26871952093426915
2024-06-16,스포츠_레저,23.41564,0.6191838895479116
2024-06-16,여성의류,24.07864,0.6367157152323799
2024-06-16,패션의류_앵커,37.81694,1.0
2024-06-16,패션잡화,26.1175,0.6906296490408795
2024-06-17,남성의류,9.27544,0.27168651177804015
2024-06-17,스포츠_레저,24.01904,0.7035406615596906
2024-06-17,여성의류,21.65856,0.6343999439956907
2024-06-17,패션의류_앵커,34.14023,1.0
2024-06-17,패션잡화,24.3145,0.7121949676378864
2024-06-18,남성의류,8.94852,0.265182505372686
2024-06-18,스포츠_레저,22.81613,0.6761384582376642
2024-06-18,여성의류,21.58591,0.6396818350463894
2024-06-18,패션의류_앵커,33.74476,1.0
2024-06-18,패션잡화,23.98561,0.7107950982611819
2024-06-19,남성의류,8.78436,0.2612223001667365
2024-06-19,스포츠_레저,21.67754,0.6446294164579363
2024-06-19,여성의류,21.69072,0.6450213527989102
2024-06-19,패션의류_앵커,33.62791,1.0
2024-06-19,패션잡화,24.15124,0.7181903365389047
2024-06-20,남성의류,8.1818,0.25797838629345177
2024-06-20,스포츠_레저,20.17253,0.6360552368496227
2024-06-20,여성의류,20.52017,0.6470165908562052
2024-06-20,패션의류_앵커,31.71506,1.0
2024-06-20,패션잡화,22.41458,0.7067487811784054
2024-06-21,남성의류,7.11171,0.24662609238451938
2024-06-21,스포츠_레저,17.96847,0.6231263004577612
2024-06-21,여성의류,18.99535,0.658737342211125
2024-06-21,패션의류_앵커,28.836,1.0
2024-06-21,패션잡화,20.40462,0.7076092384519351
2024-06-22,남성의류,7.60629,0.24502084820496697
2024-06-22,스포츠_레저,18.29726,0.5894082614555604
2024-06-22,여성의류,20.53239,0.661408336189546
2024-06-22,패션의류_앵커,31.04344,1.0
2024-06-22,패션잡화,21.99951,0.7086685625046709
2024-06-23,남성의류,9.06188,0.2619359933494779
2024-06-23,스포츠_레저,20.90532,0.6042737004339837
2024-06-23,여성의류,22.18777,0.6413432505351809
2024-06-23,패션의류_앵커,34.59578,1.0
2024-06-23,패션잡화,24.82376,0.7175372256385028
2024-06-24,남성의류,8.46334,0.26883568932317625
2024-06-24,스포츠_레저,21.43433,0.6808556528191514
2024-06-24,여성의류,19.9047,0.6322673726059719
2024-06-24,패션의류_앵커,31.48146,1.0
2024-06-24,패션잡화,23.09908,0.7337359830198473
2024-06-25,남성의류,8.43295,0.2632683936193328
2024-06-25,스포츠_레저,21.88115,0.6831079528567897
2024-06-25,여성의류,20.60541,0.6432806064980506
2024-06-25,패션의류_앵커,32.03176,1.0
2024-06-25,패션잡화,23.8938,0.7459409036531243
2024-06-26,남성의류,8.64543,0.25634895407712444
2024-06-26,스포츠_레저,23.04035,0.6831782368338966
2024-06-26,여성의류,21.91627,0.6498477104981314
2024-06-26,패션의류_앵커,33.72524,1.0
2024-06-26,패션잡화,26.38435,0.7823324607919766
2024-06-27,남성의류,8.00698,0.2519318124253319
2024-06-27,스포츠_레저,21.54949,0.6780336746865318
2024-06-27,여성의류,20.89623,0.6574794862428274
2024-06-27,패션의류_앵커,31.78233,1.0
2024-06-27,패션잡화,25.27445,0.7952359062409836
2024-06-28,남성의류,7.11393,0.244197338380723
2024-06-28,스포츠_레저,19.5431,0.6708490249002038
2024-06-28,여성의류,19.31638,0.6630664883054275
2024-06-28,패션의류_앵커,29.13189,1.0
2024-06-28,패션잡화,23.8416,0.8184021016144164
2024-06-29,남성의류,7.94803,0.24561871392450127
2024-06-29,스포츠_레저,20.29406,0.627149232892511
2024-06-29,여성의류,21.48759,0.6640330020315693
2024-06-29,패션의류_앵커,32.35922,1.0
2024-06-29,패션잡화,27.05694,0.836143145601161
2024-06-30,남성의류,9.45194,0.26265165367108867
2024-06-30,스포츠_레저,23.39324,0.6500541868362112
2024-06-30,여성의류,23.07267,0.641146148844292
2024-06-30,패션의류_앵커,35.9866,1.0
2024-06-30,패션잡화,30.00323,0.8337333896505921
2024-07-01,남성의류,9.0197,0.2690100548088936
2024-07-01,스포츠_레저,23.63605,0.704938646070906
2024-07-01,여성의류,20.98089,0.6257492343247966
2024-07-01,패션의류_앵커,33.52923,1.0
2024-07-01,패션잡화,28.25172,0.8425997256721971
2024-07-02,남성의류,9.13758,0.26663806989284966
2024-07-02,스포츠_레저,24.06988,0.7023682797581531
2024-07-02,여성의류,21.60207,0.6303566426220324
2024-07-02,패션의류_앵커,34.2696,1.0
2024-07-02,패션잡화,30.29494,0.8840179050820554
2024-07-03,남성의류,8.93877,0.26256366723259766
2024-07-03,스포츠_레저,23.72604,0.6969187115573285
2024-07-03,여성의류,21.61989,0.6350535480346139
2024-07-03,패션의류_앵커,34.0442,1.0
2024-07-03,패션잡화,27.69718,0.8135653062783088
2024-07-04,남성의류,8.44453,0.25494806408323034
2024-07-04,스포츠_레저,22.137,0.6683362241131797
2024-07-04,여성의류,21.22975,0.640945518989329
2024-07-04,패션의류_앵커,33.12255,1.0
2024-07-04,패션잡화,26.70838,0.8063503564791962
2024-07-05,남성의류,15.03177,0.2519309921091029
2024-07-05,스포츠_레저,40.52607,0.6792129617059702
2024-07-05,여성의류,38.57197,0.6464624372048372
2024-07-05,패션의류_앵커,59.66622,1.0
2024-07-05,패션잡화,47.93471,0.8033810420703709
2024-07-06,남성의류,8.02988,0.24583859154118914
2024-07-06,스포츠_레저,20.50686,0.6278272625907672
2024-07-06,여성의류,21.28631,0.6516904946909704
2024-07-06,패션의류_앵커,32.66322,1.0
2024-07-06,패션잡화,25.7922,0.7896404579830157
2024-07-07,남성의류,9.85945,0.25940405303293407
2024-07-07,스포츠_레저,24.18125,0.6362134051496419
2024-07-07,여성의류,24.19727,0.6366348944750695
2024-07-07,패션의류_앵커,38.00808,1.0
2024-07-07,패션잡화,29.58654,0.7784276395966331
2024-07-08,남성의류,9.21061,0.26725113704781045
2024-07-08,스포츠_레저,24.69683,0.7165927011323328
2024-07-08,여성의류,21.65065,0.6282060395917508
2024-07-08,패션의류_앵커,34.46425,1.0
2024-07-08,패션잡화,28.15342,0.8168876444431549
2024-07-09,남성의류,8.78929,0.2601522324285382
2024-07-09,스포츠_레저,23.51337,0.6959669890762755
2024-07-09,여성의류,21.52692,0.6371704990176167
2024-07-09,패션의류_앵커,33.78518,1.0
2024-07-09,패션잡화,26.93819,0.7973374716369722
2024-07-10,남성의류,8.56133,0.25798919024470207
2024-07-10,스포츠_레저,22.65563,0.6827102375663103
2024-07-10,여성의류,21.2848,0.6414013145761739
2024-07-10,패션의류_앵커,33.18484,1.0
2024-07-10,패션잡화,25.58004,0.7708351162759862
2024-07-11,남성의류,7.90962,0.24909560723514212
2024-07-11,스포츠_레저,21.44812,0.675460069567463
2024-07-11,여성의류,20.64315,0.6501093585401224
2024-07-11,패션의류_앵커,31.75335,1.0
2024-07-11,패션잡화,23.94672,0.7541478300714727
2024-07-12,남성의류,7.13227,0.24682320590166135
2024-07-12,스포츠_레저,19.84755,0.6868550854487446
2024-07-12,여성의류,18.80624,0.6508189465283927
2024-07-12,패션의류_앵커,28.89627,1.0
2024-07-12,패션잡화,22.3064,0.7719473828283028
2024-07-13,남성의류,7.71159,0.24716697991533312
2024-07-13,스포츠_레저,20.20562,0.6476176861991954
2024-07-13,여성의류,20.39232,0.6536016759017331
2024-07-13,패션의류_앵커,31.19992,1.0
2024-07-13,패션잡화,24.19659,0.775533719317229
2024-07-14,남성의류,9.18861,0.2588808289045994
2024-07-14,스포츠_레저,24.11944,0.6795435457500919
2024-07-14,여성의류,22.69961,0.6395411115077398
2024-07-14,패션의류_앵커,35.49359,1.0
2024-07-14,패션잡화,27.30863,0.7693961078606025
2024-07-15,남성의류,8.38056,0.2632321873133076
2024-07-15,스포츠_레저,24.07603,0.7562246483195412
2024-07-15,여성의류,20.10113,0.6313736095641757
2024-07-15,패션의류_앵커,31.83714,1.0
2024-07-15,패션잡화,24.9639,0.7841125176444869
2024-07-16,남성의류,8.36994,0.25937112741721213
2024-07-16,스포츠_레저,23.81769,0.7380723288068562
2024-07-16,여성의류,20.67441,0.6406670812915846
2024-07-16,패션의류_앵커,32.27013,1.0
2024-07-16,패션잡화,25.38222,0.786554624973621
2024-07-17,남성의류,8.03736,0.25668035226578845
2024-07-17,스포츠_레저,22.6197,0.7223805533342361
2024-07-17,여성의류,20.10845,0.6421815160101071
2024-07-17,패션의류_앵커,31.31272,1.0
2024-07-17,패션잡화,25.56787,0.8165330255563873
2024-07-18,남성의류,7.5399,0.2521478836853808
2024-07-18,스포츠_레저,21.24629,0.7105143383421357
2024-07-18,여성의류,19.30677,0.6456532840356504
2024-07-18,패션의류_앵커,29.90269,1.0
2024-07-18,패션잡화,25.2148,0.8432284854640169
2024-07-19,남성의류,6.86514,0.2495801939523935
2024-07-19,스포츠_레저,19.53833,0.7103103783616748
2024-07-19,여성의류,17.7818,0.6464522344515438
2024-07-19,패션의류_앵커,27.50675,1.0
2024-07-19,패션잡화,22.22927,0.8081387295845565
2024-07-20,남성의류,7.75513,0.2533694633329402
2024-07-20,스포츠_레저,20.06118,0.6554229794246534
2024-07-20,여성의류,19.77287,0.6460035435191922
2024-07-20,패션의류_앵커,30.60799,1.0
2024-07-20,패션잡화,23.92215,0.7815655323985664
2024-07-21,남성의류,9.27537,0.2660486934303366
2024-07-21,스포츠_레저,23.95753,0.6871822422521249
2024-07-21,여성의류,21.92893,0.6289951963992069
2024-07-21,패션의류_앵커,34.86343,1.0
2024-07-21,패션잡화,26.88365,0.7711131693008978
2024-07-22,남성의류,8.41322,0.2670029425728598
2024-07-22,스포츠_레저,24.33907,0.7724275972204239
2024-07-22,여성의류,19.70847,0.6254703292685713
2024-07-22,패션의류_앵커,31.50984,1.0
2024-07-22,패션잡화,24.87469,0.7894260967367654
2024-07-23,남성의류,8.06329,0.26167720520752336
2024-07-23,스포츠_레저,23.54205,0.7640079730303356
2024-07-23,여성의류,19.4382,0.630826108234341
2024-07-23,패션의류_앵커,30.81388,1.0
2024-07-23,패션잡화,23.95519,0.777415567270334
2024-07-24,남성의류,7.91348,0.258247560617433
2024-07-24,스포츠_레저,22.70211,0.7408579447182064
2024-07-24,여성의류,19.41026,0.6334321052116307
2024-07-24,패션의류_앵커,30.643,1.0
2024-07-24,패션잡화,23.28945,0.7600251280879808
2024-07-25,남성의류,7.39471,0.2532620541368443
2024-07-25,스포츠_레저,21.54808,0.7380020316557446
2024-07-25,여성의류,18.58238,0.6364295191496911
2024-07-25,패션의류_앵커,29.19786,1.0
2024-07-25,패션잡화,22.20178,0.7603906587674576
2024-07-26,남성의류,6.77494,0.24881677851584896
2024-07-26,스포츠_레저,19.87907,0.7300796991989681
2024-07-26,여성의류,17.51032,0.64308487059393
2024-07-26,패션의류_앵커,27.22863,1.0
2024-07-26,패션잡화,20.92704,0.7685674967855527
2024-07-27,남성의류,7.02348,0.24664187189194714
2024-07-27,스포츠_레저,19.72151,0.6925555626179264
2024-07-27,여성의류,18.28513,0.6421145487689291
2024-07-27,패션의류_앵커,28.47643,1.0
2024-07-27,패션잡화,22.39423,0.7864128333502479
2024-07-28,남성의류,8.24194,0.26179033877987407
2024-07-28,스포츠_레저,22.93223,0.7284008692950922
2024-07-28,여성의류,19.74863,0.6272795650221167
2024-07-28,패션의류_앵커,31.48298,1.0
2024-07-28,패션잡화,24.56534,0.7802736589738328
2024-07-29,남성의류,7.3067,0.259534197440924
2024-07-29,스포츠_레저,22.91207,0.8138373956998742
2024-07-29,여성의류,17.66158,0.6273398375242824
2024-07-29,패션의류_앵커,28.15313,1.0
2024-07-29,패션잡화,22.19549,0.7883844531673743
2024-07-30,남성의류,7.16042,0.2540080185202134
2024-07-30,스포츠_레저,22.51524,0.798703358030262
2024-07-30,여성의류,17.84342,0.6329756854798944
2024-07-30,패션의류_앵커,28.18974,1.0
2024-07-30,패션잡화,21.71916,0.7704632962205398
2024-07-31,남성의류,7.13611,0.2552296047471403
2024-07-31,스포츠_레저,21.86455,0.7820059464433824
2024-07-31,여성의류,17.61137,0.6298870118531866
2024-07-31,패션의류_앵커,27.95957,1.0
2024-07-31,패션잡화,21.41275,0.7658468996483137
2024-08-01,남성의류,6.90756,0.25379252572348154
2024-08-01,스포츠_레저,21.34116,0.7841013177256418
2024-08-01,여성의류,17.12388,0.6291530953601288
2024-08-01,패션의류_앵커,27.21735,1.0
2024-08-01,패션잡화,20.88705,0.7674167396899404
2024-08-02,남성의류,6.27968,0.24568282374371628
2024-08-02,스포츠_레저,19.29507,0.7548899437443735
2024-08-02,여성의류,16.26956,0.6365215173174137
2024-08-02,패션의류_앵커,25.56011,1.0
2024-08-02,패션잡화,19.75487,0.7728789117104738
2024-08-03,남성의류,6.66107,0.24440939115145296
2024-08-03,스포츠_레저,19.44574,0.7135072103865377
2024-08-03,여성의류,17.52877,0.6431693411619837
2024-08-03,패션의류_앵커,27.25374,1.0
2024-08-03,패션잡화,21.20764,0.7781552183296678
2024-08-04,남성의류,7.88023,0.261076458382546
2024-08-04,스포츠_레저,22.77194,0.7544471983304847
2024-08-04,여성의류,18.82442,0.6236636373183989
2024-08-04,패션의류_앵커,30.18361,1.0
2024-08-04,패션잡화,23.31318,0.7723787843799995
2024-08-05,남성의류,7.29571,0.2673216355927111
2024-08-05,스포츠_레저,22.69507,0.8315685837692384
2024-08-05,여성의류,16.7908,0.6152306107164476
2024-08-05,패션의류_앵커,27.29188,1.0
2024-08-05,패션잡화,21.99064,0.8057576099557817
2024-08-06,남성의류,7.4764,0.26458295732430204
2024-08-06,스포츠_레저,23.12502,0.8183733053051777
2024-08-06,여성의류,17.55493,0.6212529151759014
2024-08-06,패션의류_앵커,28.2573,1.0
2024-08-06,패션잡화,23.23097,0.8221227788925339
2024-08-07,남성의류,7.36403,0.2606966065327528
2024-08-07,스포츠_레저,22.8808,0.8100112186879481
2024-08-07,여성의류,17.62995,0.6241240378355474
2024-08-07,패션의류_앵커,28.24751,1.0
2024-08-07,패션잡화,23.59508,0.8352976952658836
2024-08-08,남성의류,6.85354,0.2565517933253126
2024-08-08,스포츠_레저,21.22483,0.7945190659899694
2024-08-08,여성의류,16.8428,0.6304844714730745
2024-08-08,패션의류_앵커,26.71406,1.0
2024-08-08,패션잡화,22.40759,0.8387938785792949
2024-08-09,남성의류,6.18879,0.2469650087113089
2024-08-09,스포츠_레저,19.24246,0.7678745443821835
2024-08-09,여성의류,15.8967,0.6343612651230796
2024-08-09,패션의류_앵커,25.05938,1.0
2024-08-09,패션잡화,20.86857,0.8327648170066457
2024-08-10,남성의류,6.53787,0.24424556394836894
2024-08-10,스포츠_레저,19.2615,0.7195823609205305
2024-08-10,여성의류,17.30851,0.6466214204405996
2024-08-10,패션의류_앵커,26.76761,1.0
2024-08-10,패션잡화,22.49536,0.8403947905696474
2024-08-11,남성의류,7.69555,0.25203884690725076
2024-08-11,스포츠_레저,22.31673,0.7309007018264386
2024-08-11,여성의류,19.50835,0.638922759135223
2024-08-11,패션의류_앵커,30.53319,1.0
2024-08-11,패션잡화,25.26672,0.8275165483855437
2024-08-12,남성의류,7.06544,0.2618622901386913
2024-08-12,스포츠_레저,22.95741,0.850857124008256
2024-08-12,여성의류,16.89204,0.6260598461687282
2024-08-12,패션의류_앵커,26.98151,1.0
2024-08-12,패션잡화,23.70264,0.8784771497221615
2024-08-13,남성의류,6.76732,0.2562965218491258
2024-08-13,스포츠_레저,21.29546,0.8065160697554106
2024-08-13,여성의류,16.76783,0.635042602973914
2024-08-13,패션의류_앵커,26.40426,1.0
2024-08-13,패션잡화,22.5176,0.8528017827426332
2024-08-14,남성의류,5.96042,0.24884666030398905
2024-08-14,스포츠_레저,18.97685,0.7922807026333303
2024-08-14,여성의류,15.39971,0.6429356325812515
2024-08-14,패션의류_앵커,23.95218,1.0
2024-08-14,패션잡화,20.88784,0.8720642546941448
2024-08-15,남성의류,7.02744,0.2504107626769861
2024-08-15,스포츠_레저,20.33169,0.7244848763435975
2024-08-15,여성의류,18.15887,0.6470601650177364
2024-08-15,패션의류_앵커,28.06365,1.0
2024-08-15,패션잡화,22.69033,0.8085309644326379
2024-08-16,남성의류,6.2811,0.25022737621591
2024-08-16,스포츠_레저,19.72819,0.7859345052919001
2024-08-16,여성의류,16.20432,0.6455500592194034
2024-08-16,패션의류_앵커,25.10157,1.0
2024-08-16,패션잡화,21.17261,0.8434775195336387
2024-08-17,남성의류,6.71531,0.25310677522178326
2024-08-17,스포츠_레저,19.95835,0.7522502471587579
2024-08-17,여성의류,17.13768,0.6459363632628801
2024-08-17,패션의류_앵커,26.53153,1.0
2024-08-17,패션잡화,22.34839,0.8423332540565884
2024-08-18,남성의류,7.72017,0.26323870587609505
2024-08-18,스포츠_레저,23.03003,0.7852670722908492
2024-08-18,여성의류,18.55761,0.632768610089322
2024-08-18,패션의류_앵커,29.32764,1.0
2024-08-18,패션잡화,25.37389,0.865186902185106
2024-08-19,남성의류,7.29402,0.27411245344253704
2024-08-19,스포츠_레저,23.18566,0.8713272169920693
2024-08-19,여성의류,16.54771,0.6218701603444472
2024-08-19,패션의류_앵커,26.60959,1.0
2024-08-19,패션잡화,23.33543,0.8769556389256654
2024-08-20,남성의류,7.27169,0.2670684862278678
2024-08-20,스포츠_레저,22.33307,0.8202301250082177
2024-08-20,여성의류,17.2014,0.6317584851664529
2024-08-20,패션의류_앵커,27.22781,1.0
2024-08-20,패션잡화,22.474,0.8254060829717851
2024-08-21,남성의류,7.39422,0.2710292500549813
2024-08-21,스포츠_레저,21.81228,0.7995117659995602
2024-08-21,여성의류,17.14398,0.628398944358918
2024-08-21,패션의류_앵커,27.282,1.0
2024-08-21,패션잡화,22.55868,0.8268704640422256
2024-08-22,남성의류,7.15286,0.27154936122200746
2024-08-22,스포츠_레저,20.96617,0.7959543554287398
2024-08-22,여성의류,16.54407,0.6280748736186892
2024-08-22,패션의류_앵커,26.34092,1.0
2024-08-22,패션잡화,21.61403,0.8205495480036384
2024-08-23,남성의류,6.37769,0.26318137288481114
2024-08-23,스포츠_레저,19.02197,0.7849594727203251
2024-08-23,여성의류,15.44314,0.6372756886666398
2024-08-23,패션의류_앵커,24.23306,1.0
2024-08-23,패션잡화,20.03782,0.8268794778703145
2024-08-24,남성의류,6.81744,0.2630751527527917
2024-08-24,스포츠_레저,18.87046,0.728183767956219
2024-08-24,여성의류,16.65257,0.6425985995441921
2024-08-24,패션의류_앵커,25.91442,1.0
2024-08-24,패션잡화,21.27896,0.821124300678927
2024-08-25,남성의류,8.06461,0.27496300690765024
2024-08-25,스포츠_레저,22.34144,0.7617317540521926
2024-08-25,여성의류,18.43606,0.6285777605029698
2024-08-25,패션의류_앵커,29.3298,1.0
2024-08-25,패션잡화,23.65265,0.8064374799691781
2024-08-26,남성의류,7.56926,0.28289424999532825
2024-08-26,스포츠_레저,22.96004,0.8581107394464896
2024-08-26,여성의류,16.58089,0.6196957748584456
2024-08-26,패션의류_앵커,26.7565,1.0
2024-08-26,패션잡화,21.86746,0.8172765496234561
2024-08-27,남성의류,7.45042,0.27611840179077707
2024-08-27,스포츠_레저,22.12475,0.819960567326472
2024-08-27,여성의류,17.07594,0.6328477135349686
2024-08-27,패션의류_앵커,26.9827,1.0
2024-08-27,패션잡화,21.47443,0.7958591986717416
2024-08-28,남성의류,7.32642,0.2709769479373867
2024-08-28,스포츠_레저,21.74893,0.804411796252995
2024-08-28,여성의류,17.27276,0.6388549642601674
2024-08-28,패션의류_앵커,27.03706,1.0
2024-08-28,패션잡화,21.46629,0.7939579969123862
2024-08-29,남성의류,6.82877,0.2692408838842331
2024-08-29,스포츠_레저,20.59702,0.8120876629585164
2024-08-29,여성의류,16.27794,0.6417974178972955
2024-08-29,패션의류_앵커,25.36305,1.0
2024-08-29,패션잡화,20.84884,0.8220162795878255
2024-08-30,남성의류,6.19269,0.2687372578835133
2024-08-30,스포츠_레저,18.61563,0.8078417230596181
2024-08-30,여성의류,14.81859,0.6430658150658359
2024-08-30,패션의류_앵커,23.04366,1.0
2024-08-30,패션잡화,19.35573,0.8399590169269987
2024-08-31,남성의류,6.7927,0.26924900270806773
2024-08-31,스포츠_레저,18.65921,0.7396136563988407
2024-08-31,여성의류,16.29538,0.6459161767410593
2024-08-31,패션의류_앵커,25.22832,1.0
2024-08-31,패션잡화,21.00123,0.8324466314047071
2024-09-01,남성의류,8.37842,0.2808573059632423
2024-09-01,스포츠_레저,22.84135,0.7656765864642145
2024-09-01,여성의류,18.76409,0.6290006667428722
2024-09-01,패션의류_앵커,29.83159,1.0
2024-09-01,패션잡화,23.90502,0.8013324130560926
2024-09-02,남성의류,7.73324,0.2844757502341435
2024-09-02,스포츠_레저,24.13247,0.887739486716171
2024-09-02,여성의류,17.10409,0.6291927878641179
2024-09-02,패션의류_앵커,27.18418,1.0
2024-09-02,패션잡화,21.96032,0.8078345567164431
2024-09-03,남성의류,7.68053,0.2840022023442616
2024-09-03,스포츠_레저,23.70474,0.8765278393545904
2024-09-03,여성의류,17.09006,0.6319374676221006
2024-09-03,패션의류_앵커,27.04391,1.0
2024-09-03,패션잡화,21.77522,0.8051801681043903
2024-09-04,남성의류,7.45123,0.2791415995807198
2024-09-04,스포츠_레저,22.8727,0.8568682036026173
2024-09-04,여성의류,17.02328,0.6377343887264889
2024-09-04,패션의류_앵커,26.69337,1.0
2024-09-04,패션잡화,21.26362,0.7965880666247835
2024-09-05,남성의류,7.15573,0.2757142312210756
2024-09-05,스포츠_레저,21.52252,0.8292745891390849
2024-09-05,여성의류,16.62193,0.6404521483287565
2024-09-05,패션의류_앵커,25.95343,1.0
2024-09-05,패션잡화,20.67518,0.7966261106913421
2024-09-06,남성의류,6.7074,0.27234135853974945
2024-09-06,스포츠_레저,20.07775,0.8152192669918977
2024-09-06,여성의류,15.94735,0.6475121454078888
2024-09-06,패션의류_앵커,24.62865,1.0
2024-09-06,패션잡화,19.52792,0.792894454223029
2024-09-07,남성의류,7.25554,0.2711456367860628
2024-09-07,스포츠_레저,19.39897,0.7249558370078213
2024-09-07,여성의류,17.42888,0.6513319154835993
2024-09-07,패션의류_앵커,26.75883,1.0
2024-09-07,패션잡화,20.56569,0.768557145435731
2024-09-08,남성의류,8.97343,0.28573152585677936
2024-09-08,스포츠_레저,23.76866,0.7568405269078822
2024-09-08,여성의류,19.95281,0.6353364149974319
2024-09-08,패션의류_앵커,31.40511,1.0
2024-09-08,패션잡화,24.18254,0.7700192739334458
2024-09-09,남성의류,7.88737,0.28597321324979696
2024-09-09,스포츠_레저,24.20725,0.8776848387283908
2024-09-09,여성의류,17.39946,0.6308540723981901
2024-09-09,패션의류_앵커,27.5808,1.0
2024-09-09,패션잡화,21.84501,0.7920368517229377
2024-09-10,남성의류,7.39435,0.28050690669091494
2024-09-10,스포츠_레저,22.36639,0.8484757784988014
2024-09-10,여성의류,16.65094,0.6316584517768327
2024-09-10,패션의류_앵커,26.36067,1.0
2024-09-10,패션잡화,21.39471,0.8116148034173638
2024-09-11,남성의류,7.00998,0.2777268016240527
2024-09-11,스포츠_레저,20.6217,0.8170064372581275
2024-09-11,여성의류,16.05509,0.6360829553702454
2024-09-11,패션의류_앵커,25.24056,1.0
2024-09-11,패션잡화,19.98512,0.7917859191713654
2024-09-12,남성의류,6.51636,0.27986007769166843
2024-09-12,스포츠_레저,19.22091,0.8254862171372618
2024-09-12,여성의류,14.64981,0.6291698071880899
2024-09-12,패션의류_앵커,23.28435,1.0
2024-09-12,패션잡화,18.47543,0.7934698628048453
2024-09-13,남성의류,5.73579,0.2805979655902679
2024-09-13,스포츠_레저,16.13329,0.7892493191483324
2024-09-13,여성의류,13.00487,0.6362053116947984
2024-09-13,패션의류_앵커,20.44131,1.0
2024-09-13,패션잡화,16.48271,0.8063431355426829
2024-09-14,남성의류,6.61533,0.28477075483515757
2024-09-14,스포츠_레저,16.84845,0.7252768681686946
2024-09-14,여성의류,14.73603,0.6343433186815363
2024-09-14,패션의류_앵커,23.23037,1.0
2024-09-14,패션잡화,18.59629,0.8005163068862011
2024-09-15,남성의류,7.23078,0.29088037537623307
2024-09-15,스포츠_레저,17.68682,0.7115067587192345
2024-09-15,여성의류,15.67925,0.6307460779636225
2024-09-15,패션의류_앵커,24.85826,1.0
2024-09-15,패션잡화,19.4236,0.7813740784753237
2024-09-16,남성의류,7.11863,0.30172277868952513
2024-09-16,스포츠_레저,17.414,0.7380915243662602
2024-09-16,여성의류,14.58724,0.61827944228187
2024-09-16,패션의류_앵커,23.59328,1.0
2024-09-16,패션잡화,18.56659,0.7869439942220836
2024-09-17,남성의류,7.11305,0.2978482052604824
2024-09-17,스포츠_레저,17.52777,0.7339488456735894
2024-09-17,여성의류,14.71451,0.6161478402074245
2024-09-17,패션의류_앵커,23.88146,1.0
2024-09-17,패션잡화,19.36901,0.8110479845034599
2024-09-18,남성의류,9.24404,0.29401807484515136
2024-09-18,스포츠_레저,22.39129,0.7121825499564572
2024-09-18,여성의류,19.3355,0.6149893862605986
2024-09-18,패션의류_앵커,31.44038,1.0
2024-09-18,패션잡화,24.40064,0.7760924009188184
2024-09-19,남성의류,8.68275,0.29825637114974396
2024-09-19,스포츠_레저,24.36123,0.836819217015839
2024-09-19,여성의류,17.7484,0.6096655296667663
2024-09-19,패션의류_앵커,29.1117,1.0
2024-09-19,패션잡화,23.29024,0.8000302283961431
2024-09-20,남성의류,8.31842,0.2914912539518233
2024-09-20,스포츠_레저,22.86367,0.80118097406006
2024-09-20,여성의류,17.76864,0.6226426598583056
2024-09-20,패션의류_앵커,28.53746,1.0
2024-09-20,패션잡화,22.89614,0.8023187767937301
2024-09-21,남성의류,10.21349,0.2963539735293418
2024-09-21,스포츠_레저,23.18511,0.6727376709836578
2024-09-21,여성의류,21.54512,0.6251518258858131
2024-09-21,패션의류_앵커,34.46382,1.0
2024-09-21,패션잡화,25.17836,0.7305736856796491
2024-09-22,남성의류,12.18111,0.3075988942600156
2024-09-22,스포츠_레저,27.3935,0.691744045486145
2024-09-22,여성의류,24.35192,0.6149376916478348
2024-09-22,패션의류_앵커,39.60063,1.0
2024-09-22,패션잡화,25.80739,0.6516913998590427
2024-09-23,남성의류,11.9119,0.3181430672966906
2024-09-23,스포츠_레저,27.70894,0.7400504674434778
2024-09-23,여성의류,22.48535,0.600538807263295
2024-09-23,패션의류_앵커,37.44196,1.0
2024-09-23,패션잡화,23.89645,0.6382264710501266
2024-09-24,남성의류,11.35992,0.31630737496999795
2024-09-24,스포츠_레저,26.15574,0.7282844826193999
2024-09-24,여성의류,21.68919,0.6039171714347926
2024-09-24,패션의류_앵커,35.91418,1.0
2024-09-24,패션잡화,22.5535,0.6279831531723681
2024-09-25,남성의류,10.26883,0.30835040163687555
2024-09-25,스포츠_레저,24.92933,0.7485730037441667
2024-09-25,여성의류,20.33828,0.6107138599629397
2024-09-25,패션의류_앵커,33.30247,1.0
2024-09-25,패션잡화,21.55009,0.6471018516044006
2024-09-26,남성의류,9.39811,0.29373894545889845
2024-09-26,스포츠_레저,23.9054,0.7471658649210481
2024-09-26,여성의류,19.30498,0.6033792397945039
2024-09-26,패션의류_앵커,31.99477,1.0
2024-09-26,패션잡화,20.6129,0.6442584209856799
2024-09-27,남성의류,8.39378,0.28191994056485553
2024-09-27,스포츠_레저,22.21207,0.7460316394070861
2024-09-27,여성의류,17.85803,0.5997935085510231
2024-09-27,패션의류_앵커,29.77363,1.0
2024-09-27,패션잡화,19.08172,0.6408933005481696
2024-09-28,남성의류,9.16755,0.28628750447346185
2024-09-28,스포츠_레저,22.04745,0.6885055920615024
2024-09-28,여성의류,19.49094,0.6086699906127565
2024-09-28,패션의류_앵커,32.02218,1.0
2024-09-28,패션잡화,20.51897,0.6407736762456523
2024-09-29,남성의류,10.96832,0.29774221455870264
2024-09-29,스포츠_레저,26.52599,0.7200653341589232
2024-09-29,여성의류,22.0178,0.5976875703581408
2024-09-29,패션의류_앵커,36.83831,1.0
2024-09-29,패션잡화,23.39087,0.6349604528546505
2024-09-30,남성의류,9.5064,0.29154932039603154
2024-09-30,스포츠_레저,26.05825,0.7991737227772754
2024-09-30,여성의류,19.14032,0.5870095186571752
2024-09-30,패션의류_앵커,32.60649,1.0
2024-09-30,패션잡화,20.57722,0.6310774327442175
2024-10-01,남성의류,13.01115,0.3077632509226759
2024-10-01,스포츠_레저,28.30554,0.6695338236452458
2024-10-01,여성의류,24.66518,0.5834254452060708
2024-10-01,패션의류_앵커,42.27649,1.0
2024-10-01,패션잡화,23.2362,0.5496246258854507
2024-10-02,남성의류,12.7348,0.31948884995253374
2024-10-02,스포츠_레저,26.96549,0.676506375326393
2024-10-02,여성의류,22.56827,0.5661895457893542
2024-10-02,패션의류_앵커,39.85992,1.0
2024-10-02,패션잡화,20.90894,0.5245605109092041
2024-10-03,남성의류,15.45493,0.34825625467010257
2024-10-03,스포츠_레저,27.40408,0.617514428307334
2024-10-03,여성의류,25.85573,0.5826244241521258
2024-10-03,패션의류_앵커,44.37804,1.0
2024-10-03,패션잡화,22.9934,0.5181256315060332
2024-10-04,남성의류,13.06712,0.3421858633259312
2024-10-04,스포츠_레저,25.17553,0.6592661939079063
2024-10-04,여성의류,22.32385,0.5845898625717518
2024-10-04,패션의류_앵커,38.1872,1.0
2024-10-04,패션잡화,20.51834,0.5373093602044664
2024-10-05,남성의류,13.02628,0.34154749731246226
2024-10-05,스포츠_레저,23.65936,0.6203455780172527
2024-10-05,여성의류,22.85955,0.599374655864076
2024-10-05,패션의류_앵커,38.139,1.0
2024-10-05,패션잡화,21.00011,0.5506203623587403
2024-10-06,남성의류,16.32016,0.3531287615579836
2024-10-06,스포츠_레저,28.89624,0.6252446939786294
2024-10-06,여성의류,27.06629,0.5856490051365449
2024-10-06,패션의류_앵커,46.21589,1.0
2024-10-06,패션잡화,24.55887,0.5313945052232035
2024-10-07,남성의류,14.47559,0.3473039396217217
2024-10-07,스포츠_레저,27.85605,0.6683330978080796
2024-10-07,여성의류,24.64033,0.5911803030190338
2024-10-07,패션의류_앵커,41.67989,1.0
2024-10-07,패션잡화,22.37698,0.5368771366719058
2024-10-08,남성의류,12.529,0.3353888358267767
2024-10-08,스포츠_레저,24.70263,0.6612647711357338
2024-10-08,여성의류,22.55214,0.6036982983480313
2024-10-08,패션의류_앵커,37.35664,1.0
2024-10-08,패션잡화,20.45842,0.5476515018481319
2024-10-09,남성의류,14.49245,0.33879236847832667
2024-10-09,스포츠_레저,27.08045,0.6330640985450288
2024-10-09,여성의류,25.67466,0.6002007163230341
2024-10-09,패션의류_앵커,42.77679,1.0
2024-10-09,패션잡화,23.52724,0.5500001285743975
2024-10-10,남성의류,12.65114,0.3360082313270624
2024-10-10,스포츠_레저,25.6722,0.6818413610373937
2024-10-10,여성의류,22.70358,0.6029962327973976
2024-10-10,패션의류_앵커,37.65128,1.0
2024-10-10,패션잡화,21.37387,0.5676797707807012
2024-10-11,남성의류,10.92568,0.32966664252782
2024-10-11,스포츠_레저,22.39131,0.6756254978637122
2024-10-11,여성의류,20.22824,0.6103579790957588
2024-10-11,패션의류_앵커,33.1416,1.0
2024-10-11,패션잡화,19.47799,0.587720266975644
2024-10-12,남성의류,11.73738,0.3297468866518781
2024-10-12,스포츠_레저,22.50854,0.632349041104511
2024-10-12,여성의류,21.82025,0.6130124017000084
2024-10-12,패션의류_앵커,35.59512,1.0
2024-10-12,패션잡화,20.61488,0.5791490518925065
2024-10-13,남성의류,13.8459,0.33295419021281714
2024-10-13,스포츠_레저,27.29696,0.6564136106769267
2024-10-13,여성의류,25.21703,0.6063972586269087
2024-10-13,패션의류_앵커,41.585,1.0
2024-10-13,패션잡화,23.0974,0.555426235421426
2024-10-14,남성의류,13.01841,0.3328963215833685
2024-10-14,스포츠_레저,29.19838,0.746637515502538
2024-10-14,여성의류,23.36001,0.5973434083847954
2024-10-14,패션의류_앵커,39.1065,1.0
2024-10-14,패션잡화,22.1898,0.5674197384066588
2024-10-15,남성의류,12.25422,0.3263171349369293
2024-10-15,스포츠_레저,26.24109,0.698772937520471
2024-10-15,여성의류,22.6203,0.6023550652276377
2024-10-15,패션의류_앵커,37.5531,1.0
2024-10-15,패션잡화,21.24541,0.5657431743318128
2024-10-16,남성의류,11.87569,0.31936955943545736
2024-10-16,스포츠_레저,25.6142,0.6888354082408426
2024-10-16,여성의류,22.56458,0.6068228434260352
2024-10-16,패션의류_앵커,37.18479,1.0
2024-10-16,패션잡화,21.17898,0.5695602960242615
2024-10-17,남성의류,10.97732,0.3197218381678553
2024-10-17,스포츠_레저,23.91098,0.6964233964205129
2024-10-17,여성의류,21.03888,0.6127715495761195
2024-10-17,패션의류_앵커,34.33397,1.0
2024-10-17,패션잡화,19.88843,0.5792639185040355
2024-10-18,남성의류,10.45857,0.31899626271927506
2024-10-18,스포츠_레저,22.72446,0.6931174923831516
2024-10-18,여성의류,20.35892,0.6209662882211148
2024-10-18,패션의류_앵커,32.78587,1.0
2024-10-18,패션잡화,19.42426,0.5924582754704999
2024-10-19,남성의류,11.54856,0.3192751798531317
2024-10-19,스포츠_레저,22.37312,0.6185344243676872
2024-10-19,여성의류,22.04778,0.609539970772311
2024-10-19,패션의류_앵커,36.17118,1.0
2024-10-19,패션잡화,20.06745,0.5547911348205947
2024-10-20,남성의류,15.35467,0.3446696274547436
2024-10-20,스포츠_레저,26.41401,0.5929210452771615
2024-10-20,여성의류,26.47199,0.5942225349867954
2024-10-20,패션의류_앵커,44.54895,1.0
2024-10-20,패션잡화,22.37097,0.5021660443175429
2024-10-21,남성의류,14.63496,0.34480795781716056
2024-10-21,스포츠_레저,27.73282,0.6534009678680984
2024-10-21,여성의류,25.24042,0.5946786103035072
2024-10-21,패션의류_앵커,42.4438,1.0
2024-10-21,패션잡화,21.90561,0.5161085953661076
2024-10-22,남성의류,14.17199,0.33894697719448713
2024-10-22,스포츠_레저,27.07504,0.6475451200163017
2024-10-22,여성의류,25.10558,0.6004421716155862
2024-10-22,패션의류_앵커,41.81182,1.0
2024-10-22,패션잡화,22.19017,0.5307152379398935
2024-10-23,남성의류,14.02234,0.3409949554786459
2024-10-23,스포츠_레저,25.39641,0.6175893393875371
2024-10-23,여성의류,24.6895,0.6003987175671127
2024-10-23,패션의류_앵커,41.12184,1.0
2024-10-23,패션잡화,21.23294,0.5163421675683773
2024-10-24,남성의류,13.34302,0.33812754203464135
2024-10-24,스포츠_레저,24.06038,0.609717826235698
2024-10-24,여성의류,23.78283,0.6026843885812754
2024-10-24,패션의류_앵커,39.4615,1.0
2024-10-24,패션잡화,20.00532,0.506957921011619
2024-10-25,남성의류,11.4747,0.3361045475035786
2024-10-25,스포츠_레저,21.29062,0.6236218987137477
2024-10-25,여성의류,20.6097,0.6036771238188802
2024-10-25,패션의류_앵커,34.14027,1.0
2024-10-25,패션잡화,18.31013,0.5363205973473555
2024-10-26,남성의류,11.81555,0.3310130348350138
2024-10-26,스포츠_레저,21.11834,0.5916310128667448
2024-10-26,여성의류,21.84844,0.6120847891812662
2024-10-26,패션의류_앵커,35.69512,1.0
2024-10-26,패션잡화,19.13489,0.536064593703565
2024-10-27,남성의류,14.76545,0.33805001568284476
2024-10-27,스포츠_레저,25.91365,0.5932843082262818
2024-10-27,여성의류,26.37062,0.6037464828072521
2024-10-27,패션의류_앵커,43.6783,1.0
2024-10-27,패션잡화,22.36114,0.5119507856303931
2024-10-28,남성의류,13.40291,0.3306923984896067
2024-10-28,스포츠_레저,26.79356,0.6610823038038146
2024-10-28,여성의류,24.66919,0.6086673423827975
2024-10-28,패션의류_앵커,40.52984,1.0
2024-10-28,패션잡화,21.39883,0.5279771644793071
2024-10-29,남성의류,12.86385,0.3282065766078138
2024-10-29,스포츠_레저,25.22048,0.6434720088624973
2024-10-29,여성의류,23.99669,0.6122483917970872
2024-10-29,패션의류_앵커,39.19437,1.0
2024-10-29,패션잡화,20.84986,0.5319605851554701
2024-10-30,남성의류,11.94586,0.3326650806456329
2024-10-30,스포츠_레저,23.44074,0.6527713921386415
2024-10-30,여성의류,21.80795,0.6073018975164559
2024-10-30,패션의류_앵커,35.90957,1.0
2024-10-30,패션잡화,20.10313,0.5598265309219799
2024-10-31,남성의류,10.32588,0.32925411883322925
2024-10-31,스포츠_레저,20.6385,0.658085425313833
2024-10-31,여성의류,19.21947,0.6128378074596726
2024-10-31,패션의류_앵커,31.36143,1.0
2024-10-31,패션잡화,17.85611,0.5693652999879152
2024-11-01,남성의류,10.15005,0.33263464017138306
2024-11-01,스포츠_레저,19.94496,0.6536307301769575
2024-11-01,여성의류,18.58086,0.6089268210673686
2024-11-01,패션의류_앵커,30.51411,1.0
2024-11-01,패션잡화,17.03762,0.5583521852677336
2024-11-02,남성의류,11.05476,0.3349742529351411
2024-11-02,스포츠_레저,19.68205,0.5963928656055938
2024-11-02,여성의류,20.15464,0.6107129849202256
2024-11-02,패션의류_앵커,33.00182,1.0
2024-11-02,패션잡화,17.89978,0.5423876622562028
2024-11-03,남성의류,13.13244,0.34782373777744585
2024-11-03,스포츠_레저,23.07463,0.6111510164471785
2024-11-03,여성의류,22.5214,0.5964982537884025
2024-11-03,패션의류_앵커,37.75602,1.0
2024-11-03,패션잡화,20.76678,0.5500256647814045
2024-11-04,남성의류,12.44953,0.3465660687039582
2024-11-04,스포츠_레저,23.98466,0.6676773601413931
2024-11-04,여성의류,21.39205,0.5955051050134832
2024-11-04,패션의류_앵커,35.92253,1.0
2024-11-04,패션잡화,19.64877,0.5469762291241735
2024-11-05,남성의류,13.51118,0.34406768093680096
2024-11-05,스포츠_레저,24.38917,0.6210801100920421
2024-11-05,여성의류,23.51654,0.5988582330675424
2024-11-05,패션의류_앵커,39.26896,1.0
2024-11-05,패션잡화,20.16617,0.5135397015861892
2024-11-06,남성의류,14.24283,0.3473111291830909
2024-11-06,스포츠_레저,24.03514,0.5860964157736683
2024-11-06,여성의류,24.41739,0.595417574499163
2024-11-06,패션의류_앵커,41.00885,1.0
2024-11-06,패션잡화,19.71907,0.4808491337845367
2024-11-07,남성의류,13.43295,0.3448561356920112
2024-11-07,스포츠_레저,22.88679,0.5875589470514344
2024-11-07,여성의류,23.26319,0.5972220403760186
2024-11-07,패션의류_앵커,38.95233,1.0
2024-11-07,패션잡화,18.91588,0.4856161364416455
2024-11-08,남성의류,11.75522,0.33493546593908247
2024-11-08,스포츠_레저,20.45109,0.582702438415624
2024-11-08,여성의류,21.34026,0.6080371040577007
2024-11-08,패션의류_앵커,35.09697,1.0
2024-11-08,패션잡화,17.4756,0.4979233250049791
2024-11-09,남성의류,12.20372,0.33396530227782484
2024-11-09,스포츠_레저,20.57092,0.5629409324315006
2024-11-09,여성의류,22.34253,0.6114225650130755
2024-11-09,패션의류_앵커,36.54188,1.0
2024-11-09,패션잡화,18.04042,0.4936916217775331
2024-11-10,남성의류,14.75172,0.33969435678025717
2024-11-10,스포츠_레저,24.83481,0.5718821133203381
2024-11-10,여성의류,26.19703,0.6032505535221047
2024-11-10,패션의류_앵커,43.42645,1.0
2024-11-10,패션잡화,21.2131,0.4884834012450937
2024-11-11,남성의류,12.38036,0.33552929698086614
2024-11-11,스포츠_레저,23.93565,0.6486977613962815
2024-11-11,여성의류,22.37053,0.6062802861943736
2024-11-11,패션의류_앵커,36.898,1.0
2024-11-11,패션잡화,19.3852,0.5253726489240609
2024-11-12,남성의류,11.24839,0.3256794936160578
2024-11-12,스포츠_레저,21.95444,0.6356563829867318
2024-11-12,여성의류,21.23649,0.6148692665690356
2024-11-12,패션의류_앵커,34.53822,1.0
2024-11-12,패션잡화,18.42329,0.5334174720063743
2024-11-13,남성의류,11.13217,0.32563620509151286
2024-11-13,스포츠_레저,21.4354,0.627024408594067
2024-11-13,여성의류,21.0616,0.6160900792168469
2024-11-13,패션의류_앵커,34.18591,1.0
2024-11-13,패션잡화,18.60724,0.5442955884456492
2024-11-14,남성의류,10.62927,0.31965720049476587
2024-11-14,스포츠_레저,20.38917,0.6131695782129785
2024-11-14,여성의류,20.73696,0.623628770402101
2024-11-14,패션의류_앵커,33.25209,1.0
2024-11-14,패션잡화,18.2524,0.5489098579968958
2024-11-15,남성의류,9.68,0.319406063105795
2024-11-15,스포츠_레저,18.50214,0.6105057537636627
2024-11-15,여성의류,18.8745,0.6227923283151166
2024-11-15,패션의류_앵커,30.30625,1.0
2024-11-15,패션잡화,17.1205,0.5649164776242525
2024-11-16,남성의류,10.56994,0.32245206510823105
2024-11-16,스포츠_레저,19.12408,0.5834090911864229
2024-11-16,여성의류,20.37743,0.6216444355500996
2024-11-16,패션의류_앵커,32.77988,1.0
2024-11-16,패션잡화,18.55514,0.5660527128226217
2024-11-17,남성의류,14.9325,0.34223436814585867
2024-11-17,스포츠_레저,24.99979,0.5729641610198665
2024-11-17,여성의류,26.25456,0.6017219321980604
2024-11-17,패션의류_앵커,43.63238,1.0
2024-11-17,패션잡화,21.93941,0.5028240494788503
2024-11-18,남성의류,15.9619,0.3508781571153511
2024-11-18,스포츠_레저,28.3308,0.6227741618230654
2024-11-18,여성의류,26.9323,0.5920320131612008
2024-11-18,패션의류_앵커,45.49129,1.0
2024-11-18,패션잡화,22.16846,0.48731218657461683
2024-11-19,남성의류,15.04201,0.343119525134937
2024-11-19,스포츠_레저,26.7117,0.6093139028325933
2024-11-19,여성의류,26.25133,0.5988125179919789
2024-11-19,패션의류_앵커,43.83898,1.0
2024-11-19,패션잡화,21.69441,0.4948657564569249
2024-11-20,남성의류,14.12729,0.33902230537154665
2024-11-20,스포츠_레저,24.60358,0.5904290498739162
2024-11-20,여성의류,25.07923,0.6018435504292227
2024-11-20,패션의류_앵커,41.67068,1.0
2024-11-20,패션잡화,21.19302,0.5085834932379314
2024-11-21,남성의류,12.53438,0.33219072798819477
2024-11-21,스포츠_레저,22.65446,0.6003967934257171
2024-11-21,여성의류,23.02186,0.6101337627423375
2024-11-21,패션의류_앵커,37.73248,1.0
2024-11-21,패션잡화,19.90563,0.527546294333158
2024-11-22,남성의류,11.39857,0.3293343087474654
2024-11-22,스포츠_레저,20.71859,0.5986139064700352
2024-11-22,여성의류,21.19207,0.6122939741018303
2024-11-22,패션의류_앵커,34.61094,1.0
2024-11-22,패션잡화,18.01024,0.5203626367847853
2024-11-23,남성의류,12.58077,0.33275444304468077
2024-11-23,스포츠_레저,21.54543,0.5698647666087335
2024-11-23,여성의류,23.20268,0.6136981170901268
2024-11-23,패션의류_앵커,37.80797,1.0
2024-11-23,패션잡화,18.57591,0.4913225967963898
2024-11-24,남성의류,15.74783,0.34625416799049263
2024-11-24,스포츠_레저,25.1671,0.5533596229597048
2024-11-24,여성의류,27.22011,0.5985000181396223
2024-11-24,패션의류_앵커,45.48055,1.0
2024-11-24,패션잡화,21.92036,0.4819721837136974
2024-11-25,남성의류,14.23286,0.3443175910449935
2024-11-25,스포츠_레저,24.78686,0.5996371723441042
2024-11-25,여성의류,24.70137,0.597569020837068
2024-11-25,패션의류_앵커,41.33643,1.0
2024-11-25,패션잡화,20.95754,0.506999274006004
2024-11-26,남성의류,14.49532,0.3408404358804999
2024-11-26,스포츠_레저,25.12546,0.5907957008260643
2024-11-26,여성의류,25.58172,0.6015241191897042
2024-11-26,패션의류_앵커,42.52817,1.0
2024-11-26,패션잡화,21.64446,0.5089440716588557
2024-11-27,남성의류,15.27952,0.34609163516899794
2024-11-27,스포츠_레저,27.44111,0.6215600117511767
2024-11-27,여성의류,26.27564,0.5951613147999366
2024-11-27,패션의류_앵커,44.14877,1.0
2024-11-27,패션잡화,26.23692,0.594284280173604
2024-11-28,남성의류,14.0521,0.34353550575048725
2024-11-28,스포츠_레저,26.01392,0.6359693685465315
2024-11-28,여성의류,24.43705,0.5974191993225172
2024-11-28,패션의류_앵커,40.90436,1.0
2024-11-28,패션잡화,26.13314,0.6388839722709266
2024-11-29,남성의류,12.50422,0.3361671170681925
2024-11-29,스포츠_레저,23.70714,0.6373497033587084
2024-11-29,여성의류,22.50914,0.6051423200714906
2024-11-29,패션의류_앵커,37.19644,1.0
2024-11-29,패션잡화,22.13796,0.5951634081110988
2024-11-30,남성의류,13.51608,0.3366017914301532
2024-11-30,스포츠_레저,22.82514,0.5684327862548939
2024-11-30,여성의류,24.50279,0.6102126510820328
2024-11-30,패션의류_앵커,40.15451,1.0
2024-11-30,패션잡화,21.80547,0.5430391256175209
2024-12-01,남성의류,16.60909,0.34183600069893955
2024-12-01,스포츠_레저,26.71252,0.5497773210567489
2024-12-01,여성의류,29.29684,0.6029658830626314
2024-12-01,패션의류_앵커,48.58789,1.0
2024-12-01,패션잡화,25.40984,0.5229665251979454
2024-12-02,남성의류,13.62872,0.32679537331305714
2024-12-02,스포츠_레저,24.58403,0.5894865593679668
2024-12-02,여성의류,25.65788,0.6152358015295363
2024-12-02,패션의류_앵커,41.70414,1.0
2024-12-02,패션잡화,22.87272,0.5484520241875267
2024-12-03,남성의류,12.89185,0.3233708112056363
2024-12-03,스포츠_레저,23.62659,0.592634073024661
2024-12-03,여성의류,24.60725,0.6172323129760193
2024-12-03,패션의류_앵커,39.86708,1.0
2024-12-03,패션잡화,22.04367,0.5529291335106559
2024-12-04,남성의류,10.94588,0.3083360375708736
2024-12-04,스포츠_레저,19.27077,0.5428410381567916
2024-12-04,여성의류,22.48137,0.6332808823927093
2024-12-04,패션의류_앵커,35.49984,1.0
2024-12-04,패션잡화,19.26662,0.542724136221459
2024-12-05,남성의류,11.08969,0.31226090536230877
2024-12-05,스포츠_레저,19.04226,0.5361875172114349
2024-12-05,여성의류,22.3258,0.6286446709455209
2024-12-05,패션의류_앵커,35.51418,1.0
2024-12-05,패션잡화,19.59454,0.5517384886825487
2024-12-06,남성의류,9.85813,0.30605264048416403
2024-12-06,스포츠_레저,17.13922,0.5320992456823956
2024-12-06,여성의류,20.49797,0.6363740225646426
2024-12-06,패션의류_앵커,32.21057,1.0
2024-12-06,패션잡화,17.9449,0.5571121529361325
2024-12-07,남성의류,11.1836,0.3078305264079264
2024-12-07,스포츠_레저,17.86134,0.49163647613925315
2024-12-07,여성의류,23.10309,0.6359165524830734
2024-12-07,패션의류_앵커,36.33038,1.0
2024-12-07,패션잡화,19.13276,0.5266325317819412
2024-12-08,남성의류,14.76231,0.32744715694575094
2024-12-08,스포츠_레저,22.73671,0.5043296779298108
2024-12-08,여성의류,27.6346,0.6129712222093324
2024-12-08,패션의류_앵커,45.08303,1.0
2024-12-08,패션잡화,23.01767,0.51056173464827
2024-12-09,남성의류,12.75168,0.3191842774770193
2024-12-09,스포츠_레저,21.61786,0.5411115260655346
2024-12-09,여성의류,24.69573,0.618152959987825
2024-12-09,패션의류_앵커,39.95084,1.0
2024-12-09,패션잡화,21.51653,0.5385751588702515
2024-12-10,남성의류,11.76074,0.3163746393260138
2024-12-10,스포츠_레저,20.27498,0.5454154657650916
2024-12-10,여성의류,23.05732,0.620262951040877
2024-12-10,패션의류_앵커,37.17346,1.0
2024-12-10,패션잡화,20.77672,0.558912729673267
2024-12-11,남성의류,11.47289,0.3138170259335756
2024-12-11,스포츠_레저,19.48134,0.532871506656196
2024-12-11,여성의류,22.72594,0.6216207862487031
2024-12-11,패션의류_앵커,36.55917,1.0
2024-12-11,패션잡화,20.56812,0.5625981114997961
2024-12-12,남성의류,10.84558,0.3104212086059212
2024-12-12,스포츠_레저,18.53828,0.5306009713703627
2024-12-12,여성의류,21.86825,0.6259110711549255
2024-12-12,패션의류_앵커,34.93827,1.0
2024-12-12,패션잡화,19.62604,0.561734739584988
2024-12-13,남성의류,10.02542,0.31109474074869375
2024-12-13,스포츠_레저,17.46555,0.5419663963488162
2024-12-13,여성의류,20.20777,0.6270591126615375
2024-12-13,패션의류_앵커,32.22626,1.0
2024-12-13,패션잡화,18.43252,0.5719720501230983
2024-12-14,남성의류,11.28578,0.3096090690944266
2024-12-14,스포츠_레저,18.12316,0.49718271104428297
2024-12-14,여성의류,23.10609,0.6338821964730873
2024-12-14,패션의류_앵커,36.45171,1.0
2024-12-14,패션잡화,19.53183,0.5358275373089493
2024-12-15,남성의류,14.0127,0.3246955320447034
2024-12-15,스포츠_레저,21.69546,0.5027167446426871
2024-12-15,여성의류,26.51284,0.61434275263269
2024-12-15,패션의류_앵커,43.15643,1.0
2024-12-15,패션잡화,23.00853,0.5331425699484411
2024-12-16,남성의류,12.30856,0.31940427636606716
2024-12-16,스포츠_레저,21.28783,0.5524142496404011
2024-12-16,여성의류,23.68289,0.6145655009771386
2024-12-16,패션의류_앵커,38.53599,1.0
2024-12-16,패션잡화,21.64225,0.5616113664135787
2024-12-17,남성의류,11.52774,0.31622615837450385
2024-12-17,스포츠_레저,20.0657,0.5504373993597428
2024-12-17,여성의류,22.51932,0.6177445061049375
2024-12-17,패션의류_앵커,36.4541,1.0
2024-12-17,패션잡화,21.06363,0.5778123722708831
2024-12-18,남성의류,11.44506,0.3152711069387377
2024-12-18,스포츠_레저,19.90361,0.5482743783586045
2024-12-18,여성의류,22.38559,0.6166441887396604
2024-12-18,패션의류_앵커,36.30228,1.0
2024-12-18,패션잡화,21.07177,0.5804530734708674
2024-12-19,남성의류,10.43683,0.31005206535411034
2024-12-19,스포츠_레저,18.3346,0.5446750208100996
2024-12-19,여성의류,20.91511,0.6213355063374997
2024-12-19,패션의류_앵커,33.66154,1.0
2024-12-19,패션잡화,19.58949,0.581954658045948
2024-12-20,남성의류,9.003,0.3027691115645156
2024-12-20,스포츠_레저,16.14691,0.5430173936701312
2024-12-20,여성의류,18.80703,0.6324767037950896
2024-12-20,패션의류_앵커,29.73553,1.0
2024-12-20,패션잡화,17.87001,0.600964906292237
2024-12-21,남성의류,10.33391,0.311337651847721
2024-12-21,스포츠_레저,16.9493,0.5106445926529821
2024-12-21,여성의류,20.87425,0.6288945790201667
2024-12-21,패션의류_앵커,33.19197,1.0
2024-12-21,패션잡화,19.11591,0.5759197179317769
2024-12-22,남성의류,12.59666,0.3267333846388885
2024-12-22,스포츠_레저,19.8809,0.5156727058337114
2024-12-22,여성의류,23.47537,0.6089064161254034
2024-12-22,패션의류_앵커,38.55333,1.0
2024-12-22,패션잡화,21.77897,0.5649050289559941
2024-12-23,남성의류,10.27215,0.3183146304527086
2024-12-23,스포츠_레저,18.40956,0.5704776787913889
2024-12-23,여성의류,19.84756,0.6150385972545145
2024-12-23,패션의류_앵커,32.27043,1.0
2024-12-23,패션잡화,19.66368,0.6093405015055579
2024-12-24,남성의류,8.66557,0.318055792088511
2024-12-24,스포츠_레저,15.62792,0.573597636888962
2024-12-24,여성의류,16.84823,0.6183871502901036
2024-12-24,패션의류_앵커,27.24544,1.0
2024-12-24,패션잡화,17.06412,0.626311045077635
2024-12-25,남성의류,11.05908,0.3180342125151409
2024-12-25,스포츠_레저,18.11789,0.5210296768434577
2024-12-25,여성의류,21.56717,0.6202231946174702
2024-12-25,패션의류_앵커,34.77324,1.0
2024-12-25,패션잡화,20.64704,0.5937623298835542
2024-12-26,남성의류,9.46529,0.3144849698067131
2024-12-26,스포츠_레저,16.80196,0.5582463805433961
2024-12-26,여성의류,18.7096,0.6216278625478648
2024-12-26,패션의류_앵커,30.09775,1.0
2024-12-26,패션잡화,18.2185,0.6053110282330074
2024-12-27,남성의류,8.5078,0.3072259745662335
2024-12-27,스포츠_레저,14.98591,0.5411576205966131
2024-12-27,여성의류,17.45517,0.6303253031887541
2024-12-27,패션의류_앵커,27.69232,1.0
2024-12-27,패션잡화,16.37088,0.5911704039242649
2024-12-28,남성의류,9.7521,0.3106990306047514
2024-12-28,스포츠_레저,16.0828,0.5123932660052805
2024-12-28,여성의류,19.79077,0.6305280969146743
2024-12-28,패션의류_앵커,31.38761,1.0
2024-12-28,패션잡화,18.18305,0.579306611749031
2024-12-29,남성의류,10.43326,0.3113548117936461
2024-12-29,스포츠_레저,16.97768,0.5066568226127547
2024-12-29,여성의류,20.95312,0.6252939861644089
2024-12-29,패션의류_앵커,33.50923,1.0
2024-12-29,패션잡화,19.01926,0.5675827227304238
2024-12-30,남성의류,8.68012,0.31350320541760723
2024-12-30,스포츠_레저,15.69037,0.566695079006772
2024-12-30,여성의류,17.16262,0.6198688939051918
2024-12-30,패션의류_앵커,27.6875,1.0
2024-12-30,패션잡화,16.40154,0.5923806772009029
2024-12-31,남성의류,7.89735,0.32120545337704276
2024-12-31,스포츠_레저,14.04606,0.5712892388536845
2024-12-31,여성의류,15.08423,0.6135142720018221
2024-12-31,패션의류_앵커,24.5866,1.0
2024-12-31,패션잡화,15.19217,0.6179044682876038
2025-01-01,남성의류,9.90352,0.3282233750514945
2025-01-01,스포츠_레저,16.55118,0.5485407371000205
2025-01-01,여성의류,18.16082,0.6018875747312756
2025-01-01,패션의류_앵커,30.17311,1.0
2025-01-01,패션잡화,18.46443,0.6119498454087099
2025-01-02,남성의류,8.83699,0.3218138859735309
2025-01-02,스포츠_레저,16.44445,0.598852364571809
2025-01-02,여성의류,16.6532,0.6064543476788369
2025-01-02,패션의류_앵커,27.45994,1.0
2025-01-02,패션잡화,17.60989,0.6412938265706335
2025-01-03,남성의류,8.07554,0.31009390897250005
2025-01-03,스포츠_레저,15.06592,0.5785185913346932
2025-01-03,여성의류,16.11465,0.6187889367427687
2025-01-03,패션의류_앵커,26.04224,1.0
2025-01-03,패션잡화,16.4473,0.6315624155218599
2025-01-04,남성의류,9.32476,0.3110891369214427
2025-01-04,스포츠_레저,15.74533,0.5252897790659813
2025-01-04,여성의류,18.69079,0.6235551080649724
2025-01-04,패션의류_앵커,29.97456,1.0
2025-01-04,패션잡화,18.33557,0.6117043919910751
2025-01-05,남성의류,10.52871,0.32258114920976316
2025-01-05,스포츠_레저,17.62907,0.5401236865769272
2025-01-05,여성의류,19.81904,0.607220514140314
2025-01-05,패션의류_앵커,32.63895,1.0
2025-01-05,패션잡화,20.14002,0.6170547765782907
2025-01-06,남성의류,9.33478,0.3182448425903797
2025-01-06,스포츠_레저,17.7693,0.6057976815137834
2025-01-06,여성의류,17.95858,0.6122506867057116
2025-01-06,패션의류_앵커,29.33207,1.0
2025-01-06,패션잡화,18.19337,0.6202552359925502
2025-01-07,남성의류,9.40673,0.31702090874746014
2025-01-07,스포츠_레저,17.82852,0.6008478623307216
2025-01-07,여성의류,18.17417,0.6124967857194613
2025-01-07,패션의류_앵커,29.67227,1.0
2025-01-07,패션잡화,18.32485,0.6175749277018577
2025-01-08,남성의류,9.07049,0.3141659725024375
2025-01-08,스포츠_레저,17.53103,0.6072056844690207
2025-01-08,여성의류,17.78954,0.616159450533655
2025-01-08,패션의류_앵커,28.87165,1.0
2025-01-08,패션잡화,17.98502,0.6229301061768205
2025-01-09,남성의류,9.08868,0.31043065273339904
2025-01-09,스포츠_레저,17.69633,0.6044313665885069
2025-01-09,여성의류,18.17878,0.6209098066272395
2025-01-09,패션의류_앵커,29.27765,1.0
2025-01-09,패션잡화,17.96733,0.6136875739685391
2025-01-10,남성의류,8.2468,0.30940184985298647
2025-01-10,스포츠_레저,16.00056,0.6003059201973737
2025-01-10,여성의류,16.62952,0.6239031200183387
2025-01-10,패션의류_앵커,26.65401,1.0
2025-01-10,패션잡화,16.73541,0.627875880589825
2025-01-11,남성의류,9.21294,0.3116034746398171
2025-01-11,스포츠_레저,16.08975,0.544193493725781
2025-01-11,여성의류,18.43041,0.623360164620244
2025-01-11,패션의류_앵커,29.56623,1.0
2025-01-11,패션잡화,18.0778,0.6114340583835003
2025-01-12,남성의류,10.87092,0.3230905168327207
2025-01-12,스포츠_레저,18.32133,0.5445213449057514
2025-01-12,여성의류,20.42324,0.606991419953297
2025-01-12,패션의류_앵커,33.64667,1.0
2025-01-12,패션잡화,20.32096,0.6039515946154552
2025-01-13,남성의류,9.06668,0.31711690789084807
2025-01-13,스포츠_레저,17.62781,0.6165516594924901
2025-01-13,여성의류,17.44391,0.6101195587278081
2025-01-13,패션의류_앵커,28.59097,1.0
2025-01-13,패션잡화,18.05249,0.6314053003448291
2025-01-14,남성의류,8.75961,0.3082878213146175
2025-01-14,스포츠_레저,16.83944,0.592651301799763
2025-01-14,여성의류,17.66878,0.6218392932433393
2025-01-14,패션의류_앵커,28.41374,1.0
2025-01-14,패션잡화,17.80171,0.626517663637381
2025-01-15,남성의류,8.43455,0.3007782495234006
2025-01-15,스포츠_레저,16.16767,0.5765433225805762
2025-01-15,여성의류,17.63125,0.6287349665257136
2025-01-15,패션의류_앵커,28.04242,1.0
2025-01-15,패션잡화,17.26698,0.6157450034626113
2025-01-16,남성의류,7.89308,0.29801559044094383
2025-01-16,스포츠_레저,15.6054,0.5892063041381951
2025-01-16,여성의류,16.77408,0.6333316468734167
2025-01-16,패션의류_앵커,26.48546,1.0
2025-01-16,패션잡화,16.62474,0.6276930814114612
2025-01-17,남성의류,7.22336,0.302433710111032
2025-01-17,스포츠_레저,14.41494,0.6035368284604283
2025-01-17,여성의류,15.05526,0.6303462846218679
2025-01-17,패션의류_앵커,23.88411,1.0
2025-01-17,패션잡화,15.45962,0.6472763691006279
2025-01-18,남성의류,8.15708,0.30387316204547066
2025-01-18,스포츠_레저,14.84483,0.5530098309845514
2025-01-18,여성의류,16.92391,0.6304611510335759
2025-01-18,패션의류_앵커,26.8437,1.0
2025-01-18,패션잡화,17.29827,0.6444070675801026
2025-01-19,남성의류,9.38645,0.30908273082213183
2025-01-19,스포츠_레저,16.98673,0.5593493702239113
2025-01-19,여성의류,18.86331,0.6211425370767891
2025-01-19,패션의류_앵커,30.36873,1.0
2025-01-19,패션잡화,18.98149,0.6250340399483285
2025-01-20,남성의류,7.89939,0.3080291862644249
2025-01-20,스포츠_레저,16.56932,0.6461048456342655
2025-01-20,여성의류,15.94588,0.6217943968673743
2025-01-20,패션의류_앵커,25.64494,1.0
2025-01-20,패션잡화,16.97629,0.6619742530105354
2025-01-21,남성의류,7.47195,0.3067093950083861
2025-01-21,스포츠_레저,15.58127,0.639581621285249
2025-01-21,여성의류,15.15912,0.6222531633722825
2025-01-21,패션의류_앵커,24.36166,1.0
2025-01-21,패션잡화,16.18027,0.664169436729681
2025-01-22,남성의류,7.18316,0.3059604956424069
2025-01-22,스포츠_레저,14.85357,0.6326749841656298
2025-01-22,여성의류,14.65491,0.6242132330610574
2025-01-22,패션의류_앵커,23.47741,1.0
2025-01-22,패션잡화,15.66631,0.6672929424497847
2025-01-23,남성의류,6.36832,0.29780199687529374
2025-01-23,스포츠_레저,13.44179,0.6285789507402822
2025-01-23,여성의류,13.53941,0.6331439586128399
2025-01-23,패션의류_앵커,21.38441,1.0
2025-01-23,패션잡화,14.75595,0.6900330661449159
2025-01-24,남성의류,5.66314,0.2997342524321381
2025-01-24,스포츠_레저,11.89666,0.6296571321809666
2025-01-24,여성의류,11.94713,0.6323283689365916
2025-01-24,패션의류_앵커,18.89387,1.0
2025-01-24,패션잡화,13.36789,0.7075252449604025
2025-01-25,남성의류,6.4826,0.30572706504658576
2025-01-25,스포츠_레저,12.41295,0.5854093684740717
2025-01-25,여성의류,13.39612,0.6317768257507588
2025-01-25,패션의류_앵커,21.20388,1.0
2025-01-25,패션잡화,14.63445,0.6901779296996586
2025-01-26,남성의류,7.23332,0.3172408590605911
2025-01-26,스포츠_레저,13.27193,0.5820838113884124
2025-01-26,여성의류,14.10836,0.6187681792504798
2025-01-26,패션의류_앵커,22.80072,1.0
2025-01-26,패션잡화,15.84691,0.6950179643449856
2025-01-27,남성의류,7.08025,0.31484429542735937
2025-01-27,스포츠_레저,13.14454,0.5845109191083284
2025-01-27,여성의류,13.90187,0.6181878415695413
2025-01-27,패션의류_앵커,22.4881,1.0
2025-01-27,패션잡화,15.37972,0.683904820771875
2025-01-28,남성의류,6.97952,0.3228659889098545
2025-01-28,스포츠_레저,12.6967,0.5873373242560734
2025-01-28,여성의류,13.17573,0.6094967986422042
2025-01-28,패션의류_앵커,21.61739,1.0
2025-01-28,패션잡화,15.1371,0.7002279183564714
2025-01-29,남성의류,7.10274,0.33138760985810417
2025-01-29,스포츠_레저,12.78971,0.5967206215739691
2025-01-29,여성의류,12.79917,0.5971619902273702
2025-01-29,패션의류_앵커,21.43333,1.0
2025-01-29,패션잡화,15.87778,0.740798559999776
2025-01-30,남성의류,8.51432,0.32150643932728606
2025-01-30,스포츠_레저,15.17657,0.5730774720589913
2025-01-30,여성의류,16.04757,0.6059670168087853
2025-01-30,패션의류_앵커,26.48258,1.0
2025-01-30,패션잡화,19.09902,0.7211918174135602
2025-01-31,남성의류,7.90145,0.322638272086866
2025-01-31,스포츠_레저,15.38154,0.6280712385239435
2025-01-31,여성의류,14.70162,0.6003082059214083
2025-01-31,패션의류_앵커,24.49012,1.0
2025-01-31,패션잡화,17.93161,0.7321977189168529
2025-02-01,남성의류,9.03217,0.3132047364042679
2025-02-01,스포츠_레저,16.90513,0.5862120382510383
2025-02-01,여성의류,17.53928,0.6082021894097042
2025-02-01,패션의류_앵커,28.83791,1.0
2025-02-01,패션잡화,20.92805,0.7257131324704182
2025-02-02,남성의류,9.90126,0.3161818523216291
2025-02-02,스포츠_레저,18.36565,0.5864794214161356
2025-02-02,여성의류,18.93119,0.6045390910705003
2025-02-02,패션의류_앵커,31.31508,1.0
2025-02-02,패션잡화,21.98582,0.7020841077206253
2025-02-03,남성의류,8.10293,0.3080735900369289
2025-02-03,스포츠_레저,17.40075,0.6615769261039018
2025-02-03,여성의류,16.11724,0.6127778455801532
2025-02-03,패션의류_앵커,26.30193,1.0
2025-02-03,패션잡화,18.69713,0.7108653243317127
2025-02-04,남성의류,7.98648,0.3058604018456222
2025-02-04,스포츠_레저,16.98494,0.6504768776386822
2025-02-04,여성의류,16.10957,0.6169525941040583
2025-02-04,패션의류_앵커,26.11152,1.0
2025-02-04,패션잡화,18.24276,0.6986479530873729
2025-02-05,남성의류,7.75641,0.3000218158019125
2025-02-05,스포츠_레저,16.46913,0.6370341804104929
2025-02-05,여성의류,16.06158,0.6212699426987075
2025-02-05,패션의류_앵커,25.85282,1.0
2025-02-05,패션잡화,17.76603,0.6871989206593323
2025-02-06,남성의류,7.32473,0.295831907970066
2025-02-06,스포츠_레저,15.65088,0.632109264342924
2025-02-06,여성의류,15.52844,0.6271641457089464
2025-02-06,패션의류_앵커,24.75977,1.0
2025-02-06,패션잡화,17.01531,0.6872159959482661
2025-02-07,남성의류,6.84715,0.29188304131459164
2025-02-07,스포츠_레저,14.67941,0.6257597446388394
2025-02-07,여성의류,14.86023,0.6334678117222982
2025-02-07,패션의류_앵커,23.45854,1.0
2025-02-07,패션잡화,16.37567,0.6980685925040518
2025-02-08,남성의류,7.87071,0.2914367535615395
2025-02-08,스포츠_레저,15.13606,0.5604582290686196
2025-02-08,여성의류,17.20397,0.6370288277893759
2025-02-08,패션의류_앵커,27.00658,1.0
2025-02-08,패션잡화,18.30561,0.6778203682213743
2025-02-09,남성의류,9.44891,0.3002923818634259
2025-02-09,스포츠_레저,17.21815,0.5472037806246167
2025-02-09,여성의류,19.60992,0.6232157555687622
2025-02-09,패션의류_앵커,31.4657,1.0
2025-02-09,패션잡화,21.19301,0.6735273647177721
2025-02-10,남성의류,8.17334,0.30134317589148407
2025-02-10,스포츠_레저,16.66949,0.6145880456571408
2025-02-10,여성의류,16.8334,0.6206312495322241
2025-02-10,패션의류_앵커,27.12303,1.0
2025-02-10,패션잡화,18.86267,0.6954484804979385
2025-02-11,남성의류,7.72237,0.3036577961838941
2025-02-11,스포츠_레저,15.57047,0.6122595272885705
2025-02-11,여성의류,15.78386,0.6206504146881229
2025-02-11,패션의류_앵커,25.43116,1.0
2025-02-11,패션잡화,18.25186,0.7176967153680761
2025-02-12,남성의류,7.86961,0.3070075308349146
2025-02-12,스포츠_레저,15.56582,0.6072504182063319
2025-02-12,여성의류,15.85139,0.6183910135573755
2025-02-12,패션의류_앵커,25.63328,1.0
2025-02-12,패션잡화,18.71273,0.7300169935334067
2025-02-13,남성의류,7.21031,0.302119311465752
2025-02-13,스포츠_레저,14.43842,0.6049844610083814
2025-02-13,여성의류,14.9157,0.6249829777124307
2025-02-13,패션의류_앵커,23.86577,1.0
2025-02-13,패션잡화,17.3849,0.7284449653206244
2025-02-14,남성의류,6.71566,0.29700879838025596
2025-02-14,스포츠_레저,13.402,0.5927208816247681
2025-02-14,여성의류,14.33984,0.6341980754482999
2025-02-14,패션의류_앵커,22.61098,1.0
2025-02-14,패션잡화,16.56681,0.7326887202589184
2025-02-15,남성의류,7.76834,0.29423735900954523
2025-02-15,스포츠_레저,14.41164,0.5458621652240148
2025-02-15,여성의류,16.86796,0.6388989156343117
2025-02-15,패션의류_앵커,26.40161,1.0
2025-02-15,패션잡화,18.63962,0.7060031566256755
2025-02-16,남성의류,9.42962,0.30133744251029637
2025-02-16,스포츠_레저,16.68425,0.5331698652970546
2025-02-16,여성의류,19.73504,0.6306623683073549
2025-02-16,패션의류_앵커,31.29256,1.0
2025-02-16,패션잡화,21.452,0.6855303624887193
2025-02-17,남성의류,8.17649,0.2957994009842265
2025-02-17,스포츠_레저,17.15812,0.6207262062346407
2025-02-17,여성의류,17.57846,0.6359327704461434
2025-02-17,패션의류_앵커,27.64201,1.0
2025-02-17,패션잡화,19.2427,0.6961396801462701
2025-02-18,남성의류,7.87208,0.30312661607163144
2025-02-18,스포츠_레저,16.34813,0.6295100311479457
2025-02-18,여성의류,16.24377,0.6254914879353214
2025-02-18,패션의류_앵커,25.96961,1.0
2025-02-18,패션잡화,18.7507,0.7220247050302256
2025-02-19,남성의류,7.52447,0.2988311602177471
2025-02-19,스포츠_레저,15.6035,0.6196864375108967
2025-02-19,여성의류,15.82533,0.6284963226285332
2025-02-19,패션의류_앵커,25.17967,1.0
2025-02-19,패션잡화,18.18325,0.7221401233614261
2025-02-20,남성의류,7.13238,0.29712047610061404
2025-02-20,스포츠_레저,14.77963,0.6156893915061897
2025-02-20,여성의류,15.18082,0.632402152717287
2025-02-20,패션의류_앵커,24.00501,1.0
2025-02-20,패션잡화,17.58272,0.7324604322181077
2025-02-21,남성의류,6.75158,0.2959753700908629
2025-02-21,스포츠_레저,14.20252,0.6226092430546453
2025-02-21,여성의류,14.4682,0.6342561073924359
2025-02-21,패션의류_앵커,22.81129,1.0
2025-02-21,패션잡화,17.00101,0.7452892843850567
2025-02-22,남성의류,7.85022,0.2979566817285558
2025-02-22,스포츠_레저,14.38662,0.5460470606543097
2025-02-22,여성의류,16.73428,0.6351529689507474
2025-02-22,패션의류_앵커,26.34685,1.0
2025-02-22,패션잡화,19.21495,0.7293072985954678
2025-02-23,남성의류,9.53434,0.3106454672434505
2025-02-23,스포츠_레저,17.0143,0.5543556421650833
2025-02-23,여성의류,19.0149,0.6195386880568018
2025-02-23,패션의류_앵커,30.69203,1.0
2025-02-23,패션잡화,21.99847,0.7167486151942378
2025-02-24,남성의류,8.13942,0.3145093420567594
2025-02-24,스포츠_레저,16.67576,0.644355777917398
2025-02-24,여성의류,15.8923,0.6140826762556347
2025-02-24,패션의류_앵커,25.87974,1.0
2025-02-24,패션잡화,19.44872,0.7515036858948351
2025-02-25,남성의류,7.67956,0.3059385761249066
2025-02-25,스포츠_레저,15.59262,0.6211793333025253
2025-02-25,여성의류,15.64555,0.6232879604679217
2025-02-25,패션의류_앵커,25.10164,1.0
2025-02-25,패션잡화,18.76711,0.7476447754011292
2025-02-26,남성의류,7.81603,0.3066635906260802
2025-02-26,스포츠_레저,15.32771,0.6013859446132213
2025-02-26,여성의류,15.88509,0.6232548668337302
2025-02-26,패션의류_앵커,25.48731,1.0
2025-02-26,패션잡화,18.83455,0.7389775539278174
2025-02-27,남성의류,7.26469,0.3013312649194376
2025-02-27,스포츠_레저,14.34601,0.5950565460944516
2025-02-27,여성의류,15.1557,0.6286415871481812
2025-02-27,패션의류_앵커,24.10865,1.0
2025-02-27,패션잡화,17.71157,0.7346562333436338
2025-02-28,남성의류,6.5385,0.29538297236993505
2025-02-28,스포츠_레저,12.8106,0.5787310707107578
2025-02-28,여성의류,14.19032,0.6410612373603328
2025-02-28,패션의류_앵커,22.13567,1.0
2025-02-28,패션잡화,16.15609,0.7298667715953481
2025-03-01,남성의류,8.06412,0.3002761427005386
2025-03-01,스포츠_레저,14.11797,0.5256977294933511
2025-03-01,여성의류,17.11209,0.637186993589438
2025-03-01,패션의류_앵커,26.85568,1.0
2025-03-01,패션잡화,19.1278,0.712244113721939
2025-03-02,남성의류,9.51022,0.3118942430770755
2025-03-02,스포츠_레저,16.0517,0.5264266043898345
2025-03-02,여성의류,18.99039,0.6228029756186989
2025-03-02,패션의류_앵커,30.49181,1.0
2025-03-02,패션잡화,21.34743,0.700103732772833
2025-03-03,남성의류,10.07229,0.31824413412251734
2025-03-03,스포츠_레저,17.59018,0.5557794308105923
2025-03-03,여성의류,19.43078,0.6139350392438191
2025-03-03,패션의류_앵커,31.64957,1.0
2025-03-03,패션잡화,22.32199,0.7052857274206252
2025-03-04,남성의류,8.07565,0.32006894701234234
2025-03-04,스포츠_레저,15.9611,0.6325995393756165
2025-03-04,여성의류,15.41458,0.6109388580779891
2025-03-04,패션의류_앵커,25.23097,1.0
2025-03-04,패션잡화,18.53582,0.734645556631394
2025-03-05,남성의류,7.81529,0.31386366493214735
2025-03-05,스포츠_레저,15.56577,0.6251245468422632
2025-03-05,여성의류,15.33227,0.6157471384848437
2025-03-05,패션의류_앵커,24.90027,1.0
2025-03-05,패션잡화,18.07356,0.7258379126009478
2025-03-06,남성의류,7.80804,0.3060972951612726
2025-03-06,스포츠_레저,15.49111,0.607295412170755
2025-03-06,여성의류,15.97787,0.6263777835972206
2025-03-06,패션의류_앵커,25.50836,1.0
2025-03-06,패션잡화,18.03757,0.7071238605696328
2025-03-07,남성의류,7.13638,0.2966696695111239
2025-03-07,스포츠_레저,14.43292,0.5999974225700552
2025-03-07,여성의류,15.3025,0.636147124689825
2025-03-07,패션의류_앵커,24.05497,1.0
2025-03-07,패션잡화,16.55573,0.6882457138795018
2025-03-08,남성의류,8.46436,0.2951962549614332
2025-03-08,스포츠_레저,15.29432,0.5333924816739538
2025-03-08,여성의류,18.41649,0.6422787874729673
2025-03-08,패션의류_앵커,28.67367,1.0
2025-03-08,패션잡화,18.80636,0.655875582023508
2025-03-09,남성의류,10.53093,0.3141738985418308
2025-03-09,스포츠_레저,17.99462,0.5368414677695892
2025-03-09,여성의류,20.88245,0.6229953790980336
2025-03-09,패션의류_앵커,33.51943,1.0
2025-03-09,패션잡화,21.52062,0.6420341873355245
2025-03-10,남성의류,9.15255,0.31677998923594225
2025-03-10,스포츠_레저,17.56379,0.6079024104913222
2025-03-10,여성의류,17.85683,0.6180448525479839
2025-03-10,패션의류_앵커,28.89245,1.0
2025-03-10,패션잡화,18.98247,0.6570045115592481
2025-03-11,남성의류,8.90229,0.3101916700465377
2025-03-11,스포츠_레저,17.15933,0.5979002289949727
2025-03-11,여성의류,17.97939,0.6264744251780181
2025-03-11,패션의류_앵커,28.69932,1.0
2025-03-11,패션잡화,18.69919,0.6515551587981876
2025-03-12,남성의류,9.01225,0.3082592863441367
2025-03-12,스포츠_레저,17.16668,0.5871772893226624
2025-03-12,여성의류,18.4339,0.6305218850497026
2025-03-12,패션의류_앵커,29.23594,1.0
2025-03-12,패션잡화,18.89112,0.6461608554402561
2025-03-13,남성의류,8.34158,0.29983174501731974
2025-03-13,스포츠_레저,16.27051,0.58483109981823
2025-03-13,여성의류,17.74168,0.6377111858831158
2025-03-13,패션의류_앵커,27.82087,1.0
2025-03-13,패션잡화,17.95799,0.6454862842175676
2025-03-14,남성의류,7.79448,0.30321224133336705
2025-03-14,스포츠_레저,14.93144,0.5808463667537398
2025-03-14,여성의류,16.39997,0.6379734968208244
2025-03-14,패션의류_앵커,25.70635,1.0
2025-03-14,패션잡화,16.78953,0.6531277291408543
2025-03-15,남성의류,8.98939,0.30308728326018625
2025-03-15,스포츠_레저,15.8744,0.5352230539987141
2025-03-15,여성의류,19.01577,0.6411378378733764
2025-03-15,패션의류_앵커,29.65941,1.0
2025-03-15,패션잡화,18.7403,0.6318500604024153
2025-03-16,남성의류,10.55429,0.30913130748640155
2025-03-16,스포츠_레저,18.65329,0.5463480657271137
2025-03-16,여성의류,21.55535,0.6313483454431331
2025-03-16,패션의류_앵커,34.14177,1.0
2025-03-16,패션잡화,21.47404,0.628966805177353
2025-03-17,남성의류,8.31449,0.3061648029912092
2025-03-17,스포츠_레저,17.53308,0.6456213170055062
2025-03-17,여성의류,17.08625,0.6291676777659903
2025-03-17,패션의류_앵커,27.15691,1.0
2025-03-17,패션잡화,18.46714,0.6800162463255208
2025-03-18,남성의류,8.03776,0.3005577947867109
2025-03-18,스포츠_레저,17.09162,0.6391108488599365
2025-03-18,여성의류,16.93069,0.6330931566278936
2025-03-18,패션의류_앵커,26.74281,1.0
2025-03-18,패션잡화,18.23543,0.6818815973340124
2025-03-19,남성의류,7.85799,0.29803135211891535
2025-03-19,스포츠_레저,16.39962,0.6219912373057749
2025-03-19,여성의류,16.82857,0.6382600984892848
2025-03-19,패션의류_앵커,26.36632,1.0
2025-03-19,패션잡화,18.00121,0.682735019524909
2025-03-20,남성의류,7.55281,0.29250705338107236
2025-03-20,스포츠_레저,15.67317,0.6069943205033123
2025-03-20,여성의류,16.64837,0.6447621020915187
2025-03-20,패션의류_앵커,25.82095,1.0
2025-03-20,패션잡화,17.35487,0.6721236050571338
2025-03-21,남성의류,7.29351,0.2933048882740538
2025-03-21,스포츠_레저,14.36102,0.5775212986067685
2025-03-21,여성의류,16.06613,0.6460914518039221
2025-03-21,패션의류_앵커,24.86665,1.0
2025-03-21,패션잡화,16.45434,0.6617031244659011
2025-03-22,남성의류,8.76503,0.30329390237741466
2025-03-22,스포츠_레저,15.40785,0.5331535606547665
2025-03-22,여성의류,18.45266,0.6385122766999799
2025-03-22,패션의류_앵커,28.89946,1.0
2025-03-22,패션잡화,18.3825,0.6360845496767067
2025-03-23,남성의류,11.06379,0.32149554055950696
2025-03-23,스포츠_레저,18.64065,0.5416666303437225
2025-03-23,여성의류,21.19423,0.615869465218747
2025-03-23,패션의류_앵커,34.41351,1.0
2025-03-23,패션잡화,21.334,0.6199309515361844
2025-03-24,남성의류,9.80925,0.3245704737403734
2025-03-24,스포츠_레저,18.58251,0.614861898104873
2025-03-24,여성의류,18.41784,0.6094132634069271
2025-03-24,패션의류_앵커,30.22225,1.0
2025-03-24,패션잡화,19.2361,0.636488017933807
2025-03-25,남성의류,9.27917,0.31772332246426066
2025-03-25,스포츠_레저,17.4212,0.5965104147584727
2025-03-25,여성의류,18.03389,0.6174892202379098
2025-03-25,패션의류_앵커,29.20519,1.0
2025-03-25,패션잡화,18.54587,0.6350196660251141
2025-03-26,남성의류,8.9477,0.3139749871307345
2025-03-26,스포츠_레저,16.70638,0.5862272366643004
2025-03-26,여성의류,17.5448,0.6156474126547952
2025-03-26,패션의류_앵커,28.49813,1.0
2025-03-26,패션잡화,18.16755,0.6374997236660791
2025-03-27,남성의류,8.44617,0.309871365248292
2025-03-27,스포츠_레저,16.081,0.5899764537722759
2025-03-27,여성의류,16.92834,0.6210634911666792
2025-03-27,패션의류_앵커,27.25702,1.0
2025-03-27,패션잡화,17.60394,0.6458497664088004
2025-03-28,남성의류,7.15877,0.30574349863117833
2025-03-28,스포츠_레저,14.40277,0.6151270804593774
2025-03-28,여성의류,14.72566,0.6289173710083154
2025-03-28,패션의류_앵커,23.4143,1.0
2025-03-28,패션잡화,15.65368,0.6685521241292713
2025-03-29,남성의류,7.7242,0.2984857765008434
2025-03-29,스포츠_레저,14.72329,0.5689511727165406
2025-03-29,여성의류,16.57372,0.6404572232344526
2025-03-29,패션의류_앵커,25.87795,1.0
2025-03-29,패션잡화,16.41897,0.6344772286831067
2025-03-30,남성의류,9.0239,0.31393811621127043
2025-03-30,스포츠_레저,16.77513,0.5836005176696517
2025-03-30,여성의류,17.8936,0.6225116719199003
2025-03-30,패션의류_앵커,28.7442,1.0
2025-03-30,패션잡화,18.68864,0.6501708170691827
2025-03-31,남성의류,7.80602,0.31696059685565825
2025-03-31,스포츠_레저,16.84971,0.684176332938521
2025-03-31,여성의류,15.13193,0.6144265021583394
2025-03-31,패션의류_앵커,24.62773,1.0
2025-03-31,패션잡화,17.07025,0.6931312792531021
2025-04-01,남성의류,8.0529,0.30932099875087
2025-04-01,스포츠_레저,16.73804,0.642927051115997
2025-04-01,여성의류,16.14446,0.6201269718354221
2025-04-01,패션의류_앵커,26.03412,1.0
2025-04-01,패션잡화,17.48721,0.671703518305977
2025-04-02,남성의류,8.05563,0.3023811355954153
2025-04-02,스포츠_레저,16.91227,0.6348294805119244
2025-04-02,여성의류,16.77514,0.6296820835827954
2025-04-02,패션의류_앵커,26.64065,1.0
2025-04-02,패션잡화,17.85543,0.6702325206029132
2025-04-03,남성의류,7.62173,0.29370160755497277
2025-04-03,스포츠_레저,16.22701,0.6253040874985887
2025-04-03,여성의류,16.53962,0.6373504417433284
2025-04-03,패션의류_앵커,25.95059,1.0
2025-04-03,패션잡화,17.49673,0.6742324548305068
2025-04-04,남성의류,6.7988,0.28343000836266097
2025-04-04,스포츠_레저,14.58915,0.6081959914255627
2025-04-04,여성의류,15.59337,0.6500601561307977
2025-04-04,패션의류_앵커,23.98758,1.0
2025-04-04,패션잡화,16.25978,0.6778416163698047
2025-04-05,남성의류,8.1814,0.2839105772253843
2025-04-05,스포츠_레저,16.21539,0.5627057392175819
2025-04-05,여성의류,18.77963,0.6516898811180415
2025-04-05,패션의류_앵커,28.81682,1.0
2025-04-05,패션잡화,18.74032,0.6503257472545548
2025-04-06,남성의류,9.69084,0.30467153973119543
2025-04-06,스포츠_레저,17.94047,0.5640326966910321
2025-04-06,여성의류,19.96843,0.6277899866383715
2025-04-06,패션의류_앵커,31.8075,1.0
2025-04-06,패션잡화,20.50709,0.6447249862453824
2025-04-07,남성의류,8.71281,0.3057266842791721
2025-04-07,스포츠_레저,18.12656,0.6360488850540148
2025-04-07,여성의류,17.85633,0.6265666948200075
2025-04-07,패션의류_앵커,28.49869,1.0
2025-04-07,패션잡화,19.09714,0.6701058890777085
2025-04-08,남성의류,8.8171,0.3030733218068011
2025-04-08,스포츠_레저,18.12354,0.622966901895003
2025-04-08,여성의류,18.30126,0.629075734816429
2025-04-08,패션의류_앵커,29.0923,1.0
2025-04-08,패션잡화,19.232,0.6610683926674755
2025-04-09,남성의류,8.51108,0.29645301189040224
2025-04-09,스포츠_레저,17.67755,0.6157341888859205
2025-04-09,여성의류,18.24259,0.6354153350904624
2025-04-09,패션의류_앵커,28.70971,1.0
2025-04-09,패션잡화,18.96477,0.6605698908139441
2025-04-10,남성의류,8.15661,0.29834448749559705
2025-04-10,스포츠_레저,16.84138,0.6160074938998675
2025-04-10,여성의류,17.30283,0.6328859598011235
2025-04-10,패션의류_앵커,27.33957,1.0
2025-04-10,패션잡화,18.38289,0.6723913360744153
2025-04-11,남성의류,7.7381,0.29544690061574186
2025-04-11,스포츠_레저,15.70589,0.5996635507310288
2025-04-11,여성의류,16.65011,0.6357146320687469
2025-04-11,패션의류_앵커,26.19117,1.0
2025-04-11,패션잡화,17.74662,0.6775802684645245
2025-04-12,남성의류,8.76654,0.2950690555712816
2025-04-12,스포츠_레저,16.81964,0.5661247527358514
2025-04-12,여성의류,18.87382,0.6352654801577778
2025-04-12,패션의류_앵커,29.71013,1.0
2025-04-12,패션잡화,19.97726,0.672405674428217
2025-04-13,남성의류,9.99145,0.30598001526921875
2025-04-13,스포츠_레저,19.09372,0.5847296175376134
2025-04-13,여성의류,20.38867,0.6243864061691808
2025-04-13,패션의류_앵커,32.65393,1.0
2025-04-13,패션잡화,22.12852,0.677667894798574
2025-04-14,남성의류,8.40387,0.3083494500148049
2025-04-14,스포츠_레저,18.49867,0.6787414275215314
2025-04-14,여성의류,16.81536,0.6169784882204211
2025-04-14,패션의류_앵커,27.25437,1.0
2025-04-14,패션잡화,19.77251,0.7254803541597182
2025-04-15,남성의류,8.02539,0.3014499318812604
2025-04-15,스포츠_레저,17.68092,0.6641312297094615
2025-04-15,여성의류,16.72194,0.6281099951432296
2025-04-15,패션의류_앵커,26.62263,1.0
2025-04-15,패션잡화,19.67342,0.7389735724832596
2025-04-16,남성의류,8.20239,0.2950848157624352
2025-04-16,스포츠_레저,17.36659,0.6247711960260058
2025-04-16,여성의류,17.66787,0.635609884907284
2025-04-16,패션의류_앵커,27.79672,1.0
2025-04-16,패션잡화,19.69998,0.7087159923904691
2025-04-17,남성의류,8.25203,0.29838085943644116
2025-04-17,스포츠_레저,16.91865,0.6117526629816354
2025-04-17,여성의류,17.47246,0.6317775906375572
2025-04-17,패션의류_앵커,27.65603,1.0
2025-04-17,패션잡화,19.29489,0.6976738888408784
2025-04-18,남성의류,8.02943,0.2979150403234185
2025-04-18,스포츠_레저,16.17032,0.5999655685201291
2025-04-18,여성의류,16.90628,0.6272718098195018
2025-04-18,패션의류_앵커,26.95208,1.0
2025-04-18,패션잡화,18.49594,0.6862527864268733
2025-04-19,남성의류,8.93691,0.2981674378661446
2025-04-19,스포츠_레저,16.96738,0.5660927794843256
2025-04-19,여성의류,18.90532,0.6307494230600488
2025-04-19,패션의류_앵커,29.97279,1.0
2025-04-19,패션잡화,20.30858,0.6775672201353294
2025-04-20,남성의류,10.42454,0.31389053243302245
2025-04-20,스포츠_레저,19.2706,0.5802518762750014
2025-04-20,여성의류,20.25427,0.6098709002356166
2025-04-20,패션의류_앵커,33.21075,1.0
2025-04-20,패션잡화,22.16428,0.6673826998788044
2025-04-21,남성의류,9.88436,0.31994971107172127
2025-04-21,스포츠_레저,19.89928,0.6441255565899342
2025-04-21,여성의류,18.55784,0.6007040967867653
2025-04-21,패션의류_앵커,30.89348,1.0
2025-04-21,패션잡화,21.07431,0.6821604429154631
2025-04-22,남성의류,9.36296,0.3096075642050726
2025-04-22,스포츠_레저,19.59075,0.6478126990236557
2025-04-22,여성의류,18.44804,0.6100263942981438
2025-04-22,패션의류_앵커,30.24138,1.0
2025-04-22,패션잡화,21.65298,0.7160050235802731
2025-04-23,남성의류,8.73135,0.30318998217949134
2025-04-23,스포츠_레저,17.66009,0.6132341931532023
2025-04-23,여성의류,17.7787,0.6173528419058361
2025-04-23,패션의류_앵커,28.79828,1.0
2025-04-23,패션잡화,20.14722,0.6995980315491065
2025-04-24,남성의류,8.06741,0.29537828063940824
2025-04-24,스포츠_레저,16.96203,0.6210438365663901
2025-04-24,여성의류,17.16095,0.6283270473595431
2025-04-24,패션의류_앵커,27.31213,1.0
2025-04-24,패션잡화,19.17822,0.7021869037676666
2025-04-25,남성의류,7.09193,0.29090371369410345
2025-04-25,스포츠_레저,15.48267,0.6350832849309405
2025-04-25,여성의류,15.46296,0.6342748008938855
2025-04-25,패션의류_앵커,24.37896,1.0
2025-04-25,패션잡화,17.56835,0.7206357449210302
2025-04-26,남성의류,7.79714,0.29546115098562964
2025-04-26,스포츠_레저,15.75128,0.5968715860298685
2025-04-26,여성의류,16.70424,0.632982603459755
2025-04-26,패션의류_앵커,26.38973,1.0
2025-04-26,패션잡화,18.76378,0.7110258422499965
2025-04-27,남성의류,9.40475,0.3110829513741764
2025-04-27,스포츠_레저,18.92396,0.6259519209428066
2025-04-27,여성의류,18.57863,0.614529365787375
2025-04-27,패션의류_앵커,30.23229,1.0
2025-04-27,패션잡화,21.21317,0.7016726156040446
2025-04-28,남성의류,8.01739,0.30999470672184465
2025-04-28,스포츠_레저,18.64487,0.7209092993501525
2025-04-28,여성의류,15.83992,0.6124550950992131
2025-04-28,패션의류_앵커,25.86299,1.0
2025-04-28,패션잡화,18.94328,0.7324474084396275
2025-04-29,남성의류,7.4828,0.29683921063968716
2025-04-29,스포츠_레저,17.39374,0.6900016105831978
2025-04-29,여성의류,15.82884,0.627922752304205
2025-04-29,패션의류_앵커,25.20826,1.0
2025-04-29,패션잡화,18.29996,0.7259509383035561
2025-04-30,남성의류,6.89832,0.2910121166458127
2025-04-30,스포츠_레저,15.80996,0.6669580308952954
2025-04-30,여성의류,15.0329,0.6341770240181434
2025-04-30,패션의류_앵커,23.70458,1.0
2025-04-30,패션잡화,17.36997,0.7327685198387821
2025-05-01,남성의류,7.95008,0.29430178252538747
2025-05-01,스포츠_레저,17.09176,0.632715071357284
2025-05-01,여성의류,16.95924,0.6278093506324279
2025-05-01,패션의류_앵커,27.01336,1.0
2025-05-01,패션잡화,19.71379,0.7297792647786132
2025-05-02,남성의류,6.49225,0.2943023055512743
2025-05-02,스포츠_레저,15.13256,0.6859790206620187
2025-05-02,여성의류,13.87368,0.6289123201479615
2025-05-02,패션의류_앵커,22.0598,1.0
2025-05-02,패션잡화,16.83248,0.763038649489116
2025-05-03,남성의류,7.09198,0.29063633636537994
2025-05-03,스포츠_레저,15.60112,0.6393492875045694
2025-05-03,여성의류,15.45625,0.6334123719958888
2025-05-03,패션의류_앵커,24.40156,1.0
2025-05-03,패션잡화,18.12189,0.7426529287471785
2025-05-04,남성의류,7.36035,0.3031744063769045
2025-05-04,스포츠_레저,15.76811,0.6494918569002468
2025-05-04,여성의류,15.12445,0.6229793624660747
2025-05-04,패션의류_앵커,24.27761,1.0
2025-05-04,패션잡화,18.50213,0.7621067312639095
2025-05-05,남성의류,7.8333,0.29946772253063286
2025-05-05,스포츠_레저,17.08749,0.6532561901197405
2025-05-05,여성의류,16.41503,0.6275479873580757
2025-05-05,패션의류_앵커,26.15741,1.0
2025-05-05,패션잡화,19.66437,0.7517705307979652
2025-05-06,남성의류,8.73425,0.30143840051022874
2025-05-06,스포츠_레저,19.62865,0.6774283836820679
2025-05-06,여성의류,17.95578,0.6196939179796268
2025-05-06,패션의류_앵커,28.97524,1.0
2025-05-06,패션잡화,21.44879,0.7402454647485232
2025-05-07,남성의류,7.48907,0.3024019918208072
2025-05-07,스포츠_레저,18.48948,0.7465887726688332
2025-05-07,여성의류,15.33278,0.6191240317089086
2025-05-07,패션의류_앵커,24.76528,1.0
2025-05-07,패션잡화,19.16576,0.7738963581271845
2025-05-08,남성의류,7.17843,0.2942362980093307
2025-05-08,스포츠_레저,17.37829,0.7123178348653636
2025-05-08,여성의류,15.3576,0.6294918764002849
2025-05-08,패션의류_앵커,24.39682,1.0
2025-05-08,패션잡화,18.6507,0.7644725829021979
2025-05-09,남성의류,6.94622,0.2867789828132103
2025-05-09,스포츠_레저,16.89553,0.6975423910400302
2025-05-09,여성의류,15.43847,0.6373867690329794
2025-05-09,패션의류_앵커,24.22151,1.0
2025-05-09,패션잡화,18.74978,0.7740962475089291
2025-05-10,남성의류,7.50644,0.28306886587146046
2025-05-10,스포츠_레저,16.59343,0.6257404856386608
2025-05-10,여성의류,17.02273,0.6419294465999976
2025-05-10,패션의류_앵커,26.51807,1.0
2025-05-10,패션잡화,19.50847,0.7356670376086947
2025-05-11,남성의류,8.71113,0.2987211523722619
2025-05-11,스포츠_레저,18.69204,0.640985466752122
2025-05-11,여성의류,18.14805,0.6223310189733624
2025-05-11,패션의류_앵커,29.16141,1.0
2025-05-11,패션잡화,21.06893,0.7224935282621794
2025-05-12,남성의류,8.0449,0.30112982169299574
2025-05-12,스포츠_레저,19.10625,0.7151688219520193
2025-05-12,여성의류,16.59298,0.6210942471323999
2025-05-12,패션의류_앵커,26.71572,1.0
2025-05-12,패션잡화,19.81011,0.7415151079589096
2025-05-13,남성의류,8.05339,0.2934033173043469
2025-05-13,스포츠_레저,18.41329,0.6708380406868358
2025-05-13,여성의류,17.24377,0.6282297666986421
2025-05-13,패션의류_앵커,27.44819,1.0
2025-05-13,패션잡화,19.42775,0.7077971261493017
2025-05-14,남성의류,7.93393,0.28974539138615213
2025-05-14,스포츠_레저,18.02501,0.658269429802041
2025-05-14,여성의류,17.25632,0.630197038830023
2025-05-14,패션의류_앵커,27.38242,1.0
2025-05-14,패션잡화,19.32787,0.705849592548796
2025-05-15,남성의류,7.09414,0.2865433512469883
2025-05-15,스포츠_레저,16.59636,0.6703528000436229
2025-05-15,여성의류,15.61315,0.6306394185231635
2025-05-15,패션의류_앵커,24.75765,1.0
2025-05-15,패션잡화,17.99666,0.7269130955482446
2025-05-16,남성의류,6.62088,0.2813638639127837
2025-05-16,스포츠_레저,15.31838,0.6509766957993964
2025-05-16,여성의류,14.90188,0.6332769263851079
2025-05-16,패션의류_앵커,23.53138,1.0
2025-05-16,패션잡화,17.35658,0.7375929503497033
2025-05-17,남성의류,6.96967,0.280816089388356
2025-05-17,스포츠_레저,14.82948,0.5974969519737431
2025-05-17,여성의류,15.82143,0.637463768174335
2025-05-17,패션의류_앵커,24.81934,1.0
2025-05-17,패션잡화,17.9145,0.7217959865169662
2025-05-18,남성의류,8.46165,0.30067147528774085
2025-05-18,스포츠_레저,17.90374,0.6361813498511681
2025-05-18,여성의류,17.36225,0.6169403510916404
2025-05-18,패션의류_앵커,28.14251,1.0
2025-05-18,패션잡화,19.94683,0.7087793519483514
2025-05-19,남성의류,7.58324,0.2992009854420818
2025-05-19,스포츠_레저,18.07368,0.7131071766902861
2025-05-19,여성의류,15.68235,0.6187559109361739
2025-05-19,패션의류_앵커,25.34497,1.0
2025-05-19,패션잡화,19.25035,0.7595333511935505
2025-05-20,남성의류,7.78245,0.2928587905428111
2025-05-20,스포츠_레저,17.56663,0.661044017721034
2025-05-20,여성의류,16.39462,0.616940498764397
2025-05-20,패션의류_앵커,26.57407,1.0
2025-05-20,패션잡화,18.38377,0.6917935415990099
2025-05-21,남성의류,8.40749,0.29604651113657343
2025-05-21,스포츠_레저,17.2889,0.6087808045432235
2025-05-21,여성의류,17.30743,0.6094332872522555
2025-05-21,패션의류_앵커,28.39922,1.0
2025-05-21,패션잡화,19.13105,0.6736470226999192
2025-05-22,남성의류,7.51688,0.2849831175990215
2025-05-22,스포츠_레저,16.31006,0.6183538578542025
2025-05-22,여성의류,16.34628,0.6197270457352697
2025-05-22,패션의류_앵커,26.37658,1.0
2025-05-22,패션잡화,17.93052,0.6797894192499558
2025-05-23,남성의류,6.5286,0.27770345714984523
2025-05-23,스포츠_레저,15.06796,0.64093750332316
2025-05-23,여성의류,14.93243,0.6351725384689005
2025-05-23,패션의류_앵커,23.50925,1.0
2025-05-23,패션잡화,16.6362,0.7076448631921477
2025-05-24,남성의류,6.83463,0.2756270400933029
2025-05-24,스포츠_레저,15.15345,0.6111085121947876
2025-05-24,여성의류,15.89796,0.6411331203476597
2025-05-24,패션의류_앵커,24.79666,1.0
2025-05-24,패션잡화,17.46383,0.704281544369282
2025-05-25,남성의류,8.24569,0.29769188056929663
2025-05-25,스포츠_레저,17.85253,0.644524985613064
2025-05-25,여성의류,17.08443,0.6167944823482946
2025-05-25,패션의류_앵커,27.69874,1.0
2025-05-25,패션잡화,19.74952,0.7130114943856652
2025-05-26,남성의류,7.55786,0.2959251394981239
2025-05-26,스포츠_레저,18.69953,0.7321729992086851
2025-05-26,여성의류,15.73927,0.6162651425600152
2025-05-26,패션의류_앵커,25.53977,1.0
2025-05-26,패션잡화,18.89615,0.7398715806759418
2025-05-27,남성의류,7.31114,0.2845604304716311
2025-05-27,스포츠_레저,17.79159,0.6924751145751233
2025-05-27,여성의류,16.15144,0.6286380399139836
2025-05-27,패션의류_앵커,25.69275,1.0
2025-05-27,패션잡화,18.53044,0.7212322542351441
2025-05-28,남성의류,7.05747,0.28233200224346383
2025-05-28,스포츠_레저,17.06731,0.6827726940688225
2025-05-28,여성의류,15.82165,0.6329404337950143
2025-05-28,패션의류_앵커,24.99706,1.0
2025-05-28,패션잡화,17.97038,0.7188997426097308
2025-05-29,남성의류,6.49622,0.27399285938729073
2025-05-29,스포츠_레저,15.98079,0.6740261794347824
2025-05-29,여성의류,15.2192,0.6419043883346092
2025-05-29,패션의류_앵커,23.70945,1.0
2025-05-29,패션잡화,17.24819,0.7274816581574014
2025-05-30,남성의류,5.87467,0.26764750369943796
2025-05-30,스포츠_레저,14.5719,0.6638896583395901
2025-05-30,여성의류,14.23422,0.6485050990283052
2025-05-30,패션의류_앵커,21.94928,1.0
2025-05-30,패션잡화,16.19478,0.737827391149049
2025-05-31,남성의류,6.51132,0.27071180276219736
2025-05-31,스포츠_레저,15.13607,0.6292906501960912
2025-05-31,여성의류,15.57744,0.6476408569721598
2025-05-31,패션의류_앵커,24.05259,1.0
2025-05-31,패션잡화,17.28662,0.7187009798113217
2025-06-01,남성의류,8.33751,0.29091711619922256
2025-06-01,스포츠_레저,18.72961,0.6535241491447832
2025-06-01,여성의류,17.7066,0.6178287054160241
2025-06-01,패션의류_앵커,28.6594,1.0
2025-06-01,패션잡화,20.57302,0.7178454538476032
2025-06-02,남성의류,6.77077,0.2860053274578665
2025-06-02,스포츠_레저,18.29288,0.7727128723243379
2025-06-02,여성의류,14.73666,0.6224939362783322
2025-06-02,패션의류_앵커,23.67358,1.0
2025-06-02,패션잡화,18.02498,0.761396459682059
2025-06-03,남성의류,7.88013,0.2789490731645153
2025-06-03,스포츠_레저,18.80076,0.6655289413738723
2025-06-03,여성의류,17.868,0.6325101285516304
2025-06-03,패션의류_앵커,28.24935,1.0
2025-06-03,패션잡화,20.79357,0.7360725114029172
2025-06-04,남성의류,6.56057,0.28027329398455897
2025-06-04,스포츠_레저,16.85551,0.7200821436993544
2025-06-04,여성의류,14.76019,0.6305682389088063
2025-06-04,패션의류_앵커,23.40776,1.0
2025-06-04,패션잡화,17.8837,0.7640073206492206
2025-06-05,남성의류,6.03551,0.27505400355466436
2025-06-05,스포츠_레저,15.21211,0.6932557079706512
2025-06-05,여성의류,13.99761,0.6379077610171808
2025-06-05,패션의류_앵커,21.943,1.0
2025-06-05,패션잡화,17.11748,0.7800884108827416
2025-06-06,남성의류,6.57434,0.2700679612607668
2025-06-06,스포츠_레저,15.55482,0.6389779848894643
2025-06-06,여성의류,15.61914,0.6416201925130878
2025-06-06,패션의류_앵커,24.34328,1.0
2025-06-06,패션잡화,18.50024,0.759973183564417
2025-06-07,남성의류,6.81487,0.27156437613120776
2025-06-07,스포츠_레저,16.38959,0.6531054566552672
2025-06-07,여성의류,16.0789,0.6407248336910427
2025-06-07,패션의류_앵커,25.09486,1.0
2025-06-07,패션잡화,19.51809,0.7777724203283063
2025-06-08,남성의류,7.9483,0.2792790038815786
2025-06-08,스포츠_레저,18.97539,0.6667372919321702
2025-06-08,여성의류,17.66613,0.6207338913783416
2025-06-08,패션의류_앵커,28.46007,1.0
2025-06-08,패션잡화,21.12686,0.7423333814709521
2025-06-09,남성의류,7.37032,0.2841374163045389
2025-06-09,스포츠_레저,18.3342,0.7068122168387094
2025-06-09,여성의류,16.02947,0.6179612541288733
2025-06-09,패션의류_앵커,25.93928,1.0
2025-06-09,패션잡화,19.31388,0.7445804201196025
2025-06-10,남성의류,7.0697,0.2788019132853763
2025-06-10,스포츠_레저,17.05897,0.6727404946005963
2025-06-10,여성의류,15.86471,0.6256434504600821
2025-06-10,패션의류_앵커,25.35743,1.0
2025-06-10,패션잡화,18.88846,0.7448885790082038
2025-06-11,남성의류,7.01237,0.27338290768628587
2025-06-11,스포츠_레저,16.69863,0.6510095764737805
2025-06-11,여성의류,16.27909,0.634653470750508
2025-06-11,패션의류_앵커,25.65036,1.0
2025-06-11,패션잡화,19.13553,0.7460140910303014
2025-06-12,남성의류,6.56328,0.26665962430346624
2025-06-12,스포츠_레저,16.06611,0.6527502798323646
2025-06-12,여성의류,15.79705,0.6418186361244792
2025-06-12,패션의류_앵커,24.61295,1.0
2025-06-12,패션잡화,18.85402,0.7660203266979374
2025-06-13,남성의류,5.93879,0.26296087859226164
2025-06-13,스포츠_레저,15.17914,0.6721099736941266
2025-06-13,여성의류,14.58809,0.6459391497902748
2025-06-13,패션의류_앵커,22.58431,1.0
2025-06-13,패션잡화,17.68567,0.7830954321827853
2025-06-14,남성의류,6.44947,0.26445400930872603
2025-06-14,스포츠_레저,15.05203,0.6171933014240276
2025-06-14,여성의류,15.70142,0.6438208830865508
2025-06-14,패션의류_앵커,24.38787,1.0
2025-06-14,패션잡화,18.85534,0.7731441901240249
2025-06-15,남성의류,7.70463,0.2728361162419119
2025-06-15,스포츠_레저,17.16615,0.6078871661359593
2025-06-15,여성의류,17.71203,0.6272178515983546
2025-06-15,패션의류_앵커,28.23904,1.0
2025-06-15,패션잡화,21.10798,0.7474751266332
2025-06-16,남성의류,6.9001,0.27731191391076876
2025-06-16,스포츠_레저,16.83893,0.6767490190735586
2025-06-16,여성의류,15.43486,0.6203200776140589
2025-06-16,패션의류_앵커,24.88209,1.0
2025-06-16,패션잡화,19.21436,0.7722164818148314
2025-06-17,남성의류,6.75445,0.26924189976290436
2025-06-17,스포츠_레저,16.31272,0.6502480176920881
2025-06-17,여성의류,15.8559,0.6320385284443049
2025-06-17,패션의류_앵커,25.08692,1.0
2025-06-17,패션잡화,18.98645,0.756826665050951
2025-06-18,남성의류,6.72252,0.2652486444641027
2025-06-18,스포츠_레저,16.16424,0.6377880242516833
2025-06-18,여성의류,16.1813,0.6384611560347883
2025-06-18,패션의류_앵커,25.34422,1.0
2025-06-18,패션잡화,19.13078,0.7548379867283349
2025-06-19,남성의류,6.20259,0.2576306794747027
2025-06-19,스포츠_레저,15.60858,0.6483177303409149
2025-06-19,여성의류,15.45421,0.6419058204789846
2025-06-19,패션의류_앵커,24.07551,1.0
2025-06-19,패션잡화,18.56793,0.7712372448184898
2025-06-20,남성의류,5.63429,0.25529897079120484
2025-06-20,스포츠_레저,14.5505,0.6593071486376146
2025-06-20,여성의류,14.26607,0.6464191563152204
2025-06-20,패션의류_앵커,22.06938,1.0
2025-06-20,패션잡화,18.26494,0.8276145501142307
2025-06-21,남성의류,6.25642,0.2578323262777627
2025-06-21,스포츠_레저,14.84609,0.6118198459868471
2025-06-21,여성의류,15.7741,0.6500639180135056
2025-06-21,패션의류_앵커,24.26546,1.0
2025-06-21,패션잡화,19.46665,0.8022370068401753
2025-06-22,남성의류,7.1906,0.270225072313937
2025-06-22,스포츠_레저,16.7534,0.6295981874258493
2025-06-22,여성의류,16.82004,0.6321025401667889
2025-06-22,패션의류_앵커,26.60967,1.0
2025-06-22,패션잡화,21.05117,0.7911097732516036
2025-06-23,남성의류,6.4741,0.27186714074009377
2025-06-23,스포츠_레저,17.05399,0.7161488854837199
2025-06-23,여성의류,15.04118,0.6316248744933015
2025-06-23,패션의류_앵커,23.81347,1.0
2025-06-23,패션잡화,19.0388,0.7994970913520792
2025-06-24,남성의류,6.29458,0.2693347778684891
2025-06-24,스포츠_레저,16.29653,0.697301851366917
2025-06-24,여성의류,14.8478,0.6353130653412543
2025-06-24,패션의류_앵커,23.37084,1.0
2025-06-24,패션잡화,18.6124,0.7963941390211049
2025-06-25,남성의류,6.16104,0.26702124800959726
2025-06-25,스포츠_레저,15.62896,0.6773636276167783
2025-06-25,여성의류,14.7404,0.6388531813071604
2025-06-25,패션의류_앵커,23.07322,1.0
2025-06-25,패션잡화,18.1863,0.7881994797431828
2025-06-26,남성의류,5.7375,0.2604630090321081
2025-06-26,스포츠_레저,15.00433,0.6811456105116742
2025-06-26,여성의류,14.24975,0.6468902419094175
2025-06-26,패션의류_앵커,22.02808,1.0
2025-06-26,패션잡화,17.26027,0.7835576228159694
2025-06-27,남성의류,5.27218,0.25519743727013894
2025-06-27,스포츠_레저,13.93187,0.6743657311360254
2025-06-27,여성의류,13.47121,0.6520676966506963
2025-06-27,패션의류_앵커,20.65922,1.0
2025-06-27,패션잡화,16.45625,0.7965571788286295
2025-06-28,남성의류,5.77088,0.25075791646298407
2025-06-28,스포츠_레저,14.48114,0.629238607354299
2025-06-28,여성의류,15.13538,0.6576668296127315
2025-06-28,패션의류_앵커,23.01375,1.0
2025-06-28,패션잡화,17.63778,0.7664018249959262
2025-06-29,남성의류,7.08968,0.26918698822737874
2025-06-29,스포츠_레저,17.09182,0.6489567299404876
2025-06-29,여성의류,16.53999,0.6280043800864019
2025-06-29,패션의류_앵커,26.33738,1.0
2025-06-29,패션잡화,19.72953,0.7491075422080709
2025-06-30,남성의류,6.51042,0.2725546392840188
2025-06-30,스포츠_레저,17.43653,0.7299693636531855
2025-06-30,여성의류,14.79566,0.6194110017892832
2025-06-30,패션의류_앵커,23.88666,1.0
2025-06-30,패션잡화,18.0215,0.754458764850339
2025-07-01,남성의류,6.73698,0.26880299917527467
2025-07-01,스포츠_레저,17.41651,0.6949122786717733
2025-07-01,여성의류,15.56101,0.620878518000119
2025-07-01,패션의류_앵커,25.06289,1.0
2025-07-01,패션잡화,18.55141,0.7401943670502484
2025-07-02,남성의류,6.86119,0.26630453978252977
2025-07-02,스포츠_레저,17.48304,0.6785722186966925
2025-07-02,여성의류,16.05147,0.6230084476866379
2025-07-02,패션의류_앵커,25.76445,1.0
2025-07-02,패션잡화,18.59149,0.7215946779380115
2025-07-03,남성의류,6.40069,0.26054535218881314
2025-07-03,스포츠_레저,16.44427,0.6693775387712784
2025-07-03,여성의류,15.55066,0.6330024085635282
2025-07-03,패션의류_앵커,24.56651,1.0
2025-07-03,패션잡화,17.83687,0.726064467439616
2025-07-04,남성의류,5.66504,0.2520028861132933
2025-07-04,스포츠_레저,15.0542,0.6696690311324791
2025-07-04,여성의류,14.51513,0.6456891129294138
2025-07-04,패션의류_앵커,22.48006,1.0
2025-07-04,패션잡화,16.74889,0.7450553957596198
2025-07-05,남성의류,6.36886,0.25495591715692084
2025-07-05,스포츠_레저,15.58105,0.6237350001441139
2025-07-05,여성의류,16.10005,0.6445114218278127
2025-07-05,패션의류_앵커,24.98024,1.0
2025-07-05,패션잡화,18.28947,0.7321574972858549
2025-07-06,남성의류,7.47904,0.2671731700843383
2025-07-06,스포츠_레저,18.29257,0.6534640697054253
2025-07-06,여성의류,17.52725,0.626124602269906
2025-07-06,패션의류_앵커,27.99323,1.0
2025-07-06,패션잡화,20.37332,0.7277945417517021
2025-07-07,남성의류,6.82734,0.2719157696521747
2025-07-07,스포츠_레저,18.59395,0.740550232612416
2025-07-07,여성의류,15.53826,0.6188497902485594
2025-07-07,패션의류_앵커,25.10829,1.0
2025-07-07,패션잡화,18.71098,0.7452112429799082
2025-07-08,남성의류,6.68409,0.26655040801522717
2025-07-08,스포츠_레저,18.04002,0.7194060360651723
2025-07-08,여성의류,15.71269,0.6265959809812225
2025-07-08,패션의류_앵커,25.07627,1.0
2025-07-08,패션잡화,18.37482,0.7327573040169052
2025-07-09,남성의류,6.55652,0.2612664200054592
2025-07-09,스포츠_레저,17.60072,0.7013594260245505
2025-07-09,여성의류,15.95351,0.6357208464583793
2025-07-09,패션의류_앵커,25.09515,1.0
2025-07-09,패션잡화,18.78467,0.7485378648862429
2025-07-10,남성의류,6.00861,0.2532223785736953
2025-07-10,스포츠_레저,16.41789,0.6919033115747711
2025-07-10,여성의류,15.33933,0.6464492833328909
2025-07-10,패션의류_앵커,23.72859,1.0
2025-07-10,패션잡화,18.50458,0.779843218665753
2025-07-11,남성의류,5.31239,0.24468397230373404
2025-07-11,스포츠_레저,15.1162,0.6962387667580325
2025-07-11,여성의류,14.24138,0.6559453333597405
2025-07-11,패션의류_앵커,21.71123,1.0
2025-07-11,패션잡화,17.36221,0.799687995567271
2025-07-12,남성의류,5.87775,0.2454026791697371
2025-07-12,스포츠_레저,15.40359,0.6431172225481129
2025-07-12,여성의류,15.78979,0.6592415072991406
2025-07-12,패션의류_앵커,23.95145,1.0
2025-07-12,패션잡화,18.56943,0.7752946063808245
2025-07-13,남성의류,6.84954,0.25763022201694
2025-07-13,스포츠_레저,17.62713,0.6630053135570366
2025-07-13,여성의류,17.13038,0.644321166477537
2025-07-13,패션의류_앵커,26.58671,1.0
2025-07-13,패션잡화,20.47741,0.770212260185634
2025-07-14,남성의류,6.05309,0.2687795423311494
2025-07-14,스포츠_레저,17.40598,0.7728897700554824
2025-07-14,여성의류,14.2262,0.6316957991887445
2025-07-14,패션의류_앵커,22.52065,1.0
2025-07-14,패션잡화,18.33995,0.8143614860139473
2025-07-15,남성의류,5.71573,0.26137558830577085
2025-07-15,스포츠_레저,16.48748,0.7539587742387466
2025-07-15,여성의류,14.02522,0.6413616683464515
2025-07-15,패션의류_앵커,21.86788,1.0
2025-07-15,패션잡화,17.77323,0.8127550544451497
2025-07-16,남성의류,5.63489,0.2570129179449147
2025-07-16,스포츠_레저,16.24223,0.7408242088545529
2025-07-16,여성의류,14.0926,0.6427774539397405
2025-07-16,패션의류_앵커,21.92454,1.0
2025-07-16,패션잡화,17.93941,0.8182342708216455
2025-07-17,남성의류,5.1425,0.256479313328695
2025-07-17,스포츠_레저,14.62782,0.7295543469315996
2025-07-17,여성의류,12.92576,0.6446650557222193
2025-07-17,패션의류_앵커,20.05035,1.0
2025-07-17,패션잡화,17.41979,0.868802290234335
2025-07-18,남성의류,4.62429,0.2529286801166987
2025-07-18,스포츠_레저,13.24334,0.7243534697297705
2025-07-18,여성의류,11.90548,0.6511783090065187
2025-07-18,패션의류_앵커,18.28298,1.0
2025-07-18,패션잡화,15.57301,0.8517763515575689
2025-07-19,남성의류,5.06538,0.24917444099829553
2025-07-19,스포츠_레저,13.45747,0.6619952628433271
2025-07-19,여성의류,13.27128,0.6528362680256683
2025-07-19,패션의류_앵커,20.32865,1.0
2025-07-19,패션잡화,16.76779,0.8248353924141545
2025-07-20,남성의류,6.06047,0.2674083215781338
2025-07-20,스포츠_레저,15.55275,0.686239643695014
2025-07-20,여성의류,14.29394,0.6306967123240526
2025-07-20,패션의류_앵커,22.66373,1.0
2025-07-20,패션잡화,18.52835,0.817533124512161
2025-07-21,남성의류,5.36544,0.2687657226324759
2025-07-21,스포츠_레저,15.90409,0.7966679790775656
2025-07-21,여성의류,12.51619,0.6269612277754235
2025-07-21,패션의류_앵커,19.96326,1.0
2025-07-21,패션잡화,16.81218,0.842156040646668
2025-07-22,남성의류,5.3552,0.26387795940028275
2025-07-22,스포츠_레저,15.79722,0.7784094296753313
2025-07-22,여성의류,12.80247,0.6308428553337574
2025-07-22,패션의류_앵커,20.29423,1.0
2025-07-22,패션잡화,16.48006,0.8120564318035226
2025-07-23,남성의류,5.21155,0.26278449558618056
2025-07-23,스포츠_레저,15.78279,0.7958232213242921
2025-07-23,여성의류,12.57995,0.6343248774835456
2025-07-23,패션의류_앵커,19.83203,1.0
2025-07-23,패션잡화,16.24643,0.8192015643380935
2025-07-24,남성의류,4.92648,0.25754134191790534
2025-07-24,스포츠_레저,14.70105,0.7685260357501141
2025-07-24,여성의류,12.24775,0.6402749976606066
2025-07-24,패션의류_앵커,19.12889,1.0
2025-07-24,패션잡화,15.60723,0.8158983610653834
2025-07-25,남성의류,4.44395,0.25426124091638064
2025-07-25,스포츠_레저,13.51818,0.7734446206035168
2025-07-25,여성의류,11.28701,0.6457879068926513
2025-07-25,패션의류_앵커,17.47789,1.0
2025-07-25,패션잡화,14.54518,0.832204573893073
2025-07-26,남성의류,4.90931,0.2590577415855084
2025-07-26,스포츠_레저,13.72728,0.724370258735325
2025-07-26,여성의류,12.15085,0.6411841499812143
2025-07-26,패션의류_앵커,18.95064,1.0
2025-07-26,패션잡화,16.00455,0.8445387596408352
2025-07-27,남성의류,5.84124,0.2700393461812106
2025-07-27,스포츠_레저,16.14603,0.7464277079219844
2025-07-27,여성의류,13.58349,0.6279620009551076
2025-07-27,패션의류_앵커,21.63107,1.0
2025-07-27,패션잡화,17.74899,0.8205322251742516
2025-07-28,남성의류,5.23277,0.27404908695169444
2025-07-28,스포츠_레저,16.27801,0.852507138263396
2025-07-28,여성의류,11.88929,0.6226623889457995
2025-07-28,패션의류_앵커,19.09428,1.0
2025-07-28,패션잡화,16.51015,0.8646647058700301
2025-07-29,남성의류,5.09113,0.26728108421685387
2025-07-29,스포츠_레저,15.69358,0.8239029601766079
2025-07-29,여성의류,11.95973,0.6278782119766798
2025-07-29,패션의류_앵커,19.04785,1.0
2025-07-29,패션잡화,16.22283,0.8516882482799895
2025-07-30,남성의류,4.93645,0.262494051084896
2025-07-30,스포츠_레저,14.78715,0.7863016757994146
2025-07-30,여성의류,11.96303,0.6361300545837887
2025-07-30,패션의류_앵커,18.80595,1.0
2025-07-30,패션잡화,15.61728,0.83044355642762
2025-07-31,남성의류,4.58838,0.2581478916386251
2025-07-31,스포츠_레저,13.88793,0.7813519910567154
2025-07-31,여성의류,11.36631,0.63948255423723
2025-07-31,패션의류_앵커,17.77423,1.0
2025-07-31,패션잡화,14.77948,0.8315116885513465
2025-08-01,남성의류,3.43874,0.2582569231081194
2025-08-01,스포츠_레저,10.91923,0.8200581441196109
2025-08-01,여성의류,8.42907,0.6330416614408055
2025-08-01,패션의류_앵커,13.31519,1.0
2025-08-01,패션잡화,12.3952,0.9309067313346637
2025-08-02,남성의류,3.82375,0.2606456582346646
2025-08-02,스포츠_레저,11.46405,0.781446187194536
2025-08-02,여성의류,9.31778,0.6351458388717341
2025-08-02,패션의류_앵커,14.6703,1.0
2025-08-02,패션잡화,13.63205,0.9292277594868544
2025-08-03,남성의류,4.31755,0.27078735332652215
2025-08-03,스포츠_레저,12.94229,0.8117123032933757
2025-08-03,여성의류,9.9032,0.6211071828845559
2025-08-03,패션의류_앵커,15.94443,1.0
2025-08-03,패션잡화,14.81157,0.9289494826720052
2025-08-04,남성의류,3.89227,0.2767629794753103
2025-08-04,스포츠_레저,13.01459,0.9254128580621537
2025-08-04,여성의류,8.61329,0.6124548922569337
2025-08-04,패션의류_앵커,14.06355,1.0
2025-08-04,패션잡화,13.4558,0.9567854489087038
2025-08-05,남성의류,3.96596,0.2749346624980069
2025-08-05,스포츠_레저,12.93324,0.896578879869117
2025-08-05,여성의류,8.89093,0.6163513597826012
2025-08-05,패션의류_앵커,14.4251,1.0
2025-08-05,패션잡화,13.55601,0.9397515441834026
2025-08-06,남성의류,3.87051,0.26955533408966026
2025-08-06,스포츠_레저,12.73836,0.887142233337303
2025-08-06,여성의류,8.93392,0.6221882362609314
2025-08-06,패션의류_앵커,14.35887,1.0
2025-08-06,패션잡화,13.47679,0.9385689820995663
2025-08-07,남성의류,3.63368,0.2683645381973089
2025-08-07,스포츠_레저,12.0139,0.8872836148061054
2025-08-07,여성의류,8.40212,0.6205364956953757
2025-08-07,패션의류_앵커,13.54009,1.0
2025-08-07,패션잡화,13.05918,0.9644825108252604
2025-08-08,남성의류,3.35387,0.268943877240083
2025-08-08,스포츠_레저,11.1694,0.8956643347671147
2025-08-08,여성의류,7.79973,0.6254534694623801
2025-08-08,패션의류_앵커,12.47052,1.0
2025-08-08,패션잡화,12.45439,0.998706549526403
2025-08-09,남성의류,3.69721,0.26786194265312435
2025-08-09,스포츠_레저,11.67577,0.845906625312349
2025-08-09,여성의류,8.70637,0.6307743356901236
2025-08-09,패션의류_앵커,13.80267,1.0
2025-08-09,패션잡화,13.59553,0.9849927586474211
2025-08-10,남성의류,4.25198,0.2805017389606345
2025-08-10,스포츠_레저,13.34513,0.8803738897303687
2025-08-10,여성의류,9.32603,0.6152351686976529
2025-08-10,패션의류_앵커,15.15848,1.0
2025-08-10,패션잡화,14.82964,0.9783065320533456
2025-08-11,남성의류,3.75315,0.2813491626205132
2025-08-11,스포츠_레저,13.16144,0.9866272658647075
2025-08-11,여성의류,8.1783,0.6130737798007921
2025-08-11,패션의류_앵커,13.33983,1.0
2025-08-11,패션잡화,13.38598,1.0034595643272817
2025-08-12,남성의류,3.5993,0.27503895232571557
2025-08-12,스포츠_레저,12.44668,0.951107667361275
2025-08-12,여성의류,8.164,0.6238485279879815
2025-08-12,패션의류_앵커,13.08651,1.0
2025-08-12,패션잡화,13.07909,0.9994330039101335
2025-08-13,남성의류,3.33407,0.2739331088125898
2025-08-13,스포츠_레저,11.13353,0.9147505856080506
2025-08-13,여성의류,7.57682,0.6225249792336114
2025-08-13,패션의류_앵커,12.17111,1.0
2025-08-13,패션잡화,12.54043,1.0303439867029383
2025-08-14,남성의류,3.00605,0.2690796304916037
2025-08-14,스포츠_레저,10.00629,0.895689963836872
2025-08-14,여성의류,7.04968,0.6310358408822372
2025-08-14,패션의류_앵커,11.1716,1.0
2025-08-14,패션잡화,11.51039,1.0303260052275411
2025-08-15,남성의류,3.41557,0.2671528062397732
2025-08-15,스포츠_레저,10.42837,0.8156671682930414
2025-08-15,여성의류,8.1288,0.6358036085812525
2025-08-15,패션의류_앵커,12.78508,1.0
2025-08-15,패션잡화,12.65575,0.989884302640265
2025-08-16,남성의류,3.62627,0.2741332297157648
2025-08-16,스포츠_레저,11.12076,0.8406902562947295
2025-08-16,여성의류,8.30879,0.6281152362427644
2025-08-16,패션의류_앵커,13.22813,1.0
2025-08-16,패션잡화,13.25383,1.0019428294097503
2025-08-17,남성의류,4.107,0.2846015785790017
2025-08-17,스포츠_레저,12.72693,0.8819343482991123
2025-08-17,여성의류,8.85167,0.6133915887656177
2025-08-17,패션의류_앵커,14.4307,1.0
2025-08-17,패션잡화,14.19016,0.9833313699266149
2025-08-18,남성의류,3.57458,0.2825444476851951
2025-08-18,스포츠_레저,12.68789,1.0028850584797402
2025-08-18,여성의류,7.78197,0.6151079051392773
2025-08-18,패션의류_앵커,12.65139,1.0
2025-08-18,패션잡화,12.79083,1.0110217138195883
2025-08-19,남성의류,3.57238,0.2782272918793843
2025-08-19,스포츠_레저,12.29029,0.9572033498990248
2025-08-19,여성의류,7.94936,0.6191191600485678
2025-08-19,패션의류_앵커,12.83979,1.0
2025-08-19,패션잡화,12.61268,0.9823120160064922
2025-08-20,남성의류,3.50124,0.27364939326060483
2025-08-20,스포츠_레저,12.006,0.938363155763907
2025-08-20,여성의류,7.9936,0.624762595528433
2025-08-20,패션의류_앵커,12.79462,1.0
2025-08-20,패션잡화,12.51195,0.9779071203365165
2025-08-21,남성의류,3.40194,0.2714697930664658
2025-08-21,스포츠_레저,11.63967,0.9288284938188063
2025-08-21,여성의류,7.88328,0.6290741136777863
2025-08-21,패션의류_앵커,12.53156,1.0
2025-08-21,패션잡화,12.17267,0.9713611074758449
2025-08-22,남성의류,3.14149,0.2654790003456351
2025-08-22,스포츠_레저,10.8157,0.9140061639662342
2025-08-22,여성의류,7.53254,0.636555007102843
2025-08-22,패션의류_앵커,11.83329,1.0
2025-08-22,패션잡화,11.60748,0.9809173949087702
2025-08-23,남성의류,3.51407,0.27112227262907757
2025-08-23,스포츠_레저,10.96144,0.8457118168070857
2025-08-23,여성의류,8.23822,0.6356062710242879
2025-08-23,패션의류_앵커,12.9612,1.0
2025-08-23,패션잡화,12.60997,0.972901428880042
2025-08-24,남성의류,4.10081,0.28117725547038863
2025-08-24,스포츠_레저,12.64655,0.8671267920652367
2025-08-24,여성의류,9.06005,0.6212138561465893
2025-08-24,패션의류_앵커,14.58443,1.0
2025-08-24,패션잡화,13.81533,0.9472656799065853
2025-08-25,남성의류,3.60229,0.2871309225948743
2025-08-25,스포츠_레저,12.50954,0.9971089949552878
2025-08-25,여성의류,7.65002,0.6097669261689759
2025-08-25,패션의류_앵커,12.54581,1.0
2025-08-25,패션잡화,12.41337,0.9894434875069845
2025-08-26,남성의류,3.5371,0.2817315366320294
2025-08-26,스포츠_레저,12.07284,0.9616068996388649
2025-08-26,여성의류,7.76107,0.6181725642500195
2025-08-26,패션의류_앵커,12.55486,1.0
2025-08-26,패션잡화,12.22218,0.9735018948837343
2025-08-27,남성의류,3.51059,0.27515738551927815
2025-08-27,스포츠_레저,11.84213,0.9281771809808064
2025-08-27,여성의류,7.98704,0.6260181463622626
2025-08-27,패션의류_앵커,12.75848,1.0
2025-08-27,패션잡화,12.24505,0.9597577454367605
2025-08-28,남성의류,3.42606,0.27544395062998867
2025-08-28,스포츠_레저,11.43557,0.919382199525338
2025-08-28,여성의류,7.80899,0.6278171007017025
2025-08-28,패션의류_앵커,12.43832,1.0
2025-08-28,패션잡화,11.90336,0.9569909762733231
2025-08-29,남성의류,3.10063,0.27442482066441565
2025-08-29,스포츠_레저,10.40549,0.9209498479906891
2025-08-29,여성의류,7.12404,0.6305213454704766
2025-08-29,패션의류_앵커,11.29865,1.0
2025-08-29,패션잡화,11.1522,0.9870382744841198
2025-08-30,남성의류,3.45725,0.27649970448581734
2025-08-30,스포츠_레저,10.67266,0.8535649247458539
2025-08-30,여성의류,7.90687,0.6323659609249473
2025-08-30,패션의류_앵커,12.50363,1.0
2025-08-30,패션잡화,12.20341,0.975989372686172
2025-08-31,남성의류,4.09429,0.2881581984842854
2025-08-31,스포츠_레저,12.40838,0.8733080526558787
2025-08-31,여성의류,8.76105,0.6166071247592986
2025-08-31,패션의류_앵커,14.20848,1.0
2025-08-31,패션잡화,13.57773,0.955607496368366
2025-09-01,남성의류,3.74469,0.29483264008465426
2025-09-01,스포츠_레저,12.34545,0.9720007841858993
2025-09-01,여성의류,7.70956,0.6070008274893375
2025-09-01,패션의류_앵커,12.70107,1.0
2025-09-01,패션잡화,12.30964,0.9691813366905309
2025-09-02,남성의류,3.82884,0.28578807357801617
2025-09-02,스포츠_레저,12.46073,0.9300801344730502
2025-09-02,여성의류,8.30839,0.6201457288982704
2025-09-02,패션의류_앵커,13.39748,1.0
2025-09-02,패션잡화,12.66946,0.9456599300764025
2025-09-03,남성의류,3.7803,0.2836468082136997
2025-09-03,스포츠_레저,12.06206,0.9050511386615185
2025-09-03,여성의류,8.31618,0.623986962286222
2025-09-03,패션의류_앵커,13.32749,1.0
2025-09-03,패션잡화,12.60377,0.9456972017986884
2025-09-04,남성의류,3.63045,0.284593857297399
2025-09-04,스포츠_레저,11.55278,0.9056315946255271
2025-09-04,여성의류,7.98767,0.6261597917940517
2025-09-04,패션의류_앵커,12.7566,1.0
2025-09-04,패션잡화,12.2435,0.9597776837088251
2025-09-05,남성의류,3.46423,0.2822933015204038
2025-09-05,스포츠_레저,10.77635,0.8781436047373886
2025-09-05,여성의류,7.74895,0.6314467223066982
2025-09-05,패션의류_앵커,12.27174,1.0
2025-09-05,패션잡화,11.86912,0.9671912866472074
2025-09-06,남성의류,4.02941,0.28763871855677026
2025-09-06,스포츠_레저,11.21645,0.8006842949106905
2025-09-06,여성의류,8.80873,0.628809629527047
2025-09-06,패션의류_앵커,14.00858,1.0
2025-09-06,패션잡화,13.12523,0.9369422168413929
2025-09-07,남성의류,4.77967,0.29798478551718893
2025-09-07,스포츠_레저,12.92603,0.8058632242683595
2025-09-07,여성의류,9.89151,0.6166784497237527
2025-09-07,패션의류_앵커,16.03998,1.0
2025-09-07,패션잡화,14.54028,0.9065023771850089
2025-09-08,남성의류,4.28124,0.2998800126921776
2025-09-08,스포츠_레저,12.87528,0.9018506623817726
2025-09-08,여성의류,8.80375,0.6166598139181075
2025-09-08,패션의류_앵커,14.27651,1.0
2025-09-08,패션잡화,13.07011,0.9154975550747346
2025-09-09,남성의류,4.44424,0.29526969476715215
2025-09-09,스포츠_레저,12.67838,0.8423355608027394
2025-09-09,여성의류,9.45954,0.6284798949736438
2025-09-09,패션의류_앵커,15.05146,1.0
2025-09-09,패션잡화,12.92655,0.8588236622892397
2025-09-10,남성의류,4.07072,0.2992344774761132
2025-09-10,스포츠_레저,11.50101,0.845427520880226
2025-09-10,여성의류,8.49855,0.6247197470114924
2025-09-10,패션의류_앵커,13.60378,1.0
2025-09-10,패션잡화,11.97172,0.880028933134761
2025-09-11,남성의류,3.78948,0.3025779344904735
2025-09-11,스포츠_레저,10.61181,0.8473193026497966
2025-09-11,여성의류,7.77067,0.6204633031991428
2025-09-11,패션의류_앵커,12.52398,1.0
2025-09-11,패션잡화,11.15336,0.8905603490264277
2025-09-12,남성의류,3.64228,0.3038930699017137
2025-09-12,스포츠_레저,9.85933,0.8226116775410082
2025-09-12,여성의류,7.47376,0.6235720126153487
2025-09-12,패션의류_앵커,11.9854,1.0
2025-09-12,패션잡화,10.66837,0.8901138051295743
2025-09-13,남성의류,4.23684,0.30930151575876635
2025-09-13,스포츠_레저,10.19319,0.7441322111330849
2025-09-13,여성의류,8.53006,0.62271893380756
2025-09-13,패션의류_앵커,13.69809,1.0
2025-09-13,패션잡화,11.75186,0.8579196077701344
2025-09-14,남성의류,4.84773,0.3142143232154316
2025-09-14,스포츠_레저,11.59475,0.7515345376293905
2025-09-14,여성의류,9.47255,0.6139803345842975
2025-09-14,패션의류_앵커,15.4281,1.0
2025-09-14,패션잡화,12.97075,0.8407224480007259
2025-09-15,남성의류,4.36066,0.31164845657307194
2025-09-15,스포츠_레저,12.10542,0.8651523987581689
2025-09-15,여성의류,8.58487,0.613545079272511
2025-09-15,패션의류_앵커,13.99224,1.0
2025-09-15,패션잡화,12.10443,0.8650816452547984
2025-09-16,남성의류,4.36688,0.3034043079454233
2025-09-16,스포츠_레저,12.06649,0.8383617245677395
2025-09-16,여성의류,8.9452,0.6214991516674148
2025-09-16,패션의류_앵커,14.39294,1.0
2025-09-16,패션잡화,12.3288,0.8565866320571057
2025-09-17,남성의류,4.40574,0.29755907463527276
2025-09-17,스포츠_레저,11.85229,0.8004912783570745
2025-09-17,여성의류,9.28843,0.6273308537531735
2025-09-17,패션의류_앵커,14.80627,1.0
2025-09-17,패션잡화,12.53203,0.8464002074796692
2025-09-18,남성의류,4.31811,0.29836243410006424
2025-09-18,스포츠_레저,10.95888,0.7572104721302867
2025-09-18,여성의류,9.14405,0.6318136906036883
2025-09-18,패션의류_앵커,14.4727,1.0
2025-09-18,패션잡화,11.6388,0.8041899576443926
2025-09-19,남성의류,4.43432,0.30577046666280516
2025-09-19,스포츠_레저,10.42262,0.7186963009546191
2025-09-19,여성의류,9.13067,0.629609326084738
2025-09-19,패션의류_앵커,14.50212,1.0
2025-09-19,패션잡화,11.25976,0.776421654213315
2025-09-20,남성의류,5.07589,0.3111340087384211
2025-09-20,스포츠_레저,10.6101,0.6503614038356862
2025-09-20,여성의류,10.25897,0.628838383343059
2025-09-20,패션의류_앵커,16.31416,1.0
2025-09-20,패션잡화,12.23614,0.7500318741510442
2025-09-21,남성의류,5.99322,0.3199607497900551
2025-09-21,스포츠_레저,12.4296,0.6635805352699333
2025-09-21,여성의류,11.55884,0.6170931674631135
2025-09-21,패션의류_앵커,18.73111,1.0
2025-09-21,패션잡화,13.61439,0.7268330600802622
2025-09-22,남성의류,5.35227,0.3270671040377795
2025-09-22,스포츠_레저,12.29221,0.7511537211172519
2025-09-22,여성의류,9.95809,0.6085200593481965
2025-09-22,패션의류_앵커,16.36444,1.0
2025-09-22,패션잡화,12.04004,0.7357440890125174
2025-09-23,남성의류,5.09431,0.3189820995183626
2025-09-23,스포츠_레저,11.76653,0.7367656156468292
2025-09-23,여성의류,9.84976,0.6167463551593811
2025-09-23,패션의류_앵커,15.97052,1.0
2025-09-23,패션잡화,11.72473,0.7341482932302767
2025-09-24,남성의류,5.03084,0.31741957628091805
2025-09-24,스포츠_레저,11.53068,0.7275253356956006
2025-09-24,여성의류,9.80239,0.6184793156491377
2025-09-24,패션의류_앵커,15.84918,1.0
2025-09-24,패션잡화,11.81592,0.7455224812892528
2025-09-25,남성의류,4.49775,0.31204449066554923
2025-09-25,스포츠_레저,10.56931,0.7332766284556269
2025-09-25,여성의류,8.96711,0.6221193424916799
2025-09-25,패션의류_앵커,14.41381,1.0
2025-09-25,패션잡화,11.00329,0.7633852534479086
2025-09-26,남성의류,4.0649,0.3089599839473668
2025-09-26,스포츠_레저,9.65509,0.7338523583385524
2025-09-26,여성의류,8.24594,0.6267473960075155
2025-09-26,패션의류_앵커,13.15672,1.0
2025-09-26,패션잡화,10.20969,0.7760057217908415
2025-09-27,남성의류,4.491,0.3128993106600357
2025-09-27,스포츠_레저,9.90841,0.6903439453878879
2025-09-27,여성의류,8.99753,0.6268806356363819
2025-09-27,패션의류_앵커,14.35286,1.0
2025-09-27,패션잡화,11.11726,0.7745675774723644
2025-09-28,남성의류,5.74644,0.3259431690753191
2025-09-28,스포츠_레저,12.1694,0.6902591520567845
2025-09-28,여성의류,10.77432,0.611128978190252
2025-09-28,패션의류_앵커,17.63019,1.0
2025-09-28,패션잡화,12.81531,0.7268957396375195
2025-09-29,남성의류,4.77978,0.3268869356837449
2025-09-29,스포츠_레저,11.34631,0.7759688745544422
2025-09-29,여성의류,8.92129,0.6101228823180224
2025-09-29,패션의류_앵커,14.62212,1.0
2025-09-29,패션잡화,11.04571,0.7554109800767603
2025-09-30,남성의류,4.58095,0.32550529902262076
2025-09-30,스포츠_레저,10.57885,0.7516938042470342
2025-09-30,여성의류,8.61699,0.6122913165664181
2025-09-30,패션의류_앵커,14.07335,1.0
2025-09-30,패션잡화,10.44827,0.7424152742595047
2025-10-01,남성의류,4.31142,0.3288968496566792
2025-10-01,스포츠_레저,9.72507,0.7418773595916615
2025-10-01,여성의류,7.98083,0.6088179404107035
2025-10-01,패션의류_앵커,13.10873,1.0
2025-10-01,패션잡화,9.96373,0.760083547376443
2025-10-02,남성의류,3.68987,0.3279566690871729
2025-10-02,스포츠_레저,8.44587,0.7506712682948941
2025-10-02,여성의류,6.87987,0.61148475392162
2025-10-02,패션의류_앵커,11.25109,1.0
2025-10-02,패션잡화,8.82408,0.7842866780018648
2025-10-03,남성의류,4.69483,0.3369273552577282
2025-10-03,스포츠_레저,9.43873,0.67737624917021
2025-10-03,여성의류,8.43708,0.6054922224016362
2025-10-03,패션의류_앵커,13.93425,1.0
2025-10-03,패션잡화,10.26996,0.7370299800850422
2025-10-04,남성의류,4.58755,0.3423245880770112
2025-10-04,스포츠_레저,9.0615,0.6761723043585001
2025-10-04,여성의류,8.05325,0.6009363361557237
2025-10-04,패션의류_앵커,13.40117,1.0
2025-10-04,패션잡화,10.08116,0.7522596907583442
2025-10-05,남성의류,4.4387,0.3507847155322228
2025-10-05,스포츠_레저,8.89627,0.7030607027390559
2025-10-05,여성의류,7.45498,0.5891574196495393
2025-10-05,패션의류_앵커,12.65363,1.0
2025-10-05,패션잡화,9.80568,0.7749301978957818
2025-10-06,남성의류,4.55896,0.34901075749549093
2025-10-06,스포츠_레저,9.09423,0.6962079292510174
2025-10-06,여성의류,7.69543,0.5891229257448027
2025-10-06,패션의류_앵커,13.06252,1.0
2025-10-06,패션잡화,10.23971,0.7839000437894067
2025-10-07,남성의류,5.41953,0.344874698447102
2025-10-07,스포츠_레저,9.96935,0.6344049345540327
2025-10-07,여성의류,9.33129,0.5938016442149888
2025-10-07,패션의류_앵커,15.71449,1.0
2025-10-07,패션잡화,11.49662,0.7315935801925484
2025-10-08,남성의류,5.63186,0.33884307962589155
2025-10-08,스포츠_레저,10.64038,0.640182662138218
2025-10-08,여성의류,9.98183,0.600560741478324
2025-10-08,패션의류_앵커,16.62085,1.0
2025-10-08,패션잡화,12.53552,0.7542045081930225
2025-10-09,남성의류,6.27969,0.33378336071590503
2025-10-09,스포츠_레저,12.2775,0.6525839987626019
2025-10-09,여성의류,11.35271,0.6034287834324723
2025-10-09,패션의류_앵커,18.81367,1.0
2025-10-09,패션잡화,13.53512,0.7194300739834386
2025-10-10,남성의류,5.75765,0.33358594242019207
2025-10-10,스포츠_레저,12.28084,0.7115256372151123
2025-10-10,여성의류,10.40284,0.6027183287012011
2025-10-10,패션의류_앵커,17.25987,1.0
2025-10-10,패션잡화,12.57113,0.7283444197436018
2025-10-11,남성의류,6.11248,0.3265791120117927
2025-10-11,스포츠_레저,12.14471,0.6488706069288961
2025-10-11,여성의류,11.45891,0.612229512803813
2025-10-11,패션의류_앵커,18.71669,1.0
2025-10-11,패션잡화,13.36379,0.7140039184278845
2025-10-12,남성의류,6.96021,0.33108100394431156
2025-10-12,스포츠_레저,13.67127,0.6503105217793355
2025-10-12,여성의류,12.72,0.6050608200286548
2025-10-12,패션의류_앵커,21.02268,1.0
2025-10-12,패션잡화,14.47328,0.6884602724295855
2025-10-13,남성의류,6.3196,0.3409115429597311
2025-10-13,스포츠_레저,13.57347,0.7322223876539055
2025-10-13,여성의류,11.01154,0.5940187815309192
2025-10-13,패션의류_앵커,18.53736,1.0
2025-10-13,패션잡화,12.99369,0.70094608941079
2025-10-14,남성의류,6.21781,0.3379191306223978
2025-10-14,스포츠_레저,12.5392,0.681467520348864
2025-10-14,여성의류,11.00622,0.598154702996529
2025-10-14,패션의류_앵커,18.40029,1.0
2025-10-14,패션잡화,12.36178,0.6718252810145927
2025-10-15,남성의류,5.71025,0.3313570770362771
2025-10-15,스포츠_레저,11.60233,0.673265470970677
2025-10-15,여성의류,10.40792,0.6039556848171987
2025-10-15,패션의류_앵커,17.23292,1.0
2025-10-15,패션잡화,11.78088,0.6836264544836278
2025-10-16,남성의류,5.36919,0.32864389153482715
2025-10-16,스포츠_레저,10.96776,0.6713279522274339
2025-10-16,여성의류,9.92887,0.607738313478085
2025-10-16,패션의류_앵커,16.33741,1.0
2025-10-16,패션잡화,11.15506,0.682792437724217
2025-10-17,남성의류,4.91119,0.3253941383616963
2025-10-17,스포츠_레저,9.98544,0.6615919247600718
2025-10-17,여성의류,9.27143,0.6142847204508035
2025-10-17,패션의류_앵커,15.09305,1.0
2025-10-17,패션잡화,10.47274,0.6938783082279593
2025-10-18,남성의류,6.04959,0.3297298593620467
2025-10-18,스포츠_레저,10.60776,0.5781706219671654
2025-10-18,여성의류,11.24865,0.613102008981251
2025-10-18,패션의류_앵커,18.34711,1.0
2025-10-18,패션잡화,11.59741,0.6321109973178337
2025-10-19,남성의류,7.60268,0.34862317169187257
2025-10-19,스포츠_레저,12.47011,0.5718206342429955
2025-10-19,여성의류,12.92254,0.5925669475915192
2025-10-19,패션의류_앵커,21.80773,1.0
2025-10-19,패션잡화,12.75013,0.584661035330133
2025-10-20,남성의류,8.0677,0.36605656482976695
2025-10-20,스포츠_레저,13.46985,0.6111688609854402
2025-10-20,여성의류,12.67702,0.5751957055267612
2025-10-20,패션의류_앵커,22.03949,1.0
2025-10-20,패션잡화,11.90993,0.540390453681097
2025-10-21,남성의류,8.13074,0.3651950898531717
2025-10-21,스포츠_레저,13.08187,0.5875768614046829
2025-10-21,여성의류,12.81381,0.5755368508046587
2025-10-21,패션의류_앵커,22.2641,1.0
2025-10-21,패션잡화,11.63447,0.5225663736688212
2025-10-22,남성의류,7.54037,0.3575490598201436
2025-10-22,스포츠_레저,12.17956,0.5775300452130371
2025-10-22,여성의류,12.28662,0.5826066133846711
2025-10-22,패션의류_앵커,21.08905,1.0
2025-10-22,패션잡화,11.35378,0.5383732316059756
2025-10-23,남성의류,6.69756,0.350019676181786
2025-10-23,스포츠_레저,11.16627,0.5835579240138784
2025-10-23,여성의류,11.28117,0.5895626870609114
2025-10-23,패션의류_앵커,19.13481,1.0
2025-10-23,패션잡화,10.73787,0.561169408005619
2025-10-24,남성의류,6.01473,0.3440303057688722
2025-10-24,스포츠_레저,10.09311,0.5773053353116202
2025-10-24,여성의류,10.44175,0.5972468332347622
2025-10-24,패션의류_앵커,17.48314,1.0
2025-10-24,패션잡화,10.13197,0.579528048165261
2025-10-25,남성의류,6.71134,0.3481910133811469
2025-10-25,스포츠_레저,10.30174,0.5344645466015872
2025-10-25,여성의류,11.51188,0.5972478168476276
2025-10-25,패션의류_앵커,19.27488,1.0
2025-10-25,패션잡화,10.83448,0.5621036291795332
2025-10-26,남성의류,8.68998,0.35758129643886893
2025-10-26,스포츠_레저,12.91966,0.5316270891704465
2025-10-26,여성의류,14.25506,0.5865770503055084
2025-10-26,패션의류_앵커,24.30211,1.0
2025-10-26,패션잡화,12.65919,0.5209090897868539
2025-10-27,남성의류,8.43952,0.3714060896459823
2025-10-27,스포츠_레저,13.26683,0.5838461728034305
2025-10-27,여성의류,12.97442,0.5709778041434378
2025-10-27,패션의류_앵커,22.72316,1.0
2025-10-27,패션잡화,11.42083,0.5026074718481056
2025-10-28,남성의류,8.15178,0.36416651328850524
2025-10-28,스포츠_레저,12.64915,0.565078651725549
2025-10-28,여성의류,12.93194,0.5777118003498809
2025-10-28,패션의류_앵커,22.38476,1.0
2025-10-28,패션잡화,11.27929,0.5038825522364323
2025-10-29,남성의류,7.32637,0.35366131519064214
2025-10-29,스포츠_레저,11.52031,0.5561127797263729
2025-10-29,여성의류,12.16548,0.5872566710015265
2025-10-29,패션의류_앵커,20.71578,1.0
2025-10-29,패션잡화,10.68751,0.5159115418294653
2025-10-30,남성의류,6.45825,0.3439016792380993
2025-10-30,스포츠_레저,10.31231,0.5491302947120108
2025-10-30,여성의류,11.24789,0.5989499104069097
2025-10-30,패션의류_앵커,18.77935,1.0
2025-10-30,패션잡화,10.0148,0.5332878933509413
2025-10-31,남성의류,5.60233,0.33709539803434774
2025-10-31,스포츠_레저,9.15546,0.5508892608767333
2025-10-31,여성의류,10.07072,0.6059609781809473
2025-10-31,패션의류_앵커,16.61942,1.0
2025-10-31,패션잡화,9.25312,0.5567655188929577
2025-11-01,남성의류,6.8432,0.3464499160859341
2025-11-01,스포츠_레저,10.09097,0.5108744022863103
2025-11-01,여성의류,11.83664,0.599252240872605
2025-11-01,패션의류_앵커,19.75235,1.0
2025-11-01,패션잡화,10.58746,0.5360101456282417
2025-11-02,남성의류,8.92178,0.3589916921270561
2025-11-02,스포츠_레저,12.53299,0.504298389728448
2025-11-02,여성의류,14.55118,0.5855056648612023
2025-11-02,패션의류_앵커,24.85233,1.0
2025-11-02,패션잡화,12.47846,0.5021042292614013
2025-11-03,남성의류,7.79351,0.36392983006667795
2025-11-03,스포츠_레저,12.21785,0.5705311309384554
2025-11-03,여성의류,12.39824,0.57895471697937
2025-11-03,패션의류_앵커,21.41487,1.0
2025-11-03,패션잡화,11.2075,0.5233512974862794
2025-11-04,남성의류,7.13348,0.35067879531528984
2025-11-04,스포츠_레저,11.49553,0.5651152890189324
2025-11-04,여성의류,12.02727,0.5912553977205692
2025-11-04,패션의류_앵커,20.34192,1.0
2025-11-04,패션잡화,10.93188,0.5374064985016164
2025-11-05,남성의류,6.72514,0.34094240094498646
2025-11-05,스포츠_레저,10.91331,0.553268796435008
2025-11-05,여성의류,11.86018,0.6012719801877299
2025-11-05,패션의류_앵커,19.72515,1.0
2025-11-05,패션잡화,10.83533,0.5493154678164679
2025-11-06,남성의류,6.21594,0.3316445052441527
2025-11-06,스포츠_레저,10.3738,0.5534824609796412
2025-11-06,여성의류,11.45223,0.611020883774979
2025-11-06,패션의류_앵커,18.74278,1.0
2025-11-06,패션잡화,10.53205,0.5619257121942423
2025-11-07,남성의류,5.56183,0.32705796429890316
2025-11-07,스포츠_레저,9.41483,0.553629854565897
2025-11-07,여성의류,10.48696,0.6166754088643532
2025-11-07,패션의류_앵커,17.00564,1.0
2025-11-07,패션잡화,9.98748,0.5873039767982857
2025-11-08,남성의류,6.44638,0.33154916292114317
2025-11-08,스포츠_레저,9.99394,0.5140066892246702
2025-11-08,여성의류,11.95673,0.6149565838151211
2025-11-08,패션의류_앵커,19.44321,1.0
2025-11-08,패션잡화,10.93663,0.5624909672836943
2025-11-09,남성의류,7.5225,0.34081904400314794
2025-11-09,스포츠_레저,11.59438,0.5253021611710492
2025-11-09,여성의류,13.32141,0.6035480519739415
2025-11-09,패션의류_앵커,22.07183,1.0
2025-11-09,패션잡화,12.22969,0.5540859095054647
2025-11-10,남성의류,6.6289,0.343136696665483
2025-11-10,스포츠_레저,11.35124,0.5875827055253658
2025-11-10,여성의류,11.60701,0.6008223188708879
2025-11-10,패션의류_앵커,19.31854,1.0
2025-11-10,패션잡화,11.16418,0.5778997791758591
2025-11-11,남성의류,6.64539,0.33683581472228263
2025-11-11,스포츠_레저,11.17268,0.5663111977523294
2025-11-11,여성의류,11.97472,0.606964311691445
2025-11-11,패션의류_앵커,19.72887,1.0
2025-11-11,패션잡화,11.21322,0.5683660544167
2025-11-12,남성의류,6.4752,0.33174697427926036
2025-11-12,스포츠_레저,10.69235,0.5478062083696024
2025-11-12,여성의류,11.96446,0.6129808197252964
2025-11-12,패션의류_앵커,19.51849,1.0
2025-11-12,패션잡화,11.03293,0.5652553040732147
2025-11-13,남성의류,6.06357,0.3287786881645918
2025-11-13,스포츠_레저,10.07252,0.5461518399410933
2025-11-13,여성의류,11.35595,0.6157419381424963
2025-11-13,패션의류_앵커,18.44271,1.0
2025-11-13,패션잡화,10.41866,0.5649202313542857
2025-11-14,남성의류,5.55073,0.32246732325160005
2025-11-14,스포츠_레저,9.31161,0.5409540640353308
2025-11-14,여성의류,10.72118,0.622842439949086
2025-11-14,패션의류_앵커,17.21331,1.0
2025-11-14,패션잡화,9.90945,0.5756853272264312
2025-11-15,남성의류,6.49065,0.3328077650786814
2025-11-15,스포츠_레저,9.74376,0.49961082311679916
2025-11-15,여성의류,12.01662,0.6161516097771077
2025-11-15,패션의류_앵커,19.5027,1.0
2025-11-15,패션잡화,10.80919,0.554240694878145
2025-11-16,남성의류,7.67125,0.33806249920125364
2025-11-16,스포츠_레저,11.3892,0.5019079570999405
2025-11-16,여성의류,13.81382,0.60875796157292
2025-11-16,패션의류_앵커,22.69181,1.0
2025-11-16,패션잡화,12.10744,0.5335599055341994
2025-11-17,남성의류,7.49612,0.3433141374828369
2025-11-17,스포츠_레저,12.01448,0.5502501078564369
2025-11-17,여성의류,13.11576,0.6006875332614596
2025-11-17,패션의류_앵커,21.83458,1.0
2025-11-17,패션잡화,11.52299,0.5277404007771159
2025-11-18,남성의류,7.6497,0.3429174679594938
2025-11-18,스포츠_레저,12.04192,0.5398100207551653
2025-11-18,여성의류,13.3935,0.6003980688282521
2025-11-18,패션의류_앵커,22.3077,1.0
2025-11-18,패션잡화,11.6996,0.5244646467363288
2025-11-19,남성의류,7.15974,0.336123983551861
2025-11-19,스포츠_레저,11.00051,0.516434289834838
2025-11-19,여성의류,12.94803,0.6078633334100124
2025-11-19,패션의류_앵커,21.30089,1.0
2025-11-19,패션잡화,11.17721,0.5247297178662488
2025-11-20,남성의류,6.42326,0.3309887314827984
2025-11-20,스포츠_레저,10.00724,0.5156701851153338
2025-11-20,여성의류,11.89993,0.613199953829379
2025-11-20,패션의류_앵커,19.40628,1.0
2025-11-20,패션잡화,10.45782,0.5388884422980602
2025-11-21,남성의류,5.7132,0.32225494985001824
2025-11-21,스포츠_레저,8.97175,0.5060545484696669
2025-11-21,여성의류,11.0458,0.6230420298700083
2025-11-21,패션의류_앵커,17.72882,1.0
2025-11-21,패션잡화,9.80579,0.5530988526027113
2025-11-22,남성의류,6.41526,0.32607475780463757
2025-11-22,스포츠_레저,9.25598,0.47046283965802926
2025-11-22,여성의류,12.24718,0.6224995171341148
2025-11-22,패션의류_앵커,19.6742,1.0
2025-11-22,패션잡화,10.61787,0.5396849681308516
2025-11-23,남성의류,7.63965,0.3332444931441837
2025-11-23,스포츠_레저,10.6988,0.4666858014766374
2025-11-23,여성의류,14.05582,0.6131203146251308
2025-11-23,패션의류_앵커,22.92506,1.0
2025-11-23,패션잡화,11.98714,0.5228836914712547
2025-11-24,남성의류,6.15992,0.32587376036752264
2025-11-24,스포츠_레저,10.21081,0.540175043035998
2025-11-24,여성의류,11.64888,0.6162522126375063
2025-11-24,패션의류_앵커,18.90278,1.0
2025-11-24,패션잡화,10.71044,0.5666066049544035
2025-11-25,남성의류,6.20131,0.32105272694797715
2025-11-25,스포츠_레저,10.13412,0.5246612185518921
2025-11-25,여성의류,11.98538,0.6205042051611266
2025-11-25,패션의류_앵커,19.31555,1.0
2025-11-25,패션잡화,10.85511,0.5619881390900078
2025-11-26,남성의류,6.00114,0.3182256140985347
2025-11-26,스포츠_레저,9.31108,0.4937435472127937
2025-11-26,여성의류,11.809,0.6262020677553924
2025-11-26,패션의류_앵커,18.85813,1.0
2025-11-26,패션잡화,10.52563,0.5581481302759075
2025-11-27,남성의류,5.92053,0.3154533810165215
2025-11-27,스포츠_레저,9.12706,0.48630138446062304
2025-11-27,여성의류,11.80519,0.6289955627355033
2025-11-27,패션의류_앵커,18.76832,1.0
2025-11-27,패션잡화,10.33517,0.550671024364461
2025-11-28,남성의류,5.38969,0.3144941109195251
2025-11-28,스포츠_레저,8.31553,0.4852199688988864
2025-11-28,여성의류,10.80126,0.630264942976429
2025-11-28,패션의류_앵커,17.13765,1.0
2025-11-28,패션잡화,9.66442,0.5639291268056005
2025-11-29,남성의류,6.23158,0.32125338506452567
2025-11-29,스포츠_레저,8.74506,0.4508295051323069
2025-11-29,여성의류,12.14651,0.6261826782645993
2025-11-29,패션의류_앵커,19.39771,1.0
2025-11-29,패션잡화,10.63736,0.5483822574932814
2025-11-30,남성의류,7.07953,0.3284352408429841
2025-11-30,스포츠_레저,9.93623,0.46096394720006606
2025-11-30,여성의류,13.30154,0.6170882097374524
2025-11-30,패션의류_앵커,21.55533,1.0
2025-11-30,패션잡화,11.80099,0.5474743369737323
2025-12-01,남성의류,6.15626,0.32566428794363006
2025-12-01,스포츠_레저,9.84103,0.5205875040336019
2025-12-01,여성의류,11.63251,0.6153562530086703
2025-12-01,패션의류_앵커,18.9037,1.0
2025-12-01,패션잡화,10.89143,0.5761533456413295
2025-12-02,남성의류,6.40994,0.3219497984655759
2025-12-02,스포츠_레저,10.30895,0.5177840003013598
2025-12-02,여성의류,12.31689,0.6186360953804041
2025-12-02,패션의류_앵커,19.90975,1.0
2025-12-02,패션잡화,11.43834,0.5745094740014315
2025-12-03,남성의류,6.87792,0.3236193086003373
2025-12-03,스포츠_레저,10.77041,0.5067684180016864
2025-12-03,여성의류,13.12202,0.6174161723078776
2025-12-03,패션의류_앵커,21.25312,1.0
2025-12-03,패션잡화,12.07026,0.5679288499759094
2025-12-04,남성의류,6.26627,0.31798566335162537
2025-12-04,스포츠_레저,10.06433,0.5107205165496642
2025-12-04,여성의류,12.24263,0.6212596683064263
2025-12-04,패션의류_앵커,19.70614,1.0
2025-12-04,패션잡화,11.61659,0.5894908896415025
2025-12-05,남성의류,5.6616,0.31469435194341105
2025-12-05,스포츠_레저,9.13277,0.5076358514551057
2025-12-05,여성의류,11.24371,0.624970332042117
2025-12-05,패션의류_앵커,17.99079,1.0
2025-12-05,패션잡화,11.14788,0.6196437177022244
2025-12-06,남성의류,6.35537,0.3155918629214309
2025-12-06,스포츠_레저,9.23157,0.4584167993349866
2025-12-06,여성의류,12.67054,0.6291874938548829
2025-12-06,패션의류_앵커,20.13794,1.0
2025-12-06,패션잡화,11.734,0.5826812474364309
2025-12-07,남성의류,7.33156,0.3228773569325691
2025-12-07,스포츠_레저,10.27792,0.4526332246294637
2025-12-07,여성의류,14.02948,0.6178496011133155
2025-12-07,패션의류_앵커,22.70695,1.0
2025-12-07,패션잡화,12.87425,0.566973988140195
2025-12-08,남성의류,6.09245,0.3173152694350362
2025-12-08,스포츠_레저,9.73204,0.5068773473319518
2025-12-08,여성의류,11.90086,0.6198367811649902
2025-12-08,패션의류_앵커,19.19999,1.0
2025-12-08,패션잡화,11.56647,0.6024206262607429
2025-12-09,남성의류,5.85017,0.31211643472021044
2025-12-09,스포츠_레저,9.46994,0.5052372682869574
2025-12-09,여성의류,11.72033,0.6252993696498262
2025-12-09,패션의류_앵커,18.74355,1.0
2025-12-09,패션잡화,11.2619,0.6008413560931628
2025-12-10,남성의류,5.51448,0.3054849553168812
2025-12-10,스포츠_레저,8.94064,0.49528351012322486
2025-12-10,여성의류,11.4128,0.6322334468599945
2025-12-10,패션의류_앵커,18.05156,1.0
2025-12-10,패션잡화,10.96312,0.6073225804307218
2025-12-11,남성의류,5.34299,0.30390913310368994
2025-12-11,스포츠_레저,8.63177,0.49097485450102607
2025-12-11,여성의류,11.16593,0.6351178098024671
2025-12-11,패션의류_앵커,17.58088,1.0
2025-12-11,패션잡화,10.69883,0.6085491738752553
2025-12-12,남성의류,4.86747,0.29909083200300846
2025-12-12,스포츠_레저,8.01425,0.49245063665109606
2025-12-12,여성의류,10.4253,0.6406021302403433
2025-12-12,패션의류_앵커,16.27422,1.0
2025-12-12,패션잡화,9.90681,0.6087425388129201
2025-12-13,남성의류,5.58084,0.3007379904780637
2025-12-13,스포츠_레저,8.33227,0.44900590877370716
2025-12-13,여성의류,11.92289,0.6424957496167246
2025-12-13,패션의류_앵커,18.55715,1.0
2025-12-13,패션잡화,11.07033,0.5965533500564473
2025-12-14,남성의류,6.7232,0.3169571510062843
2025-12-14,스포츠_레저,9.61127,0.45311172607570344
2025-12-14,여성의류,13.21326,0.6229231980463612
2025-12-14,패션의류_앵커,21.2117,1.0
2025-12-14,패션잡화,12.55258,0.5917762366995574
2025-12-15,남성의류,5.5958,0.31174685874287317
2025-12-15,스포츠_레저,9.19067,0.5120201762468928
2025-12-15,여성의류,11.16772,0.6221633420279423
2025-12-15,패션의류_앵커,17.94982,1.0
2025-12-15,패션잡화,11.132,0.620173349927743
2025-12-16,남성의류,5.23193,0.3042414099498507
2025-12-16,스포츠_레저,8.68077,0.5047945412592229
2025-12-16,여성의류,10.8414,0.6304371086444794
2025-12-16,패션의류_앵커,17.19664,1.0
2025-12-16,패션잡화,10.69375,0.6218511290577694
2025-12-17,남성의류,4.91786,0.30096749299425896
2025-12-17,스포츠_레저,8.2306,0.5037034498417091
2025-12-17,여성의류,10.35125,0.6334848413449798
2025-12-17,패션의류_앵커,16.34017,1.0
2025-12-17,패션잡화,10.29344,0.6299469344566183
2025-12-18,남성의류,4.53722,0.29404994134840345
2025-12-18,스포츠_레저,7.83114,0.5075236064575084
2025-12-18,여성의류,9.8717,0.639769022883844
2025-12-18,패션의류_앵커,15.4301,1.0
2025-12-18,패션잡화,9.86219,0.6391526950570638
2025-12-19,남성의류,4.20005,0.29554984635109355
2025-12-19,스포츠_레저,7.23239,0.508930073035127
2025-12-19,여성의류,9.09621,0.6400836818317117
2025-12-19,패션의류_앵커,14.21097,1.0
2025-12-19,패션잡화,9.30935,0.6550819542930567
2025-12-20,남성의류,4.85516,0.3039571982267765
2025-12-20,스포츠_레저,7.54794,0.47253863822898023
2025-12-20,여성의류,10.15298,0.6356271172221919
2025-12-20,패션의류_앵커,15.97317,1.0
2025-12-20,패션잡화,10.20557,0.6389195131586278
2025-12-21,남성의류,5.9384,0.3197164201925707
2025-12-21,스포츠_레저,8.99329,0.48418807836347233
2025-12-21,여성의류,11.43665,0.6157356858742024
2025-12-21,패션의류_앵커,18.57396,1.0
2025-12-21,패션잡화,11.65817,0.627662060217638
2025-12-22,남성의류,4.89801,0.31987568107323366
2025-12-22,스포츠_레저,8.64377,0.5645010556920841
2025-12-22,여성의류,9.31713,0.6084763617056432
2025-12-22,패션의류_앵커,15.31223,1.0
2025-12-22,패션잡화,10.43256,0.6813220543317335
2025-12-23,남성의류,4.48132,0.31081986497190267
2025-12-23,스포츠_레저,7.9766,0.5532489835438842
2025-12-23,여성의류,8.94339,0.6203045692320711
2025-12-23,패션의류_앵커,14.41774,1.0
2025-12-23,패션잡화,9.78386,0.6785987262913605
2025-12-24,남성의류,3.95163,0.31208823320354767
2025-12-24,스포츠_레저,7.03974,0.5559781707326705
2025-12-24,여성의류,7.86417,0.6210892520079925
2025-12-24,패션의류_앵커,12.6619,1.0
2025-12-24,패션잡화,8.85518,0.6993563367267157
2025-12-25,남성의류,5.3406,0.32293526056859245
2025-12-25,스포츠_레저,8.28302,0.5008574358676671
2025-12-25,여성의류,10.17319,0.6151521857963148
2025-12-25,패션의류_앵커,16.53768,1.0
2025-12-25,패션잡화,10.76989,0.6512334257283972
2025-12-26,남성의류,4.79873,0.32395242849726624
2025-12-26,스포츠_레저,8.02626,0.5418363647778618
2025-12-26,여성의류,9.05673,0.6114012827860802
2025-12-26,패션의류_앵커,14.81307,1.0
2025-12-26,패션잡화,9.89432,0.6679452672538508
2025-12-27,남성의류,5.08268,0.31738245088629774
2025-12-27,스포츠_레저,7.96968,0.49765804087204185
2025-12-27,여성의류,9.92916,0.6200156484457396
2025-12-27,패션의류_앵커,16.01437,1.0
2025-12-27,패션잡화,10.48612,0.6547944127680327
2025-12-28,남성의류,5.79077,0.3221292862808972
2025-12-28,스포츠_레저,8.9601,0.4984329576214333
2025-12-28,여성의류,11.00429,0.6121472763946788
2025-12-28,패션의류_앵커,17.97654,1.0
2025-12-28,패션잡화,11.51093,0.6403306754247481
2025-12-29,남성의류,4.56922,0.3157123776923911
2025-12-29,스포츠_레저,8.3135,0.5744251430103373
2025-12-29,여성의류,8.90718,0.6154457382954011
2025-12-29,패션의류_앵커,14.47273,1.0
2025-12-29,패션잡화,9.87132,0.6820634393096534
2025-12-30,남성의류,4.2446,0.3143875678922642
2025-12-30,스포츠_레저,7.73693,0.5730562610499683
2025-12-30,여성의류,8.36135,0.6193055861084632
2025-12-30,패션의류_앵커,13.50117,1.0
2025-12-30,패션잡화,9.36945,0.6939731889902876
2025-12-31,남성의류,3.91222,0.32055632075788626
2025-12-31,스포츠_레저,7.04274,0.5770623386349427
2025-12-31,여성의류,7.49552,0.6141618603675538
2025-12-31,패션의류_앵커,12.20447,1.0
2025-12-31,패션잡화,8.63002,0.7071196045383371
2026-01-01,남성의류,5.06019,0.3306032367846972
2026-01-01,스포츠_레저,8.17022,0.5337944182418187
2026-01-01,여성의류,9.21035,0.6017504326754402
2026-01-01,패션의류_앵커,15.30593,1.0
2026-01-01,패션잡화,10.3054,0.6732945988907567
2026-01-02,남성의류,4.64133,0.32938725977233374
2026-01-02,스포츠_레저,8.25086,0.5855494365117665
2026-01-02,여성의류,8.46768,0.6009367814460499
2026-01-02,패션의류_앵커,14.0908,1.0
2026-01-02,패션잡화,9.82517,0.6972755272944049
2026-01-03,남성의류,5.17382,0.32200589140667446
2026-01-03,스포츠_레저,8.50332,0.5292258208666331
2026-01-03,여성의류,9.83883,0.612344693968621
2026-01-03,패션의류_앵커,16.06747,1.0
2026-01-03,패션잡화,10.97028,0.6827633722048337
2026-01-04,남성의류,5.81973,0.325162546911902
2026-01-04,스포츠_레저,9.35361,0.5226090644103139
2026-01-04,여성의류,10.85167,0.6063093400290872
2026-01-04,패션의류_앵커,17.89791,1.0
2026-01-04,패션잡화,11.86266,0.6627958236464481
2026-01-05,남성의류,4.59481,0.32526841948406543
2026-01-05,스포츠_레저,8.70717,0.6163840124138038
2026-01-05,여성의류,8.51676,0.602904813109815
2026-01-05,패션의류_앵커,14.12621,1.0
2026-01-05,패션잡화,10.08512,0.7139296385937912
2026-01-06,남성의류,4.43436,0.3166585735096689
2026-01-06,스포츠_레저,8.51515,0.6080686394927018
2026-01-06,여성의류,8.53987,0.6098338998543232
2026-01-06,패션의류_앵커,14.0036,1.0
2026-01-06,패션잡화,9.97854,0.7125696249535833
2026-01-07,남성의류,4.41558,0.3129109295387385
2026-01-07,스포츠_레저,8.42588,0.5971016136004478
2026-01-07,여성의류,8.64377,0.6125424305343944
2026-01-07,패션의류_앵커,14.1113,1.0
2026-01-07,패션잡화,9.97518,0.7068930573370278
2026-01-08,남성의류,4.36335,0.309335029116137
2026-01-08,스포츠_레저,8.43753,0.5981696605173272
2026-01-08,여성의류,8.71355,0.6177378030538269
2026-01-08,패션의류_앵커,14.10558,1.0
2026-01-08,패션잡화,9.95947,0.706065968219669
2026-01-09,남성의류,4.00484,0.30167627223209437
2026-01-09,스포츠_레저,7.70729,0.5805741343503608
2026-01-09,여성의류,8.35004,0.6289911557487633
2026-01-09,패션의류_앵커,13.27529,1.0
2026-01-09,패션잡화,9.49538,0.7152672370999053
2026-01-10,남성의류,4.76137,0.3021708792356007
2026-01-10,스포츠_레저,8.15689,0.5176608041652044
2026-01-10,여성의류,9.98233,0.6335087239428807
2026-01-10,패션의류_앵커,15.75721,1.0
2026-01-10,패션잡화,10.79673,0.6851930005375317
2026-01-11,남성의류,5.67341,0.3182360239806862
2026-01-11,스포츠_레저,9.42428,0.5286318803119643
2026-01-11,여성의류,10.90699,0.6118008624790214
2026-01-11,패션의류_앵커,17.82768,1.0
2026-01-11,패션잡화,12.06571,0.6767964199492025
2026-01-12,남성의류,4.68801,0.31851680736500604
2026-01-12,스포츠_레저,8.99044,0.6108362067501232
2026-01-12,여성의류,8.94061,0.6074506140335978
2026-01-12,패션의류_앵커,14.71825,1.0
2026-01-12,패션잡화,10.45965,0.7106585361710801
2026-01-13,남성의류,4.42524,0.31196022352764524
2026-01-13,스포츠_레저,8.61817,0.607543599804586
2026-01-13,여성의류,8.71859,0.6146227741875905
2026-01-13,패션의류_앵커,14.18527,1.0
2026-01-13,패션잡화,10.22526,0.7208364733276139
2026-01-14,남성의류,4.28098,0.3081894845055051
2026-01-14,스포츠_레저,8.30566,0.5979278281790603
2026-01-14,여성의류,8.59293,0.6186085118575397
2026-01-14,패션의류_앵커,13.89074,1.0
2026-01-14,패션잡화,10.12835,0.7291440196850564
2026-01-15,남성의류,3.92034,0.30181117189581025
2026-01-15,스포츠_레저,7.74679,0.5963941312056464
2026-01-15,여성의류,8.12508,0.6255171532436499
2026-01-15,패션의류_앵커,12.98938,1.0
2026-01-15,패션잡화,9.71607,0.7480010593269271
2026-01-16,남성의류,3.55398,0.2931673637061051
2026-01-16,스포츠_레저,7.08089,0.5841017265130706
2026-01-16,여성의류,7.6907,0.6344048768013726
2026-01-16,패션의류_앵커,12.1227,1.0
2026-01-16,패션잡화,9.22945,0.7613361709850116
2026-01-17,남성의류,4.22202,0.3004173233669065
2026-01-17,스포츠_레저,7.49236,0.5331179712320823
2026-01-17,여성의류,8.88949,0.6325305877037253
2026-01-17,패션의류_앵커,14.05385,1.0
2026-01-17,패션잡화,10.35418,0.7367504278187116
2026-01-18,남성의류,4.92281,0.31392869213649377
2026-01-18,스포츠_레저,8.59049,0.547817464113307
2026-01-18,여성의류,9.67141,0.61674797370116
2026-01-18,패션의류_앵커,15.6813,1.0
2026-01-18,패션잡화,11.35279,0.7239699514708602
2026-01-19,남성의류,4.26056,0.31721129004638415
2026-01-19,스포츠_레저,8.4082,0.6260153521997126
2026-01-19,여성의류,8.19075,0.6098255567219851
2026-01-19,패션의류_앵커,13.4313,1.0
2026-01-19,패션잡화,9.96534,0.7419490295057067
2026-01-20,남성의류,4.14696,0.31504815793432167
2026-01-20,스포츠_레저,8.22895,0.6251604884623039
2026-01-20,여성의류,8.04998,0.6115639819067776
2026-01-20,패션의류_앵커,13.16294,1.0
2026-01-20,패션잡화,9.80499,0.7448936179911174
2026-01-21,남성의류,4.0532,0.3137868166493124
2026-01-21,스포츠_레저,7.97002,0.6170154950240186
2026-01-21,여성의류,7.90701,0.6121374462435308
2026-01-21,패션의류_앵커,12.91705,1.0
2026-01-21,패션잡화,9.72873,0.7531696478685149
2026-01-22,남성의류,3.94969,0.3135508250209381
2026-01-22,스포츠_레저,7.79373,0.6187144994899437
2026-01-22,여성의류,7.71791,0.6126954388666828
2026-01-22,패션의류_앵커,12.59665,1.0
2026-01-22,패션잡화,9.55283,0.7583627392997344
2026-01-23,남성의류,3.55711,0.30414425414284335
2026-01-23,스포츠_레저,7.0683,0.6043622017755592
2026-01-23,여성의류,7.28895,0.62322848077076
2026-01-23,패션의류_앵커,11.69547,1.0
2026-01-23,패션잡화,9.03557,0.7725700634519177
2026-01-24,남성의류,4.18469,0.3024203368713473
2026-01-24,스포츠_레저,7.56514,0.5467196344959613
2026-01-24,여성의류,8.69078,0.6280676980313399
2026-01-24,패션의류_앵커,13.83733,1.0
2026-01-24,패션잡화,10.38672,0.7506303600477838
2026-01-25,남성의류,4.88075,0.3187447305812736
2026-01-25,스포츠_레저,8.47538,0.5534974572911775
2026-01-25,여성의류,9.34451,0.6102573011041371
2026-01-25,패션의류_앵커,15.31241,1.0
2026-01-25,패션잡화,11.33613,0.7403230451640206
2026-01-26,남성의류,3.96286,0.3176401938451131
2026-01-26,스포츠_레저,8.09707,0.6490148237327208
2026-01-26,여성의류,7.56515,0.6063791586044819
2026-01-26,패션의류_앵커,12.47594,1.0
2026-01-26,패션잡화,9.94159,0.7968609980490448
2026-01-27,남성의류,3.87955,0.3125526184554726
2026-01-27,스포츠_레저,7.88919,0.635585826189308
2026-01-27,여성의류,7.60988,0.6130834555894193
2026-01-27,패션의류_앵커,12.41247,1.0
2026-01-27,패션잡화,9.80551,0.7899725034582158
2026-01-28,남성의류,3.76538,0.3094275059455035
2026-01-28,스포츠_레저,7.73274,0.6354531155753291
2026-01-28,여성의류,7.45693,0.612787886457729
2026-01-28,패션의류_앵커,12.16886,1.0
2026-01-28,패션잡화,9.56793,0.7862634626415292
2026-01-29,남성의류,3.55049,0.3037083228547037
2026-01-29,스포츠_레저,7.40317,0.6332659279446661
2026-01-29,여성의류,7.22199,0.6177678209411777
2026-01-29,패션의류_앵커,11.69046,1.0
2026-01-29,패션잡화,9.37795,0.8021882800163552
2026-01-30,남성의류,3.31204,0.29742619887263183
2026-01-30,스포츠_레저,6.9504,0.624156427049293
2026-01-30,여성의류,6.99412,0.6280825491416323
2026-01-30,패션의류_앵커,11.13567,1.0
2026-01-30,패션잡화,8.84796,0.7945601836261312
2026-01-31,남성의류,3.99563,0.3030808487656428
2026-01-31,스포츠_레저,7.38059,0.5598404961398367
2026-01-31,여성의류,8.28113,0.6281492303187801
2026-01-31,패션의류_앵커,13.18338,1.0
2026-01-31,패션잡화,10.04368,0.7618440794394155
2026-02-01,남성의류,4.6062,0.3107419907806868
2026-02-01,스포츠_레저,8.30914,0.5605485444130597
2026-02-01,여성의류,9.13087,0.6159838307845186
2026-02-01,패션의류_앵커,14.82323,1.0
2026-02-01,패션잡화,11.14365,0.7517693512142765
2026-02-02,남성의류,3.69927,0.3148012148618899
2026-02-02,스포츠_레저,7.7339,0.6581409617628262
2026-02-02,여성의류,7.12448,0.606280417287529
2026-02-02,패션의류_앵커,11.75113,1.0
2026-02-02,패션잡화,9.45395,0.8045141190676982
2026-02-03,남성의류,3.54819,0.30994812053785525
2026-02-03,스포츠_레저,7.47574,0.6530348044015867
2026-02-03,여성의류,7.00291,0.611731275043262
2026-02-03,패션의류_앵커,11.44769,1.0
2026-02-03,패션잡화,9.1966,0.8033585815129516
2026-02-04,남성의류,3.42216,0.30462117739214806
2026-02-04,스포츠_레저,7.20674,0.6415029174436874
2026-02-04,여성의류,6.9391,0.617679130152259
2026-02-04,패션의류_앵커,11.23415,1.0
2026-02-04,패션잡화,8.98069,0.7994098351900232
2026-02-05,남성의류,3.30576,0.30020296501464344
2026-02-05,스포츠_레저,6.96565,0.6325652144300407
2026-02-05,여성의류,6.86657,0.6235675528412833
2026-02-05,패션의류_앵커,11.01175,1.0
2026-02-05,패션잡화,8.79016,0.7982527754444118
2026-02-06,남성의류,3.12396,0.29827819476364203
2026-02-06,스포츠_레저,6.72849,0.642441596782679
2026-02-06,여성의류,6.53533,0.6239985257764737
2026-02-06,패션의류_앵커,10.47331,1.0
2026-02-06,패션잡화,8.45489,0.8072796470265848
2026-02-07,남성의류,3.83471,0.3037735729484029
2026-02-07,스포츠_레저,7.26274,0.5753312451776754
2026-02-07,여성의류,7.87603,0.6239141352928408
2026-02-07,패션의류_앵커,12.62358,1.0
2026-02-07,패션잡화,9.77844,0.7746170262318612
2026-02-08,남성의류,4.53442,0.3173246425879648
2026-02-08,스포츠_레저,8.20156,0.5739558963800769
2026-02-08,여성의류,8.63175,0.6040611552654287
2026-02-08,패션의류_앵커,14.28953,1.0
2026-02-08,패션잡화,10.83858,0.7584980051828157
2026-02-09,남성의류,3.5596,0.3177851102731116
2026-02-09,스포츠_레저,7.43631,0.6638803779568049
2026-02-09,여성의류,6.72375,0.6002662195749057
2026-02-09,패션의류_앵커,11.20128,1.0
2026-02-09,패션잡화,9.19375,0.8207767326591247
2026-02-10,남성의류,3.37394,0.31142605022780473
2026-02-10,스포츠_레저,7.13586,0.6586639640238364
2026-02-10,여성의류,6.57023,0.6064544058247121
2026-02-10,패션의류_앵커,10.83384,1.0
2026-02-10,패션잡화,8.9323,0.8244814396372846
2026-02-11,남성의류,3.27318,0.31365127307816515
2026-02-11,스포츠_레저,6.74597,0.6464301012003952
2026-02-11,여성의류,6.34164,0.6076853272363314
2026-02-11,패션의류_앵커,10.43573,1.0
2026-02-11,패션잡화,8.63559,0.827502244692034
2026-02-12,남성의류,3.00676,0.3069503725656137
2026-02-12,스포츠_레저,6.26739,0.6398175097161068
2026-02-12,여성의류,6.0392,0.6165223330090377
2026-02-12,패션의류_앵커,9.79559,1.0
2026-02-12,패션잡화,8.18238,0.8353126253752964
2026-02-13,남성의류,2.71793,0.3056024053035414
2026-02-13,스포츠_레저,5.61996,0.6319049032571444
2026-02-13,여성의류,5.50605,0.6190969317537848
2026-02-13,패션의류_앵커,8.89368,1.0
2026-02-13,패션잡화,7.61396,0.8561090572181594
2026-02-14,남성의류,3.24832,0.31349901076099024
2026-02-14,스포츠_레저,6.06465,0.5853061815374222
2026-02-14,여성의류,6.38166,0.6159011726101433
2026-02-14,패션의류_앵커,10.3615,1.0
2026-02-14,패션잡화,8.66768,0.8365275297978093
2026-02-15,남성의류,3.51577,0.3258966684247946
2026-02-15,스포츠_레저,6.31683,0.5855428119603374
2026-02-15,여성의류,6.52758,0.6050784251746618
2026-02-15,패션의류_앵커,10.78799,1.0
2026-02-15,패션잡화,9.15703,0.8488170641611644
2026-02-16,남성의류,3.3699,0.33478577048711283
2026-02-16,스포츠_레저,6.19029,0.6149799718652393
2026-02-16,여성의류,5.99377,0.5954565143097844
2026-02-16,패션의류_앵커,10.06584,1.0
2026-02-16,패션잡화,8.53152,0.8475715886602609
2026-02-17,남성의류,3.32896,0.3319780806071213
2026-02-17,스포츠_레저,6.10368,0.6086849860136722
2026-02-17,여성의류,5.95988,0.5943446370784781
2026-02-17,패션의류_앵커,10.02765,1.0
2026-02-17,패션잡화,8.82929,0.8804944328930507
2026-02-18,남성의류,4.31281,0.3298226159840626
2026-02-18,스포츠_레저,7.4456,0.5694030735346413
2026-02-18,여성의류,7.77496,0.5945909155217706
2026-02-18,패션의류_앵커,13.07615,1.0
2026-02-18,패션잡화,10.63971,0.8136729847852769
2026-02-19,남성의류,3.68408,0.32107622693077315
2026-02-19,스포츠_레저,7.56398,0.6592186268973067
2026-02-19,여성의류,6.86821,0.5985806368396467
2026-02-19,패션의류_앵커,11.47416,1.0
2026-02-19,패션잡화,9.86433,0.8596995335606268
2026-02-20,남성의류,3.49043,0.31180143643250197
2026-02-20,스포츠_레저,7.09992,0.6342385478453513
2026-02-20,여성의류,6.85153,0.6120497748874437
2026-02-20,패션의류_앵커,11.1944,1.0
2026-02-20,패션잡화,9.3437,0.834676266704781
2026-02-21,남성의류,4.25324,0.3066828279565318
2026-02-21,스포츠_레저,7.69718,0.5550105166156759
2026-02-21,여성의류,8.64635,0.6234510795304189
2026-02-21,패션의류_앵커,13.86853,1.0
2026-02-21,패션잡화,10.82856,0.7808008491166691
2026-02-22,남성의류,4.91239,0.31103477969063614
2026-02-22,스포츠_레저,8.65362,0.5479159411664145
2026-02-22,여성의류,9.77428,0.6188720819060765
2026-02-22,패션의류_앵커,15.7937,1.0
2026-02-22,패션잡화,11.90046,0.7534941147419542
2026-02-23,남성의류,3.84867,0.3169085061287406
2026-02-23,스포츠_레저,8.03386,0.6615268576020922
2026-02-23,여성의류,7.38181,0.607835532697321
2026-02-23,패션의류_앵커,12.14442,1.0
2026-02-23,패션잡화,9.9838,0.8220894863649314
2026-02-24,남성의류,3.69158,0.3150928016319772
2026-02-24,스포츠_레저,7.74247,0.6608543127472613
2026-02-24,여성의류,7.12809,0.6084142422444808
2026-02-24,패션의류_앵커,11.71585,1.0
2026-02-24,패션잡화,9.68141,0.8263514811131928
2026-02-25,남성의류,3.54821,0.3114131245666541
2026-02-25,스포츠_레저,7.2741,0.6384205583689517
2026-02-25,여성의류,6.97341,0.6120301213807389
2026-02-25,패션의류_앵커,11.3939,1.0
2026-02-25,패션잡화,9.28583,0.8149825783972126
2026-02-26,남성의류,3.46024,0.30502390657395523
2026-02-26,스포츠_레저,6.98956,0.6161372900241181
2026-02-26,여성의류,7.06239,0.6225573334649722
2026-02-26,패션의류_앵커,11.34416,1.0
2026-02-26,패션잡화,9.03843,0.7967474013060464
2026-02-27,남성의류,3.2025,0.2998017236375755
2026-02-27,스포츠_레저,6.48057,0.6066779254188799
2026-02-27,여성의류,6.7409,0.6310486928551234
2026-02-27,패션의류_앵커,10.68206,1.0
2026-02-27,패션잡화,8.54217,0.7996744073708629
2026-02-28,남성의류,3.93239,0.3021721657263784
2026-02-28,스포츠_레저,6.81739,0.5238609346736602
2026-02-28,여성의류,8.25983,0.634700708635642
2026-02-28,패션의류_앵커,13.01374,1.0
2026-02-28,패션잡화,9.80942,0.7537740880023728
2026-03-01,남성의류,4.61042,0.3093668555354847
2026-03-01,스포츠_레저,7.73355,0.518934076640837
2026-03-01,여성의류,9.32316,0.6255995533713218
2026-03-01,패션의류_앵커,14.90276,1.0
2026-03-01,패션잡화,10.95006,0.7347672511668979
2026-03-02,남성의류,4.85424,0.31241508605792717
2026-03-02,스포츠_레저,8.57526,0.5518970201038886
2026-03-02,여성의류,9.60102,0.6179141306453492
2026-03-02,패션의류_앵커,15.53779,1.0
2026-03-02,패션잡화,11.50094,0.7401914944145854
2026-03-03,남성의류,3.55119,0.3241195573006511
2026-03-03,스포츠_레저,7.12636,0.6504277857183277
2026-03-03,여성의류,6.61499,0.6037546935951706
2026-03-03,패션의류_앵커,10.95642,1.0
2026-03-03,패션잡화,8.77042,0.8004822743195313
2026-03-04,남성의류,3.51266,0.3144549591204793
2026-03-04,스포츠_레저,7.00447,0.6270434165306702
2026-03-04,여성의류,6.86233,0.6143189775330488
2026-03-04,패션의류_앵커,11.17063,1.0
2026-03-04,패션잡화,8.70103,0.7789202578547495
2026-03-05,남성의류,3.60982,0.3049254246995152
2026-03-05,스포츠_레저,7.22904,0.6106448776309576
2026-03-05,여성의류,7.4027,0.6253141268603702
2026-03-05,패션의류_앵커,11.83837,1.0
2026-03-05,패션잡화,8.8969,0.7515308273013938
2026-03-06,남성의류,3.30418,0.2945111950941243
2026-03-06,스포츠_레저,6.84342,0.6099739731888192
2026-03-06,여성의류,7.13654,0.6361006132344552
2026-03-06,패션의류_앵커,11.2192,1.0
2026-03-06,패션잡화,8.56903,0.763782622646891
2026-03-07,남성의류,3.98561,0.29356012200214926
2026-03-07,스포츠_레저,7.48118,0.5510263456585163
2026-03-07,여성의류,8.71084,0.6415969583429391
2026-03-07,패션의류_앵커,13.57681,1.0
2026-03-07,패션잡화,9.98322,0.7353141128144239
2026-03-08,남성의류,4.71731,0.30274020603207286
2026-03-08,스포츠_레저,8.47654,0.5439942395219112
2026-03-08,여성의류,9.8278,0.6307133083986436
2026-03-08,패션의류_앵커,15.58204,1.0
2026-03-08,패션잡화,11.0472,0.708970070671106
2026-03-09,남성의류,3.7331,0.30260167241105385
2026-03-09,스포츠_레저,8.08286,0.6551892405412153
2026-03-09,여성의류,7.76204,0.6291838647026591
2026-03-09,패션의류_앵커,12.33668,1.0
2026-03-09,패션잡화,9.36951,0.7594839130138741
2026-03-10,남성의류,3.77331,0.30077551140788517
2026-03-10,스포츠_레저,7.93693,0.632663147146295
2026-03-10,여성의류,7.93824,0.6327675689722102
2026-03-10,패션의류_앵커,12.54527,1.0
2026-03-10,패션잡화,9.41343,0.7503569074240729
2026-03-11,남성의류,3.82971,0.29728833873874994
2026-03-11,스포츠_레저,7.93491,0.6159620994648405
2026-03-11,여성의류,8.19633,0.6362553116174797
2026-03-11,패션의류_앵커,12.88214,1.0
2026-03-11,패션잡화,9.63126,0.7476444131176962
2026-03-12,남성의류,3.70595,0.29242370920728905
2026-03-12,스포츠_레저,7.74871,0.611423931723745
2026-03-12,여성의류,8.14596,0.642769556592563
2026-03-12,패션의류_앵커,12.67322,1.0
2026-03-12,패션잡화,9.34081,0.737051041487483
2026-03-13,남성의류,3.49861,0.2890495908736401
2026-03-13,스포츠_레저,7.24172,0.5982993826752502
2026-03-13,여성의류,7.82907,0.646825305027165
2026-03-13,패션의류_앵커,12.10384,1.0
2026-03-13,패션잡화,8.96134,0.7403716506497111
2026-03-14,남성의류,4.19824,0.2887194052637732
2026-03-14,스포츠_레저,7.73564,0.5319918299417505
2026-03-14,여성의류,9.47609,0.6516852464427924
2026-03-14,패션의류_앵커,14.5409,1.0
2026-03-14,패션잡화,10.34548,0.711474530462351
2026-03-15,남성의류,4.99843,0.30039237556994824
2026-03-15,스포츠_레저,8.99761,0.5407324784686235
2026-03-15,여성의류,10.59969,0.6370132340364923
2026-03-15,패션의류_앵커,16.63967,1.0
2026-03-15,패션잡화,11.48253,0.6900695746970944
2026-03-16,남성의류,4.07687,0.3044275951469244
2026-03-16,스포츠_레저,8.52171,0.6363322062855812
2026-03-16,여성의류,8.45049,0.631014074158149
2026-03-16,패션의류_앵커,13.39192,1.0
2026-03-16,패션잡화,9.69706,0.7240978142043859
2026-03-17,남성의류,4.14001,0.30671716374730423
2026-03-17,스포츠_레저,8.36459,0.6196997883360338
2026-03-17,여성의류,8.50654,0.6302163091642273
2026-03-17,패션의류_앵커,13.49781,1.0
2026-03-17,패션잡화,9.53775,0.7066146285953055
2026-03-18,남성의류,4.00823,0.3029466827805705
2026-03-18,스포츠_레저,8.27536,0.6254613285203249
2026-03-18,여성의류,8.36808,0.6324692139030037
2026-03-18,패션의류_앵커,13.23081,1.0
2026-03-18,패션잡화,9.50577,0.7184571466146064
2026-03-19,남성의류,3.61641,0.29279258126987623
2026-03-19,스포츠_레저,7.50101,0.6072984202651674
2026-03-19,여성의류,7.95459,0.6440212639174056
2026-03-19,패션의류_앵커,12.35144,1.0
2026-03-19,패션잡화,8.99346,0.7281304851903908
2026-03-20,남성의류,3.34238,0.29129525369960435
2026-03-20,스포츠_레저,6.93679,0.6045554374161162
2026-03-20,여성의류,7.39977,0.6449050914224957
2026-03-20,패션의류_앵커,11.4742,1.0
2026-03-20,패션잡화,8.45055,0.7364827177493856
2026-03-21,남성의류,3.94496,0.2937191852318432
2026-03-21,스포츠_레저,7.52008,0.5599021968482011
2026-03-21,여성의류,8.6725,0.6457048066198795
2026-03-21,패션의류_앵커,13.43106,1.0
2026-03-21,패션잡화,9.52509,0.7091837874300316
2026-03-22,남성의류,4.84058,0.309293738255115
2026-03-22,스포츠_레저,8.82507,0.5638867430479546
2026-03-22,여성의류,9.83502,0.6284185162963574
2026-03-22,패션의류_앵커,15.65043,1.0
2026-03-22,패션잡화,10.63546,0.6795634369151519
2026-03-23,남성의류,4.06609,0.3105964832945415
2026-03-23,스포츠_레저,8.66838,0.6621516847538391
2026-03-23,여성의류,8.15643,0.6230453517354748
2026-03-23,패션의류_앵커,13.09123,1.0
2026-03-23,패션잡화,9.39078,0.7173336653622311
2026-03-24,남성의류,4.04731,0.3105058317995914
2026-03-24,스포츠_레저,8.34865,0.6405006072313854
2026-03-24,여성의류,8.13892,0.6244103181002519
2026-03-24,패션의류_앵커,13.03457,1.0
2026-03-24,패션잡화,9.26878,0.7110921188807916
2026-03-25,남성의류,3.99018,0.31193605833801086
2026-03-25,스포츠_레저,8.1582,0.6377749252247168
2026-03-25,여성의류,7.93238,0.6201212352423376
2026-03-25,패션의류_앵커,12.79166,1.0
2026-03-25,패션잡화,9.10841,0.7120584818545833
2026-03-26,남성의류,3.76758,0.30682617760114667
2026-03-26,스포츠_레저,7.84307,0.6387280930353769
2026-03-26,여성의류,7.66815,0.6244828653332465
2026-03-26,패션의류_앵커,12.2792,1.0
2026-03-26,패션잡화,8.91003,0.7256197472148024
2026-03-27,남성의류,3.54022,0.30076852627483097
2026-03-27,스포츠_레저,7.43692,0.6318227309104564
2026-03-27,여성의류,7.4267,0.6309544644359072
2026-03-27,패션의류_앵커,11.77058,1.0
2026-03-27,패션잡화,8.54444,0.7259149506651328
2026-03-28,남성의류,4.13481,0.3037768507729584
2026-03-28,스포츠_레저,7.87095,0.578264153272198
2026-03-28,여성의류,8.62496,0.6336598747808813
2026-03-28,패션의류_앵커,13.61134,1.0
2026-03-28,패션잡화,9.59856,0.7051884678510713
2026-03-29,남성의류,4.85943,0.31561708429133706
2026-03-29,스포츠_레저,9.2332,0.5996908408349896
2026-03-29,여성의류,9.48936,0.6163282802696699
2026-03-29,패션의류_앵커,15.3966,1.0
2026-03-29,패션잡화,10.70592,0.695343127703519
2026-03-30,남성의류,4.16641,0.3187965886153531
2026-03-30,스포츠_레저,9.0374,0.6915047462809449
2026-03-30,여성의류,7.97437,0.6101660547945625
2026-03-30,패션의류_앵커,13.06918,1.0
2026-03-30,패션잡화,9.57649,0.7327536999260856
2026-03-31,남성의류,3.85391,0.3157542434051785
2026-03-31,스포츠_레저,8.44836,0.6921815817739837
2026-03-31,여성의류,7.48798,0.6134968018280418
2026-03-31,패션의류_앵커,12.20541,1.0
2026-03-31,패션잡화,9.04294,0.7408960452782822
2026-04-01,남성의류,3.88703,0.30991019291302174
2026-04-01,스포츠_레저,8.36067,0.6665903923000629
2026-04-01,여성의류,7.74026,0.6171255353822702
2026-04-01,패션의류_앵커,12.54244,1.0
2026-04-01,패션잡화,9.07912,0.7238719100908595
2026-04-02,남성의류,3.70127,0.306420620826969
2026-04-02,스포츠_레저,8.03606,0.6652890748858561
2026-04-02,여성의류,7.5028,0.6211415632851921
2026-04-02,패션의류_앵커,12.07905,1.0
2026-04-02,패션잡화,8.88563,0.7356232485170605
2026-04-03,남성의류,3.53228,0.30360341466601115
2026-04-03,스포츠_레저,7.64992,0.6575191756943991
2026-04-03,여성의류,7.302,0.6276150627615062
2026-04-03,패션의류_앵커,11.63452,1.0
2026-04-03,패션잡화,8.59372,0.7386398407497687
2026-04-04,남성의류,3.99505,0.30255834683279526
2026-04-04,스포츠_레저,8.09554,0.6131020135214246
2026-04-04,여성의류,8.33035,0.6308849512618304
2026-04-04,패션의류_앵커,13.20423,1.0
2026-04-04,패션잡화,9.70693,0.7351379065647902
2026-04-05,남성의류,4.63323,0.3151593438100077
2026-04-05,스포츠_레저,9.01523,0.613229641329331
2026-04-05,여성의류,9.01689,0.6133425570513488
2026-04-05,패션의류_앵커,14.70123,1.0
2026-04-05,패션잡화,10.41976,0.7087679058146835
2026-04-06,남성의류,3.97979,0.31522215225716516
2026-04-06,스포츠_레저,9.12525,0.7227720419631931
2026-04-06,여성의류,7.7013,0.6099870498639642
2026-04-06,패션의류_앵커,12.62535,1.0
2026-04-06,패션잡화,9.64911,0.764264753056351
2026-04-07,남성의류,3.75895,0.3107261035717858
2026-04-07,스포츠_레저,8.66565,0.7163286714153807
2026-04-07,여성의류,7.43062,0.6142373800456465
2026-04-07,패션의류_앵커,12.09731,1.0
2026-04-07,패션잡화,9.26835,0.7661496646775192
2026-04-08,남성의류,3.65494,0.3074113854261902
2026-04-08,스포츠_레저,8.54187,0.7184435560721684
2026-04-08,여성의류,7.35257,0.6184133611339839
2026-04-08,패션의류_앵커,11.88941,1.0
2026-04-08,패션잡화,9.1979,0.7736212309946415
2026-04-09,남성의류,3.62286,0.3038659482527242
2026-04-09,스포츠_레저,8.6919,0.7290296714799506
2026-04-09,여성의류,7.38919,0.6197653859573783
2026-04-09,패션의류_앵커,11.92256,1.0
2026-04-09,패션잡화,9.49697,0.7965545990122925
2026-04-10,남성의류,3.26378,0.3061457460788848
2026-04-10,스포츠_레저,7.71684,0.7238471156669203
2026-04-10,여성의류,6.60653,0.6196989551509399
2026-04-10,패션의류_앵커,10.66087,1.0
2026-04-10,패션잡화,8.77063,0.822693645077747
2026-04-11,남성의류,3.74856,0.3029506606861438
2026-04-11,스포츠_레저,8.0287,0.6488624883824302
2026-04-11,여성의류,7.73744,0.6253234735523499
2026-04-11,패션의류_앵커,12.3735,1.0
2026-04-11,패션잡화,9.65036,0.779921606659393
2026-04-12,남성의류,4.62844,0.315992277085501
2026-04-12,스포츠_레저,9.72697,0.6640784798857401
2026-04-12,여성의류,8.93647,0.6101095627049863
2026-04-12,패션의류_앵커,14.64732,1.0
2026-04-12,패션잡화,11.07488,0.7561028229054871
2026-04-13,남성의류,4.06262,0.32128246636420216
2026-04-13,스포츠_레저,9.58017,0.7576245491304476
2026-04-13,여성의류,7.59947,0.6009856852624079
2026-04-13,패션의류_앵커,12.64501,1.0
2026-04-13,패션잡화,9.88104,0.7814181246199094
2026-04-14,남성의류,3.93494,0.31408085450451495
2026-04-14,스포츠_레저,9.15391,0.7306510073488857
2026-04-14,여성의류,7.63503,0.6094163434684154
2026-04-14,패션의류_앵커,12.52843,1.0
2026-04-14,패션잡화,9.56497,0.7634611838833757
2026-04-15,남성의류,3.89549,0.31298503565330926
2026-04-15,스포츠_레저,8.79419,0.7065734659033847
2026-04-15,여성의류,7.55374,0.6069089083057146
2026-04-15,패션의류_앵커,12.44625,1.0
2026-04-15,패션잡화,9.52505,0.7652947675002512
2026-04-16,남성의류,3.6917,0.310514181608362
2026-04-16,스포츠_레저,8.40399,0.7068716518392227
2026-04-16,여성의류,7.2396,0.6089331389798461
2026-04-16,패션의류_앵커,11.88899,1.0
2026-04-16,패션잡화,9.31562,0.7835501585921091
2026-04-17,남성의류,3.29157,0.30557231739854546
2026-04-17,스포츠_레저,7.91229,0.7345360394065256
2026-04-17,여성의류,6.60369,0.6130523904038501
2026-04-17,패션의류_앵커,10.77182,1.0
2026-04-17,패션잡화,8.79312,0.816307736297116
2026-04-18,남성의류,3.74534,0.3043143716783384
2026-04-18,스포츠_레저,8.15003,0.662201898521792
2026-04-18,여성의류,7.61178,0.618468296083598
2026-04-18,패션의류_앵커,12.30747,1.0
2026-04-18,패션잡화,9.60736,0.7806120998060527
2026-04-19,남성의류,4.40284,0.3133638191491255
2026-04-19,스포츠_레저,9.52206,0.6777146314122524
2026-04-19,여성의류,8.46671,0.602602088930802
2026-04-19,패션의류_앵커,14.05025,1.0
2026-04-19,패션잡화,10.82517,0.7704610238251989
2026-04-20,남성의류,3.67217,0.3152992026871315
2026-04-20,스포츠_레저,9.34492,0.8023718469392837
2026-04-20,여성의류,6.96778,0.5982662781133067
2026-04-20,패션의류_앵커,11.64662,1.0
2026-04-20,패션잡화,9.57729,0.822323558251235
2026-04-21,남성의류,3.36689,0.3090690448105089
2026-04-21,스포츠_레저,8.81619,0.8092962413883319
2026-04-21,여성의류,6.60612,0.6064193360352133
2026-04-21,패션의류_앵커,10.89365,1.0
2026-04-21,패션잡화,9.16619,0.8414250503733828
2026-04-22,남성의류,3.26009,0.30301050283483594
2026-04-22,스포츠_레저,8.50587,0.7905818384608234
2026-04-22,여성의류,6.59264,0.6127558323264244
2026-04-22,패션의류_앵커,10.759,1.0
2026-04-22,패션잡화,9.10712,0.8464652848777767
2026-04-23,남성의류,3.14932,0.2976720797971234
2026-04-23,스포츠_레저,8.37587,0.7916828531271297
2026-04-23,여성의류,6.5233,0.6165789053321273
2026-04-23,패션의류_앵커,10.57983,1.0
2026-04-23,패션잡화,9.03011,0.8535212758617106
2026-04-24,남성의류,2.9682,0.29386984066951866
2026-04-24,스포츠_레저,7.85678,0.7778689733762755
2026-04-24,여성의류,6.2727,0.6210354253647631
2026-04-24,패션의류_앵커,10.10039,1.0
2026-04-24,패션잡화,8.67786,0.8591608838866618
2026-04-25,남성의류,3.46092,0.29252806381840357
2026-04-25,스포츠_레저,8.40688,0.7105764736410146
2026-04-25,여성의류,7.42086,0.6272348992948229
2026-04-25,패션의류_앵커,11.83107,1.0
2026-04-25,패션잡화,9.85414,0.8329035328165584
2026-04-26,남성의류,8.05962,0.30293674562938644
2026-04-26,스포츠_레저,19.76677,0.7429731147876186
2026-04-26,여성의류,16.27031,0.6115517557628352
2026-04-26,패션의류_앵커,26.60496,1.0
2026-04-26,패션잡화,21.80715,0.819664829415267
2026-04-27,남성의류,3.38081,0.3068091686737585
2026-04-27,스포츠_레저,9.58714,0.8700348299250585
2026-04-27,여성의류,6.69582,0.6076469744792301
2026-04-27,패션의류_앵커,11.01926,1.0
2026-04-27,패션잡화,9.59601,0.870839784159735
2026-04-28,남성의류,3.16461,0.29955983415686943
2026-04-28,스포츠_레저,9.11317,0.8626464852994075
2026-04-28,여성의류,6.47458,0.6128793472293217
2026-04-28,패션의류_앵커,10.5642,1.0
2026-04-28,패션잡화,9.28587,0.8789941500539558
2026-04-29,남성의류,2.93802,0.2919658269145345
2026-04-29,스포츠_레저,8.44704,0.8394248570738625
2026-04-29,여성의류,6.25573,0.6216633591344037
2026-04-29,패션의류_앵커,10.06289,1.0
2026-04-29,패션잡화,8.85411,0.8798774507124694
2026-04-30,남성의류,2.59015,0.2911992103224704
2026-04-30,스포츠_레저,7.4137,0.8334897923161589
2026-04-30,여성의류,5.52164,0.6207737805474453
2026-04-30,패션의류_앵커,8.89477,1.0
2026-04-30,패션잡화,7.96268,0.8952092072082809
2026-05-01,남성의류,3.2003,0.2944223239519548
2026-05-01,스포츠_레저,8.11459,0.7465289022020726
2026-05-01,여성의류,6.75591,0.6215325821361282
2026-05-01,패션의류_앵커,10.86976,1.0
2026-05-01,패션잡화,9.30923,0.8564338127060763
2026-05-02,남성의류,3.33587,0.2988715724966514
2026-05-02,스포츠_레저,8.50094,0.7616271933557615
2026-05-02,여성의류,6.90306,0.6184678651262593
2026-05-02,패션의류_앵커,11.16155,1.0
2026-05-02,패션잡화,9.68869,0.8680416250431167
2026-05-03,남성의류,3.63461,0.3018147364505104
2026-05-03,스포츠_레저,9.65459,0.8017084464049054
2026-05-03,여성의류,7.33453,0.6090527563998233
2026-05-03,패션의류_앵커,12.04252,1.0
2026-05-03,패션잡화,10.5522,0.8762451712764437
2026-05-04,남성의류,3.10185,0.30919156749364296
2026-05-04,스포츠_레저,8.83117,0.8802886326233811
2026-05-04,여성의류,6.03885,0.6019509316565874
2026-05-04,패션의류_앵커,10.03213,1.0
2026-05-04,패션잡화,9.21783,0.9188307966503623
2026-05-05,남성의류,3.80154,0.3036342274401304
2026-05-05,스포츠_레저,10.02061,0.8003599004163694
2026-05-05,여성의류,7.62421,0.6089561370369158
2026-05-05,패션의류_앵커,12.52013,1.0
2026-05-05,패션잡화,10.93431,0.8733383758794837
2026-05-06,남성의류,3.16652,0.3060486388581215
2026-05-06,스포츠_레저,9.37365,0.9059765369024767
2026-05-06,여성의류,6.21494,0.6006827455960783
2026-05-06,패션의류_앵커,10.34646,1.0
2026-05-06,패션잡화,9.54788,0.9228161129507096
2026-05-07,남성의류,3.06862,0.29532285027134764
2026-05-07,스포츠_레저,8.98309,0.8645292486668407
2026-05-07,여성의류,6.36648,0.6127076730893788
2026-05-07,패션의류_앵커,10.39073,1.0
2026-05-07,패션잡화,9.24628,0.8898585566172926
2026-05-08,남성의류,2.78999,0.2928379351387889
2026-05-08,스포츠_레저,8.07003,0.8470320401535778
2026-05-08,여성의류,5.89685,0.6189346118886331
2026-05-08,패션의류_앵커,9.52742,1.0
2026-05-08,패션잡화,8.64045,0.9069034429047949
2026-05-09,남성의류,3.23309,0.2839653208332345
2026-05-09,스포츠_레저,8.54376,0.7504064376562842
2026-05-09,여성의류,7.18764,0.6312971487443251
2026-05-09,패션의류_앵커,11.38551,1.0
2026-05-09,패션잡화,9.69662,0.8516632105193355
2026-05-10,남성의류,3.78712,0.29465674393996566
2026-05-10,스포츠_레저,9.79192,0.7618600055241526
2026-05-10,여성의류,7.94348,0.6180421936332195
2026-05-10,패션의류_앵커,12.85265,1.0
2026-05-10,패션잡화,10.65174,0.8287582716404788
2026-05-11,남성의류,3.17103,0.2958428455875425
2026-05-11,스포츠_레저,9.52178,0.8883392747020842
2026-05-11,여성의류,6.58842,0.6146699718154279
2026-05-11,패션의류_앵커,10.71863,1.0
2026-05-11,패션잡화,9.37338,0.8744942217428906
2026-05-12,남성의류,3.12701,0.291342668940008
2026-05-12,스포츠_레저,9.10477,0.8482889379582786
2026-05-12,여성의류,6.63164,0.6178680903000997
2026-05-12,패션의류_앵커,10.7331,1.0
2026-05-12,패션잡화,9.17735,0.8550511967651471
2026-05-13,남성의류,3.22835,0.2859834576328842
2026-05-13,스포츠_레저,8.96125,0.7938325335582213
2026-05-13,여성의류,7.04414,0.624005300927751
2026-05-13,패션의류_앵커,11.28859,1.0
2026-05-13,패션잡화,9.34782,0.8280768457353842
2026-05-14,남성의류,3.15708,0.2820876638693906
2026-05-14,스포츠_레저,8.69638,0.7770286208523353
2026-05-14,여성의류,6.96777,0.6225759124504997
2026-05-14,패션의류_앵커,11.19184,1.0
2026-05-14,패션잡화,9.18038,0.8202744142160717
2026-05-15,남성의류,2.92235,0.27709639277359993
2026-05-15,스포츠_레저,7.95532,0.7543211714406813
2026-05-15,여성의류,6.60202,0.6260016517594273
2026-05-15,패션의류_앵커,10.54633,1.0
2026-05-15,패션잡화,8.7247,0.8272735634102101
2026-05-16,남성의류,3.36887,0.2756098379083277
2026-05-16,스포츠_레저,8.49766,0.6952000805017945
2026-05-16,여성의류,7.68477,0.628696926287681
2026-05-16,패션의류_앵커,12.22333,1.0
2026-05-16,패션잡화,9.8618,0.8068014199076684
2026-05-17,남성의류,3.9428,0.28605984272077534
2026-05-17,스포츠_레저,9.91308,0.7192183488075641
2026-05-17,여성의류,8.45333,0.6133098940516414
2026-05-17,패션의류_앵커,13.78313,1.0
2026-05-17,패션잡화,10.92557,0.7926769899144824
2026-05-18,남성의류,3.41588,0.2902788848684266
2026-05-18,스포츠_레저,9.59367,0.8152627813025277
2026-05-18,여성의류,7.12128,0.6051609591776729
2026-05-18,패션의류_앵커,11.76758,1.0
2026-05-18,패션잡화,9.65961,0.8208663123598905
2026-05-19,남성의류,3.20418,0.2819876016911265
2026-05-19,스포츠_레저,9.09172,0.8001274329304998
2026-05-19,여성의류,7.00348,0.6163494337683184
2026-05-19,패션의류_앵커,11.36284,1.0
2026-05-19,패션잡화,9.3957,0.8268795477187041
2026-05-20,남성의류,3.07025,0.28248262689291653
2026-05-20,스포츠_레저,9.01378,0.8293253815275086
2026-05-20,여성의류,6.7002,0.6164612317263803
2026-05-20,패션의류_앵커,10.86881,1.0
2026-05-20,패션잡화,9.4247,0.8671326483764091
2026-05-21,남성의류,2.80769,0.2824080965926236
2026-05-21,스포츠_레저,8.31417,0.836270715231202
2026-05-21,여성의류,6.12906,0.6164840735629594
2026-05-21,패션의류_앵커,9.94196,1.0
2026-05-21,패션잡화,8.89417,0.8946093124494567
2026-05-22,남성의류,2.60308,0.27441224032839906
2026-05-22,스포츠_레저,7.56324,0.7973038218346578
2026-05-22,여성의류,5.92288,0.6243798769136055
2026-05-22,패션의류_앵커,9.48602,1.0
2026-05-22,패션잡화,8.43535,0.8892401660548892
2026-05-23,남성의류,2.98787,0.273058599572482
2026-05-23,스포츠_레저,7.93425,0.725103566640438
2026-05-23,여성의류,6.90322,0.6308787148506292
2026-05-23,패션의류_앵커,10.94223,1.0
2026-05-23,패션잡화,9.31239,0.8510504714304123
2026-05-24,남성의류,3.32266,0.2780052193018786
2026-05-24,스포츠_레저,8.84185,0.7397929515160491
2026-05-24,여성의류,7.48283,0.6260844609886886
2026-05-24,패션의류_앵커,11.95179,1.0
2026-05-24,패션잡화,10.15337,0.8495271419594889
2026-05-25,남성의류,3.63634,0.2820956599653232
2026-05-25,스포츠_레저,9.99785,0.7756013172542464
2026-05-25,여성의류,7.91443,0.6139762382228705
2026-05-25,패션의류_앵커,12.89045,1.0
2026-05-25,패션잡화,10.75757,0.8345379719094368
2026-05-26,남성의류,3.07597,0.282265376088329
2026-05-26,스포츠_레저,9.60172,0.8810986800569676
2026-05-26,여성의류,6.58797,0.6045429018191429
2026-05-26,패션의류_앵커,10.89744,1.0
2026-05-26,패션잡화,9.5188,0.8734895535098153
2026-05-27,남성의류,2.93805,0.27507204368122146
2026-05-27,스포츠_레저,8.91318,0.8344877174651859
2026-05-27,여성의류,6.55015,0.6132513561438889
2026-05-27,패션의류_앵커,10.68102,1.0
2026-05-27,패션잡화,9.08964,0.8510086115371003
2026-05-28,남성의류,2.82931,0.2699360105176689
2026-05-28,스포츠_레저,8.39637,0.801072565618557
2026-05-28,여성의류,6.48868,0.619065564652084
2026-05-28,패션의류_앵커,10.48141,1.0
2026-05-28,패션잡화,8.81759,0.8412599068255129
2026-05-29,남성의류,2.58729,0.2635101277580419
2026-05-29,스포츠_레저,7.65592,0.7797395952155918
2026-05-29,여성의류,6.17379,0.6287877244728352
2026-05-29,패션의류_앵커,9.81856,1.0
2026-05-29,패션잡화,8.30802,0.8461546295994525
2026-05-30,남성의류,3.00836,0.26179092996016173
2026-05-30,스포츠_레저,8.27055,0.7197127257981144
2026-05-30,여성의류,7.32166,0.6371392320906133
2026-05-30,패션의류_앵커,11.49146,1.0
2026-05-30,패션잡화,9.61914,0.8370685709213624
2026-05-31,남성의류,3.53643,0.27607179491983497
2026-05-31,스포츠_레저,9.73939,0.7603065460716857
2026-05-31,여성의류,7.92278,0.6184926876412002
2026-05-31,패션의류_앵커,12.80982,1.0
2026-05-31,패션잡화,10.56444,0.8247141646018444
2026-06-01,남성의류,2.95647,0.28182382329138106
2026-06-01,스포츠_레저,9.21945,0.8788388340296783
2026-06-01,여성의류,6.33436,0.6038192686900231
2026-06-01,패션의류_앵커,10.49049,1.0
2026-06-01,패션잡화,9.1729,0.8744014817229702
2026-06-02,남성의류,2.77245,0.2698460900567344
2026-06-02,스포츠_레저,8.64415,0.8413461304492129
2026-06-02,여성의류,6.36923,0.6199252690479735
2026-06-02,패션의류_앵커,10.27419,1.0
2026-06-02,패션잡화,8.88561,0.8648477398218253
2026-06-03,남성의류,3.30721,0.26421345365852883
2026-06-03,스포츠_레저,9.24131,0.7382895042737229
2026-06-03,여성의류,7.84219,0.6265136184718776
2026-06-03,패션의류_앵커,12.51719,1.0
2026-06-03,패션잡화,10.27308,0.8207177489516417
2026-06-04,남성의류,2.67389,0.26228004696516555
2026-06-04,스포츠_레저,8.38923,0.8228938506825545
2026-06-04,여성의류,6.35333,0.6231938078175225
2026-06-04,패션의류_앵커,10.19479,1.0
2026-06-04,패션잡화,8.79784,0.8629741269805461
2026-06-05,남성의류,2.51409,0.26131546944672535
2026-06-05,스포츠_레저,7.93645,0.8249176272490099
2026-06-05,여성의류,6.04646,0.6284713488343086
2026-06-05,패션의류_앵커,9.6209,1.0
2026-06-05,패션잡화,8.45239,0.8785446268020662
2026-06-06,남성의류,2.81712,0.2553659000879284
2026-06-06,스포츠_레저,8.31196,0.7534613885439233
2026-06-06,여성의류,7.06776,0.6406773208118421
2026-06-06,패션의류_앵커,11.0317,1.0
2026-06-06,패션잡화,9.4835,0.8596589827497121
2026-06-07,남성의류,3.10663,0.2616682389407365
2026-06-07,스포츠_레저,9.35587,0.7880352750918095
2026-06-07,여성의류,7.5037,0.6320289073818267
2026-06-07,패션의류_앵커,11.8724,1.0
2026-06-07,패션잡화,10.1907,0.8583521444695259
2026-06-08,남성의류,2.66539,0.26805053697801906
2026-06-08,스포츠_레저,9.02379,0.9074963720419446
2026-06-08,여성의류,6.20821,0.6243416626356022
2026-06-08,패션의류_앵커,9.94361,1.0
2026-06-08,패션잡화,8.86359,0.891385522963994
2026-06-09,남성의류,2.72043,0.2636124114688158
2026-06-09,스포츠_레저,8.96765,0.8689743318917694
2026-06-09,여성의류,6.50795,0.6306269204568689
2026-06-09,패션의류_앵커,10.31981,1.0
2026-06-09,패션잡화,9.12082,0.8838166594152411
2026-06-10,남성의류,2.71251,0.2597067741808855
2026-06-10,스포츠_레저,8.70939,0.8338725320766605
2026-06-10,여성의류,6.63595,0.6353529270401389
2026-06-10,패션의류_앵커,10.44451,1.0
2026-06-10,패션잡화,9.17771,0.8787113995773856
2026-06-11,남성의류,2.57441,0.25690945433897266
2026-06-11,스포츠_레저,8.37806,0.836076158428212
2026-06-11,여성의류,6.39769,0.6384480509825171
2026-06-11,패션의류_앵커,10.02069,1.0
2026-06-11,패션잡화,8.89439,0.8876025503233809
2026-06-12,남성의류,2.29403,0.24739318502158458
2026-06-12,스포츠_레저,7.40008,0.7980407233621739
2026-06-12,여성의류,6.00324,0.647402459448646
2026-06-12,패션의류_앵커,9.27281,1.0
2026-06-12,패션잡화,8.24195,0.8888298153418435
2026-06-13,남성의류,2.61555,0.25104114577384556
2026-06-13,스포츠_레저,7.90118,0.7583572404142124
2026-06-13,여성의류,6.73688,0.6466074340543689
2026-06-13,패션의류_앵커,10.41881,1.0
2026-06-13,패션잡화,9.08926,0.8723894571452977
2026-06-14,남성의류,3.11892,0.2603449930926256
2026-06-14,스포츠_레저,9.26019,0.7729740107429496
2026-06-14,여성의류,7.61385,0.6355493971176841
2026-06-14,패션의류_앵커,11.97995,1.0
2026-06-14,패션잡화,10.28286,0.858339141649172
2026-06-15,남성의류,2.75727,0.2660597200712125
2026-06-15,스포츠_레저,9.153,0.8832086149748875
2026-06-15,여성의류,6.48004,0.6252842951362252
2026-06-15,패션의류_앵커,10.36335,1.0
2026-06-15,패션잡화,9.33899,0.9011555143848273
2026-06-16,남성의류,2.73867,0.2599966962485332
2026-06-16,스포츠_레저,8.88771,0.8437581881771266
2026-06-16,여성의류,6.63397,0.6297985091346828
2026-06-16,패션의류_앵커,10.53348,1.0
2026-06-16,패션잡화,9.26798,0.8798592677823472
2026-06-17,남성의류,2.71636,0.2559100702717318
2026-06-17,스포츠_레저,8.73464,0.8228962052887981
2026-06-17,여성의류,6.70572,0.6317503116017603
2026-06-17,패션의류_앵커,10.61451,1.0
2026-06-17,패션잡화,9.30491,0.8766217187604515
2026-06-18,남성의류,2.5417,0.24966528918719547
2026-06-18,스포츠_레저,8.22526,0.8079481907935128
2026-06-18,여성의류,6.47596,0.6361185136580675
2026-06-18,패션의류_앵커,10.18043,1.0
2026-06-18,패션잡화,8.91819,0.8760130957140317
2026-06-19,남성의류,2.31338,0.24313362796050386
2026-06-19,스포츠_레저,7.4413,0.7820722344545632
2026-06-19,여성의류,6.10619,0.6417536797742477
2026-06-19,패션의류_앵커,9.51485,1.0
2026-06-19,패션잡화,8.31279,0.873664850207833
2026-06-20,남성의류,2.61945,0.24718695031820206
2026-06-20,스포츠_레저,7.91238,0.7466594445241312
2026-06-20,여성의류,6.83702,0.6451820508368374
2026-06-20,패션의류_앵커,10.59704,1.0
2026-06-20,패션잡화,9.36603,0.8838345424760122
2026-06-21,남성의류,3.01659,0.25931093173788583
2026-06-21,스포츠_레저,8.81795,0.7580051748888945
2026-06-21,여성의류,7.31536,0.6288401200024069
2026-06-21,패션의류_앵커,11.6331,1.0
2026-06-21,패션잡화,10.17472,0.8746353078715046
2026-06-22,남성의류,2.57652,0.26322365510766393
2026-06-22,스포츠_레저,8.82731,0.90181982013275
2026-06-22,여성의류,6.10334,0.6235323083712953
2026-06-22,패션의류_앵커,9.78833,1.0
2026-06-22,패션잡화,9.06827,0.9264368896430749
2026-06-23,남성의류,2.47054,0.25790617607696664
2026-06-23,스포츠_레저,8.4504,0.8821595077678559
2026-06-23,여성의류,6.05109,0.6316892189551968
2026-06-23,패션의류_앵커,9.57922,1.0
2026-06-23,패션잡화,8.74274,0.9126776501635833
2026-06-24,남성의류,2.44561,0.2529286381354346
2026-06-24,스포츠_레저,8.22771,0.8509220543231736
2026-06-24,여성의류,6.2148,0.6427438963220216
2026-06-24,패션의류_앵커,9.66917,1.0
2026-06-24,패션잡화,8.80145,0.9102591018670684
2026-06-25,남성의류,2.18989,0.24341901965012594
2026-06-25,스포츠_레저,7.48548,0.8320546708787312
2026-06-25,여성의류,5.84407,0.6496023956302424
2026-06-25,패션의류_앵커,8.99638,1.0
2026-06-25,패션잡화,8.21084,0.912682656801958
2026-06-26,남성의류,2.06472,0.24564822448986876
2026-06-26,스포츠_레저,7.11464,0.8464579622828277
2026-06-26,여성의류,5.43799,0.6469800206777004
2026-06-26,패션의류_앵커,8.40519,1.0
2026-06-26,패션잡화,8.06645,0.9596987099637249
2026-06-27,남성의류,2.38378,0.2457234098918985
2026-06-27,스포츠_레저,7.52425,0.7756103192740595
2026-06-27,여성의류,6.33023,0.6525290509191255
2026-06-27,패션의류_앵커,9.70107,1.0
2026-06-27,패션잡화,9.05866,0.9337794696873644
2026-06-28,남성의류,2.79264,0.25419456901958176
2026-06-28,스포츠_레저,8.71688,0.7934368750699738
2026-06-28,여성의류,7.04683,0.641423855135019
2026-06-28,패션의류_앵커,10.98623,1.0
2026-06-28,패션잡화,10.06592,0.9162305904755316
2026-06-29,남성의류,2.45035,0.2581176953908871
2026-06-29,스포츠_레저,8.74554,0.9212474257754275
2026-06-29,여성의류,6.00952,0.633037505991162
2026-06-29,패션의류_앵커,9.49315,1.0
2026-06-29,패션잡화,9.11732,0.9604104011840116
2026-06-30,남성의류,2.6075,0.2589742138158646
2026-06-30,스포츠_레저,9.03411,0.8972584984759505
2026-06-30,여성의류,6.36063,0.6317312190311037
2026-06-30,패션의류_앵커,10.06857,1.0
2026-06-30,패션잡화,9.70364,0.9637555283421579
2026-07-01,남성의류,2.58622,0.25758496293920674
2026-07-01,스포츠_레저,8.842,0.8806544850432161
2026-07-01,여성의류,6.32444,0.6299079904305267
2026-07-01,패션의류_앵커,10.04026,1.0
2026-07-01,패션잡화,9.63753,0.9598884889435134
2026-07-02,남성의류,2.44531,0.24949189687751247
2026-07-02,스포츠_레저,8.52121,0.8694083149341507
2026-07-02,여성의류,6.24796,0.6374714829673223
2026-07-02,패션의류_앵커,9.80116,1.0
2026-07-02,패션잡화,9.22457,0.9411712491174514
2026-07-03,남성의류,2.36662,0.2504505553233257
2026-07-03,스포츠_레저,8.14954,0.8624353798369216
2026-07-03,여성의류,6.04269,0.6394753133780273
2026-07-03,패션의류_앵커,9.44945,1.0
2026-07-03,패션잡화,9.01835,0.9543782971495695
2026-07-04,남성의류,2.75621,0.24908678151258984
2026-07-04,스포츠_레저,8.74953,0.7907206879910639
2026-07-04,여성의류,7.12085,0.6435320995620527
2026-07-04,패션의류_앵커,11.06526,1.0
2026-07-04,패션잡화,10.22997,0.9245123928402947
2026-07-05,남성의류,3.4193,0.2601913939678027
2026-07-05,스포츠_레저,10.50341,0.799256248154698
2026-07-05,여성의류,8.25012,0.6277923034544055
2026-07-05,패션의류_앵커,13.14148,1.0
2026-07-05,패션잡화,11.94305,0.9088055531036078
2026-07-06,남성의류,2.73589,0.26270613562557493
2026-07-06,스포츠_레저,9.38853,0.9015071642152201
2026-07-06,여성의류,6.45802,0.6201131909516374
2026-07-06,패션의류_앵커,10.41426,1.0
2026-07-06,패션잡화,9.81696,0.9426459489200384
2026-07-07,남성의류,2.84999,0.25983999270622027
2026-07-07,스포츠_레저,9.42622,0.8594096596995876
2026-07-07,여성의류,6.8188,0.6216853189888999
2026-07-07,패션의류_앵커,10.96825,1.0
2026-07-07,패션잡화,10.03165,0.9146080733024868
2026-07-08,남성의류,2.77052,0.2556176898527752
2026-07-08,스포츠_레저,9.09844,0.8394533206993937
2026-07-08,여성의류,6.77777,0.6253403367430823
2026-07-08,패션의류_앵커,10.83853,1.0
2026-07-08,패션잡화,9.9949,0.9221637989653577
2026-07-09,남성의류,2.60736,0.2518565456273617
2026-07-09,스포츠_레저,8.5637,0.8272060244036258
2026-07-09,여성의류,6.54664,0.632369191774788
2026-07-09,패션의류_앵커,10.35256,1.0
2026-07-09,패션잡화,9.69327,0.9363162348250095
2026-07-10,남성의류,2.24433,0.24901087098828578
2026-07-10,스포츠_레저,7.4349,0.8249102960397116
2026-07-10,여성의류,5.74073,0.636940279463618
2026-07-10,패션의류_앵커,9.01298,1.0
2026-07-10,패션잡화,8.32806,0.924007376028794
2026-07-11,남성의류,2.51896,0.24507673971736432
2026-07-11,스포츠_레저,7.774,0.7563544377690755
2026-07-11,여성의류,6.6044,0.642560747208912
2026-07-11,패션의류_앵커,10.27825,1.0
2026-07-11,패션잡화,9.04586,0.8800972928270863
2026-07-12,남성의류,3.20573,0.2553516040075895
2026-07-12,스포츠_레저,9.66433,0.7698097366773456
2026-07-12,여성의류,7.85593,0.6257620967677697
2026-07-12,패션의류_앵커,12.55418,1.0
2026-07-12,패션잡화,10.63967,0.847500195154124
2026-07-13,남성의류,2.62883,0.26162276314990685
2026-07-13,스포츠_레저,8.98068,0.8937627448580188
2026-07-13,여성의류,6.16988,0.614030216447373
2026-07-13,패션의류_앵커,10.04817,1.0
2026-07-13,패션잡화,8.93926,0.8896406012239044
2026-07-14,남성의류,2.50972,0.25609596813035207
2026-07-14,스포츠_레저,8.5654,0.8740275430819844
2026-07-14,여성의류,6.12942,0.6254561261724585
2026-07-14,패션의류_앵커,9.79992,1.0
2026-07-14,패션잡화,8.73566,0.891401154295137
2026-07-15,남성의류,2.40561,0.25608023019021775
2026-07-15,스포츠_레저,8.04272,0.8561577267119226
2026-07-15,여성의류,5.91477,0.6296347550609593
2026-07-15,패션의류_앵커,9.39397,1.0
2026-07-15,패션잡화,8.46312,0.9009098389711698
2026-07-16,남성의류,2.12545,0.243246614724005
2026-07-16,스포츠_레저,7.36006,0.8423202988381567
2026-07-16,여성의류,5.58468,0.6391373611785063
2026-07-16,패션의류_앵커,8.73784,1.0
2026-07-16,패션잡화,7.87065,0.9007546487461432
2026-07-17,남성의류,2.40558,0.24437985657700784
2026-07-17,스포츠_레저,7.70895,0.7831425665990424
2026-07-17,여성의류,6.33762,0.6438308709914351
2026-07-17,패션의류_앵커,9.84361,1.0
2026-07-17,패션잡화,8.72862,0.8867295636458575
2026-07-18,남성의류,2.50511,0.25189136467843787
2026-07-18,스포츠_레저,8.00812,0.8052246309777581
2026-07-18,여성의류,6.3418,0.6376744560189841
2026-07-18,패션의류_앵커,9.9452,1.0
2026-07-18,패션잡화,9.05938,0.9109298958291439
2026-07-19,남성의류,2.8677,0.2645504109816511
2026-07-19,스포츠_레저,8.86649,0.8179494275777452
2026-07-19,여성의류,6.73781,0.6215749222778808
2026-07-19,패션의류_앵커,10.8399,1.0
2026-07-19,패션잡화,9.54009,0.8800902222345224
2026-07-20,남성의류,2.38346,0.26573978582139884
2026-07-20,스포츠_레저,8.59918,0.9587508292313095
2026-07-20,여성의류,5.53221,0.6168042679629618
2026-07-20,패션의류_앵커,8.96915,1.0
2026-07-20,패션잡화,8.56728,0.9551941934297006
2026-07-21,남성의류,2.40859,0.2658320613383043
2026-07-21,스포츠_레저,8.55402,0.9440929213062753
2026-07-21,여성의류,5.60129,0.6182050356655265
2026-07-21,패션의류_앵커,9.06057,1.0
2026-07-21,패션잡화,8.58993,0.9480562481168404
2026-07-22,남성의류,2.49529,0.2605396668612221
2026-07-22,스포츠_레저,8.64759,0.9029171830738855
2026-07-22,여성의류,5.93991,0.6202013283368434
2026-07-22,패션의류_앵커,9.57739,1.0
2026-07-22,패션잡화,8.79721,0.9185393933002625
2026-07-23,남성의류,2.4823,0.25520212197228276
2026-07-23,스포츠_레저,8.58296,0.882403256980713
2026-07-23,여성의류,6.1042,0.6275650779290207
2026-07-23,패션의류_앵커,9.7268,1.0
2026-07-23,패션잡화,8.82161,0.9069385615001849
2026-07-24,남성의류,2.35866,0.25378417811137555
2026-07-24,스포츠_레저,8.09447,0.8709387602270722
2026-07-24,여성의류,5.81759,0.6259538452930721
2026-07-24,패션의류_앵커,9.29396,1.0
2026-07-24,패션잡화,8.40573,0.9044293282949356
2026-07-25,남성의류,2.63256,0.2567842661404619
2026-07-25,스포츠_레저,8.30996,0.8105672730181243
2026-07-25,여성의류,6.43687,0.6278629695777325
2026-07-25,패션의류_앵커,10.25203,1.0
2026-07-25,패션잡화,9.14072,0.8916009804887423
2026-07-26,남성의류,3.0614,0.2651288144635242
2026-07-26,스포츠_레저,9.60861,0.8321419539891435
2026-07-26,여성의류,7.1142,0.6161166171870399
2026-07-26,패션의류_앵커,11.54684,1.0
2026-07-26,패션잡화,10.00678,0.8666249813801871
2026-07-27,남성의류,2.54311,0.2604201974110662
2026-07-27,스포츠_레저,9.00271,0.921897800501976
2026-07-27,여성의류,6.0997,0.624623031700666
2026-07-27,패션의류_앵커,9.76541,1.0
2026-07-27,패션잡화,8.7335,0.894330089571252
2026-07-28,남성의류,2.40733,0.25289709749228123
2026-07-28,스포츠_레저,8.47932,0.8907775073248163
2026-07-28,여성의류,6.02359,0.6327958474673312
2026-07-28,패션의류_앵커,9.51901,1.0
2026-07-28,패션잡화,8.36045,0.878289864177052
2026-07-29,남성의류,2.31061,0.24903779309452856
2026-07-29,스포츠_레저,8.07571,0.8704008881080819
2026-07-29,여성의류,5.91546,0.6375689119059296
2026-07-29,패션의류_앵커,9.27815,1.0
2026-07-29,패션잡화,8.19402,0.8831523525702861
2026-07-30,남성의류,2.16745,0.24507714313174545
2026-07-30,스포츠_레저,7.64548,0.8644870222016181
2026-07-30,여성의류,5.66923,0.6410291781387276
2026-07-30,패션의류_앵커,8.84395,1.0
2026-07-30,패션잡화,7.93388,0.89709688544146
2026-07-31,남성의류,2.00999,0.24103402913768152
2026-07-31,스포츠_레저,7.10316,0.851796911631209
2026-07-31,여성의류,5.38833,0.64615788646881
2026-07-31,패션의류_앵커,8.33903,1.0
2026-07-31,패션잡화,7.62156,0.9139624152929058
