tm_fc,tm_ef,ta_min,ta_max
202301010600,202301040000,-7.0,2.0
202301010600,202301050000,-5.0,3.0
202301010600,202301060000,-3.0,5.0
202301010600,202301070000,-1.0,2.0
202301010600,202301080000,-5.0,3.0
202301010600,202301090000,-3.0,4.0
202301010600,202301100000,-2.0,3.0
202301010600,202301110000,-3.0,3.0
202301011800,202301040000,-7.0,1.0
202301011800,202301050000,-5.0,3.0
202301011800,202301060000,-3.0,5.0
202301011800,202301070000,-1.0,2.0
202301011800,202301080000,-5.0,3.0
202301011800,202301090000,-3.0,4.0
202301011800,202301100000,-3.0,3.0
202301011800,202301110000,-3.0,3.0
202301020600,202301050000,-5.0,3.0
202301020600,202301060000,-4.0,5.0
202301020600,202301070000,0.0,3.0
202301020600,202301080000,-4.0,5.0
202301020600,202301090000,-3.0,3.0
202301020600,202301100000,-5.0,3.0
202301020600,202301110000,-4.0,4.0
202301020600,202301120000,-2.0,5.0
202301021800,202301050000,-6.0,2.0
202301021800,202301060000,-5.0,4.0
202301021800,202301070000,0.0,3.0
202301021800,202301080000,-4.0,5.0
202301021800,202301090000,-4.0,3.0
202301021800,202301100000,-5.0,3.0
202301021800,202301110000,-3.0,4.0
202301021800,202301120000,-2.0,4.0
202301030600,202301060000,-5.0,4.0
202301030600,202301070000,0.0,3.0
202301030600,202301080000,-4.0,5.0
202301030600,202301090000,-3.0,3.0
202301030600,202301100000,-5.0,3.0
202301030600,202301110000,-3.0,4.0
202301030600,202301120000,-2.0,4.0
202301030600,202301130000,-1.0,5.0
202301031800,202301060000,-4.0,4.0
202301031800,202301070000,0.0,3.0
202301031800,202301080000,-4.0,5.0
202301031800,202301090000,-2.0,3.0
202301031800,202301100000,-5.0,4.0
202301031800,202301110000,-3.0,5.0
202301031800,202301120000,-2.0,5.0
202301031800,202301130000,-1.0,5.0
202301040600,202301070000,0.0,3.0
202301040600,202301080000,-4.0,5.0
202301040600,202301090000,-1.0,4.0
202301040600,202301100000,-4.0,4.0
202301040600,202301110000,-3.0,5.0
202301040600,202301120000,-2.0,6.0
202301040600,202301130000,-1.0,6.0
202301040600,202301140000,2.0,7.0
202301041800,202301070000,0.0,3.0
202301041800,202301080000,-4.0,4.0
202301041800,202301090000,-1.0,5.0
202301041800,202301100000,-4.0,5.0
202301041800,202301110000,-3.0,6.0
202301041800,202301120000,-2.0,7.0
202301041800,202301130000,0.0,6.0
202301041800,202301140000,2.0,7.0
202301050600,202301080000,-4.0,4.0
202301050600,202301090000,-1.0,5.0
202301050600,202301100000,-2.0,5.0
202301050600,202301110000,-3.0,6.0
202301050600,202301120000,-2.0,7.0
202301050600,202301130000,0.0,6.0
202301050600,202301140000,2.0,7.0
202301050600,202301150000,1.0,4.0
202301051800,202301080000,-4.0,4.0
202301051800,202301090000,0.0,5.0
202301051800,202301100000,-2.0,5.0
202301051800,202301110000,-3.0,6.0
202301051800,202301120000,-2.0,7.0
202301051800,202301130000,0.0,7.0
202301051800,202301140000,3.0,7.0
202301051800,202301150000,1.0,4.0
202301060600,202301090000,1.0,5.0
202301060600,202301100000,-3.0,6.0
202301060600,202301110000,-3.0,7.0
202301060600,202301120000,-1.0,8.0
202301060600,202301130000,1.0,7.0
202301060600,202301140000,3.0,7.0
202301060600,202301150000,1.0,4.0
202301060600,202301160000,-2.0,2.0
202301061800,202301090000,1.0,5.0
202301061800,202301100000,-3.0,6.0
202301061800,202301110000,-3.0,7.0
202301061800,202301120000,-1.0,8.0
202301061800,202301130000,3.0,9.0
202301061800,202301140000,3.0,7.0
202301061800,202301150000,0.0,4.0
202301061800,202301160000,-3.0,1.0
202301070600,202301100000,-3.0,7.0
202301070600,202301110000,-2.0,7.0
202301070600,202301120000,0.0,10.0
202301070600,202301130000,5.0,11.0
202301070600,202301140000,5.0,7.0
202301070600,202301150000,-1.0,3.0
202301070600,202301160000,-5.0,0.0
202301070600,202301170000,-7.0,-1.0
202301071800,202301100000,-3.0,6.0
202301071800,202301110000,-2.0,7.0
202301071800,202301120000,0.0,10.0
202301071800,202301130000,5.0,11.0
202301071800,202301140000,5.0,7.0
202301071800,202301150000,-1.0,3.0
202301071800,202301160000,-5.0,0.0
202301071800,202301170000,-7.0,-1.0
202301080600,202301110000,-2.0,7.0
202301080600,202301120000,0.0,10.0
202301080600,202301130000,6.0,11.0
202301080600,202301140000,5.0,7.0
202301080600,202301150000,0.0,3.0
202301080600,202301160000,-5.0,0.0
202301080600,202301170000,-7.0,0.0
202301080600,202301180000,-5.0,2.0
202301081800,202301110000,-2.0,7.0
202301081800,202301120000,1.0,11.0
202301081800,202301130000,7.0,11.0
202301081800,202301140000,5.0,8.0
202301081800,202301150000,-1.0,2.0
202301081800,202301160000,-5.0,0.0
202301081800,202301170000,-7.0,0.0
202301081800,202301180000,-6.0,1.0
202301090600,202301120000,1.0,11.0
202301090600,202301130000,7.0,11.0
202301090600,202301140000,5.0,8.0
202301090600,202301150000,-1.0,2.0
202301090600,202301160000,-5.0,0.0
202301090600,202301170000,-7.0,0.0
202301090600,202301180000,-6.0,1.0
202301090600,202301190000,-3.0,3.0
202301091800,202301120000,1.0,11.0
202301091800,202301130000,8.0,11.0
202301091800,202301140000,5.0,8.0
202301091800,202301150000,-1.0,2.0
202301091800,202301160000,-5.0,0.0
202301091800,202301170000,-7.0,1.0
202301091800,202301180000,-5.0,2.0
202301091800,202301190000,-5.0,1.0
202301100600,202301130000,8.0,11.0
202301100600,202301140000,5.0,8.0
202301100600,202301150000,-1.0,2.0
202301100600,202301160000,-4.0,0.0
202301100600,202301170000,-7.0,1.0
202301100600,202301180000,-5.0,2.0
202301100600,202301190000,-5.0,2.0
202301100600,202301200000,-8.0,-2.0
202301101800,202301130000,8.0,12.0
202301101800,202301140000,5.0,7.0
202301101800,202301150000,0.0,2.0
202301101800,202301160000,-4.0,0.0
202301101800,202301170000,-7.0,0.0
202301101800,202301180000,-6.0,2.0
202301101800,202301190000,-5.0,1.0
202301101800,202301200000,-7.0,0.0
202301110600,202301140000,5.0,7.0
202301110600,202301150000,0.0,2.0
202301110600,202301160000,-4.0,0.0
202301110600,202301170000,-7.0,0.0
202301110600,202301180000,-6.0,2.0
202301110600,202301190000,-5.0,1.0
202301110600,202301200000,-7.0,0.0
202301110600,202301210000,-5.0,0.0
202301111800,202301140000,6.0,7.0
202301111800,202301150000,0.0,2.0
202301111800,202301160000,-4.0,1.0
202301111800,202301170000,-7.0,0.0
202301111800,202301180000,-6.0,2.0
202301111800,202301190000,-5.0,1.0
202301111800,202301200000,-7.0,0.0
202301111800,202301210000,-5.0,0.0
202301120600,202301150000,0.0,3.0
202301120600,202301160000,-5.0,2.0
202301120600,202301170000,-7.0,1.0
202301120600,202301180000,-4.0,2.0
202301120600,202301190000,-5.0,3.0
202301120600,202301200000,-6.0,-1.0
202301120600,202301210000,-8.0,-1.0
202301120600,202301220000,-5.0,2.0
202301121800,202301150000,-1.0,2.0
202301121800,202301160000,-5.0,2.0
202301121800,202301170000,-7.0,1.0
202301121800,202301180000,-4.0,2.0
202301121800,202301190000,-5.0,3.0
202301121800,202301200000,-6.0,-1.0
202301121800,202301210000,-8.0,-1.0
202301121800,202301220000,-5.0,2.0
202301130600,202301160000,-5.0,1.0
202301130600,202301170000,-8.0,2.0
202301130600,202301180000,-4.0,3.0
202301130600,202301190000,-5.0,4.0
202301130600,202301200000,-7.0,-2.0
202301130600,202301210000,-9.0,-2.0
202301130600,202301220000,-6.0,2.0
202301130600,202301230000,-6.0,-1.0
202301131800,202301160000,-6.0,1.0
202301131800,202301170000,-8.0,1.0
202301131800,202301180000,-4.0,2.0
202301131800,202301190000,-4.0,3.0
202301131800,202301200000,-8.0,-4.0
202301131800,202301210000,-10.0,-1.0
202301131800,202301220000,-6.0,2.0
202301131800,202301230000,-8.0,-1.0
202301140600,202301170000,-8.0,2.0
202301140600,202301180000,-4.0,3.0
202301140600,202301190000,-5.0,4.0
202301140600,202301200000,-6.0,-3.0
202301140600,202301210000,-9.0,-1.0
202301140600,202301220000,-5.0,3.0
202301140600,202301230000,-7.0,-2.0
202301140600,202301240000,-10.0,-2.0
202301141800,202301170000,-8.0,1.0
202301141800,202301180000,-4.0,2.0
202301141800,202301190000,-5.0,3.0
202301141800,202301200000,-6.0,-3.0
202301141800,202301210000,-9.0,-1.0
202301141800,202301220000,-5.0,2.0
202301141800,202301230000,-8.0,-2.0
202301141800,202301240000,-11.0,-3.0
202301150600,202301180000,-4.0,2.0
202301150600,202301190000,-5.0,3.0
202301150600,202301200000,-6.0,-3.0
202301150600,202301210000,-9.0,-1.0
202301150600,202301220000,-5.0,2.0
202301150600,202301230000,-8.0,-2.0
202301150600,202301240000,-11.0,-4.0
202301150600,202301250000,-10.0,-2.0
202301151800,202301180000,-4.0,3.0
202301151800,202301190000,-5.0,4.0
202301151800,202301200000,-7.0,-3.0
202301151800,202301210000,-9.0,-1.0
202301151800,202301220000,-5.0,2.0
202301151800,202301230000,-8.0,-2.0
202301151800,202301240000,-11.0,-5.0
202301151800,202301250000,-11.0,-3.0
202301160600,202301190000,-5.0,4.0
202301160600,202301200000,-7.0,-3.0
202301160600,202301210000,-9.0,-1.0
202301160600,202301220000,-5.0,2.0
202301160600,202301230000,-8.0,-2.0
202301160600,202301240000,-11.0,-5.0
202301160600,202301250000,-11.0,-3.0
202301160600,202301260000,-8.0,0.0
202301161800,202301190000,-6.0,3.0
202301161800,202301200000,-5.0,-1.0
202301161800,202301210000,-10.0,-2.0
202301161800,202301220000,-6.0,2.0
202301161800,202301230000,-7.0,-3.0
202301161800,202301240000,-12.0,-6.0
202301161800,202301250000,-11.0,-3.0
202301161800,202301260000,-8.0,0.0
202301170600,202301200000,-5.0,-1.0
202301170600,202301210000,-10.0,-2.0
202301170600,202301220000,-6.0,2.0
202301170600,202301230000,-7.0,-3.0
202301170600,202301240000,-12.0,-6.0
202301170600,202301250000,-12.0,-4.0
202301170600,202301260000,-7.0,0.0
202301170600,202301270000,-5.0,0.0
202301171800,202301200000,-4.0,-2.0
202301171800,202301210000,-11.0,-2.0
202301171800,202301220000,-5.0,1.0
202301171800,202301230000,-6.0,-2.0
202301171800,202301240000,-13.0,-7.0
202301171800,202301250000,-12.0,-4.0
202301171800,202301260000,-7.0,0.0
202301171800,202301270000,-7.0,-1.0
202301180600,202301210000,-10.0,-1.0
202301180600,202301220000,-5.0,3.0
202301180600,202301230000,-4.0,-1.0
202301180600,202301240000,-14.0,-8.0
202301180600,202301250000,-13.0,-5.0
202301180600,202301260000,-8.0,-1.0
202301180600,202301270000,-7.0,-2.0
202301180600,202301280000,-9.0,-1.0
202301181800,202301210000,-10.0,-1.0
202301181800,202301220000,-5.0,3.0
202301181800,202301230000,-4.0,-1.0
202301181800,202301240000,-16.0,-9.0
202301181800,202301250000,-15.0,-6.0
202301181800,202301260000,-10.0,-2.0
202301181800,202301270000,-8.0,-2.0
202301181800,202301280000,-10.0,-2.0
202301190600,202301220000,-4.0,2.0
202301190600,202301230000,-3.0,-1.0
202301190600,202301240000,-17.0,-10.0
202301190600,202301250000,-16.0,-6.0
202301190600,202301260000,-11.0,-3.0
202301190600,202301270000,-10.0,-3.0
202301190600,202301280000,-11.0,-2.0
202301190600,202301290000,-9.0,-1.0
202301191800,202301220000,-4.0,2.0
202301191800,202301230000,-3.0,-1.0
202301191800,202301240000,-17.0,-10.0
202301191800,202301250000,-16.0,-6.0
202301191800,202301260000,-11.0,-2.0
202301191800,202301270000,-9.0,-3.0
202301191800,202301280000,-11.0,-2.0
202301191800,202301290000,-9.0,-1.0
202301200600,202301230000,-3.0,-1.0
202301200600,202301240000,-17.0,-10.0
202301200600,202301250000,-16.0,-6.0
202301200600,202301260000,-11.0,-2.0
202301200600,202301270000,-9.0,-3.0
202301200600,202301280000,-11.0,-2.0
202301200600,202301290000,-9.0,-1.0
202301200600,202301300000,-7.0,1.0
202301201800,202301230000,-2.0,3.0
202301201800,202301240000,-17.0,-12.0
202301201800,202301250000,-16.0,-6.0
202301201800,202301260000,-9.0,-1.0
202301201800,202301270000,-7.0,-2.0
202301201800,202301280000,-9.0,-2.0
202301201800,202301290000,-8.0,0.0
202301201800,202301300000,-7.0,0.0
202301210600,202301240000,-17.0,-12.0
202301210600,202301250000,-16.0,-6.0
202301210600,202301260000,-8.0,0.0
202301210600,202301270000,-6.0,-2.0
202301210600,202301280000,-10.0,-3.0
202301210600,202301290000,-9.0,-1.0
202301210600,202301300000,-8.0,0.0
202301210600,202301310000,-8.0,0.0
202301211800,202301240000,-16.0,-12.0
202301211800,202301250000,-17.0,-6.0
202301211800,202301260000,-7.0,0.0
202301211800,202301270000,-8.0,-3.0
202301211800,202301280000,-11.0,-4.0
202301211800,202301290000,-11.0,-2.0
202301211800,202301300000,-9.0,0.0
202301211800,202301310000,-7.0,1.0
202301220600,202301250000,-17.0,-6.0
202301220600,202301260000,-7.0,0.0
202301220600,202301270000,-8.0,-3.0
202301220600,202301280000,-11.0,-4.0
202301220600,202301290000,-10.0,0.0
202301220600,202301300000,-8.0,0.0
202301220600,202301310000,-7.0,1.0
202301220600,202302010000,-5.0,2.0
202301221800,202301250000,-17.0,-6.0
202301221800,202301260000,-7.0,-1.0
202301221800,202301270000,-9.0,-4.0
202301221800,202301280000,-12.0,-3.0
202301221800,202301290000,-8.0,1.0
202301221800,202301300000,-6.0,2.0
202301221800,202301310000,-6.0,2.0
202301221800,202302010000,-4.0,3.0
202301230600,202301260000,-7.0,-1.0
202301230600,202301270000,-9.0,-4.0
202301230600,202301280000,-12.0,-3.0
202301230600,202301290000,-8.0,1.0
202301230600,202301300000,-6.0,1.0
202301230600,202301310000,-6.0,2.0
202301230600,202302010000,-4.0,3.0
202301230600,202302020000,-5.0,1.0
202301231800,202301260000,-7.0,-1.0
202301231800,202301270000,-9.0,-4.0
202301231800,202301280000,-12.0,-3.0
202301231800,202301290000,-8.0,1.0
202301231800,202301300000,-7.0,1.0
202301231800,202301310000,-6.0,2.0
202301231800,202302010000,-4.0,3.0
202301231800,202302020000,-5.0,1.0
202301240600,202301270000,-8.0,-5.0
202301240600,202301280000,-12.0,-2.0
202301240600,202301290000,-7.0,2.0
202301240600,202301300000,-8.0,-1.0
202301240600,202301310000,-8.0,3.0
202301240600,202302010000,-3.0,2.0
202301240600,202302020000,-6.0,1.0
202301240600,202302030000,-8.0,1.0
202301241800,202301270000,-8.0,-5.0
202301241800,202301280000,-12.0,-2.0
202301241800,202301290000,-7.0,2.0
202301241800,202301300000,-8.0,-1.0
202301241800,202301310000,-8.0,3.0
202301241800,202302010000,-3.0,2.0
202301241800,202302020000,-6.0,1.0
202301241800,202302030000,-8.0,1.0
202301250600,202301280000,-12.0,-2.0
202301250600,202301290000,-7.0,2.0
202301250600,202301300000,-7.0,0.0
202301250600,202301310000,-8.0,3.0
202301250600,202302010000,-3.0,2.0
202301250600,202302020000,-6.0,0.0
202301250600,202302030000,-8.0,1.0
202301250600,202302040000,-6.0,3.0
202301251800,202301280000,-12.0,-3.0
202301251800,202301290000,-7.0,2.0
202301251800,202301300000,-7.0,0.0
202301251800,202301310000,-8.0,3.0
202301251800,202302010000,-3.0,2.0
202301251800,202302020000,-6.0,0.0
202301251800,202302030000,-8.0,1.0
202301251800,202302040000,-6.0,3.0
202301260600,202301290000,-8.0,4.0
202301260600,202301300000,-6.0,1.0
202301260600,202301310000,-7.0,4.0
202301260600,202302010000,-2.0,2.0
202301260600,202302020000,-8.0,-1.0
202301260600,202302030000,-8.0,0.0
202301260600,202302040000,-5.0,2.0
202301260600,202302050000,-5.0,2.0
202301261800,202301290000,-8.0,3.0
202301261800,202301300000,-7.0,1.0
202301261800,202301310000,-6.0,4.0
202301261800,202302010000,-2.0,2.0
202301261800,202302020000,-8.0,-1.0
202301261800,202302030000,-8.0,0.0
202301261800,202302040000,-5.0,3.0
202301261800,202302050000,-5.0,2.0
202301270600,202301300000,-7.0,1.0
202301270600,202301310000,-6.0,4.0
202301270600,202302010000,-2.0,2.0
202301270600,202302020000,-8.0,-1.0
202301270600,202302030000,-8.0,0.0
202301270600,202302040000,-5.0,3.0
202301270600,202302050000,-5.0,2.0
202301270600,202302060000,-5.0,4.0
202301271800,202301300000,-7.0,1.0
202301271800,202301310000,-5.0,5.0
202301271800,202302010000,-1.0,2.0
202301271800,202302020000,-8.0,0.0
202301271800,202302030000,-7.0,1.0
202301271800,202302040000,-4.0,3.0
202301271800,202302050000,-5.0,3.0
202301271800,202302060000,-4.0,3.0
202301280600,202301310000,-5.0,5.0
202301280600,202302010000,-1.0,2.0
202301280600,202302020000,-8.0,0.0
202301280600,202302030000,-7.0,1.0
202301280600,202302040000,-4.0,3.0
202301280600,202302050000,-5.0,3.0
202301280600,202302060000,-4.0,3.0
202301280600,202302070000,-4.0,3.0
202301281800,202301310000,-4.0,6.0
202301281800,202302010000,1.0,2.0
202301281800,202302020000,-7.0,1.0
202301281800,202302030000,-6.0,1.0
202301281800,202302040000,-4.0,3.0
202301281800,202302050000,-5.0,1.0
202301281800,202302060000,-5.0,2.0
202301281800,202302070000,-4.0,3.0
202301290600,202302010000,1.0,2.0
202301290600,202302020000,-7.0,1.0
202301290600,202302030000,-6.0,1.0
202301290600,202302040000,-4.0,3.0
202301290600,202302050000,-5.0,2.0
202301290600,202302060000,-5.0,2.0
202301290600,202302070000,-4.0,3.0
202301290600,202302080000,-6.0,2.0
202301291800,202302010000,1.0,3.0
202301291800,202302020000,-7.0,1.0
202301291800,202302030000,-6.0,1.0
202301291800,202302040000,-4.0,3.0
202301291800,202302050000,-5.0,2.0
202301291800,202302060000,-5.0,2.0
202301291800,202302070000,-4.0,3.0
202301291800,202302080000,-5.0,3.0
202301300600,202302020000,-7.0,1.0
202301300600,202302030000,-6.0,2.0
202301300600,202302040000,-4.0,4.0
202301300600,202302050000,-5.0,3.0
202301300600,202302060000,-4.0,4.0
202301300600,202302070000,-4.0,3.0
202301300600,202302080000,-5.0,3.0
202301300600,202302090000,-3.0,4.0
202301301800,202302020000,-8.0,1.0
202301301800,202302030000,-6.0,2.0
202301301800,202302040000,-4.0,4.0
202301301800,202302050000,-5.0,4.0
202301301800,202302060000,-4.0,4.0
202301301800,202302070000,-4.0,4.0
202301301800,202302080000,-4.0,4.0
202301301800,202302090000,-3.0,4.0
202301310600,202302030000,-6.0,2.0
202301310600,202302040000,-5.0,5.0
202301310600,202302050000,-3.0,6.0
202301310600,202302060000,-2.0,7.0
202301310600,202302070000,-2.0,6.0
202301310600,202302080000,-2.0,6.0
202301310600,202302090000,-2.0,6.0
202301310600,202302100000,-2.0,7.0
202301311800,202302030000,-6.0,2.0
202301311800,202302040000,-5.0,5.0
202301311800,202302050000,-3.0,6.0
202301311800,202302060000,-2.0,6.0
202301311800,202302070000,-2.0,6.0
202301311800,202302080000,-2.0,6.0
202301311800,202302090000,-2.0,6.0
202301311800,202302100000,-2.0,6.0
202302010600,202302040000,-5.0,5.0
202302010600,202302050000,-4.0,6.0
202302010600,202302060000,-2.0,6.0
202302010600,202302070000,-2.0,7.0
202302010600,202302080000,-2.0,6.0
202302010600,202302090000,-3.0,5.0
202302010600,202302100000,-3.0,6.0
202302010600,202302110000,-3.0,6.0
202302011800,202302040000,-5.0,5.0
202302011800,202302050000,-3.0,6.0
202302011800,202302060000,-1.0,7.0
202302011800,202302070000,0.0,8.0
202302011800,202302080000,-2.0,7.0
202302011800,202302090000,-2.0,6.0
202302011800,202302100000,-2.0,6.0
202302011800,202302110000,-2.0,6.0
202302020600,202302050000,-3.0,6.0
202302020600,202302060000,-1.0,7.0
202302020600,202302070000,0.0,8.0
202302020600,202302080000,-2.0,7.0
202302020600,202302090000,-2.0,6.0
202302020600,202302100000,-2.0,6.0
202302020600,202302110000,-2.0,6.0
202302020600,202302120000,-1.0,7.0
202302021800,202302050000,-4.0,6.0
202302021800,202302060000,-2.0,8.0
202302021800,202302070000,0.0,8.0
202302021800,202302080000,-2.0,7.0
202302021800,202302090000,-1.0,6.0
202302021800,202302100000,0.0,7.0
202302021800,202302110000,0.0,7.0
202302021800,202302120000,-1.0,6.0
202302030600,202302060000,-2.0,8.0
202302030600,202302070000,0.0,8.0
202302030600,202302080000,-2.0,7.0
202302030600,202302090000,-2.0,6.0
202302030600,202302100000,0.0,7.0
202302030600,202302110000,0.0,7.0
202302030600,202302120000,-1.0,6.0
202302030600,202302130000,0.0,7.0
202302031800,202302060000,-2.0,8.0
202302031800,202302070000,0.0,9.0
202302031800,202302080000,-1.0,6.0
202302031800,202302090000,-3.0,7.0
202302031800,202302100000,0.0,5.0
202302031800,202302110000,0.0,7.0
202302031800,202302120000,-1.0,7.0
202302031800,202302130000,0.0,7.0
202302040600,202302070000,0.0,9.0
202302040600,202302080000,-1.0,6.0
202302040600,202302090000,-3.0,7.0
202302040600,202302100000,0.0,5.0
202302040600,202302110000,0.0,7.0
202302040600,202302120000,-1.0,7.0
202302040600,202302130000,0.0,7.0
202302040600,202302140000,-1.0,5.0
202302041800,202302070000,0.0,9.0
202302041800,202302080000,-1.0,6.0
202302041800,202302090000,-3.0,7.0
202302041800,202302100000,0.0,5.0
202302041800,202302110000,0.0,8.0
202302041800,202302120000,-1.0,7.0
202302041800,202302130000,0.0,7.0
202302041800,202302140000,-1.0,5.0
202302050600,202302080000,-1.0,7.0
202302050600,202302090000,-2.0,9.0
202302050600,202302100000,2.0,7.0
202302050600,202302110000,0.0,9.0
202302050600,202302120000,0.0,8.0
202302050600,202302130000,2.0,7.0
202302050600,202302140000,-2.0,5.0
202302050600,202302150000,-2.0,6.0
202302051800,202302080000,-1.0,7.0
202302051800,202302090000,-2.0,9.0
202302051800,202302100000,2.0,7.0
202302051800,202302110000,0.0,9.0
202302051800,202302120000,0.0,8.0
202302051800,202302130000,2.0,7.0
202302051800,202302140000,-2.0,5.0
202302051800,202302150000,-2.0,6.0
202302060600,202302090000,-2.0,9.0
202302060600,202302100000,2.0,6.0
202302060600,202302110000,0.0,9.0
202302060600,202302120000,1.0,7.0
202302060600,202302130000,2.0,8.0
202302060600,202302140000,-2.0,4.0
202302060600,202302150000,-3.0,5.0
202302060600,202302160000,-2.0,6.0
202302061800,202302090000,-3.0,9.0
202302061800,202302100000,2.0,6.0
202302061800,202302110000,0.0,9.0
202302061800,202302120000,1.0,7.0
202302061800,202302130000,2.0,8.0
202302061800,202302140000,-3.0,4.0
202302061800,202302150000,-3.0,5.0
202302061800,202302160000,-3.0,6.0
202302070600,202302100000,2.0,8.0
202302070600,202302110000,0.0,9.0
202302070600,202302120000,0.0,9.0
202302070600,202302130000,2.0,7.0
202302070600,202302140000,-4.0,3.0
202302070600,202302150000,-5.0,4.0
202302070600,202302160000,-5.0,5.0
202302070600,202302170000,-1.0,6.0
202302071800,202302100000,2.0,8.0
202302071800,202302110000,0.0,10.0
202302071800,202302120000,0.0,9.0
202302071800,202302130000,2.0,8.0
202302071800,202302140000,-4.0,3.0
202302071800,202302150000,-5.0,3.0
202302071800,202302160000,-5.0,5.0
202302071800,202302170000,-2.0,6.0
202302080600,202302110000,0.0,10.0
202302080600,202302120000,0.0,9.0
202302080600,202302130000,2.0,8.0
202302080600,202302140000,-3.0,3.0
202302080600,202302150000,-5.0,3.0
202302080600,202302160000,-5.0,4.0
202302080600,202302170000,-3.0,6.0
202302080600,202302180000,-2.0,7.0
202302081800,202302110000,0.0,10.0
202302081800,202302120000,0.0,10.0
202302081800,202302130000,2.0,9.0
202302081800,202302140000,-2.0,4.0
202302081800,202302150000,-6.0,3.0
202302081800,202302160000,-5.0,4.0
202302081800,202302170000,-3.0,6.0
202302081800,202302180000,-2.0,7.0
202302090600,202302120000,0.0,10.0
202302090600,202302130000,2.0,9.0
202302090600,202302140000,-2.0,4.0
202302090600,202302150000,-6.0,5.0
202302090600,202302160000,-5.0,4.0
202302090600,202302170000,-3.0,6.0
202302090600,202302180000,-2.0,7.0
202302090600,202302190000,-1.0,7.0
202302091800,202302120000,0.0,10.0
202302091800,202302130000,2.0,9.0
202302091800,202302140000,-2.0,4.0
202302091800,202302150000,-5.0,5.0
202302091800,202302160000,-4.0,5.0
202302091800,202302170000,-3.0,6.0
202302091800,202302180000,-2.0,7.0
202302091800,202302190000,-1.0,7.0
202302100600,202302130000,2.0,9.0
202302100600,202302140000,-2.0,5.0
202302100600,202302150000,-3.0,6.0
202302100600,202302160000,-3.0,5.0
202302100600,202302170000,-3.0,6.0
202302100600,202302180000,-1.0,7.0
202302100600,202302190000,-1.0,7.0
202302100600,202302200000,-2.0,7.0
202302101800,202302130000,3.0,10.0
202302101800,202302140000,-2.0,5.0
202302101800,202302150000,-3.0,6.0
202302101800,202302160000,-2.0,5.0
202302101800,202302170000,-3.0,6.0
202302101800,202302180000,-1.0,7.0
202302101800,202302190000,-1.0,7.0
202302101800,202302200000,-2.0,7.0
202302110600,202302140000,-1.0,6.0
202302110600,202302150000,-2.0,7.0
202302110600,202302160000,-2.0,6.0
202302110600,202302170000,-2.0,6.0
202302110600,202302180000,-1.0,8.0
202302110600,202302190000,0.0,7.0
202302110600,202302200000,-1.0,6.0
202302110600,202302210000,-1.0,7.0
202302111800,202302140000,-1.0,6.0
202302111800,202302150000,-2.0,7.0
202302111800,202302160000,-2.0,6.0
202302111800,202302170000,-2.0,6.0
202302111800,202302180000,-1.0,8.0
202302111800,202302190000,0.0,7.0
202302111800,202302200000,-1.0,6.0
202302111800,202302210000,-1.0,7.0
202302120600,202302150000,-2.0,7.0
202302120600,202302160000,-2.0,5.0
202302120600,202302170000,-2.0,7.0
202302120600,202302180000,0.0,8.0
202302120600,202302190000,0.0,7.0
202302120600,202302200000,-2.0,5.0
202302120600,202302210000,-3.0,7.0
202302120600,202302220000,0.0,8.0
202302121800,202302150000,-2.0,7.0
202302121800,202302160000,-2.0,5.0
202302121800,202302170000,-2.0,7.0
202302121800,202302180000,0.0,8.0
202302121800,202302190000,0.0,7.0
202302121800,202302200000,-2.0,5.0
202302121800,202302210000,-3.0,7.0
202302121800,202302220000,0.0,8.0
202302130600,202302160000,-2.0,5.0
202302130600,202302170000,-1.0,7.0
202302130600,202302180000,1.0,9.0
202302130600,202302190000,0.0,8.0
202302130600,202302200000,-2.0,6.0
202302130600,202302210000,-3.0,6.0
202302130600,202302220000,-1.0,8.0
202302130600,202302230000,-1.0,8.0
202302131800,202302160000,-1.0,5.0
202302131800,202302170000,-1.0,8.0
202302131800,202302180000,2.0,8.0
202302131800,202302190000,2.0,9.0
202302131800,202302200000,-2.0,5.0
202302131800,202302210000,-3.0,6.0
202302131800,202302220000,-2.0,8.0
202302131800,202302230000,0.0,9.0
202302140600,202302170000,-1.0,8.0
202302140600,202302180000,2.0,8.0
202302140600,202302190000,2.0,9.0
202302140600,202302200000,-2.0,5.0
202302140600,202302210000,-3.0,6.0
202302140600,202302220000,-2.0,8.0
202302140600,202302230000,0.0,9.0
202302140600,202302240000,0.0,9.0
202302141800,202302170000,-2.0,8.0
202302141800,202302180000,2.0,9.0
202302141800,202302190000,3.0,7.0
202302141800,202302200000,-3.0,4.0
202302141800,202302210000,-4.0,4.0
202302141800,202302220000,-3.0,6.0
202302141800,202302230000,-1.0,7.0
202302141800,202302240000,-1.0,9.0
202302150600,202302180000,2.0,9.0
202302150600,202302190000,3.0,7.0
202302150600,202302200000,-3.0,4.0
202302150600,202302210000,-4.0,4.0
202302150600,202302220000,-3.0,6.0
202302150600,202302230000,-1.0,7.0
202302150600,202302240000,-1.0,9.0
202302150600,202302250000,-1.0,8.0
202302151800,202302180000,2.0,8.0
202302151800,202302190000,3.0,6.0
202302151800,202302200000,-3.0,4.0
202302151800,202302210000,-5.0,3.0
202302151800,202302220000,-4.0,6.0
202302151800,202302230000,-2.0,7.0
202302151800,202302240000,-1.0,9.0
202302151800,202302250000,-1.0,8.0
202302160600,202302190000,3.0,6.0
202302160600,202302200000,-3.0,3.0
202302160600,202302210000,-5.0,3.0
202302160600,202302220000,-4.0,6.0
202302160600,202302230000,-2.0,7.0
202302160600,202302240000,-1.0,9.0
202302160600,202302250000,-1.0,8.0
202302160600,202302260000,1.0,9.0
202302161800,202302190000,2.0,6.0
202302161800,202302200000,-3.0,2.0
202302161800,202302210000,-5.0,4.0
202302161800,202302220000,-4.0,5.0
202302161800,202302230000,-2.0,8.0
202302161800,202302240000,-1.0,9.0
202302161800,202302250000,0.0,10.0
202302161800,202302260000,0.0,9.0
202302170600,202302200000,-3.0,1.0
202302170600,202302210000,-6.0,4.0
202302170600,202302220000,-4.0,6.0
202302170600,202302230000,-2.0,7.0
202302170600,202302240000,-1.0,9.0
202302170600,202302250000,0.0,10.0
202302170600,202302260000,1.0,10.0
202302170600,202302270000,1.0,11.0
202302171800,202302200000,-3.0,1.0
202302171800,202302210000,-6.0,4.0
202302171800,202302220000,-4.0,6.0
202302171800,202302230000,-2.0,7.0
202302171800,202302240000,-1.0,9.0
202302171800,202302250000,0.0,9.0
202302171800,202302260000,1.0,10.0
202302171800,202302270000,1.0,11.0
202302180600,202302210000,-6.0,4.0
202302180600,202302220000,-3.0,6.0
202302180600,202302230000,-2.0,7.0
202302180600,202302240000,0.0,9.0
202302180600,202302250000,0.0,8.0
202302180600,202302260000,0.0,9.0
202302180600,202302270000,0.0,9.0
202302180600,202302280000,2.0,11.0
202302181800,202302210000,-6.0,4.0
202302181800,202302220000,-3.0,6.0
202302181800,202302230000,-2.0,7.0
202302181800,202302240000,0.0,9.0
202302181800,202302250000,0.0,8.0
202302181800,202302260000,-1.0,8.0
202302181800,202302270000,-1.0,9.0
202302181800,202302280000,1.0,11.0
202302190600,202302220000,-4.0,6.0
202302190600,202302230000,-1.0,7.0
202302190600,202302240000,0.0,9.0
202302190600,202302250000,0.0,9.0
202302190600,202302260000,-1.0,8.0
202302190600,202302270000,0.0,10.0
202302190600,202302280000,1.0,10.0
202302190600,202303010000,3.0,10.0
202302191800,202302220000,-4.0,6.0
202302191800,202302230000,-1.0,7.0
202302191800,202302240000,0.0,10.0
202302191800,202302250000,0.0,9.0
202302191800,202302260000,-1.0,8.0
202302191800,202302270000,0.0,10.0
202302191800,202302280000,1.0,10.0
202302191800,202303010000,2.0,10.0
202302200600,202302230000,-1.0,7.0
202302200600,202302240000,0.0,10.0
202302200600,202302250000,0.0,8.0
202302200600,202302260000,-1.0,8.0
202302200600,202302270000,0.0,10.0
202302200600,202302280000,1.0,10.0
202302200600,202303010000,2.0,10.0
202302200600,202303020000,3.0,9.0
202302201800,202302230000,-1.0,7.0
202302201800,202302240000,0.0,9.0
202302201800,202302250000,-1.0,7.0
202302201800,202302260000,-2.0,8.0
202302201800,202302270000,0.0,10.0
202302201800,202302280000,0.0,10.0
202302201800,202303010000,2.0,10.0
202302201800,202303020000,2.0,9.0
202302210600,202302240000,0.0,9.0
202302210600,202302250000,-1.0,7.0
202302210600,202302260000,-2.0,8.0
202302210600,202302270000,0.0,10.0
202302210600,202302280000,0.0,10.0
202302210600,202303010000,2.0,10.0
202302210600,202303020000,2.0,9.0
202302210600,202303030000,1.0,8.0
202302211800,202302240000,1.0,8.0
202302211800,202302250000,-2.0,6.0
202302211800,202302260000,-3.0,8.0
202302211800,202302270000,0.0,10.0
202302211800,202302280000,0.0,9.0
202302211800,202303010000,1.0,10.0
202302211800,202303020000,2.0,9.0
202302211800,202303030000,1.0,8.0
202302220600,202302250000,-2.0,6.0
202302220600,202302260000,-3.0,8.0
202302220600,202302270000,0.0,10.0
202302220600,202302280000,0.0,9.0
202302220600,202303010000,1.0,10.0
202302220600,202303020000,2.0,9.0
202302220600,202303030000,1.0,9.0
202302220600,202303040000,0.0,9.0
202302221800,202302250000,-3.0,5.0
202302221800,202302260000,-3.0,8.0
202302221800,202302270000,-1.0,10.0
202302221800,202302280000,0.0,9.0
202302221800,202303010000,1.0,9.0
202302221800,202303020000,0.0,8.0
202302221800,202303030000,0.0,9.0
202302221800,202303040000,1.0,9.0
202302230600,202302260000,-3.0,8.0
202302230600,202302270000,-1.0,10.0
202302230600,202302280000,0.0,9.0
202302230600,202303010000,2.0,8.0
202302230600,202303020000,0.0,9.0
202302230600,202303030000,0.0,10.0
202302230600,202303040000,1.0,9.0
202302230600,202303050000,1.0,10.0
202302231800,202302260000,-3.0,8.0
202302231800,202302270000,-1.0,10.0
202302231800,202302280000,0.0,9.0
202302231800,202303010000,2.0,8.0
202302231800,202303020000,0.0,9.0
202302231800,202303030000,0.0,10.0
202302231800,202303040000,1.0,9.0
202302231800,202303050000,1.0,10.0
202302240600,202302270000,-1.0,10.0
202302240600,202302280000,0.0,9.0
202302240600,202303010000,3.0,9.0
202302240600,202303020000,-1.0,9.0
202302240600,202303030000,0.0,10.0
202302240600,202303040000,1.0,10.0
202302240600,202303050000,1.0,10.0
202302240600,202303060000,1.0,10.0
202302241800,202302270000,-1.0,10.0
202302241800,202302280000,0.0,9.0
202302241800,202303010000,3.0,9.0
202302241800,202303020000,-1.0,9.0
202302241800,202303030000,0.0,10.0
202302241800,202303040000,1.0,10.0
202302241800,202303050000,1.0,10.0
202302241800,202303060000,1.0,10.0
202302250600,202302280000,0.0,9.0
202302250600,202303010000,3.0,9.0
202302250600,202303020000,-1.0,9.0
202302250600,202303030000,0.0,10.0
202302250600,202303040000,1.0,11.0
202302250600,202303050000,1.0,12.0
202302250600,202303060000,2.0,12.0
202302250600,202303070000,3.0,12.0
202302251800,202302280000,0.0,9.0
202302251800,202303010000,4.0,8.0
202302251800,202303020000,-3.0,8.0
202302251800,202303030000,0.0,11.0
202302251800,202303040000,3.0,12.0
202302251800,202303050000,2.0,12.0
202302251800,202303060000,2.0,12.0
202302251800,202303070000,4.0,12.0
202302260600,202303010000,4.0,8.0
202302260600,202303020000,-3.0,8.0
202302260600,202303030000,0.0,11.0
202302260600,202303040000,3.0,12.0
202302260600,202303050000,2.0,12.0
202302260600,202303060000,2.0,12.0
202302260600,202303070000,4.0,12.0
202302260600,202303080000,4.0,13.0
202302261800,202303010000,4.0,9.0
202302261800,202303020000,-2.0,8.0
202302261800,202303030000,0.0,11.0
202302261800,202303040000,2.0,13.0
202302261800,202303050000,3.0,13.0
202302261800,202303060000,3.0,13.0
202302261800,202303070000,4.0,13.0
202302261800,202303080000,3.0,11.0
202302270600,202303020000,-2.0,8.0
202302270600,202303030000,0.0,11.0
202302270600,202303040000,2.0,13.0
202302270600,202303050000,3.0,13.0
202302270600,202303060000,3.0,13.0
202302270600,202303070000,4.0,13.0
202302270600,202303080000,3.0,11.0
202302270600,202303090000,4.0,13.0
202302271800,202303020000,-2.0,7.0
202302271800,202303030000,-1.0,11.0
202302271800,202303040000,2.0,13.0
202302271800,202303050000,3.0,14.0
202302271800,202303060000,3.0,13.0
202302271800,202303070000,3.0,14.0
202302271800,202303080000,4.0,13.0
202302271800,202303090000,3.0,14.0
202302280600,202303030000,-1.0,11.0
202302280600,202303040000,2.0,13.0
202302280600,202303050000,3.0,14.0
202302280600,202303060000,3.0,13.0
202302280600,202303070000,3.0,14.0
202302280600,202303080000,4.0,13.0
202302280600,202303090000,3.0,14.0
202302280600,202303100000,5.0,12.0
202302281800,202303030000,-1.0,11.0
202302281800,202303040000,2.0,13.0
202302281800,202303050000,3.0,14.0
202302281800,202303060000,3.0,13.0
202302281800,202303070000,3.0,14.0
202302281800,202303080000,4.0,14.0
202302281800,202303090000,3.0,14.0
202302281800,202303100000,5.0,12.0
202303010600,202303040000,2.0,13.0
202303010600,202303050000,3.0,14.0
202303010600,202303060000,3.0,14.0
202303010600,202303070000,5.0,15.0
202303010600,202303080000,5.0,15.0
202303010600,202303090000,4.0,14.0
202303010600,202303100000,4.0,14.0
202303010600,202303110000,3.0,13.0
202303011800,202303040000,3.0,13.0
202303011800,202303050000,3.0,14.0
202303011800,202303060000,3.0,14.0
202303011800,202303070000,5.0,15.0
202303011800,202303080000,5.0,16.0
202303011800,202303090000,5.0,16.0
202303011800,202303100000,4.0,15.0
202303011800,202303110000,4.0,14.0
202303020600,202303050000,3.0,14.0
202303020600,202303060000,3.0,15.0
202303020600,202303070000,5.0,16.0
202303020600,202303080000,5.0,16.0
202303020600,202303090000,5.0,16.0
202303020600,202303100000,5.0,15.0
202303020600,202303110000,4.0,15.0
202303020600,202303120000,6.0,14.0
202303021800,202303050000,4.0,15.0
202303021800,202303060000,3.0,15.0
202303021800,202303070000,5.0,16.0
202303021800,202303080000,5.0,16.0
202303021800,202303090000,5.0,16.0
202303021800,202303100000,5.0,15.0
202303021800,202303110000,4.0,15.0
202303021800,202303120000,6.0,14.0
202303030600,202303060000,3.0,15.0
202303030600,202303070000,5.0,17.0
202303030600,202303080000,6.0,16.0
202303030600,202303090000,7.0,16.0
202303030600,202303100000,6.0,16.0
202303030600,202303110000,6.0,16.0
202303030600,202303120000,6.0,12.0
202303030600,202303130000,3.0,11.0
202303031800,202303060000,4.0,15.0
202303031800,202303070000,6.0,17.0
202303031800,202303080000,6.0,16.0
202303031800,202303090000,7.0,15.0
202303031800,202303100000,6.0,16.0
202303031800,202303110000,7.0,17.0
202303031800,202303120000,6.0,12.0
202303031800,202303130000,3.0,11.0
202303040600,202303070000,6.0,17.0
202303040600,202303080000,6.0,17.0
202303040600,202303090000,7.0,15.0
202303040600,202303100000,6.0,16.0
202303040600,202303110000,7.0,17.0
202303040600,202303120000,6.0,12.0
202303040600,202303130000,3.0,11.0
202303040600,202303140000,1.0,11.0
202303041800,202303070000,6.0,16.0
202303041800,202303080000,7.0,17.0
202303041800,202303090000,7.0,15.0
202303041800,202303100000,6.0,17.0
202303041800,202303110000,7.0,18.0
202303041800,202303120000,7.0,12.0
202303041800,202303130000,3.0,10.0
202303041800,202303140000,1.0,11.0
202303050600,202303080000,7.0,17.0
202303050600,202303090000,7.0,15.0
202303050600,202303100000,6.0,17.0
202303050600,202303110000,7.0,18.0
202303050600,202303120000,7.0,13.0
202303050600,202303130000,3.0,9.0
202303050600,202303140000,1.0,10.0
202303050600,202303150000,2.0,11.0
202303051800,202303080000,7.0,17.0
202303051800,202303090000,7.0,15.0
202303051800,202303100000,6.0,18.0
202303051800,202303110000,8.0,18.0
202303051800,202303120000,7.0,13.0
202303051800,202303130000,2.0,9.0
202303051800,202303140000,1.0,10.0
202303051800,202303150000,2.0,11.0
202303060600,202303090000,7.0,15.0
202303060600,202303100000,6.0,18.0
202303060600,202303110000,8.0,18.0
202303060600,202303120000,7.0,13.0
202303060600,202303130000,2.0,9.0
202303060600,202303140000,1.0,10.0
202303060600,202303150000,2.0,11.0
202303060600,202303160000,3.0,11.0
202303061800,202303090000,8.0,15.0
202303061800,202303100000,6.0,18.0
202303061800,202303110000,8.0,18.0
202303061800,202303120000,7.0,13.0
202303061800,202303130000,2.0,9.0
202303061800,202303140000,1.0,10.0
202303061800,202303150000,2.0,11.0
202303061800,202303160000,3.0,11.0
202303070600,202303100000,7.0,19.0
202303070600,202303110000,8.0,19.0
202303070600,202303120000,8.0,13.0
202303070600,202303130000,2.0,9.0
202303070600,202303140000,1.0,10.0
202303070600,202303150000,2.0,12.0
202303070600,202303160000,3.0,11.0
202303070600,202303170000,2.0,12.0
202303071800,202303100000,7.0,20.0
202303071800,202303110000,8.0,19.0
202303071800,202303120000,8.0,13.0
202303071800,202303130000,2.0,9.0
202303071800,202303140000,1.0,11.0
202303071800,202303150000,2.0,12.0
202303071800,202303160000,3.0,11.0
202303071800,202303170000,2.0,12.0
202303080600,202303110000,9.0,20.0
202303080600,202303120000,8.0,11.0
202303080600,202303130000,0.0,10.0
202303080600,202303140000,2.0,13.0
202303080600,202303150000,4.0,12.0
202303080600,202303160000,3.0,11.0
202303080600,202303170000,1.0,11.0
202303080600,202303180000,2.0,12.0
202303081800,202303110000,9.0,19.0
202303081800,202303120000,7.0,10.0
202303081800,202303130000,0.0,10.0
202303081800,202303140000,2.0,13.0
202303081800,202303150000,4.0,13.0
202303081800,202303160000,3.0,11.0
202303081800,202303170000,1.0,11.0
202303081800,202303180000,2.0,12.0
202303090600,202303120000,6.0,9.0
202303090600,202303130000,-1.0,9.0
202303090600,202303140000,2.0,14.0
202303090600,202303150000,5.0,14.0
202303090600,202303160000,4.0,11.0
202303090600,202303170000,1.0,11.0
202303090600,202303180000,2.0,12.0
202303090600,202303190000,4.0,14.0
202303091800,202303120000,7.0,10.0
202303091800,202303130000,-2.0,7.0
202303091800,202303140000,0.0,14.0
202303091800,202303150000,5.0,15.0
202303091800,202303160000,3.0,11.0
202303091800,202303170000,2.0,11.0
202303091800,202303180000,2.0,13.0
202303091800,202303190000,4.0,13.0
202303100600,202303130000,-2.0,7.0
202303100600,202303140000,0.0,14.0
202303100600,202303150000,5.0,15.0
202303100600,202303160000,3.0,12.0
202303100600,202303170000,2.0,11.0
202303100600,202303180000,2.0,13.0
202303100600,202303190000,4.0,13.0
202303100600,202303200000,4.0,14.0
202303101800,202303130000,-3.0,6.0
202303101800,202303140000,0.0,14.0
202303101800,202303150000,5.0,15.0
202303101800,202303160000,5.0,14.0
202303101800,202303170000,4.0,12.0
202303101800,202303180000,3.0,13.0
202303101800,202303190000,3.0,13.0
202303101800,202303200000,4.0,14.0
202303110600,202303140000,0.0,14.0
202303110600,202303150000,5.0,15.0
202303110600,202303160000,5.0,14.0
202303110600,202303170000,4.0,12.0
202303110600,202303180000,3.0,13.0
202303110600,202303190000,3.0,13.0
202303110600,202303200000,4.0,14.0
202303110600,202303210000,5.0,15.0
202303111800,202303140000,2.0,14.0
202303111800,202303150000,6.0,14.0
202303111800,202303160000,3.0,13.0
202303111800,202303170000,4.0,12.0
202303111800,202303180000,4.0,13.0
202303111800,202303190000,3.0,13.0
202303111800,202303200000,3.0,13.0
202303111800,202303210000,4.0,15.0
202303120600,202303150000,6.0,14.0
202303120600,202303160000,3.0,13.0
202303120600,202303170000,4.0,12.0
202303120600,202303180000,4.0,13.0
202303120600,202303190000,3.0,13.0
202303120600,202303200000,3.0,13.0
202303120600,202303210000,4.0,15.0
202303120600,202303220000,6.0,15.0
202303121800,202303150000,6.0,15.0
202303121800,202303160000,3.0,13.0
202303121800,202303170000,4.0,12.0
202303121800,202303180000,4.0,13.0
202303121800,202303190000,3.0,13.0
202303121800,202303200000,3.0,13.0
202303121800,202303210000,4.0,15.0
202303121800,202303220000,6.0,15.0
202303130600,202303160000,2.0,12.0
202303130600,202303170000,3.0,14.0
202303130600,202303180000,4.0,14.0
202303130600,202303190000,4.0,14.0
202303130600,202303200000,4.0,14.0
202303130600,202303210000,5.0,15.0
202303130600,202303220000,8.0,15.0
202303130600,202303230000,7.0,15.0
202303131800,202303160000,1.0,11.0
202303131800,202303170000,3.0,14.0
202303131800,202303180000,4.0,14.0
202303131800,202303190000,4.0,15.0
202303131800,202303200000,4.0,15.0
202303131800,202303210000,5.0,16.0
202303131800,202303220000,7.0,15.0
202303131800,202303230000,6.0,14.0
202303140600,202303170000,2.0,13.0
202303140600,202303180000,4.0,14.0
202303140600,202303190000,4.0,15.0
202303140600,202303200000,4.0,15.0
202303140600,202303210000,5.0,17.0
202303140600,202303220000,7.0,15.0
202303140600,202303230000,6.0,13.0
202303140600,202303240000,4.0,12.0
202303141800,202303170000,1.0,13.0
202303141800,202303180000,4.0,14.0
202303141800,202303190000,4.0,15.0
202303141800,202303200000,4.0,15.0
202303141800,202303210000,5.0,17.0
202303141800,202303220000,7.0,15.0
202303141800,202303230000,6.0,14.0
202303141800,202303240000,4.0,13.0
202303150600,202303180000,4.0,13.0
202303150600,202303190000,3.0,15.0
202303150600,202303200000,4.0,15.0
202303150600,202303210000,5.0,18.0
202303150600,202303220000,8.0,17.0
202303150600,202303230000,8.0,16.0
202303150600,202303240000,6.0,13.0
202303150600,202303250000,5.0,13.0
202303151800,202303180000,4.0,13.0
202303151800,202303190000,3.0,15.0
202303151800,202303200000,4.0,16.0
202303151800,202303210000,5.0,18.0
202303151800,202303220000,9.0,18.0
202303151800,202303230000,9.0,17.0
202303151800,202303240000,7.0,14.0
202303151800,202303250000,5.0,12.0
202303160600,202303190000,3.0,15.0
202303160600,202303200000,4.0,16.0
202303160600,202303210000,5.0,18.0
202303160600,202303220000,9.0,18.0
202303160600,202303230000,9.0,17.0
202303160600,202303240000,7.0,14.0
202303160600,202303250000,5.0,13.0
202303160600,202303260000,4.0,13.0
202303161800,202303190000,3.0,15.0
202303161800,202303200000,4.0,16.0
202303161800,202303210000,5.0,18.0
202303161800,202303220000,9.0,18.0
202303161800,202303230000,9.0,18.0
202303161800,202303240000,7.0,14.0
202303161800,202303250000,6.0,13.0
202303161800,202303260000,4.0,13.0
202303170600,202303200000,4.0,16.0
202303170600,202303210000,5.0,18.0
202303170600,202303220000,9.0,18.0
202303170600,202303230000,9.0,18.0
202303170600,202303240000,7.0,14.0
202303170600,202303250000,6.0,13.0
202303170600,202303260000,4.0,13.0
202303170600,202303270000,6.0,15.0
202303171800,202303200000,4.0,16.0
202303171800,202303210000,6.0,18.0
202303171800,202303220000,10.0,19.0
202303171800,202303230000,10.0,19.0
202303171800,202303240000,8.0,14.0
202303171800,202303250000,6.0,12.0
202303171800,202303260000,4.0,13.0
202303171800,202303270000,5.0,15.0
202303180600,202303210000,6.0,18.0
202303180600,202303220000,10.0,19.0
202303180600,202303230000,10.0,19.0
202303180600,202303240000,8.0,15.0
202303180600,202303250000,6.0,12.0
202303180600,202303260000,4.0,13.0
202303180600,202303270000,5.0,15.0
202303180600,202303280000,5.0,15.0
202303181800,202303210000,5.0,19.0
202303181800,202303220000,11.0,19.0
202303181800,202303230000,10.0,19.0
202303181800,202303240000,8.0,15.0
202303181800,202303250000,6.0,13.0
202303181800,202303260000,4.0,13.0
202303181800,202303270000,5.0,15.0
202303181800,202303280000,5.0,15.0
202303190600,202303220000,11.0,19.0
202303190600,202303230000,11.0,19.0
202303190600,202303240000,7.0,15.0
202303190600,202303250000,5.0,14.0
202303190600,202303260000,4.0,13.0
202303190600,202303270000,4.0,14.0
202303190600,202303280000,5.0,15.0
202303190600,202303290000,6.0,15.0
202303191800,202303220000,11.0,21.0
202303191800,202303230000,11.0,20.0
202303191800,202303240000,7.0,15.0
202303191800,202303250000,5.0,14.0
202303191800,202303260000,4.0,13.0
202303191800,202303270000,4.0,14.0
202303191800,202303280000,5.0,15.0
202303191800,202303290000,6.0,15.0
202303200600,202303230000,12.0,21.0
202303200600,202303240000,7.0,16.0
202303200600,202303250000,5.0,14.0
202303200600,202303260000,4.0,12.0
202303200600,202303270000,3.0,13.0
202303200600,202303280000,4.0,15.0
202303200600,202303290000,5.0,16.0
202303200600,202303300000,6.0,15.0
202303201800,202303230000,13.0,22.0
202303201800,202303240000,7.0,16.0
202303201800,202303250000,5.0,14.0
202303201800,202303260000,4.0,12.0
202303201800,202303270000,3.0,13.0
202303201800,202303280000,4.0,15.0
202303201800,202303290000,5.0,16.0
202303201800,202303300000,6.0,15.0
202303210600,202303240000,7.0,16.0
202303210600,202303250000,6.0,15.0
202303210600,202303260000,4.0,13.0
202303210600,202303270000,3.0,13.0
202303210600,202303280000,4.0,15.0
202303210600,202303290000,5.0,16.0
202303210600,202303300000,6.0,16.0
202303210600,202303310000,7.0,16.0
202303211800,202303240000,7.0,17.0
202303211800,202303250000,6.0,16.0
202303211800,202303260000,5.0,14.0
202303211800,202303270000,3.0,14.0
202303211800,202303280000,4.0,15.0
202303211800,202303290000,5.0,16.0
202303211800,202303300000,6.0,17.0
202303211800,202303310000,8.0,17.0
202303220600,202303250000,6.0,16.0
202303220600,202303260000,5.0,14.0
202303220600,202303270000,3.0,14.0
202303220600,202303280000,4.0,15.0
202303220600,202303290000,5.0,16.0
202303220600,202303300000,6.0,17.0
202303220600,202303310000,8.0,17.0
202303220600,202304010000,8.0,17.0
202303221800,202303250000,6.0,17.0
202303221800,202303260000,7.0,14.0
202303221800,202303270000,4.0,14.0
202303221800,202303280000,4.0,16.0
202303221800,202303290000,5.0,17.0
202303221800,202303300000,6.0,18.0
202303221800,202303310000,7.0,17.0
202303221800,202304010000,9.0,16.0
202303230600,202303260000,7.0,15.0
202303230600,202303270000,4.0,14.0
202303230600,202303280000,4.0,16.0
202303230600,202303290000,5.0,17.0
202303230600,202303300000,6.0,18.0
202303230600,202303310000,7.0,17.0
202303230600,202304010000,9.0,18.0
202303230600,202304020000,8.0,17.0
202303231800,202303260000,7.0,15.0
202303231800,202303270000,4.0,14.0
202303231800,202303280000,4.0,16.0
202303231800,202303290000,5.0,18.0
202303231800,202303300000,6.0,18.0
202303231800,202303310000,7.0,19.0
202303231800,202304010000,9.0,20.0
202303231800,202304020000,8.0,18.0
202303240600,202303270000,4.0,14.0
202303240600,202303280000,4.0,16.0
202303240600,202303290000,5.0,18.0
202303240600,202303300000,6.0,18.0
202303240600,202303310000,7.0,20.0
202303240600,202304010000,9.0,20.0
202303240600,202304020000,8.0,18.0
202303240600,202304030000,8.0,18.0
202303241800,202303270000,3.0,14.0
202303241800,202303280000,4.0,16.0
202303241800,202303290000,5.0,18.0
202303241800,202303300000,6.0,19.0
202303241800,202303310000,7.0,20.0
202303241800,202304010000,9.0,20.0
202303241800,202304020000,8.0,18.0
202303241800,202304030000,8.0,18.0
202303250600,202303280000,5.0,16.0
202303250600,202303290000,6.0,18.0
202303250600,202303300000,7.0,19.0
202303250600,202303310000,8.0,21.0
202303250600,202304010000,10.0,21.0
202303250600,202304020000,9.0,20.0
202303250600,202304030000,9.0,20.0
202303250600,202304040000,8.0,17.0
202303251800,202303280000,4.0,16.0
202303251800,202303290000,6.0,18.0
202303251800,202303300000,7.0,19.0
202303251800,202303310000,8.0,21.0
202303251800,202304010000,10.0,21.0
202303251800,202304020000,9.0,20.0
202303251800,202304030000,9.0,20.0
202303251800,202304040000,8.0,17.0
202303260600,202303290000,6.0,19.0
202303260600,202303300000,7.0,20.0
202303260600,202303310000,8.0,21.0
202303260600,202304010000,10.0,21.0
202303260600,202304020000,10.0,22.0
202303260600,202304030000,10.0,21.0
202303260600,202304040000,9.0,17.0
202303260600,202304050000,6.0,14.0
202303261800,202303290000,6.0,19.0
202303261800,202303300000,7.0,20.0
202303261800,202303310000,8.0,23.0
202303261800,202304010000,11.0,22.0
202303261800,202304020000,10.0,23.0
202303261800,202304030000,11.0,22.0
202303261800,202304040000,11.0,17.0
202303261800,202304050000,7.0,15.0
202303270600,202303300000,7.0,20.0
202303270600,202303310000,8.0,23.0
202303270600,202304010000,11.0,23.0
202303270600,202304020000,10.0,23.0
202303270600,202304030000,10.0,22.0
202303270600,202304040000,11.0,17.0
202303270600,202304050000,7.0,14.0
202303270600,202304060000,6.0,15.0
202303271800,202303300000,7.0,20.0
202303271800,202303310000,8.0,23.0
202303271800,202304010000,11.0,24.0
202303271800,202304020000,11.0,23.0
202303271800,202304030000,10.0,22.0
202303271800,202304040000,11.0,18.0
202303271800,202304050000,8.0,14.0
202303271800,202304060000,6.0,15.0
202303280600,202303310000,8.0,23.0
202303280600,202304010000,11.0,24.0
202303280600,202304020000,11.0,23.0
202303280600,202304030000,10.0,22.0
202303280600,202304040000,11.0,19.0
202303280600,202304050000,8.0,14.0
202303280600,202304060000,6.0,15.0
202303280600,202304070000,8.0,15.0
202303281800,202303310000,8.0,23.0
202303281800,202304010000,11.0,24.0
202303281800,202304020000,11.0,24.0
202303281800,202304030000,11.0,23.0
202303281800,202304040000,11.0,20.0
202303281800,202304050000,9.0,15.0
202303281800,202304060000,7.0,15.0
202303281800,202304070000,8.0,16.0
202303290600,202304010000,11.0,24.0
202303290600,202304020000,11.0,24.0
202303290600,202304030000,11.0,23.0
202303290600,202304040000,11.0,20.0
202303290600,202304050000,9.0,15.0
202303290600,202304060000,7.0,16.0
202303290600,202304070000,8.0,15.0
202303290600,202304080000,6.0,15.0
202303291800,202304010000,10.0,25.0
202303291800,202304020000,11.0,24.0
202303291800,202304030000,11.0,23.0
202303291800,202304040000,11.0,20.0
202303291800,202304050000,10.0,16.0
202303291800,202304060000,7.0,16.0
202303291800,202304070000,8.0,16.0
202303291800,202304080000,6.0,15.0
202303300600,202304020000,11.0,24.0
202303300600,202304030000,10.0,23.0
202303300600,202304040000,11.0,20.0
202303300600,202304050000,10.0,17.0
202303300600,202304060000,9.0,16.0
202303300600,202304070000,8.0,16.0
202303300600,202304080000,6.0,15.0
202303300600,202304090000,7.0,17.0
202303301800,202304020000,12.0,24.0
202303301800,202304030000,10.0,24.0
202303301800,202304040000,11.0,20.0
202303301800,202304050000,11.0,17.0
202303301800,202304060000,9.0,16.0
202303301800,202304070000,8.0,16.0
202303301800,202304080000,6.0,15.0
202303301800,202304090000,7.0,17.0
202303310600,202304030000,10.0,25.0
202303310600,202304040000,11.0,21.0
202303310600,202304050000,12.0,17.0
202303310600,202304060000,9.0,16.0
202303310600,202304070000,8.0,17.0
202303310600,202304080000,5.0,15.0
202303310600,202304090000,7.0,17.0
202303310600,202304100000,7.0,18.0
202303311800,202304030000,10.0,25.0
202303311800,202304040000,11.0,21.0
202303311800,202304050000,12.0,17.0
202303311800,202304060000,9.0,16.0
202303311800,202304070000,7.0,16.0
202303311800,202304080000,5.0,15.0
202303311800,202304090000,7.0,17.0
202303311800,202304100000,7.0,18.0
202304010600,202304040000,12.0,22.0
202304010600,202304050000,12.0,18.0
202304010600,202304060000,9.0,14.0
202304010600,202304070000,6.0,15.0
202304010600,202304080000,4.0,14.0
202304010600,202304090000,6.0,17.0
202304010600,202304100000,7.0,17.0
202304010600,202304110000,9.0,18.0
202304011800,202304040000,11.0,21.0
202304011800,202304050000,12.0,18.0
202304011800,202304060000,9.0,14.0
202304011800,202304070000,6.0,15.0
202304011800,202304080000,4.0,14.0
202304011800,202304090000,6.0,17.0
202304011800,202304100000,7.0,17.0
202304011800,202304110000,9.0,18.0
202304020600,202304050000,12.0,17.0
202304020600,202304060000,9.0,13.0
202304020600,202304070000,6.0,14.0
202304020600,202304080000,3.0,14.0
202304020600,202304090000,6.0,17.0
202304020600,202304100000,7.0,17.0
202304020600,202304110000,9.0,18.0
202304020600,202304120000,9.0,19.0
202304021800,202304050000,12.0,17.0
202304021800,202304060000,10.0,13.0
202304021800,202304070000,6.0,14.0
202304021800,202304080000,2.0,14.0
202304021800,202304090000,6.0,17.0
202304021800,202304100000,7.0,17.0
202304021800,202304110000,9.0,19.0
202304021800,202304120000,9.0,19.0
202304030600,202304060000,10.0,13.0
202304030600,202304070000,6.0,14.0
202304030600,202304080000,2.0,14.0
202304030600,202304090000,6.0,17.0
202304030600,202304100000,7.0,17.0
202304030600,202304110000,9.0,19.0
202304030600,202304120000,9.0,19.0
202304030600,202304130000,10.0,20.0
202304031800,202304060000,10.0,13.0
202304031800,202304070000,7.0,13.0
202304031800,202304080000,3.0,15.0
202304031800,202304090000,5.0,17.0
202304031800,202304100000,6.0,18.0
202304031800,202304110000,10.0,20.0
202304031800,202304120000,10.0,21.0
202304031800,202304130000,10.0,20.0
202304040600,202304070000,7.0,13.0
202304040600,202304080000,3.0,15.0
202304040600,202304090000,5.0,17.0
202304040600,202304100000,6.0,18.0
202304040600,202304110000,10.0,20.0
202304040600,202304120000,10.0,21.0
202304040600,202304130000,10.0,20.0
202304040600,202304140000,11.0,21.0
202304041800,202304070000,6.0,15.0
202304041800,202304080000,3.0,15.0
202304041800,202304090000,6.0,17.0
202304041800,202304100000,6.0,18.0
202304041800,202304110000,10.0,19.0
202304041800,202304120000,9.0,20.0
202304041800,202304130000,9.0,19.0
202304041800,202304140000,10.0,19.0
202304050600,202304080000,3.0,15.0
202304050600,202304090000,6.0,17.0
202304050600,202304100000,6.0,18.0
202304050600,202304110000,10.0,19.0
202304050600,202304120000,9.0,19.0
202304050600,202304130000,9.0,19.0
202304050600,202304140000,10.0,19.0
202304050600,202304150000,10.0,20.0
202304051800,202304080000,3.0,14.0
202304051800,202304090000,6.0,17.0
202304051800,202304100000,6.0,18.0
202304051800,202304110000,10.0,19.0
202304051800,202304120000,9.0,19.0
202304051800,202304130000,9.0,19.0
202304051800,202304140000,9.0,20.0
202304051800,202304150000,10.0,21.0
202304060600,202304090000,5.0,17.0
202304060600,202304100000,6.0,18.0
202304060600,202304110000,10.0,18.0
202304060600,202304120000,7.0,17.0
202304060600,202304130000,7.0,19.0
202304060600,202304140000,9.0,19.0
202304060600,202304150000,10.0,22.0
202304060600,202304160000,11.0,20.0
202304061800,202304090000,5.0,17.0
202304061800,202304100000,6.0,18.0
202304061800,202304110000,10.0,18.0
202304061800,202304120000,7.0,17.0
202304061800,202304130000,7.0,19.0
202304061800,202304140000,9.0,19.0
202304061800,202304150000,10.0,22.0
202304061800,202304160000,10.0,20.0
202304070600,202304100000,7.0,18.0
202304070600,202304110000,10.0,17.0
202304070600,202304120000,6.0,17.0
202304070600,202304130000,7.0,19.0
202304070600,202304140000,10.0,19.0
202304070600,202304150000,10.0,21.0
202304070600,202304160000,9.0,19.0
202304070600,202304170000,9.0,19.0
202304071800,202304100000,7.0,19.0
202304071800,202304110000,10.0,17.0
202304071800,202304120000,6.0,16.0
202304071800,202304130000,7.0,19.0
202304071800,202304140000,10.0,20.0
202304071800,202304150000,10.0,19.0
202304071800,202304160000,8.0,18.0
202304071800,202304170000,9.0,19.0
202304080600,202304110000,11.0,16.0
202304080600,202304120000,5.0,16.0
202304080600,202304130000,7.0,20.0
202304080600,202304140000,10.0,20.0
202304080600,202304150000,11.0,17.0
202304080600,202304160000,8.0,17.0
202304080600,202304170000,9.0,21.0
202304080600,202304180000,10.0,21.0
202304081800,202304110000,11.0,15.0
202304081800,202304120000,5.0,15.0
202304081800,202304130000,6.0,19.0
202304081800,202304140000,10.0,19.0
202304081800,202304150000,11.0,16.0
202304081800,202304160000,8.0,17.0
202304081800,202304170000,8.0,20.0
202304081800,202304180000,10.0,21.0
202304090600,202304120000,5.0,15.0
202304090600,202304130000,6.0,19.0
202304090600,202304140000,10.0,19.0
202304090600,202304150000,10.0,16.0
202304090600,202304160000,8.0,17.0
202304090600,202304170000,8.0,20.0
202304090600,202304180000,10.0,21.0
202304090600,202304190000,11.0,20.0
202304091800,202304120000,4.0,14.0
202304091800,202304130000,6.0,18.0
202304091800,202304140000,10.0,19.0
202304091800,202304150000,10.0,16.0
202304091800,202304160000,7.0,16.0
202304091800,202304170000,8.0,19.0
202304091800,202304180000,9.0,21.0
202304091800,202304190000,11.0,21.0
202304100600,202304130000,6.0,18.0
202304100600,202304140000,10.0,19.0
202304100600,202304150000,10.0,16.0
202304100600,202304160000,7.0,16.0
202304100600,202304170000,8.0,19.0
202304100600,202304180000,9.0,21.0
202304100600,202304190000,11.0,22.0
202304100600,202304200000,13.0,22.0
202304101800,202304130000,7.0,19.0
202304101800,202304140000,10.0,19.0
202304101800,202304150000,11.0,16.0
202304101800,202304160000,7.0,16.0
202304101800,202304170000,8.0,20.0
202304101800,202304180000,10.0,21.0
202304101800,202304190000,11.0,22.0
202304101800,202304200000,13.0,22.0
202304110600,202304140000,10.0,19.0
202304110600,202304150000,11.0,16.0
202304110600,202304160000,7.0,16.0
202304110600,202304170000,8.0,20.0
202304110600,202304180000,10.0,22.0
202304110600,202304190000,12.0,22.0
202304110600,202304200000,13.0,21.0
202304110600,202304210000,11.0,20.0
202304111800,202304140000,9.0,22.0
202304111800,202304150000,11.0,16.0
202304111800,202304160000,7.0,16.0
202304111800,202304170000,8.0,20.0
202304111800,202304180000,10.0,22.0
202304111800,202304190000,12.0,22.0
202304111800,202304200000,13.0,21.0
202304111800,202304210000,12.0,20.0
202304120600,202304150000,11.0,17.0
202304120600,202304160000,7.0,16.0
202304120600,202304170000,7.0,20.0
202304120600,202304180000,10.0,22.0
202304120600,202304190000,12.0,23.0
202304120600,202304200000,13.0,22.0
202304120600,202304210000,12.0,21.0
202304120600,202304220000,10.0,20.0
202304121800,202304150000,12.0,17.0
202304121800,202304160000,7.0,16.0
202304121800,202304170000,7.0,20.0
202304121800,202304180000,10.0,22.0
202304121800,202304190000,12.0,23.0
202304121800,202304200000,13.0,23.0
202304121800,202304210000,12.0,22.0
202304121800,202304220000,10.0,20.0
202304130600,202304160000,7.0,17.0
202304130600,202304170000,8.0,20.0
202304130600,202304180000,12.0,21.0
202304130600,202304190000,14.0,23.0
202304130600,202304200000,14.0,23.0
202304130600,202304210000,13.0,22.0
202304130600,202304220000,11.0,19.0
202304130600,202304230000,10.0,18.0
202304131800,202304160000,8.0,17.0
202304131800,202304170000,8.0,19.0
202304131800,202304180000,11.0,19.0
202304131800,202304190000,13.0,22.0
202304131800,202304200000,14.0,23.0
202304131800,202304210000,12.0,21.0
202304131800,202304220000,11.0,19.0
202304131800,202304230000,10.0,18.0
202304140600,202304170000,7.0,19.0
202304140600,202304180000,11.0,17.0
202304140600,202304190000,12.0,22.0
202304140600,202304200000,13.0,21.0
202304140600,202304210000,12.0,19.0
202304140600,202304220000,9.0,18.0
202304140600,202304230000,9.0,18.0
202304140600,202304240000,10.0,17.0
202304141800,202304170000,7.0,19.0
202304141800,202304180000,11.0,16.0
202304141800,202304190000,12.0,22.0
202304141800,202304200000,13.0,22.0
202304141800,202304210000,12.0,20.0
202304141800,202304220000,10.0,18.0
202304141800,202304230000,10.0,18.0
202304141800,202304240000,9.0,18.0
202304150600,202304180000,11.0,16.0
202304150600,202304190000,12.0,22.0
202304150600,202304200000,13.0,22.0
202304150600,202304210000,12.0,20.0
202304150600,202304220000,10.0,18.0
202304150600,202304230000,10.0,19.0
202304150600,202304240000,9.0,18.0
202304150600,202304250000,9.0,17.0
202304151800,202304180000,11.0,17.0
202304151800,202304190000,13.0,23.0
202304151800,202304200000,14.0,20.0
202304151800,202304210000,11.0,19.0
202304151800,202304220000,9.0,19.0
202304151800,202304230000,9.0,20.0
202304151800,202304240000,9.0,17.0
202304151800,202304250000,8.0,17.0
202304160600,202304190000,13.0,24.0
202304160600,202304200000,14.0,20.0
202304160600,202304210000,11.0,20.0
202304160600,202304220000,9.0,19.0
202304160600,202304230000,9.0,20.0
202304160600,202304240000,9.0,17.0
202304160600,202304250000,8.0,17.0
202304160600,202304260000,8.0,17.0
202304161800,202304190000,13.0,26.0
202304161800,202304200000,15.0,20.0
202304161800,202304210000,12.0,21.0
202304161800,202304220000,9.0,20.0
202304161800,202304230000,10.0,21.0
202304161800,202304240000,10.0,19.0
202304161800,202304250000,9.0,19.0
202304161800,202304260000,9.0,18.0
202304170600,202304200000,15.0,20.0
202304170600,202304210000,12.0,21.0
202304170600,202304220000,9.0,20.0
202304170600,202304230000,10.0,21.0
202304170600,202304240000,10.0,19.0
202304170600,202304250000,9.0,18.0
202304170600,202304260000,9.0,18.0
202304170600,202304270000,9.0,19.0
202304171800,202304200000,16.0,20.0
202304171800,202304210000,12.0,21.0
202304171800,202304220000,9.0,20.0
202304171800,202304230000,10.0,21.0
202304171800,202304240000,10.0,19.0
202304171800,202304250000,9.0,18.0
202304171800,202304260000,9.0,18.0
202304171800,202304270000,9.0,19.0
202304180600,202304210000,13.0,22.0
202304180600,202304220000,9.0,20.0
202304180600,202304230000,10.0,20.0
202304180600,202304240000,9.0,20.0
202304180600,202304250000,9.0,16.0
202304180600,202304260000,8.0,18.0
202304180600,202304270000,9.0,19.0
202304180600,202304280000,10.0,20.0
202304181800,202304210000,14.0,22.0
202304181800,202304220000,9.0,20.0
202304181800,202304230000,10.0,20.0
202304181800,202304240000,9.0,20.0
202304181800,202304250000,9.0,16.0
202304181800,202304260000,8.0,18.0
202304181800,202304270000,9.0,19.0
202304181800,202304280000,10.0,20.0
202304190600,202304220000,10.0,20.0
202304190600,202304230000,10.0,21.0
202304190600,202304240000,9.0,20.0
202304190600,202304250000,9.0,16.0
202304190600,202304260000,8.0,18.0
202304190600,202304270000,9.0,19.0
202304190600,202304280000,10.0,20.0
202304190600,202304290000,10.0,21.0
202304191800,202304220000,10.0,21.0
202304191800,202304230000,10.0,21.0
202304191800,202304240000,10.0,21.0
202304191800,202304250000,9.0,15.0
202304191800,202304260000,8.0,18.0
202304191800,202304270000,9.0,20.0
202304191800,202304280000,11.0,21.0
202304191800,202304290000,11.0,21.0
202304200600,202304230000,10.0,21.0
202304200600,202304240000,10.0,21.0
202304200600,202304250000,9.0,14.0
202304200600,202304260000,8.0,18.0
202304200600,202304270000,9.0,20.0
202304200600,202304280000,11.0,22.0
202304200600,202304290000,12.0,22.0
202304200600,202304300000,12.0,22.0
202304201800,202304230000,10.0,21.0
202304201800,202304240000,10.0,21.0
202304201800,202304250000,9.0,14.0
202304201800,202304260000,8.0,18.0
202304201800,202304270000,8.0,20.0
202304201800,202304280000,10.0,22.0
202304201800,202304290000,11.0,23.0
202304201800,202304300000,12.0,22.0
202304210600,202304240000,10.0,22.0
202304210600,202304250000,9.0,14.0
202304210600,202304260000,8.0,18.0
202304210600,202304270000,8.0,20.0
202304210600,202304280000,10.0,22.0
202304210600,202304290000,11.0,23.0
202304210600,202304300000,12.0,22.0
202304210600,202305010000,13.0,22.0
202304211800,202304240000,10.0,22.0
202304211800,202304250000,10.0,14.0
202304211800,202304260000,8.0,18.0
202304211800,202304270000,8.0,19.0
202304211800,202304280000,9.0,22.0
202304211800,202304290000,12.0,23.0
202304211800,202304300000,13.0,23.0
202304211800,202305010000,13.0,22.0
202304220600,202304250000,10.0,14.0
202304220600,202304260000,8.0,18.0
202304220600,202304270000,8.0,19.0
202304220600,202304280000,9.0,22.0
202304220600,202304290000,12.0,23.0
202304220600,202304300000,13.0,23.0
202304220600,202305010000,13.0,22.0
202304220600,202305020000,12.0,22.0
202304221800,202304250000,10.0,14.0
202304221800,202304260000,8.0,19.0
202304221800,202304270000,9.0,20.0
202304221800,202304280000,10.0,22.0
202304221800,202304290000,12.0,24.0
202304221800,202304300000,13.0,23.0
202304221800,202305010000,12.0,22.0
202304221800,202305020000,12.0,22.0
202304230600,202304260000,8.0,19.0
202304230600,202304270000,9.0,20.0
202304230600,202304280000,10.0,22.0
202304230600,202304290000,12.0,23.0
202304230600,202304300000,13.0,21.0
202304230600,202305010000,12.0,22.0
202304230600,202305020000,12.0,22.0
202304230600,202305030000,12.0,22.0
202304231800,202304260000,8.0,17.0
202304231800,202304270000,9.0,20.0
202304231800,202304280000,10.0,22.0
202304231800,202304290000,12.0,23.0
202304231800,202304300000,12.0,20.0
202304231800,202305010000,12.0,22.0
202304231800,202305020000,12.0,23.0
202304231800,202305030000,12.0,22.0
202304240600,202304270000,8.0,20.0
202304240600,202304280000,10.0,22.0
202304240600,202304290000,13.0,23.0
202304240600,202304300000,11.0,20.0
202304240600,202305010000,12.0,22.0
202304240600,202305020000,12.0,24.0
202304240600,202305030000,13.0,23.0
202304240600,202305040000,13.0,25.0
202304241800,202304270000,8.0,20.0
202304241800,202304280000,10.0,22.0
202304241800,202304290000,13.0,22.0
202304241800,202304300000,10.0,19.0
202304241800,202305010000,11.0,22.0
202304241800,202305020000,12.0,24.0
202304241800,202305030000,13.0,23.0
202304241800,202305040000,13.0,25.0
202304250600,202304280000,9.0,21.0
202304250600,202304290000,13.0,21.0
202304250600,202304300000,10.0,18.0
202304250600,202305010000,10.0,22.0
202304250600,202305020000,12.0,24.0
202304250600,202305030000,13.0,23.0
202304250600,202305040000,15.0,23.0
202304250600,202305050000,13.0,24.0
202304251800,202304280000,9.0,21.0
202304251800,202304290000,13.0,21.0
202304251800,202304300000,10.0,18.0
202304251800,202305010000,10.0,22.0
202304251800,202305020000,12.0,24.0
202304251800,202305030000,13.0,24.0
202304251800,202305040000,15.0,23.0
202304251800,202305050000,13.0,24.0
202304260600,202304290000,14.0,19.0
202304260600,202304300000,10.0,19.0
202304260600,202305010000,10.0,22.0
202304260600,202305020000,12.0,25.0
202304260600,202305030000,14.0,24.0
202304260600,202305040000,15.0,24.0
202304260600,202305050000,13.0,24.0
202304260600,202305060000,14.0,22.0
202304261800,202304290000,14.0,18.0
202304261800,202304300000,10.0,21.0
202304261800,202305010000,10.0,22.0
202304261800,202305020000,12.0,25.0
202304261800,202305030000,13.0,23.0
202304261800,202305040000,15.0,24.0
202304261800,202305050000,15.0,24.0
202304261800,202305060000,14.0,21.0
202304270600,202304300000,10.0,20.0
202304270600,202305010000,10.0,22.0
202304270600,202305020000,12.0,25.0
202304270600,202305030000,14.0,22.0
202304270600,202305040000,14.0,25.0
202304270600,202305050000,15.0,25.0
202304270600,202305060000,15.0,24.0
202304270600,202305070000,14.0,22.0
202304271800,202304300000,9.0,19.0
202304271800,202305010000,10.0,21.0
202304271800,202305020000,11.0,25.0
202304271800,202305030000,14.0,22.0
202304271800,202305040000,14.0,24.0
202304271800,202305050000,15.0,26.0
202304271800,202305060000,15.0,25.0
202304271800,202305070000,15.0,22.0
202304280600,202305010000,10.0,21.0
202304280600,202305020000,11.0,25.0
202304280600,202305030000,14.0,22.0
202304280600,202305040000,14.0,22.0
202304280600,202305050000,15.0,25.0
202304280600,202305060000,15.0,24.0
202304280600,202305070000,14.0,22.0
202304280600,202305080000,13.0,22.0
202304281800,202305010000,9.0,21.0
202304281800,202305020000,11.0,25.0
202304281800,202305030000,13.0,23.0
202304281800,202305040000,15.0,22.0
202304281800,202305050000,16.0,24.0
202304281800,202305060000,16.0,23.0
202304281800,202305070000,14.0,22.0
202304281800,202305080000,14.0,21.0
202304290600,202305020000,11.0,25.0
202304290600,202305030000,13.0,23.0
202304290600,202305040000,15.0,23.0
202304290600,202305050000,16.0,24.0
202304290600,202305060000,16.0,23.0
202304290600,202305070000,14.0,22.0
202304290600,202305080000,14.0,21.0
202304290600,202305090000,13.0,21.0
202304291800,202305020000,10.0,25.0
202304291800,202305030000,13.0,23.0
202304291800,202305040000,15.0,24.0
202304291800,202305050000,16.0,24.0
202304291800,202305060000,16.0,23.0
202304291800,202305070000,14.0,22.0
202304291800,202305080000,13.0,21.0
202304291800,202305090000,13.0,21.0
202304300600,202305030000,14.0,24.0
202304300600,202305040000,15.0,24.0
202304300600,202305050000,17.0,22.0
202304300600,202305060000,15.0,22.0
202304300600,202305070000,14.0,21.0
202304300600,202305080000,12.0,22.0
202304300600,202305090000,12.0,22.0
202304300600,202305100000,12.0,22.0
202304301800,202305030000,14.0,24.0
202304301800,202305040000,15.0,24.0
202304301800,202305050000,17.0,22.0
202304301800,202305060000,15.0,22.0
202304301800,202305070000,14.0,21.0
202304301800,202305080000,12.0,22.0
202304301800,202305090000,12.0,22.0
202304301800,202305100000,12.0,22.0
202305010600,202305040000,15.0,24.0
202305010600,202305050000,17.0,22.0
202305010600,202305060000,15.0,21.0
202305010600,202305070000,13.0,21.0
202305010600,202305080000,12.0,23.0
202305010600,202305090000,12.0,22.0
202305010600,202305100000,12.0,22.0
202305010600,202305110000,13.0,21.0
202305011800,202305040000,15.0,24.0
202305011800,202305050000,17.0,22.0
202305011800,202305060000,15.0,21.0
202305011800,202305070000,13.0,21.0
202305011800,202305080000,12.0,23.0
202305011800,202305090000,12.0,22.0
202305011800,202305100000,12.0,22.0
202305011800,202305110000,13.0,21.0
202305020600,202305050000,16.0,21.0
202305020600,202305060000,15.0,21.0
202305020600,202305070000,13.0,21.0
202305020600,202305080000,12.0,23.0
202305020600,202305090000,13.0,23.0
202305020600,202305100000,13.0,22.0
202305020600,202305110000,14.0,23.0
202305020600,202305120000,13.0,23.0
202305021800,202305050000,16.0,21.0
202305021800,202305060000,14.0,20.0
202305021800,202305070000,13.0,21.0
202305021800,202305080000,12.0,23.0
202305021800,202305090000,13.0,23.0
202305021800,202305100000,13.0,21.0
202305021800,202305110000,13.0,22.0
202305021800,202305120000,13.0,22.0
202305030600,202305060000,14.0,21.0
202305030600,202305070000,13.0,21.0
202305030600,202305080000,12.0,23.0
202305030600,202305090000,13.0,23.0
202305030600,202305100000,13.0,22.0
202305030600,202305110000,13.0,23.0
202305030600,202305120000,13.0,22.0
202305030600,202305130000,12.0,22.0
202305031800,202305060000,15.0,21.0
202305031800,202305070000,13.0,22.0
202305031800,202305080000,12.0,23.0
202305031800,202305090000,13.0,23.0
202305031800,202305100000,13.0,22.0
202305031800,202305110000,14.0,22.0
202305031800,202305120000,13.0,22.0
202305031800,202305130000,12.0,22.0
202305040600,202305070000,13.0,22.0
202305040600,202305080000,12.0,23.0
202305040600,202305090000,13.0,23.0
202305040600,202305100000,13.0,23.0
202305040600,202305110000,14.0,22.0
202305040600,202305120000,13.0,22.0
202305040600,202305130000,12.0,22.0
202305040600,202305140000,13.0,23.0
202305041800,202305070000,12.0,20.0
202305041800,202305080000,11.0,23.0
202305041800,202305090000,12.0,23.0
202305041800,202305100000,13.0,24.0
202305041800,202305110000,14.0,23.0
202305041800,202305120000,13.0,22.0
202305041800,202305130000,13.0,23.0
202305041800,202305140000,13.0,23.0
202305050600,202305080000,11.0,23.0
202305050600,202305090000,12.0,23.0
202305050600,202305100000,13.0,24.0
202305050600,202305110000,14.0,23.0
202305050600,202305120000,13.0,22.0
202305050600,202305130000,13.0,23.0
202305050600,202305140000,13.0,23.0
202305050600,202305150000,13.0,23.0
202305051800,202305080000,11.0,23.0
202305051800,202305090000,12.0,23.0
202305051800,202305100000,13.0,24.0
202305051800,202305110000,14.0,23.0
202305051800,202305120000,13.0,22.0
202305051800,202305130000,13.0,23.0
202305051800,202305140000,13.0,23.0
202305051800,202305150000,13.0,23.0
202305060600,202305090000,13.0,24.0
202305060600,202305100000,13.0,24.0
202305060600,202305110000,13.0,23.0
202305060600,202305120000,13.0,22.0
202305060600,202305130000,13.0,23.0
202305060600,202305140000,13.0,23.0
202305060600,202305150000,14.0,23.0
202305060600,202305160000,14.0,25.0
202305061800,202305090000,13.0,25.0
202305061800,202305100000,13.0,24.0
202305061800,202305110000,13.0,23.0
202305061800,202305120000,13.0,22.0
202305061800,202305130000,13.0,23.0
202305061800,202305140000,13.0,23.0
202305061800,202305150000,14.0,24.0
202305061800,202305160000,14.0,25.0
202305070600,202305100000,13.0,24.0
202305070600,202305110000,14.0,24.0
202305070600,202305120000,13.0,22.0
202305070600,202305130000,13.0,22.0
202305070600,202305140000,13.0,24.0
202305070600,202305150000,15.0,24.0
202305070600,202305160000,15.0,25.0
202305070600,202305170000,15.0,26.0
202305071800,202305100000,12.0,25.0
202305071800,202305110000,14.0,24.0
202305071800,202305120000,13.0,22.0
202305071800,202305130000,13.0,22.0
202305071800,202305140000,13.0,24.0
202305071800,202305150000,15.0,24.0
202305071800,202305160000,15.0,25.0
202305071800,202305170000,15.0,26.0
202305080600,202305110000,13.0,25.0
202305080600,202305120000,13.0,22.0
202305080600,202305130000,13.0,22.0
202305080600,202305140000,14.0,24.0
202305080600,202305150000,15.0,25.0
202305080600,202305160000,15.0,25.0
202305080600,202305170000,16.0,25.0
202305080600,202305180000,15.0,25.0
202305081800,202305110000,13.0,25.0
202305081800,202305120000,13.0,22.0
202305081800,202305130000,13.0,22.0
202305081800,202305140000,14.0,23.0
202305081800,202305150000,14.0,25.0
202305081800,202305160000,15.0,25.0
202305081800,202305170000,15.0,26.0
202305081800,202305180000,16.0,25.0
202305090600,202305120000,13.0,22.0
202305090600,202305130000,13.0,22.0
202305090600,202305140000,14.0,23.0
202305090600,202305150000,14.0,25.0
202305090600,202305160000,15.0,25.0
202305090600,202305170000,15.0,26.0
202305090600,202305180000,16.0,25.0
202305090600,202305190000,15.0,25.0
202305091800,202305120000,13.0,22.0
202305091800,202305130000,13.0,22.0
202305091800,202305140000,14.0,24.0
202305091800,202305150000,15.0,26.0
202305091800,202305160000,15.0,26.0
202305091800,202305170000,15.0,26.0
202305091800,202305180000,15.0,25.0
202305091800,202305190000,15.0,25.0
202305100600,202305130000,13.0,22.0
202305100600,202305140000,14.0,24.0
202305100600,202305150000,15.0,26.0
202305100600,202305160000,15.0,26.0
202305100600,202305170000,16.0,26.0
202305100600,202305180000,15.0,25.0
202305100600,202305190000,15.0,25.0
202305100600,202305200000,15.0,24.0
202305101800,202305130000,13.0,23.0
202305101800,202305140000,14.0,24.0
202305101800,202305150000,14.0,26.0
202305101800,202305160000,16.0,28.0
202305101800,202305170000,16.0,27.0
202305101800,202305180000,16.0,24.0
202305101800,202305190000,16.0,24.0
202305101800,202305200000,16.0,24.0
202305110600,202305140000,14.0,24.0
202305110600,202305150000,14.0,26.0
202305110600,202305160000,16.0,28.0
202305110600,202305170000,16.0,27.0
202305110600,202305180000,16.0,24.0
202305110600,202305190000,16.0,24.0
202305110600,202305200000,16.0,24.0
202305110600,202305210000,14.0,24.0
202305111800,202305140000,13.0,24.0
202305111800,202305150000,14.0,26.0
202305111800,202305160000,16.0,28.0
202305111800,202305170000,16.0,27.0
202305111800,202305180000,16.0,25.0
202305111800,202305190000,16.0,24.0
202305111800,202305200000,16.0,24.0
202305111800,202305210000,14.0,24.0
202305120600,202305150000,14.0,27.0
202305120600,202305160000,16.0,28.0
202305120600,202305170000,16.0,27.0
202305120600,202305180000,16.0,26.0
202305120600,202305190000,15.0,25.0
202305120600,202305200000,16.0,25.0
202305120600,202305210000,14.0,23.0
202305120600,202305220000,15.0,24.0
202305121800,202305150000,14.0,27.0
202305121800,202305160000,16.0,28.0
202305121800,202305170000,16.0,27.0
202305121800,202305180000,16.0,26.0
202305121800,202305190000,15.0,25.0
202305121800,202305200000,16.0,25.0
202305121800,202305210000,14.0,23.0
202305121800,202305220000,15.0,24.0
202305130600,202305160000,16.0,29.0
202305130600,202305170000,16.0,27.0
202305130600,202305180000,16.0,26.0
202305130600,202305190000,16.0,25.0
202305130600,202305200000,16.0,26.0
202305130600,202305210000,16.0,24.0
202305130600,202305220000,15.0,24.0
202305130600,202305230000,15.0,24.0
202305131800,202305160000,17.0,29.0
202305131800,202305170000,16.0,27.0
202305131800,202305180000,16.0,26.0
202305131800,202305190000,16.0,25.0
202305131800,202305200000,16.0,26.0
202305131800,202305210000,16.0,24.0
202305131800,202305220000,14.0,24.0
202305131800,202305230000,14.0,24.0
202305140600,202305170000,16.0,27.0
202305140600,202305180000,16.0,24.0
202305140600,202305190000,16.0,26.0
202305140600,202305200000,17.0,26.0
202305140600,202305210000,15.0,25.0
202305140600,202305220000,13.0,24.0
202305140600,202305230000,14.0,24.0
202305140600,202305240000,14.0,25.0
202305141800,202305170000,17.0,27.0
202305141800,202305180000,16.0,24.0
202305141800,202305190000,16.0,26.0
202305141800,202305200000,17.0,26.0
202305141800,202305210000,15.0,25.0
202305141800,202305220000,13.0,24.0
202305141800,202305230000,14.0,25.0
202305141800,202305240000,15.0,25.0
202305150600,202305180000,16.0,23.0
202305150600,202305190000,16.0,26.0
202305150600,202305200000,17.0,26.0
202305150600,202305210000,15.0,24.0
202305150600,202305220000,13.0,24.0
202305150600,202305230000,14.0,25.0
202305150600,202305240000,15.0,26.0
202305150600,202305250000,16.0,26.0
202305151800,202305180000,17.0,24.0
202305151800,202305190000,16.0,27.0
202305151800,202305200000,16.0,26.0
202305151800,202305210000,15.0,24.0
202305151800,202305220000,14.0,24.0
202305151800,202305230000,15.0,25.0
202305151800,202305240000,15.0,26.0
202305151800,202305250000,16.0,26.0
202305160600,202305190000,16.0,27.0
202305160600,202305200000,16.0,26.0
202305160600,202305210000,15.0,24.0
202305160600,202305220000,14.0,24.0
202305160600,202305230000,15.0,25.0
202305160600,202305240000,15.0,26.0
202305160600,202305250000,16.0,26.0
202305160600,202305260000,16.0,27.0
202305161800,202305190000,17.0,28.0
202305161800,202305200000,16.0,26.0
202305161800,202305210000,15.0,24.0
202305161800,202305220000,13.0,24.0
202305161800,202305230000,14.0,26.0
202305161800,202305240000,15.0,26.0
202305161800,202305250000,16.0,26.0
202305161800,202305260000,16.0,27.0
202305170600,202305200000,16.0,26.0
202305170600,202305210000,15.0,23.0
202305170600,202305220000,13.0,24.0
202305170600,202305230000,14.0,26.0
202305170600,202305240000,15.0,26.0
202305170600,202305250000,16.0,26.0
202305170600,202305260000,16.0,27.0
202305170600,202305270000,17.0,27.0
202305171800,202305200000,16.0,25.0
202305171800,202305210000,15.0,23.0
202305171800,202305220000,13.0,25.0
202305171800,202305230000,15.0,27.0
202305171800,202305240000,16.0,26.0
202305171800,202305250000,15.0,26.0
202305171800,202305260000,16.0,26.0
202305171800,202305270000,17.0,27.0
202305180600,202305210000,15.0,23.0
202305180600,202305220000,14.0,26.0
202305180600,202305230000,15.0,27.0
202305180600,202305240000,16.0,26.0
202305180600,202305250000,15.0,27.0
202305180600,202305260000,16.0,26.0
202305180600,202305270000,17.0,27.0
202305180600,202305280000,17.0,28.0
202305181800,202305210000,14.0,23.0
202305181800,202305220000,14.0,26.0
202305181800,202305230000,15.0,27.0
202305181800,202305240000,16.0,26.0
202305181800,202305250000,15.0,27.0
202305181800,202305260000,16.0,26.0
202305181800,202305270000,17.0,27.0
202305181800,202305280000,17.0,28.0
202305190600,202305220000,14.0,25.0
202305190600,202305230000,14.0,26.0
202305190600,202305240000,15.0,26.0
202305190600,202305250000,16.0,28.0
202305190600,202305260000,16.0,26.0
202305190600,202305270000,17.0,27.0
202305190600,202305280000,17.0,26.0
202305190600,202305290000,18.0,26.0
202305191800,202305220000,14.0,25.0
202305191800,202305230000,14.0,26.0
202305191800,202305240000,15.0,26.0
202305191800,202305250000,16.0,28.0
202305191800,202305260000,16.0,26.0
202305191800,202305270000,17.0,27.0
202305191800,202305280000,17.0,26.0
202305191800,202305290000,18.0,26.0
202305200600,202305230000,15.0,26.0
202305200600,202305240000,15.0,26.0
202305200600,202305250000,16.0,28.0
202305200600,202305260000,17.0,26.0
202305200600,202305270000,17.0,27.0
202305200600,202305280000,17.0,26.0
202305200600,202305290000,18.0,25.0
202305200600,202305300000,17.0,27.0
202305201800,202305230000,15.0,26.0
202305201800,202305240000,15.0,27.0
202305201800,202305250000,15.0,27.0
202305201800,202305260000,17.0,26.0
202305201800,202305270000,17.0,26.0
202305201800,202305280000,18.0,26.0
202305201800,202305290000,17.0,26.0
202305201800,202305300000,16.0,28.0
202305210600,202305240000,15.0,27.0
202305210600,202305250000,15.0,27.0
202305210600,202305260000,17.0,26.0
202305210600,202305270000,17.0,26.0
202305210600,202305280000,18.0,26.0
202305210600,202305290000,17.0,26.0
202305210600,202305300000,16.0,28.0
202305210600,202305310000,16.0,26.0
202305211800,202305240000,15.0,27.0
202305211800,202305250000,15.0,28.0
202305211800,202305260000,17.0,25.0
202305211800,202305270000,18.0,26.0
202305211800,202305280000,17.0,25.0
202305211800,202305290000,18.0,25.0
202305211800,202305300000,18.0,25.0
202305211800,202305310000,17.0,26.0
202305220600,202305250000,15.0,28.0
202305220600,202305260000,17.0,25.0
202305220600,202305270000,18.0,26.0
202305220600,202305280000,17.0,25.0
202305220600,202305290000,18.0,25.0
202305220600,202305300000,18.0,26.0
202305220600,202305310000,17.0,26.0
202305220600,202306010000,17.0,26.0
202305221800,202305250000,15.0,27.0
202305221800,202305260000,17.0,23.0
202305221800,202305270000,17.0,27.0
202305221800,202305280000,18.0,24.0
202305221800,202305290000,18.0,25.0
202305221800,202305300000,18.0,26.0
202305221800,202305310000,17.0,26.0
202305221800,202306010000,16.0,28.0
202305230600,202305260000,17.0,23.0
202305230600,202305270000,17.0,27.0
202305230600,202305280000,18.0,24.0
202305230600,202305290000,18.0,25.0
202305230600,202305300000,18.0,25.0
202305230600,202305310000,17.0,26.0
202305230600,202306010000,16.0,28.0
202305230600,202306020000,17.0,28.0
202305231800,202305260000,17.0,22.0
202305231800,202305270000,17.0,27.0
202305231800,202305280000,18.0,24.0
202305231800,202305290000,18.0,25.0
202305231800,202305300000,18.0,25.0
202305231800,202305310000,17.0,26.0
202305231800,202306010000,16.0,27.0
202305231800,202306020000,17.0,28.0
202305240600,202305270000,18.0,26.0
202305240600,202305280000,18.0,25.0
202305240600,202305290000,19.0,26.0
202305240600,202305300000,18.0,27.0
202305240600,202305310000,17.0,26.0
202305240600,202306010000,17.0,27.0
202305240600,202306020000,17.0,27.0
202305240600,202306030000,18.0,27.0
202305241800,202305270000,18.0,26.0
202305241800,202305280000,18.0,25.0
202305241800,202305290000,19.0,26.0
202305241800,202305300000,18.0,27.0
202305241800,202305310000,17.0,26.0
202305241800,202306010000,17.0,27.0
202305241800,202306020000,17.0,27.0
202305241800,202306030000,18.0,27.0
202305250600,202305280000,18.0,24.0
202305250600,202305290000,19.0,26.0
202305250600,202305300000,18.0,27.0
202305250600,202305310000,17.0,26.0
202305250600,202306010000,17.0,27.0
202305250600,202306020000,17.0,27.0
202305250600,202306030000,18.0,27.0
202305250600,202306040000,18.0,26.0
202305251800,202305280000,18.0,23.0
202305251800,202305290000,18.0,27.0
202305251800,202305300000,18.0,27.0
202305251800,202305310000,17.0,27.0
202305251800,202306010000,17.0,26.0
202305251800,202306020000,17.0,28.0
202305251800,202306030000,18.0,28.0
202305251800,202306040000,18.0,26.0
202305260600,202305290000,18.0,26.0
202305260600,202305300000,19.0,28.0
202305260600,202305310000,17.0,27.0
202305260600,202306010000,17.0,27.0
202305260600,202306020000,18.0,27.0
202305260600,202306030000,17.0,28.0
202305260600,202306040000,17.0,27.0
202305260600,202306050000,17.0,27.0
202305261800,202305290000,18.0,26.0
202305261800,202305300000,19.0,27.0
202305261800,202305310000,17.0,27.0
202305261800,202306010000,17.0,27.0
202305261800,202306020000,18.0,26.0
202305261800,202306030000,17.0,28.0
202305261800,202306040000,17.0,27.0
202305261800,202306050000,17.0,27.0
202305270600,202305300000,19.0,27.0
202305270600,202305310000,17.0,27.0
202305270600,202306010000,17.0,27.0
202305270600,202306020000,18.0,26.0
202305270600,202306030000,17.0,28.0
202305270600,202306040000,16.0,27.0
202305270600,202306050000,17.0,28.0
202305270600,202306060000,17.0,28.0
202305271800,202305300000,19.0,28.0
202305271800,202305310000,17.0,28.0
202305271800,202306010000,17.0,27.0
202305271800,202306020000,19.0,26.0
202305271800,202306030000,18.0,28.0
202305271800,202306040000,16.0,28.0
202305271800,202306050000,17.0,29.0
202305271800,202306060000,17.0,28.0
202305280600,202305310000,17.0,28.0
202305280600,202306010000,17.0,27.0
202305280600,202306020000,19.0,26.0
202305280600,202306030000,18.0,28.0
202305280600,202306040000,16.0,28.0
202305280600,202306050000,17.0,29.0
202305280600,202306060000,17.0,28.0
202305280600,202306070000,18.0,28.0
202305281800,202305310000,17.0,28.0
202305281800,202306010000,18.0,27.0
202305281800,202306020000,19.0,27.0
202305281800,202306030000,18.0,28.0
202305281800,202306040000,17.0,28.0
202305281800,202306050000,17.0,29.0
202305281800,202306060000,17.0,28.0
202305281800,202306070000,18.0,28.0
202305290600,202306010000,18.0,27.0
202305290600,202306020000,19.0,27.0
202305290600,202306030000,18.0,28.0
202305290600,202306040000,17.0,29.0
202305290600,202306050000,17.0,29.0
202305290600,202306060000,17.0,28.0
202305290600,202306070000,18.0,28.0
202305290600,202306080000,18.0,28.0
202305291800,202306010000,19.0,25.0
202305291800,202306020000,19.0,27.0
202305291800,202306030000,18.0,28.0
202305291800,202306040000,17.0,29.0
202305291800,202306050000,18.0,29.0
202305291800,202306060000,18.0,28.0
202305291800,202306070000,18.0,28.0
202305291800,202306080000,18.0,28.0
202305300600,202306020000,18.0,27.0
202305300600,202306030000,17.0,28.0
202305300600,202306040000,17.0,29.0
202305300600,202306050000,18.0,28.0
202305300600,202306060000,18.0,28.0
202305300600,202306070000,18.0,28.0
202305300600,202306080000,19.0,28.0
202305300600,202306090000,18.0,28.0
202305301800,202306020000,18.0,27.0
202305301800,202306030000,17.0,28.0
202305301800,202306040000,17.0,29.0
202305301800,202306050000,18.0,28.0
202305301800,202306060000,18.0,28.0
202305301800,202306070000,18.0,28.0
202305301800,202306080000,18.0,28.0
202305301800,202306090000,18.0,28.0
202305310600,202306030000,18.0,29.0
202305310600,202306040000,18.0,28.0
202305310600,202306050000,17.0,26.0
202305310600,202306060000,17.0,28.0
202305310600,202306070000,17.0,28.0
202305310600,202306080000,18.0,27.0
202305310600,202306090000,18.0,27.0
202305310600,202306100000,19.0,28.0
202305311800,202306030000,18.0,29.0
202305311800,202306040000,18.0,28.0
202305311800,202306050000,17.0,26.0
202305311800,202306060000,17.0,28.0
202305311800,202306070000,17.0,28.0
202305311800,202306080000,18.0,27.0
202305311800,202306090000,18.0,27.0
202305311800,202306100000,19.0,28.0
202306010600,202306040000,18.0,28.0
202306010600,202306050000,17.0,27.0
202306010600,202306060000,18.0,27.0
202306010600,202306070000,17.0,28.0
202306010600,202306080000,18.0,28.0
202306010600,202306090000,18.0,27.0
202306010600,202306100000,19.0,28.0
202306010600,202306110000,19.0,28.0
202306011800,202306040000,18.0,27.0
202306011800,202306050000,18.0,28.0
202306011800,202306060000,18.0,27.0
202306011800,202306070000,18.0,27.0
202306011800,202306080000,18.0,27.0
202306011800,202306090000,18.0,28.0
202306011800,202306100000,19.0,28.0
202306011800,202306110000,20.0,29.0
202306020600,202306050000,18.0,28.0
202306020600,202306060000,18.0,27.0
202306020600,202306070000,18.0,27.0
202306020600,202306080000,18.0,27.0
202306020600,202306090000,18.0,28.0
202306020600,202306100000,19.0,28.0
202306020600,202306110000,20.0,29.0
202306020600,202306120000,19.0,28.0
202306021800,202306050000,17.0,28.0
202306021800,202306060000,18.0,28.0
202306021800,202306070000,18.0,27.0
202306021800,202306080000,19.0,28.0
202306021800,202306090000,19.0,28.0
202306021800,202306100000,19.0,27.0
202306021800,202306110000,20.0,28.0
202306021800,202306120000,19.0,28.0
202306030600,202306060000,18.0,27.0
202306030600,202306070000,18.0,27.0
202306030600,202306080000,19.0,28.0
202306030600,202306090000,19.0,28.0
202306030600,202306100000,19.0,27.0
202306030600,202306110000,20.0,28.0
202306030600,202306120000,19.0,28.0
202306030600,202306130000,19.0,29.0
202306031800,202306060000,17.0,26.0
202306031800,202306070000,18.0,28.0
202306031800,202306080000,19.0,27.0
202306031800,202306090000,19.0,28.0
202306031800,202306100000,19.0,28.0
202306031800,202306110000,19.0,28.0
202306031800,202306120000,19.0,28.0
202306031800,202306130000,19.0,28.0
202306040600,202306070000,18.0,28.0
202306040600,202306080000,19.0,27.0
202306040600,202306090000,19.0,28.0
202306040600,202306100000,19.0,28.0
202306040600,202306110000,19.0,28.0
202306040600,202306120000,19.0,28.0
202306040600,202306130000,19.0,28.0
202306040600,202306140000,20.0,29.0
202306041800,202306070000,18.0,29.0
202306041800,202306080000,19.0,27.0
202306041800,202306090000,19.0,28.0
202306041800,202306100000,19.0,28.0
202306041800,202306110000,19.0,28.0
202306041800,202306120000,19.0,28.0
202306041800,202306130000,19.0,28.0
202306041800,202306140000,20.0,29.0
202306050600,202306080000,18.0,28.0
202306050600,202306090000,19.0,27.0
202306050600,202306100000,18.0,28.0
202306050600,202306110000,18.0,27.0
202306050600,202306120000,19.0,28.0
202306050600,202306130000,19.0,29.0
202306050600,202306140000,20.0,29.0
202306050600,202306150000,21.0,29.0
202306051800,202306080000,18.0,28.0
202306051800,202306090000,19.0,27.0
202306051800,202306100000,18.0,28.0
202306051800,202306110000,18.0,27.0
202306051800,202306120000,19.0,28.0
202306051800,202306130000,19.0,29.0
202306051800,202306140000,20.0,29.0
202306051800,202306150000,21.0,29.0
202306060600,202306090000,18.0,26.0
202306060600,202306100000,18.0,28.0
202306060600,202306110000,19.0,28.0
202306060600,202306120000,19.0,27.0
202306060600,202306130000,19.0,28.0
202306060600,202306140000,20.0,29.0
202306060600,202306150000,20.0,29.0
202306060600,202306160000,20.0,29.0
202306061800,202306090000,18.0,27.0
202306061800,202306100000,18.0,27.0
202306061800,202306110000,19.0,28.0
202306061800,202306120000,18.0,27.0
202306061800,202306130000,19.0,28.0
202306061800,202306140000,20.0,29.0
202306061800,202306150000,20.0,29.0
202306061800,202306160000,20.0,29.0
202306070600,202306100000,19.0,25.0
202306070600,202306110000,19.0,27.0
202306070600,202306120000,18.0,27.0
202306070600,202306130000,18.0,27.0
202306070600,202306140000,19.0,28.0
202306070600,202306150000,20.0,29.0
202306070600,202306160000,20.0,29.0
202306070600,202306170000,21.0,29.0
202306071800,202306100000,19.0,27.0
202306071800,202306110000,19.0,28.0
202306071800,202306120000,19.0,27.0
202306071800,202306130000,18.0,27.0
202306071800,202306140000,19.0,28.0
202306071800,202306150000,20.0,29.0
202306071800,202306160000,20.0,30.0
202306071800,202306170000,21.0,29.0
202306080600,202306110000,19.0,28.0
202306080600,202306120000,19.0,27.0
202306080600,202306130000,18.0,27.0
202306080600,202306140000,19.0,28.0
202306080600,202306150000,20.0,29.0
202306080600,202306160000,20.0,30.0
202306080600,202306170000,21.0,29.0
202306080600,202306180000,21.0,29.0
202306081800,202306110000,19.0,27.0
202306081800,202306120000,18.0,26.0
202306081800,202306130000,18.0,27.0
202306081800,202306140000,19.0,28.0
202306081800,202306150000,20.0,29.0
202306081800,202306160000,20.0,30.0
202306081800,202306170000,21.0,30.0
202306081800,202306180000,21.0,29.0
202306090600,202306120000,18.0,26.0
202306090600,202306130000,18.0,27.0
202306090600,202306140000,19.0,28.0
202306090600,202306150000,20.0,29.0
202306090600,202306160000,20.0,30.0
202306090600,202306170000,21.0,30.0
202306090600,202306180000,21.0,29.0
202306090600,202306190000,22.0,29.0
202306091800,202306120000,18.0,26.0
202306091800,202306130000,18.0,26.0
202306091800,202306140000,19.0,28.0
202306091800,202306150000,19.0,29.0
202306091800,202306160000,20.0,30.0
202306091800,202306170000,21.0,30.0
202306091800,202306180000,21.0,30.0
202306091800,202306190000,22.0,29.0
202306100600,202306130000,18.0,26.0
202306100600,202306140000,19.0,28.0
202306100600,202306150000,19.0,29.0
202306100600,202306160000,20.0,30.0
202306100600,202306170000,21.0,30.0
202306100600,202306180000,21.0,30.0
202306100600,202306190000,22.0,29.0
202306100600,202306200000,22.0,29.0
202306101800,202306130000,18.0,27.0
202306101800,202306140000,19.0,28.0
202306101800,202306150000,19.0,29.0
202306101800,202306160000,20.0,30.0
202306101800,202306170000,21.0,30.0
202306101800,202306180000,21.0,30.0
202306101800,202306190000,22.0,29.0
202306101800,202306200000,22.0,29.0
202306110600,202306140000,18.0,27.0
202306110600,202306150000,19.0,29.0
202306110600,202306160000,20.0,30.0
202306110600,202306170000,21.0,30.0
202306110600,202306180000,21.0,30.0
202306110600,202306190000,22.0,30.0
202306110600,202306200000,22.0,30.0
202306110600,202306210000,22.0,29.0
202306111800,202306140000,18.0,26.0
202306111800,202306150000,19.0,29.0
202306111800,202306160000,20.0,30.0
202306111800,202306170000,21.0,30.0
202306111800,202306180000,21.0,30.0
202306111800,202306190000,22.0,30.0
202306111800,202306200000,22.0,30.0
202306111800,202306210000,22.0,28.0
202306120600,202306150000,19.0,29.0
202306120600,202306160000,20.0,29.0
202306120600,202306170000,20.0,29.0
202306120600,202306180000,21.0,31.0
202306120600,202306190000,22.0,31.0
202306120600,202306200000,21.0,29.0
202306120600,202306210000,21.0,27.0
202306120600,202306220000,21.0,28.0
202306121800,202306150000,19.0,28.0
202306121800,202306160000,20.0,29.0
202306121800,202306170000,20.0,29.0
202306121800,202306180000,21.0,31.0
202306121800,202306190000,21.0,30.0
202306121800,202306200000,21.0,29.0
202306121800,202306210000,21.0,28.0
202306121800,202306220000,21.0,29.0
202306130600,202306160000,20.0,29.0
202306130600,202306170000,20.0,29.0
202306130600,202306180000,21.0,31.0
202306130600,202306190000,21.0,30.0
202306130600,202306200000,21.0,29.0
202306130600,202306210000,21.0,28.0
202306130600,202306220000,21.0,29.0
202306130600,202306230000,21.0,29.0
202306131800,202306160000,20.0,29.0
202306131800,202306170000,20.0,30.0
202306131800,202306180000,21.0,31.0
202306131800,202306190000,22.0,32.0
202306131800,202306200000,22.0,28.0
202306131800,202306210000,21.0,28.0
202306131800,202306220000,20.0,29.0
202306131800,202306230000,21.0,29.0
202306140600,202306170000,20.0,30.0
202306140600,202306180000,21.0,31.0
202306140600,202306190000,22.0,32.0
202306140600,202306200000,22.0,28.0
202306140600,202306210000,21.0,28.0
202306140600,202306220000,20.0,29.0
202306140600,202306230000,21.0,29.0
202306140600,202306240000,21.0,29.0
202306141800,202306170000,20.0,31.0
202306141800,202306180000,22.0,32.0
202306141800,202306190000,22.0,32.0
202306141800,202306200000,22.0,29.0
202306141800,202306210000,21.0,28.0
202306141800,202306220000,21.0,29.0
202306141800,202306230000,21.0,29.0
202306141800,202306240000,21.0,29.0
202306150600,202306180000,22.0,32.0
202306150600,202306190000,22.0,32.0
202306150600,202306200000,22.0,29.0
202306150600,202306210000,21.0,28.0
202306150600,202306220000,21.0,29.0
202306150600,202306230000,21.0,28.0
202306150600,202306240000,21.0,29.0
202306150600,202306250000,22.0,29.0
202306151800,202306180000,21.0,34.0
202306151800,202306190000,23.0,33.0
202306151800,202306200000,22.0,28.0
202306151800,202306210000,20.0,27.0
202306151800,202306220000,20.0,28.0
202306151800,202306230000,20.0,28.0
202306151800,202306240000,20.0,29.0
202306151800,202306250000,21.0,29.0
202306160600,202306190000,23.0,33.0
202306160600,202306200000,22.0,28.0
202306160600,202306210000,20.0,27.0
202306160600,202306220000,20.0,28.0
202306160600,202306230000,20.0,28.0
202306160600,202306240000,20.0,29.0
202306160600,202306250000,21.0,29.0
202306160600,202306260000,21.0,29.0
202306161800,202306190000,23.0,34.0
202306161800,202306200000,22.0,29.0
202306161800,202306210000,20.0,28.0
202306161800,202306220000,20.0,28.0
202306161800,202306230000,20.0,28.0
202306161800,202306240000,20.0,29.0
202306161800,202306250000,21.0,29.0
202306161800,202306260000,21.0,29.0
202306170600,202306200000,21.0,31.0
202306170600,202306210000,20.0,27.0
202306170600,202306220000,20.0,28.0
202306170600,202306230000,20.0,29.0
202306170600,202306240000,21.0,29.0
202306170600,202306250000,21.0,30.0
202306170600,202306260000,22.0,29.0
202306170600,202306270000,22.0,27.0
202306171800,202306200000,22.0,30.0
202306171800,202306210000,20.0,27.0
202306171800,202306220000,20.0,28.0
202306171800,202306230000,20.0,29.0
202306171800,202306240000,21.0,29.0
202306171800,202306250000,21.0,30.0
202306171800,202306260000,22.0,29.0
202306171800,202306270000,22.0,27.0
202306180600,202306210000,20.0,25.0
202306180600,202306220000,20.0,27.0
202306180600,202306230000,20.0,29.0
202306180600,202306240000,21.0,29.0
202306180600,202306250000,22.0,30.0
202306180600,202306260000,22.0,29.0
202306180600,202306270000,22.0,27.0
202306180600,202306280000,22.0,28.0
202306181800,202306210000,20.0,25.0
202306181800,202306220000,20.0,28.0
202306181800,202306230000,20.0,29.0
202306181800,202306240000,21.0,29.0
202306181800,202306250000,22.0,30.0
202306181800,202306260000,22.0,29.0
202306181800,202306270000,22.0,27.0
202306181800,202306280000,22.0,28.0
202306190600,202306220000,19.0,27.0
202306190600,202306230000,20.0,29.0
202306190600,202306240000,21.0,30.0
202306190600,202306250000,22.0,30.0
202306190600,202306260000,22.0,29.0
202306190600,202306270000,22.0,28.0
202306190600,202306280000,22.0,29.0
202306190600,202306290000,22.0,27.0
202306191800,202306220000,19.0,26.0
202306191800,202306230000,20.0,29.0
202306191800,202306240000,21.0,30.0
202306191800,202306250000,22.0,30.0
202306191800,202306260000,22.0,29.0
202306191800,202306270000,22.0,28.0
202306191800,202306280000,22.0,29.0
202306191800,202306290000,22.0,27.0
202306200600,202306230000,20.0,29.0
202306200600,202306240000,21.0,30.0
202306200600,202306250000,22.0,30.0
202306200600,202306260000,22.0,29.0
202306200600,202306270000,22.0,28.0
202306200600,202306280000,22.0,29.0
202306200600,202306290000,22.0,27.0
202306200600,202306300000,22.0,28.0
202306201800,202306230000,20.0,29.0
202306201800,202306240000,21.0,30.0
202306201800,202306250000,21.0,30.0
202306201800,202306260000,22.0,28.0
202306201800,202306270000,22.0,28.0
202306201800,202306280000,22.0,29.0
202306201800,202306290000,22.0,28.0
202306201800,202306300000,22.0,29.0
202306210600,202306240000,21.0,30.0
202306210600,202306250000,21.0,30.0
202306210600,202306260000,22.0,28.0
202306210600,202306270000,22.0,28.0
202306210600,202306280000,22.0,29.0
202306210600,202306290000,22.0,28.0
202306210600,202306300000,22.0,29.0
202306210600,202307010000,23.0,27.0
202306211800,202306240000,22.0,31.0
202306211800,202306250000,22.0,31.0
202306211800,202306260000,22.0,28.0
202306211800,202306270000,22.0,28.0
202306211800,202306280000,22.0,29.0
202306211800,202306290000,23.0,28.0
202306211800,202306300000,23.0,29.0
202306211800,202307010000,23.0,28.0
202306220600,202306250000,22.0,31.0
202306220600,202306260000,22.0,28.0
202306220600,202306270000,22.0,28.0
202306220600,202306280000,22.0,29.0
202306220600,202306290000,23.0,28.0
202306220600,202306300000,23.0,29.0
202306220600,202307010000,23.0,29.0
202306220600,202307020000,23.0,29.0
202306221800,202306250000,22.0,32.0
202306221800,202306260000,22.0,27.0
202306221800,202306270000,22.0,28.0
202306221800,202306280000,22.0,29.0
202306221800,202306290000,23.0,28.0
202306221800,202306300000,23.0,29.0
202306221800,202307010000,23.0,29.0
202306221800,202307020000,23.0,28.0
202306230600,202306260000,22.0,26.0
202306230600,202306270000,21.0,28.0
202306230600,202306280000,22.0,29.0
202306230600,202306290000,22.0,28.0
202306230600,202306300000,22.0,29.0
202306230600,202307010000,23.0,30.0
202306230600,202307020000,23.0,28.0
202306230600,202307030000,23.0,27.0
202306231800,202306260000,22.0,26.0
202306231800,202306270000,21.0,28.0
202306231800,202306280000,22.0,29.0
202306231800,202306290000,22.0,28.0
202306231800,202306300000,22.0,29.0
202306231800,202307010000,23.0,30.0
202306231800,202307020000,23.0,28.0
202306231800,202307030000,23.0,27.0
202306240600,202306270000,21.0,28.0
202306240600,202306280000,22.0,28.0
202306240600,202306290000,22.0,27.0
202306240600,202306300000,23.0,28.0
202306240600,202307010000,23.0,29.0
202306240600,202307020000,23.0,28.0
202306240600,202307030000,22.0,28.0
202306240600,202307040000,22.0,28.0
202306241800,202306270000,22.0,28.0
202306241800,202306280000,22.0,28.0
202306241800,202306290000,22.0,27.0
202306241800,202306300000,23.0,28.0
202306241800,202307010000,23.0,29.0
202306241800,202307020000,23.0,28.0
202306241800,202307030000,22.0,28.0
202306241800,202307040000,22.0,28.0
202306250600,202306280000,22.0,29.0
202306250600,202306290000,23.0,27.0
202306250600,202306300000,22.0,28.0
202306250600,202307010000,22.0,29.0
202306250600,202307020000,23.0,28.0
202306250600,202307030000,23.0,29.0
202306250600,202307040000,23.0,28.0
202306250600,202307050000,23.0,29.0
202306251800,202306280000,22.0,30.0
202306251800,202306290000,23.0,27.0
202306251800,202306300000,22.0,27.0
202306251800,202307010000,22.0,30.0
202306251800,202307020000,23.0,29.0
202306251800,202307030000,23.0,29.0
202306251800,202307040000,23.0,29.0
202306251800,202307050000,23.0,29.0
202306260600,202306290000,23.0,27.0
202306260600,202306300000,22.0,27.0
202306260600,202307010000,22.0,30.0
202306260600,202307020000,23.0,29.0
202306260600,202307030000,23.0,29.0
202306260600,202307040000,23.0,29.0
202306260600,202307050000,23.0,29.0
202306260600,202307060000,22.0,28.0
202306261800,202306290000,23.0,27.0
202306261800,202306300000,22.0,29.0
202306261800,202307010000,23.0,30.0
202306261800,202307020000,23.0,29.0
202306261800,202307030000,23.0,30.0
202306261800,202307040000,23.0,29.0
202306261800,202307050000,23.0,29.0
202306261800,202307060000,23.0,28.0
202306270600,202306300000,22.0,29.0
202306270600,202307010000,23.0,31.0
202306270600,202307020000,23.0,30.0
202306270600,202307030000,23.0,30.0
202306270600,202307040000,23.0,29.0
202306270600,202307050000,23.0,29.0
202306270600,202307060000,22.0,28.0
202306270600,202307070000,22.0,29.0
202306271800,202306300000,22.0,30.0
202306271800,202307010000,23.0,32.0
202306271800,202307020000,23.0,30.0
202306271800,202307030000,23.0,30.0
202306271800,202307040000,23.0,29.0
202306271800,202307050000,23.0,28.0
202306271800,202307060000,22.0,30.0
202306271800,202307070000,22.0,29.0
202306280600,202307010000,23.0,32.0
202306280600,202307020000,23.0,30.0
202306280600,202307030000,23.0,30.0
202306280600,202307040000,23.0,29.0
202306280600,202307050000,23.0,28.0
202306280600,202307060000,22.0,30.0
202306280600,202307070000,22.0,29.0
202306280600,202307080000,23.0,30.0
202306281800,202307010000,23.0,33.0
202306281800,202307020000,23.0,31.0
202306281800,202307030000,23.0,31.0
202306281800,202307040000,23.0,29.0
202306281800,202307050000,23.0,29.0
202306281800,202307060000,22.0,30.0
202306281800,202307070000,22.0,30.0
202306281800,202307080000,23.0,30.0
202306290600,202307020000,24.0,32.0
202306290600,202307030000,23.0,33.0
202306290600,202307040000,23.0,30.0
202306290600,202307050000,23.0,28.0
202306290600,202307060000,22.0,30.0
202306290600,202307070000,23.0,30.0
202306290600,202307080000,23.0,30.0
202306290600,202307090000,22.0,30.0
202306291800,202307020000,24.0,33.0
202306291800,202307030000,23.0,33.0
202306291800,202307040000,23.0,30.0
202306291800,202307050000,23.0,28.0
202306291800,202307060000,22.0,30.0
202306291800,202307070000,23.0,30.0
202306291800,202307080000,23.0,30.0
202306291800,202307090000,22.0,30.0
202306300600,202307030000,24.0,34.0
202306300600,202307040000,24.0,30.0
202306300600,202307050000,23.0,28.0
202306300600,202307060000,22.0,30.0
202306300600,202307070000,23.0,30.0
202306300600,202307080000,23.0,30.0
202306300600,202307090000,22.0,31.0
202306300600,202307100000,23.0,30.0
202306301800,202307030000,24.0,34.0
202306301800,202307040000,24.0,28.0
202306301800,202307050000,23.0,28.0
202306301800,202307060000,22.0,30.0
202306301800,202307070000,23.0,30.0
202306301800,202307080000,23.0,30.0
202306301800,202307090000,22.0,31.0
202306301800,202307100000,23.0,30.0
202307010600,202307040000,24.0,28.0
202307010600,202307050000,23.0,29.0
202307010600,202307060000,22.0,30.0
202307010600,202307070000,23.0,30.0
202307010600,202307080000,23.0,30.0
202307010600,202307090000,23.0,30.0
202307010600,202307100000,23.0,30.0
202307010600,202307110000,23.0,30.0
202307011800,202307040000,24.0,28.0
202307011800,202307050000,23.0,30.0
202307011800,202307060000,22.0,31.0
202307011800,202307070000,23.0,30.0
202307011800,202307080000,23.0,30.0
202307011800,202307090000,23.0,30.0
202307011800,202307100000,23.0,30.0
202307011800,202307110000,23.0,29.0
202307020600,202307050000,23.0,30.0
202307020600,202307060000,22.0,31.0
202307020600,202307070000,23.0,31.0
202307020600,202307080000,23.0,30.0
202307020600,202307090000,23.0,30.0
202307020600,202307100000,23.0,30.0
202307020600,202307110000,23.0,29.0
202307020600,202307120000,23.0,29.0
202307021800,202307050000,23.0,30.0
202307021800,202307060000,24.0,31.0
202307021800,202307070000,24.0,31.0
202307021800,202307080000,23.0,31.0
202307021800,202307090000,23.0,29.0
202307021800,202307100000,23.0,30.0
202307021800,202307110000,23.0,29.0
202307021800,202307120000,23.0,29.0
202307030600,202307060000,24.0,31.0
202307030600,202307070000,24.0,31.0
202307030600,202307080000,23.0,31.0
202307030600,202307090000,23.0,29.0
202307030600,202307100000,23.0,30.0
202307030600,202307110000,23.0,29.0
202307030600,202307120000,23.0,29.0
202307030600,202307130000,23.0,29.0
202307031800,202307060000,23.0,32.0
202307031800,202307070000,24.0,31.0
202307031800,202307080000,23.0,31.0
202307031800,202307090000,24.0,30.0
202307031800,202307100000,23.0,29.0
202307031800,202307110000,23.0,28.0
202307031800,202307120000,24.0,29.0
202307031800,202307130000,24.0,29.0
202307040600,202307070000,24.0,31.0
202307040600,202307080000,23.0,31.0
202307040600,202307090000,24.0,30.0
202307040600,202307100000,23.0,29.0
202307040600,202307110000,23.0,28.0
202307040600,202307120000,24.0,29.0
202307040600,202307130000,24.0,29.0
202307040600,202307140000,24.0,28.0
202307041800,202307070000,24.0,32.0
202307041800,202307080000,23.0,31.0
202307041800,202307090000,24.0,30.0
202307041800,202307100000,23.0,29.0
202307041800,202307110000,23.0,28.0
202307041800,202307120000,24.0,29.0
202307041800,202307130000,24.0,29.0
202307041800,202307140000,24.0,28.0
202307050600,202307080000,23.0,31.0
202307050600,202307090000,24.0,30.0
202307050600,202307100000,23.0,29.0
202307050600,202307110000,24.0,29.0
202307050600,202307120000,24.0,29.0
202307050600,202307130000,24.0,28.0
202307050600,202307140000,24.0,28.0
202307050600,202307150000,24.0,28.0
202307051800,202307080000,23.0,31.0
202307051800,202307090000,24.0,30.0
202307051800,202307100000,23.0,29.0
202307051800,202307110000,24.0,29.0
202307051800,202307120000,24.0,29.0
202307051800,202307130000,24.0,28.0
202307051800,202307140000,24.0,28.0
202307051800,202307150000,24.0,28.0
202307060600,202307090000,24.0,30.0
202307060600,202307100000,24.0,29.0
202307060600,202307110000,24.0,29.0
202307060600,202307120000,24.0,28.0
202307060600,202307130000,25.0,28.0
202307060600,202307140000,24.0,27.0
202307060600,202307150000,24.0,28.0
202307060600,202307160000,24.0,28.0
202307061800,202307090000,24.0,30.0
202307061800,202307100000,24.0,29.0
202307061800,202307110000,24.0,29.0
202307061800,202307120000,24.0,28.0
202307061800,202307130000,25.0,28.0
202307061800,202307140000,24.0,27.0
202307061800,202307150000,24.0,28.0
202307061800,202307160000,24.0,28.0
202307070600,202307100000,24.0,29.0
202307070600,202307110000,24.0,29.0
202307070600,202307120000,24.0,28.0
202307070600,202307130000,25.0,28.0
202307070600,202307140000,25.0,27.0
202307070600,202307150000,24.0,28.0
202307070600,202307160000,24.0,28.0
202307070600,202307170000,23.0,28.0
202307071800,202307100000,24.0,29.0
202307071800,202307110000,24.0,28.0
202307071800,202307120000,24.0,28.0
202307071800,202307130000,25.0,28.0
202307071800,202307140000,24.0,28.0
202307071800,202307150000,24.0,28.0
202307071800,202307160000,24.0,28.0
202307071800,202307170000,24.0,29.0
202307080600,202307110000,24.0,28.0
202307080600,202307120000,24.0,28.0
202307080600,202307130000,25.0,28.0
202307080600,202307140000,24.0,28.0
202307080600,202307150000,24.0,28.0
202307080600,202307160000,24.0,28.0
202307080600,202307170000,24.0,29.0
202307080600,202307180000,23.0,29.0
202307081800,202307110000,24.0,29.0
202307081800,202307120000,24.0,28.0
202307081800,202307130000,25.0,27.0
202307081800,202307140000,24.0,28.0
202307081800,202307150000,24.0,29.0
202307081800,202307160000,24.0,28.0
202307081800,202307170000,23.0,28.0
202307081800,202307180000,23.0,29.0
202307090600,202307120000,24.0,28.0
202307090600,202307130000,25.0,27.0
202307090600,202307140000,24.0,28.0
202307090600,202307150000,24.0,29.0
202307090600,202307160000,24.0,28.0
202307090600,202307170000,23.0,28.0
202307090600,202307180000,23.0,29.0
202307090600,202307190000,23.0,28.0
202307091800,202307120000,24.0,28.0
202307091800,202307130000,24.0,27.0
202307091800,202307140000,24.0,27.0
202307091800,202307150000,24.0,28.0
202307091800,202307160000,24.0,28.0
202307091800,202307170000,23.0,29.0
202307091800,202307180000,24.0,30.0
202307091800,202307190000,24.0,29.0
202307100600,202307130000,24.0,27.0
202307100600,202307140000,24.0,27.0
202307100600,202307150000,24.0,28.0
202307100600,202307160000,24.0,28.0
202307100600,202307170000,23.0,29.0
202307100600,202307180000,24.0,30.0
202307100600,202307190000,24.0,29.0
202307100600,202307200000,23.0,29.0
202307101800,202307130000,24.0,27.0
202307101800,202307140000,24.0,27.0
202307101800,202307150000,24.0,28.0
202307101800,202307160000,24.0,28.0
202307101800,202307170000,23.0,29.0
202307101800,202307180000,24.0,30.0
202307101800,202307190000,24.0,29.0
202307101800,202307200000,23.0,29.0
202307110600,202307140000,25.0,27.0
202307110600,202307150000,24.0,28.0
202307110600,202307160000,24.0,29.0
202307110600,202307170000,24.0,28.0
202307110600,202307180000,24.0,29.0
202307110600,202307190000,24.0,28.0
202307110600,202307200000,24.0,30.0
202307110600,202307210000,23.0,30.0
202307111800,202307140000,25.0,26.0
202307111800,202307150000,24.0,28.0
202307111800,202307160000,24.0,29.0
202307111800,202307170000,24.0,28.0
202307111800,202307180000,24.0,29.0
202307111800,202307190000,24.0,28.0
202307111800,202307200000,24.0,30.0
202307111800,202307210000,23.0,30.0
202307120600,202307150000,24.0,28.0
202307120600,202307160000,24.0,28.0
202307120600,202307170000,24.0,29.0
202307120600,202307180000,24.0,29.0
202307120600,202307190000,24.0,29.0
202307120600,202307200000,23.0,30.0
202307120600,202307210000,23.0,30.0
202307120600,202307220000,23.0,30.0
202307121800,202307150000,24.0,27.0
202307121800,202307160000,24.0,28.0
202307121800,202307170000,24.0,29.0
202307121800,202307180000,24.0,29.0
202307121800,202307190000,24.0,29.0
202307121800,202307200000,23.0,30.0
202307121800,202307210000,23.0,30.0
202307121800,202307220000,23.0,30.0
202307130600,202307160000,24.0,28.0
202307130600,202307170000,24.0,29.0
202307130600,202307180000,24.0,28.0
202307130600,202307190000,24.0,28.0
202307130600,202307200000,23.0,30.0
202307130600,202307210000,24.0,31.0
202307130600,202307220000,23.0,30.0
202307130600,202307230000,23.0,29.0
202307131800,202307160000,24.0,27.0
202307131800,202307170000,24.0,28.0
202307131800,202307180000,24.0,27.0
202307131800,202307190000,24.0,29.0
202307131800,202307200000,23.0,31.0
202307131800,202307210000,24.0,31.0
202307131800,202307220000,24.0,30.0
202307131800,202307230000,23.0,29.0
202307140600,202307170000,24.0,28.0
202307140600,202307180000,24.0,27.0
202307140600,202307190000,24.0,29.0
202307140600,202307200000,23.0,31.0
202307140600,202307210000,24.0,31.0
202307140600,202307220000,24.0,30.0
202307140600,202307230000,23.0,29.0
202307140600,202307240000,24.0,29.0
202307141800,202307170000,23.0,28.0
202307141800,202307180000,24.0,28.0
202307141800,202307190000,24.0,30.0
202307141800,202307200000,23.0,31.0
202307141800,202307210000,24.0,31.0
202307141800,202307220000,24.0,30.0
202307141800,202307230000,24.0,29.0
202307141800,202307240000,24.0,29.0
202307150600,202307180000,24.0,28.0
202307150600,202307190000,24.0,30.0
202307150600,202307200000,23.0,31.0
202307150600,202307210000,24.0,31.0
202307150600,202307220000,24.0,30.0
202307150600,202307230000,24.0,29.0
202307150600,202307240000,24.0,29.0
202307150600,202307250000,24.0,30.0
202307151800,202307180000,23.0,28.0
202307151800,202307190000,24.0,31.0
202307151800,202307200000,24.0,31.0
202307151800,202307210000,24.0,32.0
202307151800,202307220000,24.0,30.0
202307151800,202307230000,24.0,28.0
202307151800,202307240000,24.0,29.0
202307151800,202307250000,25.0,30.0
202307160600,202307190000,24.0,31.0
202307160600,202307200000,24.0,32.0
202307160600,202307210000,24.0,32.0
202307160600,202307220000,24.0,30.0
202307160600,202307230000,24.0,28.0
202307160600,202307240000,24.0,29.0
202307160600,202307250000,25.0,29.0
202307160600,202307260000,25.0,29.0
202307161800,202307190000,24.0,32.0
202307161800,202307200000,24.0,32.0
202307161800,202307210000,24.0,32.0
202307161800,202307220000,24.0,30.0
202307161800,202307230000,24.0,28.0
202307161800,202307240000,24.0,29.0
202307161800,202307250000,25.0,29.0
202307161800,202307260000,25.0,29.0
202307170600,202307200000,24.0,33.0
202307170600,202307210000,25.0,32.0
202307170600,202307220000,24.0,29.0
202307170600,202307230000,24.0,28.0
202307170600,202307240000,25.0,29.0
202307170600,202307250000,24.0,30.0
202307170600,202307260000,25.0,29.0
202307170600,202307270000,25.0,29.0
202307171800,202307200000,24.0,33.0
202307171800,202307210000,25.0,32.0
202307171800,202307220000,24.0,29.0
202307171800,202307230000,24.0,28.0
202307171800,202307240000,25.0,29.0
202307171800,202307250000,24.0,30.0
202307171800,202307260000,25.0,29.0
202307171800,202307270000,25.0,29.0
202307180600,202307210000,25.0,33.0
202307180600,202307220000,24.0,30.0
202307180600,202307230000,24.0,27.0
202307180600,202307240000,24.0,29.0
202307180600,202307250000,24.0,29.0
202307180600,202307260000,25.0,29.0
202307180600,202307270000,24.0,28.0
202307180600,202307280000,25.0,28.0
202307181800,202307210000,25.0,32.0
202307181800,202307220000,24.0,31.0
202307181800,202307230000,24.0,27.0
202307181800,202307240000,24.0,29.0
202307181800,202307250000,24.0,29.0
202307181800,202307260000,25.0,29.0
202307181800,202307270000,24.0,28.0
202307181800,202307280000,25.0,28.0
202307190600,202307220000,25.0,31.0
202307190600,202307230000,24.0,28.0
202307190600,202307240000,24.0,29.0
202307190600,202307250000,24.0,30.0
202307190600,202307260000,24.0,29.0
202307190600,202307270000,25.0,29.0
202307190600,202307280000,25.0,29.0
202307190600,202307290000,25.0,29.0
202307191800,202307220000,25.0,30.0
202307191800,202307230000,24.0,28.0
202307191800,202307240000,24.0,30.0
202307191800,202307250000,24.0,30.0
202307191800,202307260000,25.0,29.0
202307191800,202307270000,25.0,30.0
202307191800,202307280000,25.0,29.0
202307191800,202307290000,25.0,29.0
202307200600,202307230000,24.0,28.0
202307200600,202307240000,24.0,30.0
202307200600,202307250000,24.0,30.0
202307200600,202307260000,25.0,29.0
202307200600,202307270000,25.0,30.0
202307200600,202307280000,25.0,29.0
202307200600,202307290000,25.0,29.0
202307200600,202307300000,25.0,29.0
202307201800,202307230000,24.0,28.0
202307201800,202307240000,25.0,29.0
202307201800,202307250000,24.0,30.0
202307201800,202307260000,25.0,29.0
202307201800,202307270000,24.0,29.0
202307201800,202307280000,25.0,30.0
202307201800,202307290000,25.0,31.0
202307201800,202307300000,25.0,31.0
202307210600,202307240000,25.0,29.0
202307210600,202307250000,24.0,30.0
202307210600,202307260000,25.0,29.0
202307210600,202307270000,24.0,29.0
202307210600,202307280000,25.0,30.0
202307210600,202307290000,25.0,31.0
202307210600,202307300000,25.0,31.0
202307210600,202307310000,25.0,32.0
202307211800,202307240000,25.0,29.0
202307211800,202307250000,25.0,29.0
202307211800,202307260000,25.0,29.0
202307211800,202307270000,24.0,30.0
202307211800,202307280000,25.0,31.0
202307211800,202307290000,25.0,31.0
202307211800,202307300000,25.0,30.0
202307211800,202307310000,25.0,30.0
202307220600,202307250000,25.0,29.0
202307220600,202307260000,25.0,29.0
202307220600,202307270000,24.0,30.0
202307220600,202307280000,25.0,31.0
202307220600,202307290000,25.0,31.0
202307220600,202307300000,25.0,30.0
202307220600,202307310000,25.0,29.0
202307220600,202308010000,25.0,30.0
202307221800,202307250000,25.0,29.0
202307221800,202307260000,25.0,29.0
202307221800,202307270000,24.0,30.0
202307221800,202307280000,25.0,31.0
202307221800,202307290000,25.0,31.0
202307221800,202307300000,25.0,30.0
202307221800,202307310000,25.0,29.0
202307221800,202308010000,25.0,30.0
202307230600,202307260000,25.0,30.0
202307230600,202307270000,25.0,31.0
202307230600,202307280000,25.0,31.0
202307230600,202307290000,25.0,30.0
202307230600,202307300000,25.0,30.0
202307230600,202307310000,25.0,31.0
202307230600,202308010000,25.0,32.0
202307230600,202308020000,25.0,32.0
202307231800,202307260000,24.0,30.0
202307231800,202307270000,25.0,31.0
202307231800,202307280000,25.0,31.0
202307231800,202307290000,25.0,30.0
202307231800,202307300000,25.0,30.0
202307231800,202307310000,25.0,31.0
202307231800,202308010000,25.0,32.0
202307231800,202308020000,25.0,32.0
202307240600,202307270000,25.0,31.0
202307240600,202307280000,25.0,31.0
202307240600,202307290000,25.0,30.0
202307240600,202307300000,25.0,30.0
202307240600,202307310000,25.0,31.0
202307240600,202308010000,25.0,32.0
202307240600,202308020000,25.0,32.0
202307240600,202308030000,26.0,32.0
202307241800,202307270000,25.0,31.0
202307241800,202307280000,25.0,31.0
202307241800,202307290000,25.0,30.0
202307241800,202307300000,25.0,30.0
202307241800,202307310000,25.0,31.0
202307241800,202308010000,25.0,32.0
202307241800,202308020000,26.0,32.0
202307241800,202308030000,26.0,32.0
202307250600,202307280000,25.0,32.0
202307250600,202307290000,25.0,31.0
202307250600,202307300000,25.0,31.0
202307250600,202307310000,25.0,31.0
202307250600,202308010000,25.0,32.0
202307250600,202308020000,26.0,32.0
202307250600,202308030000,25.0,32.0
202307250600,202308040000,25.0,31.0
202307251800,202307280000,25.0,32.0
202307251800,202307290000,25.0,31.0
202307251800,202307300000,25.0,31.0
202307251800,202307310000,26.0,32.0
202307251800,202308010000,26.0,33.0
202307251800,202308020000,26.0,33.0
202307251800,202308030000,26.0,32.0
202307251800,202308040000,25.0,31.0
202307260600,202307290000,25.0,31.0
202307260600,202307300000,25.0,32.0
202307260600,202307310000,26.0,33.0
202307260600,202308010000,26.0,33.0
202307260600,202308020000,26.0,33.0
202307260600,202308030000,26.0,32.0
202307260600,202308040000,25.0,31.0
202307260600,202308050000,26.0,31.0
202307261800,202307290000,26.0,32.0
202307261800,202307300000,26.0,32.0
202307261800,202307310000,26.0,33.0
202307261800,202308010000,26.0,34.0
202307261800,202308020000,26.0,33.0
202307261800,202308030000,26.0,32.0
202307261800,202308040000,25.0,32.0
202307261800,202308050000,26.0,31.0
202307270600,202307300000,26.0,33.0
202307270600,202307310000,26.0,33.0
202307270600,202308010000,26.0,34.0
202307270600,202308020000,26.0,33.0
202307270600,202308030000,26.0,33.0
202307270600,202308040000,25.0,32.0
202307270600,202308050000,26.0,31.0
202307270600,202308060000,26.0,31.0
202307271800,202307300000,26.0,33.0
202307271800,202307310000,26.0,33.0
202307271800,202308010000,26.0,34.0
202307271800,202308020000,26.0,33.0
202307271800,202308030000,26.0,33.0
202307271800,202308040000,26.0,32.0
202307271800,202308050000,26.0,31.0
202307271800,202308060000,26.0,31.0
202307280600,202307310000,26.0,34.0
202307280600,202308010000,26.0,34.0
202307280600,202308020000,26.0,33.0
202307280600,202308030000,26.0,33.0
202307280600,202308040000,26.0,32.0
202307280600,202308050000,26.0,31.0
202307280600,202308060000,26.0,31.0
202307280600,202308070000,25.0,31.0
202307281800,202307310000,26.0,34.0
202307281800,202308010000,26.0,34.0
202307281800,202308020000,26.0,33.0
202307281800,202308030000,26.0,33.0
202307281800,202308040000,26.0,33.0
202307281800,202308050000,26.0,32.0
202307281800,202308060000,26.0,32.0
202307281800,202308070000,25.0,32.0
202307290600,202308010000,27.0,34.0
202307290600,202308020000,27.0,33.0
202307290600,202308030000,26.0,33.0
202307290600,202308040000,26.0,33.0
202307290600,202308050000,26.0,32.0
202307290600,202308060000,26.0,32.0
202307290600,202308070000,26.0,32.0
202307290600,202308080000,25.0,32.0
202307291800,202308010000,27.0,34.0
202307291800,202308020000,27.0,33.0
202307291800,202308030000,26.0,33.0
202307291800,202308040000,26.0,33.0
202307291800,202308050000,26.0,32.0
202307291800,202308060000,26.0,32.0
202307291800,202308070000,26.0,32.0
202307291800,202308080000,25.0,32.0
202307300600,202308020000,27.0,33.0
202307300600,202308030000,26.0,33.0
202307300600,202308040000,26.0,32.0
202307300600,202308050000,26.0,32.0
202307300600,202308060000,26.0,32.0
202307300600,202308070000,26.0,32.0
202307300600,202308080000,26.0,33.0
202307300600,202308090000,26.0,33.0
202307301800,202308020000,27.0,34.0
202307301800,202308030000,26.0,33.0
202307301800,202308040000,26.0,32.0
202307301800,202308050000,26.0,32.0
202307301800,202308060000,26.0,32.0
202307301800,202308070000,26.0,32.0
202307301800,202308080000,26.0,33.0
202307301800,202308090000,26.0,33.0
202307310600,202308030000,26.0,33.0
202307310600,202308040000,27.0,33.0
202307310600,202308050000,26.0,33.0
202307310600,202308060000,26.0,33.0
202307310600,202308070000,26.0,33.0
202307310600,202308080000,26.0,33.0
202307310600,202308090000,26.0,34.0
202307310600,202308100000,26.0,33.0
202307311800,202308030000,26.0,33.0
202307311800,202308040000,26.0,33.0
202307311800,202308050000,27.0,34.0
202307311800,202308060000,27.0,34.0
202307311800,202308070000,26.0,33.0
202307311800,202308080000,26.0,33.0
202307311800,202308090000,26.0,33.0
202307311800,202308100000,26.0,33.0
202308010600,202308040000,26.0,33.0
202308010600,202308050000,27.0,34.0
202308010600,202308060000,27.0,34.0
202308010600,202308070000,26.0,33.0
202308010600,202308080000,26.0,33.0
202308010600,202308090000,26.0,33.0
202308010600,202308100000,26.0,33.0
202308010600,202308110000,25.0,32.0
202308011800,202308040000,26.0,34.0
202308011800,202308050000,27.0,34.0
202308011800,202308060000,27.0,35.0
202308011800,202308070000,26.0,34.0
202308011800,202308080000,26.0,34.0
202308011800,202308090000,26.0,33.0
202308011800,202308100000,25.0,32.0
202308011800,202308110000,25.0,32.0
202308020600,202308050000,27.0,35.0
202308020600,202308060000,27.0,35.0
202308020600,202308070000,26.0,34.0
202308020600,202308080000,26.0,34.0
202308020600,202308090000,26.0,33.0
202308020600,202308100000,25.0,32.0
202308020600,202308110000,25.0,32.0
202308020600,202308120000,25.0,32.0
202308021800,202308050000,26.0,35.0
202308021800,202308060000,27.0,36.0
202308021800,202308070000,27.0,36.0
202308021800,202308080000,27.0,35.0
202308021800,202308090000,26.0,33.0
202308021800,202308100000,25.0,33.0
202308021800,202308110000,24.0,33.0
202308021800,202308120000,24.0,34.0
202308030600,202308060000,27.0,36.0
202308030600,202308070000,27.0,36.0
202308030600,202308080000,27.0,35.0
202308030600,202308090000,26.0,33.0
202308030600,202308100000,25.0,33.0
202308030600,202308110000,24.0,33.0
202308030600,202308120000,24.0,34.0
202308030600,202308130000,25.0,33.0
202308031800,202308060000,27.0,34.0
202308031800,202308070000,27.0,36.0
202308031800,202308080000,27.0,35.0
202308031800,202308090000,26.0,33.0
202308031800,202308100000,25.0,33.0
202308031800,202308110000,24.0,33.0
202308031800,202308120000,24.0,34.0
202308031800,202308130000,25.0,33.0
202308040600,202308070000,27.0,36.0
202308040600,202308080000,27.0,35.0
202308040600,202308090000,26.0,33.0
202308040600,202308100000,25.0,33.0
202308040600,202308110000,24.0,33.0
202308040600,202308120000,24.0,34.0
202308040600,202308130000,25.0,33.0
202308040600,202308140000,25.0,33.0
202308041800,202308070000,27.0,34.0
202308041800,202308080000,27.0,35.0
202308041800,202308090000,26.0,33.0
202308041800,202308100000,25.0,33.0
202308041800,202308110000,25.0,33.0
202308041800,202308120000,24.0,34.0
202308041800,202308130000,25.0,33.0
202308041800,202308140000,25.0,33.0
202308050600,202308080000,26.0,35.0
202308050600,202308090000,26.0,33.0
202308050600,202308100000,25.0,32.0
202308050600,202308110000,25.0,33.0
202308050600,202308120000,25.0,33.0
202308050600,202308130000,25.0,33.0
202308050600,202308140000,24.0,32.0
202308050600,202308150000,25.0,33.0
202308051800,202308080000,26.0,33.0
202308051800,202308090000,26.0,34.0
202308051800,202308100000,25.0,33.0
202308051800,202308110000,25.0,33.0
202308051800,202308120000,25.0,34.0
202308051800,202308130000,25.0,33.0
202308051800,202308140000,25.0,33.0
202308051800,202308150000,25.0,33.0
202308060600,202308090000,26.0,34.0
202308060600,202308100000,25.0,33.0
202308060600,202308110000,25.0,33.0
202308060600,202308120000,25.0,34.0
202308060600,202308130000,25.0,33.0
202308060600,202308140000,25.0,33.0
202308060600,202308150000,25.0,33.0
202308060600,202308160000,24.0,33.0
202308061800,202308090000,26.0,33.0
202308061800,202308100000,26.0,29.0
202308061800,202308110000,25.0,31.0
202308061800,202308120000,25.0,33.0
202308061800,202308130000,25.0,33.0
202308061800,202308140000,25.0,33.0
202308061800,202308150000,25.0,33.0
202308061800,202308160000,24.0,33.0
202308070600,202308100000,26.0,29.0
202308070600,202308110000,25.0,31.0
202308070600,202308120000,25.0,33.0
202308070600,202308130000,25.0,33.0
202308070600,202308140000,25.0,33.0
202308070600,202308150000,25.0,33.0
202308070600,202308160000,24.0,33.0
202308070600,202308170000,24.0,33.0
202308071800,202308100000,26.0,28.0
202308071800,202308110000,25.0,31.0
202308071800,202308120000,25.0,30.0
202308071800,202308130000,25.0,31.0
202308071800,202308140000,25.0,31.0
202308071800,202308150000,25.0,32.0
202308071800,202308160000,24.0,31.0
202308071800,202308170000,24.0,32.0
202308080600,202308110000,25.0,31.0
202308080600,202308120000,25.0,30.0
202308080600,202308130000,25.0,31.0
202308080600,202308140000,25.0,31.0
202308080600,202308150000,25.0,32.0
202308080600,202308160000,24.0,31.0
202308080600,202308170000,24.0,32.0
202308080600,202308180000,24.0,31.0
202308081800,202308110000,25.0,28.0
202308081800,202308120000,24.0,30.0
202308081800,202308130000,24.0,32.0
202308081800,202308140000,25.0,31.0
202308081800,202308150000,25.0,32.0
202308081800,202308160000,24.0,32.0
202308081800,202308170000,24.0,31.0
202308081800,202308180000,24.0,31.0
202308090600,202308120000,24.0,30.0
202308090600,202308130000,24.0,32.0
202308090600,202308140000,25.0,31.0
202308090600,202308150000,25.0,32.0
202308090600,202308160000,24.0,32.0
202308090600,202308170000,24.0,31.0
202308090600,202308180000,24.0,31.0
202308090600,202308190000,24.0,31.0
202308091800,202308120000,24.0,29.0
202308091800,202308130000,24.0,32.0
202308091800,202308140000,25.0,32.0
202308091800,202308150000,25.0,32.0
202308091800,202308160000,24.0,32.0
202308091800,202308170000,24.0,31.0
202308091800,202308180000,24.0,32.0
202308091800,202308190000,24.0,32.0
202308100600,202308130000,24.0,31.0
202308100600,202308140000,25.0,32.0
202308100600,202308150000,25.0,32.0
202308100600,202308160000,24.0,31.0
202308100600,202308170000,24.0,31.0
202308100600,202308180000,24.0,31.0
202308100600,202308190000,24.0,32.0
202308100600,202308200000,24.0,32.0
202308101800,202308130000,24.0,31.0
202308101800,202308140000,25.0,32.0
202308101800,202308150000,25.0,32.0
202308101800,202308160000,24.0,31.0
202308101800,202308170000,24.0,32.0
202308101800,202308180000,24.0,31.0
202308101800,202308190000,24.0,32.0
202308101800,202308200000,24.0,32.0
202308110600,202308140000,25.0,31.0
202308110600,202308150000,25.0,32.0
202308110600,202308160000,24.0,32.0
202308110600,202308170000,24.0,31.0
202308110600,202308180000,24.0,32.0
202308110600,202308190000,25.0,32.0
202308110600,202308200000,25.0,32.0
202308110600,202308210000,25.0,32.0
202308111800,202308140000,25.0,32.0
202308111800,202308150000,25.0,32.0
202308111800,202308160000,24.0,33.0
202308111800,202308170000,24.0,32.0
202308111800,202308180000,24.0,32.0
202308111800,202308190000,25.0,32.0
202308111800,202308200000,25.0,32.0
202308111800,202308210000,25.0,33.0
202308120600,202308150000,25.0,32.0
202308120600,202308160000,24.0,32.0
202308120600,202308170000,24.0,31.0
202308120600,202308180000,24.0,33.0
202308120600,202308190000,25.0,32.0
202308120600,202308200000,24.0,32.0
202308120600,202308210000,24.0,32.0
202308120600,202308220000,25.0,32.0
202308121800,202308150000,25.0,32.0
202308121800,202308160000,24.0,32.0
202308121800,202308170000,24.0,31.0
202308121800,202308180000,24.0,32.0
202308121800,202308190000,25.0,31.0
202308121800,202308200000,25.0,31.0
202308121800,202308210000,25.0,31.0
202308121800,202308220000,25.0,31.0
202308130600,202308160000,24.0,32.0
202308130600,202308170000,24.0,31.0
202308130600,202308180000,24.0,32.0
202308130600,202308190000,25.0,32.0
202308130600,202308200000,25.0,31.0
202308130600,202308210000,25.0,31.0
202308130600,202308220000,25.0,31.0
202308130600,202308230000,25.0,31.0
202308131800,202308160000,24.0,32.0
202308131800,202308170000,24.0,32.0
202308131800,202308180000,25.0,32.0
202308131800,202308190000,25.0,31.0
202308131800,202308200000,24.0,31.0
202308131800,202308210000,24.0,31.0
202308131800,202308220000,24.0,31.0
202308131800,202308230000,24.0,31.0
202308140600,202308170000,24.0,32.0
202308140600,202308180000,25.0,32.0
202308140600,202308190000,25.0,32.0
202308140600,202308200000,24.0,32.0
202308140600,202308210000,24.0,31.0
202308140600,202308220000,24.0,31.0
202308140600,202308230000,24.0,32.0
202308140600,202308240000,24.0,31.0
202308141800,202308170000,24.0,32.0
202308141800,202308180000,25.0,32.0
202308141800,202308190000,25.0,32.0
202308141800,202308200000,25.0,32.0
202308141800,202308210000,25.0,31.0
202308141800,202308220000,24.0,31.0
202308141800,202308230000,24.0,31.0
202308141800,202308240000,24.0,31.0
202308150600,202308180000,25.0,32.0
202308150600,202308190000,25.0,32.0
202308150600,202308200000,25.0,32.0
202308150600,202308210000,25.0,31.0
202308150600,202308220000,24.0,31.0
202308150600,202308230000,24.0,31.0
202308150600,202308240000,24.0,31.0
202308150600,202308250000,25.0,31.0
202308151800,202308180000,25.0,32.0
202308151800,202308190000,25.0,32.0
202308151800,202308200000,25.0,32.0
202308151800,202308210000,25.0,31.0
202308151800,202308220000,24.0,31.0
202308151800,202308230000,24.0,31.0
202308151800,202308240000,24.0,31.0
202308151800,202308250000,25.0,31.0
202308160600,202308190000,25.0,32.0
202308160600,202308200000,25.0,31.0
202308160600,202308210000,25.0,31.0
202308160600,202308220000,25.0,31.0
202308160600,202308230000,25.0,31.0
202308160600,202308240000,24.0,31.0
202308160600,202308250000,24.0,31.0
202308160600,202308260000,24.0,31.0
202308161800,202308190000,25.0,32.0
202308161800,202308200000,25.0,31.0
202308161800,202308210000,25.0,31.0
202308161800,202308220000,25.0,30.0
202308161800,202308230000,25.0,31.0
202308161800,202308240000,24.0,31.0
202308161800,202308250000,24.0,31.0
202308161800,202308260000,24.0,31.0
202308170600,202308200000,25.0,31.0
202308170600,202308210000,25.0,31.0
202308170600,202308220000,25.0,30.0
202308170600,202308230000,25.0,31.0
202308170600,202308240000,24.0,31.0
202308170600,202308250000,24.0,31.0
202308170600,202308260000,24.0,31.0
202308170600,202308270000,24.0,31.0
202308171800,202308200000,25.0,32.0
202308171800,202308210000,25.0,31.0
202308171800,202308220000,25.0,30.0
202308171800,202308230000,25.0,31.0
202308171800,202308240000,24.0,31.0
202308171800,202308250000,24.0,31.0
202308171800,202308260000,24.0,31.0
202308171800,202308270000,24.0,31.0
202308180600,202308210000,25.0,31.0
202308180600,202308220000,25.0,30.0
202308180600,202308230000,25.0,31.0
202308180600,202308240000,24.0,31.0
202308180600,202308250000,24.0,32.0
202308180600,202308260000,24.0,32.0
202308180600,202308270000,24.0,31.0
202308180600,202308280000,24.0,31.0
202308181800,202308210000,24.0,31.0
202308181800,202308220000,25.0,29.0
202308181800,202308230000,25.0,29.0
202308181800,202308240000,24.0,29.0
202308181800,202308250000,24.0,30.0
202308181800,202308260000,24.0,30.0
202308181800,202308270000,24.0,30.0
202308181800,202308280000,24.0,30.0
202308190600,202308220000,25.0,29.0
202308190600,202308230000,25.0,29.0
202308190600,202308240000,24.0,29.0
202308190600,202308250000,24.0,30.0
202308190600,202308260000,24.0,31.0
202308190600,202308270000,24.0,30.0
202308190600,202308280000,24.0,30.0
202308190600,202308290000,24.0,29.0
202308191800,202308220000,25.0,28.0
202308191800,202308230000,25.0,28.0
202308191800,202308240000,24.0,29.0
202308191800,202308250000,24.0,30.0
202308191800,202308260000,24.0,31.0
202308191800,202308270000,23.0,30.0
202308191800,202308280000,23.0,28.0
202308191800,202308290000,23.0,28.0
202308200600,202308230000,25.0,28.0
202308200600,202308240000,24.0,29.0
202308200600,202308250000,24.0,30.0
202308200600,202308260000,24.0,31.0
202308200600,202308270000,23.0,30.0
202308200600,202308280000,23.0,28.0
202308200600,202308290000,23.0,28.0
202308200600,202308300000,23.0,29.0
202308201800,202308230000,25.0,28.0
202308201800,202308240000,24.0,29.0
202308201800,202308250000,25.0,30.0
202308201800,202308260000,24.0,31.0
202308201800,202308270000,24.0,30.0
202308201800,202308280000,23.0,28.0
202308201800,202308290000,23.0,27.0
202308201800,202308300000,23.0,29.0
202308210600,202308240000,24.0,29.0
202308210600,202308250000,25.0,30.0
202308210600,202308260000,24.0,31.0
202308210600,202308270000,24.0,30.0
202308210600,202308280000,23.0,28.0
202308210600,202308290000,23.0,27.0
202308210600,202308300000,23.0,29.0
202308210600,202308310000,23.0,30.0
202308211800,202308240000,24.0,29.0
202308211800,202308250000,25.0,31.0
202308211800,202308260000,24.0,31.0
202308211800,202308270000,24.0,30.0
202308211800,202308280000,23.0,28.0
202308211800,202308290000,23.0,27.0
202308211800,202308300000,23.0,29.0
202308211800,202308310000,23.0,30.0
202308220600,202308250000,24.0,30.0
202308220600,202308260000,23.0,30.0
202308220600,202308270000,23.0,30.0
202308220600,202308280000,22.0,27.0
202308220600,202308290000,22.0,27.0
202308220600,202308300000,23.0,29.0
202308220600,202308310000,23.0,30.0
202308220600,202309010000,22.0,29.0
202308221800,202308250000,24.0,31.0
202308221800,202308260000,23.0,30.0
202308221800,202308270000,23.0,30.0
202308221800,202308280000,22.0,27.0
202308221800,202308290000,22.0,28.0
202308221800,202308300000,23.0,29.0
202308221800,202308310000,22.0,30.0
202308221800,202309010000,22.0,29.0
202308230600,202308260000,22.0,30.0
202308230600,202308270000,23.0,30.0
202308230600,202308280000,22.0,27.0
202308230600,202308290000,22.0,28.0
202308230600,202308300000,23.0,28.0
202308230600,202308310000,22.0,29.0
202308230600,202309010000,21.0,29.0
202308230600,202309020000,21.0,29.0
202308231800,202308260000,22.0,30.0
202308231800,202308270000,23.0,30.0
202308231800,202308280000,22.0,27.0
202308231800,202308290000,22.0,28.0
202308231800,202308300000,23.0,28.0
202308231800,202308310000,22.0,29.0
202308231800,202309010000,21.0,29.0
202308231800,202309020000,21.0,29.0
202308240600,202308270000,23.0,31.0
202308240600,202308280000,23.0,27.0
202308240600,202308290000,23.0,27.0
202308240600,202308300000,23.0,28.0
202308240600,202308310000,21.0,28.0
202308240600,202309010000,21.0,29.0
202308240600,202309020000,21.0,29.0
202308240600,202309030000,21.0,30.0
202308241800,202308270000,23.0,31.0
202308241800,202308280000,23.0,27.0
202308241800,202308290000,24.0,27.0
202308241800,202308300000,23.0,28.0
202308241800,202308310000,21.0,28.0
202308241800,202309010000,21.0,28.0
202308241800,202309020000,22.0,29.0
202308241800,202309030000,22.0,29.0
202308250600,202308280000,23.0,27.0
202308250600,202308290000,24.0,27.0
202308250600,202308300000,23.0,28.0
202308250600,202308310000,21.0,28.0
202308250600,202309010000,21.0,28.0
202308250600,202309020000,22.0,29.0
202308250600,202309030000,22.0,29.0
202308250600,202309040000,22.0,29.0
202308251800,202308280000,23.0,27.0
202308251800,202308290000,23.0,27.0
202308251800,202308300000,23.0,27.0
202308251800,202308310000,22.0,29.0
202308251800,202309010000,21.0,29.0
202308251800,202309020000,21.0,30.0
202308251800,202309030000,22.0,30.0
202308251800,202309040000,22.0,29.0
202308260600,202308290000,23.0,27.0
202308260600,202308300000,23.0,27.0
202308260600,202308310000,22.0,29.0
202308260600,202309010000,21.0,29.0
202308260600,202309020000,21.0,30.0
202308260600,202309030000,22.0,30.0
202308260600,202309040000,23.0,29.0
202308260600,202309050000,24.0,30.0
202308261800,202308290000,23.0,28.0
202308261800,202308300000,23.0,27.0
202308261800,202308310000,22.0,28.0
202308261800,202309010000,20.0,28.0
202308261800,202309020000,21.0,29.0
202308261800,202309030000,22.0,30.0
202308261800,202309040000,23.0,29.0
202308261800,202309050000,23.0,30.0
202308270600,202308300000,23.0,27.0
202308270600,202308310000,22.0,28.0
202308270600,202309010000,20.0,28.0
202308270600,202309020000,21.0,29.0
202308270600,202309030000,22.0,30.0
202308270600,202309040000,23.0,29.0
202308270600,202309050000,23.0,29.0
202308270600,202309060000,23.0,28.0
202308271800,202308300000,23.0,27.0
202308271800,202308310000,22.0,28.0
202308271800,202309010000,20.0,29.0
202308271800,202309020000,21.0,30.0
202308271800,202309030000,22.0,30.0
202308271800,202309040000,23.0,29.0
202308271800,202309050000,23.0,29.0
202308271800,202309060000,23.0,28.0
202308280600,202308310000,21.0,28.0
202308280600,202309010000,20.0,29.0
202308280600,202309020000,21.0,30.0
202308280600,202309030000,23.0,30.0
202308280600,202309040000,23.0,29.0
202308280600,202309050000,23.0,29.0
202308280600,202309060000,22.0,28.0
202308280600,202309070000,22.0,29.0
202308281800,202308310000,21.0,28.0
202308281800,202309010000,20.0,30.0
202308281800,202309020000,21.0,30.0
202308281800,202309030000,23.0,30.0
202308281800,202309040000,23.0,29.0
202308281800,202309050000,24.0,29.0
202308281800,202309060000,22.0,29.0
202308281800,202309070000,22.0,29.0
202308290600,202309010000,20.0,30.0
202308290600,202309020000,21.0,30.0
202308290600,202309030000,23.0,30.0
202308290600,202309040000,23.0,29.0
202308290600,202309050000,24.0,29.0
202308290600,202309060000,22.0,29.0
202308290600,202309070000,22.0,28.0
202308290600,202309080000,22.0,29.0
202308291800,202309010000,21.0,30.0
202308291800,202309020000,22.0,30.0
202308291800,202309030000,23.0,29.0
202308291800,202309040000,24.0,30.0
202308291800,202309050000,24.0,30.0
202308291800,202309060000,22.0,29.0
202308291800,202309070000,22.0,28.0
202308291800,202309080000,22.0,29.0
202308300600,202309020000,21.0,30.0
202308300600,202309030000,23.0,29.0
202308300600,202309040000,25.0,30.0
202308300600,202309050000,24.0,29.0
202308300600,202309060000,23.0,28.0
202308300600,202309070000,22.0,29.0
202308300600,202309080000,21.0,29.0
202308300600,202309090000,21.0,29.0
202308301800,202309020000,21.0,30.0
202308301800,202309030000,23.0,29.0
202308301800,202309040000,25.0,30.0
202308301800,202309050000,24.0,29.0
202308301800,202309060000,23.0,28.0
202308301800,202309070000,22.0,28.0
202308301800,202309080000,21.0,28.0
202308301800,202309090000,21.0,28.0
202308310600,202309030000,23.0,29.0
202308310600,202309040000,24.0,31.0
202308310600,202309050000,24.0,30.0
202308310600,202309060000,23.0,28.0
202308310600,202309070000,22.0,28.0
202308310600,202309080000,22.0,29.0
202308310600,202309090000,22.0,29.0
202308310600,202309100000,22.0,29.0
202308311800,202309030000,23.0,29.0
202308311800,202309040000,24.0,30.0
202308311800,202309050000,24.0,30.0
202308311800,202309060000,23.0,29.0
202308311800,202309070000,22.0,29.0
202308311800,202309080000,22.0,29.0
202308311800,202309090000,22.0,29.0
202308311800,202309100000,22.0,28.0
202309010600,202309040000,24.0,30.0
202309010600,202309050000,24.0,30.0
202309010600,202309060000,23.0,29.0
202309010600,202309070000,22.0,29.0
202309010600,202309080000,22.0,29.0
202309010600,202309090000,22.0,29.0
202309010600,202309100000,22.0,28.0
202309010600,202309110000,21.0,29.0
202309011800,202309040000,24.0,29.0
202309011800,202309050000,23.0,30.0
202309011800,202309060000,22.0,30.0
202309011800,202309070000,21.0,29.0
202309011800,202309080000,20.0,30.0
202309011800,202309090000,21.0,30.0
202309011800,202309100000,22.0,30.0
202309011800,202309110000,21.0,29.0
202309020600,202309050000,23.0,30.0
202309020600,202309060000,22.0,30.0
202309020600,202309070000,21.0,30.0
202309020600,202309080000,20.0,30.0
202309020600,202309090000,21.0,31.0
202309020600,202309100000,22.0,30.0
202309020600,202309110000,21.0,29.0
202309020600,202309120000,21.0,29.0
202309021800,202309050000,24.0,30.0
202309021800,202309060000,22.0,31.0
202309021800,202309070000,21.0,31.0
202309021800,202309080000,20.0,30.0
202309021800,202309090000,21.0,31.0
202309021800,202309100000,22.0,30.0
202309021800,202309110000,21.0,29.0
202309021800,202309120000,21.0,29.0
202309030600,202309060000,23.0,31.0
202309030600,202309070000,20.0,31.0
202309030600,202309080000,20.0,30.0
202309030600,202309090000,21.0,30.0
202309030600,202309100000,21.0,30.0
202309030600,202309110000,20.0,29.0
202309030600,202309120000,20.0,28.0
202309030600,202309130000,20.0,27.0
202309031800,202309060000,22.0,31.0
202309031800,202309070000,20.0,31.0
202309031800,202309080000,20.0,30.0
202309031800,202309090000,21.0,30.0
202309031800,202309100000,21.0,30.0
202309031800,202309110000,20.0,29.0
202309031800,202309120000,20.0,28.0
202309031800,202309130000,20.0,27.0
202309040600,202309070000,20.0,31.0
202309040600,202309080000,20.0,30.0
202309040600,202309090000,21.0,29.0
202309040600,202309100000,21.0,29.0
202309040600,202309110000,21.0,29.0
202309040600,202309120000,21.0,28.0
202309040600,202309130000,21.0,28.0
202309040600,202309140000,22.0,28.0
202309041800,202309070000,20.0,31.0
202309041800,202309080000,20.0,31.0
202309041800,202309090000,21.0,31.0
202309041800,202309100000,21.0,29.0
202309041800,202309110000,21.0,29.0
202309041800,202309120000,21.0,28.0
202309041800,202309130000,21.0,28.0
202309041800,202309140000,22.0,28.0
202309050600,202309080000,20.0,30.0
202309050600,202309090000,21.0,31.0
202309050600,202309100000,21.0,30.0
202309050600,202309110000,22.0,30.0
202309050600,202309120000,22.0,28.0
202309050600,202309130000,22.0,29.0
202309050600,202309140000,21.0,27.0
202309050600,202309150000,21.0,28.0
202309051800,202309080000,20.0,30.0
202309051800,202309090000,21.0,31.0
202309051800,202309100000,21.0,30.0
202309051800,202309110000,22.0,30.0
202309051800,202309120000,22.0,28.0
202309051800,202309130000,22.0,28.0
202309051800,202309140000,21.0,28.0
202309051800,202309150000,22.0,29.0
202309060600,202309090000,21.0,31.0
202309060600,202309100000,21.0,30.0
202309060600,202309110000,22.0,30.0
202309060600,202309120000,22.0,28.0
202309060600,202309130000,22.0,28.0
202309060600,202309140000,21.0,28.0
202309060600,202309150000,22.0,29.0
202309060600,202309160000,22.0,29.0
202309061800,202309090000,21.0,31.0
202309061800,202309100000,21.0,30.0
202309061800,202309110000,21.0,30.0
202309061800,202309120000,22.0,29.0
202309061800,202309130000,22.0,29.0
202309061800,202309140000,21.0,29.0
202309061800,202309150000,20.0,29.0
202309061800,202309160000,21.0,28.0
202309070600,202309100000,21.0,30.0
202309070600,202309110000,21.0,30.0
202309070600,202309120000,22.0,29.0
202309070600,202309130000,22.0,29.0
202309070600,202309140000,21.0,29.0
202309070600,202309150000,20.0,29.0
202309070600,202309160000,21.0,28.0
202309070600,202309170000,21.0,28.0
202309071800,202309100000,22.0,30.0
202309071800,202309110000,22.0,30.0
202309071800,202309120000,22.0,29.0
202309071800,202309130000,21.0,28.0
202309071800,202309140000,20.0,28.0
202309071800,202309150000,20.0,28.0
202309071800,202309160000,20.0,28.0
202309071800,202309170000,21.0,29.0
202309080600,202309110000,22.0,30.0
202309080600,202309120000,22.0,29.0
202309080600,202309130000,21.0,28.0
202309080600,202309140000,20.0,28.0
202309080600,202309150000,20.0,28.0
202309080600,202309160000,20.0,28.0
202309080600,202309170000,21.0,29.0
202309080600,202309180000,21.0,27.0
202309081800,202309110000,22.0,30.0
202309081800,202309120000,22.0,30.0
202309081800,202309130000,21.0,29.0
202309081800,202309140000,21.0,28.0
202309081800,202309150000,20.0,28.0
202309081800,202309160000,20.0,28.0
202309081800,202309170000,21.0,29.0
202309081800,202309180000,20.0,27.0
202309090600,202309120000,22.0,30.0
202309090600,202309130000,21.0,29.0
202309090600,202309140000,21.0,28.0
202309090600,202309150000,20.0,28.0
202309090600,202309160000,20.0,28.0
202309090600,202309170000,21.0,29.0
202309090600,202309180000,20.0,27.0
202309090600,202309190000,19.0,27.0
202309091800,202309120000,22.0,29.0
202309091800,202309130000,21.0,29.0
202309091800,202309140000,21.0,28.0
202309091800,202309150000,20.0,28.0
202309091800,202309160000,20.0,28.0
202309091800,202309170000,21.0,29.0
202309091800,202309180000,20.0,27.0
202309091800,202309190000,19.0,27.0
202309100600,202309130000,22.0,27.0
202309100600,202309140000,21.0,28.0
202309100600,202309150000,21.0,27.0
202309100600,202309160000,22.0,28.0
202309100600,202309170000,21.0,29.0
202309100600,202309180000,21.0,28.0
202309100600,202309190000,19.0,27.0
202309100600,202309200000,18.0,26.0
202309101800,202309130000,22.0,28.0
202309101800,202309140000,21.0,28.0
202309101800,202309150000,21.0,27.0
202309101800,202309160000,22.0,28.0
202309101800,202309170000,21.0,29.0
202309101800,202309180000,21.0,28.0
202309101800,202309190000,19.0,27.0
202309101800,202309200000,18.0,26.0
202309110600,202309140000,21.0,27.0
202309110600,202309150000,21.0,26.0
202309110600,202309160000,23.0,28.0
202309110600,202309170000,22.0,29.0
202309110600,202309180000,21.0,28.0
202309110600,202309190000,20.0,27.0
202309110600,202309200000,18.0,26.0
202309110600,202309210000,18.0,25.0
202309111800,202309140000,21.0,28.0
202309111800,202309150000,21.0,26.0
202309111800,202309160000,22.0,27.0
202309111800,202309170000,22.0,29.0
202309111800,202309180000,21.0,28.0
202309111800,202309190000,20.0,27.0
202309111800,202309200000,19.0,26.0
202309111800,202309210000,18.0,26.0
202309120600,202309150000,21.0,26.0
202309120600,202309160000,22.0,27.0
202309120600,202309170000,22.0,29.0
202309120600,202309180000,21.0,28.0
202309120600,202309190000,20.0,27.0
202309120600,202309200000,19.0,26.0
202309120600,202309210000,18.0,26.0
202309120600,202309220000,18.0,26.0
202309121800,202309150000,21.0,25.0
202309121800,202309160000,22.0,27.0
202309121800,202309170000,22.0,28.0
202309121800,202309180000,21.0,29.0
202309121800,202309190000,21.0,27.0
202309121800,202309200000,21.0,27.0
202309121800,202309210000,18.0,27.0
202309121800,202309220000,18.0,25.0
202309130600,202309160000,22.0,27.0
202309130600,202309170000,22.0,28.0
202309130600,202309180000,21.0,29.0
202309130600,202309190000,21.0,27.0
202309130600,202309200000,21.0,27.0
202309130600,202309210000,18.0,27.0
202309130600,202309220000,18.0,25.0
202309130600,202309230000,18.0,26.0
202309131800,202309160000,22.0,27.0
202309131800,202309170000,22.0,26.0
202309131800,202309180000,22.0,29.0
202309131800,202309190000,22.0,27.0
202309131800,202309200000,20.0,26.0
202309131800,202309210000,17.0,27.0
202309131800,202309220000,17.0,26.0
202309131800,202309230000,18.0,24.0
202309140600,202309170000,22.0,26.0
202309140600,202309180000,22.0,29.0
202309140600,202309190000,22.0,27.0
202309140600,202309200000,20.0,26.0
202309140600,202309210000,17.0,27.0
202309140600,202309220000,17.0,26.0
202309140600,202309230000,18.0,26.0
202309140600,202309240000,19.0,26.0
202309141800,202309170000,22.0,27.0
202309141800,202309180000,22.0,29.0
202309141800,202309190000,22.0,27.0
202309141800,202309200000,20.0,26.0
202309141800,202309210000,17.0,27.0
202309141800,202309220000,17.0,26.0
202309141800,202309230000,18.0,26.0
202309141800,202309240000,19.0,26.0
202309150600,202309180000,22.0,29.0
202309150600,202309190000,21.0,27.0
202309150600,202309200000,19.0,26.0
202309150600,202309210000,17.0,27.0
202309150600,202309220000,18.0,28.0
202309150600,202309230000,19.0,26.0
202309150600,202309240000,20.0,26.0
202309150600,202309250000,18.0,26.0
202309151800,202309180000,22.0,28.0
202309151800,202309190000,21.0,27.0
202309151800,202309200000,19.0,26.0
202309151800,202309210000,17.0,27.0
202309151800,202309220000,18.0,28.0
202309151800,202309230000,19.0,26.0
202309151800,202309240000,20.0,26.0
202309151800,202309250000,18.0,26.0
202309160600,202309190000,21.0,27.0
202309160600,202309200000,20.0,25.0
202309160600,202309210000,18.0,27.0
202309160600,202309220000,18.0,27.0
202309160600,202309230000,19.0,28.0
202309160600,202309240000,20.0,26.0
202309160600,202309250000,19.0,26.0
202309160600,202309260000,17.0,26.0
202309161800,202309190000,21.0,27.0
202309161800,202309200000,20.0,25.0
202309161800,202309210000,18.0,27.0
202309161800,202309220000,18.0,27.0
202309161800,202309230000,19.0,28.0
202309161800,202309240000,20.0,26.0
202309161800,202309250000,19.0,26.0
202309161800,202309260000,18.0,26.0
202309170600,202309200000,19.0,25.0
202309170600,202309210000,19.0,27.0
202309170600,202309220000,18.0,28.0
202309170600,202309230000,18.0,28.0
202309170600,202309240000,19.0,27.0
202309170600,202309250000,19.0,27.0
202309170600,202309260000,19.0,26.0
202309170600,202309270000,19.0,27.0
202309171800,202309200000,21.0,24.0
202309171800,202309210000,19.0,26.0
202309171800,202309220000,18.0,28.0
202309171800,202309230000,17.0,28.0
202309171800,202309240000,18.0,26.0
202309171800,202309250000,19.0,26.0
202309171800,202309260000,19.0,27.0
202309171800,202309270000,19.0,27.0
202309180600,202309210000,19.0,26.0
202309180600,202309220000,18.0,28.0
202309180600,202309230000,17.0,28.0
202309180600,202309240000,18.0,26.0
202309180600,202309250000,19.0,26.0
202309180600,202309260000,19.0,27.0
202309180600,202309270000,19.0,27.0
202309180600,202309280000,16.0,25.0
202309181800,202309210000,19.0,26.0
202309181800,202309220000,17.0,27.0
202309181800,202309230000,17.0,28.0
202309181800,202309240000,18.0,26.0
202309181800,202309250000,18.0,25.0
202309181800,202309260000,19.0,26.0
202309181800,202309270000,20.0,26.0
202309181800,202309280000,17.0,24.0
202309190600,202309220000,17.0,27.0
202309190600,202309230000,17.0,28.0
202309190600,202309240000,18.0,26.0
202309190600,202309250000,18.0,25.0
202309190600,202309260000,19.0,26.0
202309190600,202309270000,19.0,26.0
202309190600,202309280000,17.0,24.0
202309190600,202309290000,16.0,24.0
202309191800,202309220000,17.0,27.0
202309191800,202309230000,18.0,27.0
202309191800,202309240000,17.0,26.0
202309191800,202309250000,18.0,26.0
202309191800,202309260000,19.0,26.0
202309191800,202309270000,19.0,26.0
202309191800,202309280000,17.0,24.0
202309191800,202309290000,16.0,24.0
202309200600,202309230000,18.0,27.0
202309200600,202309240000,17.0,26.0
202309200600,202309250000,18.0,26.0
202309200600,202309260000,19.0,26.0
202309200600,202309270000,19.0,26.0
202309200600,202309280000,17.0,24.0
202309200600,202309290000,16.0,24.0
202309200600,202309300000,15.0,23.0
202309201800,202309230000,18.0,27.0
202309201800,202309240000,17.0,27.0
202309201800,202309250000,18.0,26.0
202309201800,202309260000,19.0,26.0
202309201800,202309270000,19.0,27.0
202309201800,202309280000,17.0,25.0
202309201800,202309290000,16.0,24.0
202309201800,202309300000,15.0,24.0
202309210600,202309240000,18.0,27.0
202309210600,202309250000,18.0,26.0
202309210600,202309260000,19.0,25.0
202309210600,202309270000,20.0,27.0
202309210600,202309280000,19.0,26.0
202309210600,202309290000,16.0,24.0
202309210600,202309300000,15.0,23.0
202309210600,202310010000,14.0,24.0
202309211800,202309240000,18.0,27.0
202309211800,202309250000,18.0,26.0
202309211800,202309260000,19.0,25.0
202309211800,202309270000,20.0,26.0
202309211800,202309280000,19.0,26.0
202309211800,202309290000,16.0,24.0
202309211800,202309300000,15.0,23.0
202309211800,202310010000,15.0,24.0
202309220600,202309250000,18.0,25.0
202309220600,202309260000,19.0,25.0
202309220600,202309270000,20.0,25.0
202309220600,202309280000,20.0,26.0
202309220600,202309290000,17.0,23.0
202309220600,202309300000,15.0,24.0
202309220600,202310010000,14.0,24.0
202309220600,202310020000,15.0,25.0
202309221800,202309250000,18.0,25.0
202309221800,202309260000,19.0,25.0
202309221800,202309270000,20.0,25.0
202309221800,202309280000,20.0,26.0
202309221800,202309290000,17.0,23.0
202309221800,202309300000,15.0,24.0
202309221800,202310010000,14.0,24.0
202309221800,202310020000,15.0,25.0
202309230600,202309260000,19.0,24.0
202309230600,202309270000,21.0,25.0
202309230600,202309280000,20.0,26.0
202309230600,202309290000,16.0,24.0
202309230600,202309300000,16.0,23.0
202309230600,202310010000,14.0,23.0
202309230600,202310020000,14.0,24.0
202309230600,202310030000,15.0,24.0
202309231800,202309260000,19.0,24.0
202309231800,202309270000,20.0,25.0
202309231800,202309280000,20.0,26.0
202309231800,202309290000,17.0,24.0
202309231800,202309300000,15.0,24.0
202309231800,202310010000,14.0,23.0
202309231800,202310020000,15.0,24.0
202309231800,202310030000,15.0,22.0
202309240600,202309270000,20.0,25.0
202309240600,202309280000,20.0,26.0
202309240600,202309290000,17.0,25.0
202309240600,202309300000,15.0,24.0
202309240600,202310010000,14.0,23.0
202309240600,202310020000,15.0,24.0
202309240600,202310030000,15.0,23.0
202309240600,202310040000,14.0,24.0
202309241800,202309270000,21.0,26.0
202309241800,202309280000,19.0,26.0
202309241800,202309290000,16.0,25.0
202309241800,202309300000,17.0,24.0
202309241800,202310010000,14.0,22.0
202309241800,202310020000,13.0,23.0
202309241800,202310030000,13.0,23.0
202309241800,202310040000,14.0,23.0
202309250600,202309280000,19.0,26.0
202309250600,202309290000,16.0,25.0
202309250600,202309300000,17.0,24.0
202309250600,202310010000,14.0,22.0
202309250600,202310020000,13.0,23.0
202309250600,202310030000,13.0,23.0
202309250600,202310040000,14.0,23.0
202309250600,202310050000,13.0,22.0
202309251800,202309280000,19.0,27.0
202309251800,202309290000,17.0,25.0
202309251800,202309300000,17.0,24.0
202309251800,202310010000,13.0,22.0
202309251800,202310020000,12.0,23.0
202309251800,202310030000,14.0,23.0
202309251800,202310040000,15.0,22.0
202309251800,202310050000,13.0,21.0
202309260600,202309290000,17.0,25.0
202309260600,202309300000,17.0,24.0
202309260600,202310010000,13.0,22.0
202309260600,202310020000,12.0,23.0
202309260600,202310030000,14.0,23.0
202309260600,202310040000,15.0,23.0
202309260600,202310050000,13.0,22.0
202309260600,202310060000,13.0,22.0
202309261800,202309290000,16.0,24.0
202309261800,202309300000,17.0,24.0
202309261800,202310010000,13.0,22.0
202309261800,202310020000,12.0,23.0
202309261800,202310030000,14.0,23.0
202309261800,202310040000,15.0,23.0
202309261800,202310050000,13.0,22.0
202309261800,202310060000,13.0,22.0
202309270600,202309300000,17.0,25.0
202309270600,202310010000,13.0,22.0
202309270600,202310020000,13.0,23.0
202309270600,202310030000,15.0,22.0
202309270600,202310040000,15.0,23.0
202309270600,202310050000,14.0,21.0
202309270600,202310060000,11.0,20.0
202309270600,202310070000,11.0,21.0
202309271800,202309300000,17.0,24.0
202309271800,202310010000,13.0,22.0
202309271800,202310020000,13.0,23.0
202309271800,202310030000,15.0,22.0
202309271800,202310040000,15.0,23.0
202309271800,202310050000,14.0,21.0
202309271800,202310060000,11.0,20.0
202309271800,202310070000,11.0,21.0
202309280600,202310010000,13.0,22.0
202309280600,202310020000,13.0,24.0
202309280600,202310030000,15.0,23.0
202309280600,202310040000,15.0,23.0
202309280600,202310050000,13.0,20.0
202309280600,202310060000,11.0,21.0
202309280600,202310070000,12.0,22.0
202309280600,202310080000,12.0,22.0
202309281800,202310010000,13.0,22.0
202309281800,202310020000,13.0,24.0
202309281800,202310030000,15.0,23.0
202309281800,202310040000,15.0,23.0
202309281800,202310050000,13.0,20.0
202309281800,202310060000,11.0,21.0
202309281800,202310070000,12.0,22.0
202309281800,202310080000,12.0,22.0
202309290600,202310020000,13.0,24.0
202309290600,202310030000,15.0,23.0
202309290600,202310040000,15.0,24.0
202309290600,202310050000,14.0,23.0
202309290600,202310060000,12.0,22.0
202309290600,202310070000,14.0,22.0
202309290600,202310080000,13.0,23.0
202309290600,202310090000,14.0,24.0
202309291800,202310020000,13.0,23.0
202309291800,202310030000,15.0,23.0
202309291800,202310040000,15.0,24.0
202309291800,202310050000,14.0,22.0
202309291800,202310060000,12.0,22.0
202309291800,202310070000,13.0,23.0
202309291800,202310080000,13.0,23.0
202309291800,202310090000,14.0,23.0
202309300600,202310030000,15.0,23.0
202309300600,202310040000,15.0,24.0
202309300600,202310050000,14.0,22.0
202309300600,202310060000,11.0,22.0
202309300600,202310070000,13.0,23.0
202309300600,202310080000,13.0,23.0
202309300600,202310090000,14.0,23.0
202309300600,202310100000,14.0,23.0
202309301800,202310030000,15.0,23.0
202309301800,202310040000,15.0,23.0
202309301800,202310050000,13.0,21.0
202309301800,202310060000,11.0,21.0
202309301800,202310070000,12.0,23.0
202309301800,202310080000,12.0,22.0
202309301800,202310090000,13.0,23.0
202309301800,202310100000,14.0,23.0
202310010600,202310040000,15.0,23.0
202310010600,202310050000,13.0,21.0
202310010600,202310060000,11.0,22.0
202310010600,202310070000,12.0,23.0
202310010600,202310080000,12.0,22.0
202310010600,202310090000,13.0,23.0
202310010600,202310100000,14.0,23.0
202310010600,202310110000,13.0,23.0
202310011800,202310040000,15.0,23.0
202310011800,202310050000,12.0,20.0
202310011800,202310060000,11.0,21.0
202310011800,202310070000,12.0,22.0
202310011800,202310080000,13.0,22.0
202310011800,202310090000,13.0,22.0
202310011800,202310100000,13.0,22.0
202310011800,202310110000,13.0,23.0
202310020600,202310050000,12.0,20.0
202310020600,202310060000,11.0,21.0
202310020600,202310070000,12.0,22.0
202310020600,202310080000,13.0,22.0
202310020600,202310090000,13.0,22.0
202310020600,202310100000,13.0,22.0
202310020600,202310110000,13.0,23.0
202310020600,202310120000,13.0,22.0
202310021800,202310050000,11.0,19.0
202310021800,202310060000,11.0,21.0
202310021800,202310070000,12.0,23.0
202310021800,202310080000,13.0,22.0
202310021800,202310090000,13.0,22.0
202310021800,202310100000,13.0,22.0
202310021800,202310110000,13.0,23.0
202310021800,202310120000,13.0,22.0
202310030600,202310060000,10.0,21.0
202310030600,202310070000,12.0,23.0
202310030600,202310080000,14.0,22.0
202310030600,202310090000,14.0,23.0
202310030600,202310100000,13.0,22.0
202310030600,202310110000,13.0,22.0
202310030600,202310120000,13.0,22.0
202310030600,202310130000,13.0,22.0
202310031800,202310060000,10.0,21.0
202310031800,202310070000,12.0,23.0
202310031800,202310080000,14.0,22.0
202310031800,202310090000,14.0,23.0
202310031800,202310100000,13.0,22.0
202310031800,202310110000,13.0,22.0
202310031800,202310120000,13.0,22.0
202310031800,202310130000,12.0,22.0
202310040600,202310070000,13.0,22.0
202310040600,202310080000,14.0,22.0
202310040600,202310090000,13.0,22.0
202310040600,202310100000,14.0,22.0
202310040600,202310110000,12.0,22.0
202310040600,202310120000,12.0,22.0
202310040600,202310130000,12.0,22.0
202310040600,202310140000,12.0,22.0
202310041800,202310070000,13.0,22.0
202310041800,202310080000,14.0,22.0
202310041800,202310090000,13.0,22.0
202310041800,202310100000,14.0,22.0
202310041800,202310110000,12.0,22.0
202310041800,202310120000,12.0,22.0
202310041800,202310130000,12.0,22.0
202310041800,202310140000,12.0,22.0
202310050600,202310080000,14.0,22.0
202310050600,202310090000,14.0,22.0
202310050600,202310100000,13.0,22.0
202310050600,202310110000,13.0,22.0
202310050600,202310120000,12.0,21.0
202310050600,202310130000,12.0,22.0
202310050600,202310140000,12.0,21.0
202310050600,202310150000,12.0,22.0
202310051800,202310080000,15.0,21.0
202310051800,202310090000,14.0,22.0
202310051800,202310100000,13.0,22.0
202310051800,202310110000,13.0,22.0
202310051800,202310120000,13.0,21.0
202310051800,202310130000,12.0,21.0
202310051800,202310140000,12.0,22.0
202310051800,202310150000,12.0,22.0
202310060600,202310090000,14.0,22.0
202310060600,202310100000,13.0,22.0
202310060600,202310110000,13.0,22.0
202310060600,202310120000,13.0,21.0
202310060600,202310130000,12.0,21.0
202310060600,202310140000,12.0,22.0
202310060600,202310150000,12.0,22.0
202310060600,202310160000,12.0,22.0
202310061800,202310090000,15.0,22.0
202310061800,202310100000,13.0,22.0
202310061800,202310110000,13.0,23.0
202310061800,202310120000,13.0,21.0
202310061800,202310130000,12.0,21.0
202310061800,202310140000,12.0,22.0
202310061800,202310150000,12.0,22.0
202310061800,202310160000,13.0,23.0
202310070600,202310100000,13.0,22.0
202310070600,202310110000,13.0,23.0
202310070600,202310120000,13.0,21.0
202310070600,202310130000,12.0,21.0
202310070600,202310140000,12.0,22.0
202310070600,202310150000,12.0,22.0
202310070600,202310160000,13.0,23.0
202310070600,202310170000,12.0,21.0
202310071800,202310100000,13.0,23.0
202310071800,202310110000,13.0,23.0
202310071800,202310120000,13.0,22.0
202310071800,202310130000,13.0,21.0
202310071800,202310140000,12.0,21.0
202310071800,202310150000,12.0,23.0
202310071800,202310160000,13.0,22.0
202310071800,202310170000,12.0,21.0
202310080600,202310110000,13.0,23.0
202310080600,202310120000,13.0,22.0
202310080600,202310130000,13.0,21.0
202310080600,202310140000,12.0,21.0
202310080600,202310150000,12.0,23.0
202310080600,202310160000,13.0,22.0
202310080600,202310170000,12.0,21.0
202310080600,202310180000,11.0,21.0
202310081800,202310110000,13.0,23.0
202310081800,202310120000,13.0,22.0
202310081800,202310130000,13.0,21.0
202310081800,202310140000,12.0,21.0
202310081800,202310150000,12.0,23.0
202310081800,202310160000,13.0,22.0
202310081800,202310170000,12.0,21.0
202310081800,202310180000,11.0,21.0
202310090600,202310120000,13.0,22.0
202310090600,202310130000,13.0,22.0
202310090600,202310140000,13.0,21.0
202310090600,202310150000,12.0,21.0
202310090600,202310160000,12.0,21.0
202310090600,202310170000,11.0,21.0
202310090600,202310180000,12.0,20.0
202310090600,202310190000,13.0,20.0
202310091800,202310120000,13.0,22.0
202310091800,202310130000,13.0,22.0
202310091800,202310140000,13.0,21.0
202310091800,202310150000,12.0,21.0
202310091800,202310160000,12.0,20.0
202310091800,202310170000,11.0,21.0
202310091800,202310180000,12.0,20.0
202310091800,202310190000,13.0,20.0
202310100600,202310130000,14.0,22.0
202310100600,202310140000,13.0,20.0
202310100600,202310150000,12.0,21.0
202310100600,202310160000,12.0,21.0
202310100600,202310170000,11.0,20.0
202310100600,202310180000,12.0,20.0
202310100600,202310190000,12.0,21.0
202310100600,202310200000,11.0,20.0
202310101800,202310130000,14.0,22.0
202310101800,202310140000,13.0,19.0
202310101800,202310150000,12.0,20.0
202310101800,202310160000,11.0,19.0
202310101800,202310170000,10.0,19.0
202310101800,202310180000,11.0,20.0
202310101800,202310190000,12.0,20.0
202310101800,202310200000,12.0,19.0
202310110600,202310140000,14.0,19.0
202310110600,202310150000,12.0,20.0
202310110600,202310160000,11.0,18.0
202310110600,202310170000,9.0,19.0
202310110600,202310180000,11.0,20.0
202310110600,202310190000,13.0,20.0
202310110600,202310200000,11.0,19.0
202310110600,202310210000,10.0,19.0
202310111800,202310140000,14.0,19.0
202310111800,202310150000,12.0,21.0
202310111800,202310160000,10.0,18.0
202310111800,202310170000,9.0,19.0
202310111800,202310180000,11.0,20.0
202310111800,202310190000,13.0,20.0
202310111800,202310200000,12.0,19.0
202310111800,202310210000,9.0,18.0
202310120600,202310150000,12.0,21.0
202310120600,202310160000,10.0,18.0
202310120600,202310170000,9.0,19.0
202310120600,202310180000,11.0,20.0
202310120600,202310190000,13.0,20.0
202310120600,202310200000,11.0,18.0
202310120600,202310210000,9.0,18.0
202310120600,202310220000,9.0,18.0
202310121800,202310150000,12.0,21.0
202310121800,202310160000,10.0,19.0
202310121800,202310170000,9.0,20.0
202310121800,202310180000,11.0,21.0
202310121800,202310190000,13.0,20.0
202310121800,202310200000,11.0,18.0
202310121800,202310210000,9.0,16.0
202310121800,202310220000,7.0,18.0
202310130600,202310160000,10.0,19.0
202310130600,202310170000,9.0,20.0
202310130600,202310180000,11.0,21.0
202310130600,202310190000,13.0,20.0
202310130600,202310200000,11.0,17.0
202310130600,202310210000,8.0,16.0
202310130600,202310220000,7.0,18.0
202310130600,202310230000,9.0,18.0
202310131800,202310160000,10.0,19.0
202310131800,202310170000,9.0,21.0
202310131800,202310180000,11.0,21.0
202310131800,202310190000,14.0,19.0
202310131800,202310200000,10.0,15.0
202310131800,202310210000,6.0,14.0
202310131800,202310220000,6.0,16.0
202310131800,202310230000,9.0,18.0
202310140600,202310170000,9.0,21.0
202310140600,202310180000,11.0,21.0
202310140600,202310190000,14.0,19.0
202310140600,202310200000,10.0,15.0
202310140600,202310210000,6.0,14.0
202310140600,202310220000,6.0,16.0
202310140600,202310230000,9.0,18.0
202310140600,202310240000,11.0,20.0
202310141800,202310170000,9.0,21.0
202310141800,202310180000,11.0,21.0
202310141800,202310190000,14.0,19.0
202310141800,202310200000,10.0,15.0
202310141800,202310210000,6.0,14.0
202310141800,202310220000,6.0,16.0
202310141800,202310230000,9.0,18.0
202310141800,202310240000,11.0,20.0
202310150600,202310180000,11.0,21.0
202310150600,202310190000,15.0,20.0
202310150600,202310200000,10.0,16.0
202310150600,202310210000,6.0,13.0
202310150600,202310220000,4.0,15.0
202310150600,202310230000,8.0,17.0
202310150600,202310240000,10.0,19.0
202310150600,202310250000,11.0,19.0
202310151800,202310180000,11.0,21.0
202310151800,202310190000,15.0,20.0
202310151800,202310200000,10.0,16.0
202310151800,202310210000,6.0,13.0
202310151800,202310220000,4.0,15.0
202310151800,202310230000,8.0,17.0
202310151800,202310240000,10.0,19.0
202310151800,202310250000,11.0,19.0
202310160600,202310190000,15.0,19.0
202310160600,202310200000,11.0,15.0
202310160600,202310210000,4.0,13.0
202310160600,202310220000,4.0,15.0
202310160600,202310230000,10.0,18.0
202310160600,202310240000,11.0,19.0
202310160600,202310250000,11.0,19.0
202310160600,202310260000,12.0,20.0
202310161800,202310190000,15.0,19.0
202310161800,202310200000,10.0,14.0
202310161800,202310210000,4.0,13.0
202310161800,202310220000,4.0,15.0
202310161800,202310230000,10.0,18.0
202310161800,202310240000,11.0,19.0
202310161800,202310250000,11.0,19.0
202310161800,202310260000,11.0,20.0
202310170600,202310200000,9.0,14.0
202310170600,202310210000,4.0,13.0
202310170600,202310220000,4.0,15.0
202310170600,202310230000,10.0,18.0
202310170600,202310240000,11.0,19.0
202310170600,202310250000,11.0,19.0
202310170600,202310260000,12.0,21.0
202310170600,202310270000,11.0,21.0
202310171800,202310200000,10.0,14.0
202310171800,202310210000,5.0,16.0
202310171800,202310220000,5.0,17.0
202310171800,202310230000,10.0,20.0
202310171800,202310240000,11.0,20.0
202310171800,202310250000,12.0,20.0
202310171800,202310260000,12.0,21.0
202310171800,202310270000,11.0,21.0
202310180600,202310210000,5.0,16.0
202310180600,202310220000,5.0,18.0
202310180600,202310230000,10.0,20.0
202310180600,202310240000,11.0,20.0
202310180600,202310250000,12.0,20.0
202310180600,202310260000,12.0,21.0
202310180600,202310270000,11.0,21.0
202310180600,202310280000,12.0,20.0
202310181800,202310210000,5.0,16.0
202310181800,202310220000,7.0,18.0
202310181800,202310230000,10.0,20.0
202310181800,202310240000,11.0,20.0
202310181800,202310250000,11.0,20.0
202310181800,202310260000,11.0,20.0
202310181800,202310270000,12.0,20.0
202310181800,202310280000,11.0,20.0
202310190600,202310220000,7.0,18.0
202310190600,202310230000,10.0,20.0
202310190600,202310240000,11.0,20.0
202310190600,202310250000,11.0,20.0
202310190600,202310260000,11.0,20.0
202310190600,202310270000,12.0,20.0
202310190600,202310280000,11.0,20.0
202310190600,202310290000,12.0,18.0
202310191800,202310220000,7.0,18.0
202310191800,202310230000,10.0,20.0
202310191800,202310240000,11.0,20.0
202310191800,202310250000,12.0,20.0
202310191800,202310260000,12.0,20.0
202310191800,202310270000,12.0,19.0
202310191800,202310280000,10.0,19.0
202310191800,202310290000,9.0,19.0
202310200600,202310230000,10.0,20.0
202310200600,202310240000,11.0,20.0
202310200600,202310250000,12.0,21.0
202310200600,202310260000,12.0,20.0
202310200600,202310270000,12.0,19.0
202310200600,202310280000,10.0,19.0
202310200600,202310290000,10.0,19.0
202310200600,202310300000,11.0,20.0
202310201800,202310230000,10.0,20.0
202310201800,202310240000,12.0,20.0
202310201800,202310250000,13.0,21.0
202310201800,202310260000,13.0,21.0
202310201800,202310270000,13.0,19.0
202310201800,202310280000,11.0,19.0
202310201800,202310290000,10.0,19.0
202310201800,202310300000,11.0,20.0
202310210600,202310240000,12.0,20.0
202310210600,202310250000,13.0,21.0
202310210600,202310260000,14.0,20.0
202310210600,202310270000,11.0,19.0
202310210600,202310280000,10.0,19.0
202310210600,202310290000,11.0,19.0
202310210600,202310300000,11.0,20.0
202310210600,202310310000,12.0,20.0
202310211800,202310240000,12.0,19.0
202310211800,202310250000,13.0,21.0
202310211800,202310260000,14.0,20.0
202310211800,202310270000,11.0,19.0
202310211800,202310280000,10.0,19.0
202310211800,202310290000,11.0,19.0
202310211800,202310300000,11.0,20.0
202310211800,202310310000,12.0,20.0
202310220600,202310250000,13.0,21.0
202310220600,202310260000,13.0,19.0
202310220600,202310270000,11.0,19.0
202310220600,202310280000,10.0,19.0
202310220600,202310290000,10.0,19.0
202310220600,202310300000,11.0,19.0
202310220600,202310310000,11.0,20.0
202310220600,202311010000,11.0,20.0
202310221800,202310250000,13.0,21.0
202310221800,202310260000,13.0,19.0
202310221800,202310270000,11.0,19.0
202310221800,202310280000,10.0,19.0
202310221800,202310290000,10.0,19.0
202310221800,202310300000,11.0,19.0
202310221800,202310310000,11.0,20.0
202310221800,202311010000,11.0,20.0
202310230600,202310260000,13.0,19.0
202310230600,202310270000,11.0,19.0
202310230600,202310280000,10.0,19.0
202310230600,202310290000,10.0,20.0
202310230600,202310300000,10.0,20.0
202310230600,202310310000,11.0,20.0
202310230600,202311010000,10.0,19.0
202310230600,202311020000,12.0,18.0
202310231800,202310260000,14.0,21.0
202310231800,202310270000,12.0,19.0
202310231800,202310280000,10.0,19.0
202310231800,202310290000,10.0,20.0
202310231800,202310300000,10.0,20.0
202310231800,202310310000,11.0,20.0
202310231800,202311010000,11.0,20.0
202310231800,202311020000,11.0,19.0
202310240600,202310270000,12.0,19.0
202310240600,202310280000,10.0,19.0
202310240600,202310290000,10.0,20.0
202310240600,202310300000,10.0,20.0
202310240600,202310310000,11.0,20.0
202310240600,202311010000,11.0,20.0
202310240600,202311020000,11.0,19.0
202310240600,202311030000,11.0,17.0
202310241800,202310270000,10.0,19.0
202310241800,202310280000,9.0,19.0
202310241800,202310290000,10.0,20.0
202310241800,202310300000,11.0,21.0
202310241800,202310310000,10.0,20.0
202310241800,202311010000,11.0,20.0
202310241800,202311020000,11.0,19.0
202310241800,202311030000,12.0,17.0
202310250600,202310280000,9.0,19.0
202310250600,202310290000,10.0,20.0
202310250600,202310300000,11.0,21.0
202310250600,202310310000,10.0,20.0
202310250600,202311010000,11.0,20.0
202310250600,202311020000,11.0,19.0
202310250600,202311030000,12.0,17.0
202310250600,202311040000,9.0,16.0
202310251800,202310280000,9.0,19.0
202310251800,202310290000,10.0,20.0
202310251800,202310300000,11.0,20.0
202310251800,202310310000,11.0,20.0
202310251800,202311010000,11.0,20.0
202310251800,202311020000,13.0,19.0
202310251800,202311030000,13.0,19.0
202310251800,202311040000,11.0,16.0
202310260600,202310290000,10.0,20.0
202310260600,202310300000,11.0,20.0
202310260600,202310310000,11.0,20.0
202310260600,202311010000,11.0,20.0
202310260600,202311020000,13.0,19.0
202310260600,202311030000,13.0,19.0
202310260600,202311040000,11.0,16.0
202310260600,202311050000,8.0,15.0
202310261800,202310290000,9.0,20.0
202310261800,202310300000,11.0,20.0
202310261800,202310310000,11.0,20.0
202310261800,202311010000,11.0,20.0
202310261800,202311020000,13.0,19.0
202310261800,202311030000,13.0,19.0
202310261800,202311040000,11.0,16.0
202310261800,202311050000,8.0,15.0
202310270600,202310300000,10.0,21.0
202310270600,202310310000,11.0,20.0
202310270600,202311010000,13.0,20.0
202310270600,202311020000,15.0,21.0
202310270600,202311030000,14.0,20.0
202310270600,202311040000,11.0,18.0
202310270600,202311050000,10.0,16.0
202310270600,202311060000,10.0,18.0
202310271800,202310300000,11.0,21.0
202310271800,202310310000,11.0,20.0
202310271800,202311010000,13.0,20.0
202310271800,202311020000,15.0,21.0
202310271800,202311030000,14.0,20.0
202310271800,202311040000,12.0,18.0
202310271800,202311050000,10.0,17.0
202310271800,202311060000,9.0,17.0
202310280600,202310310000,12.0,20.0
202310280600,202311010000,14.0,21.0
202310280600,202311020000,14.0,21.0
202310280600,202311030000,14.0,20.0
202310280600,202311040000,14.0,19.0
202310280600,202311050000,11.0,17.0
202310280600,202311060000,7.0,13.0
202310280600,202311070000,7.0,15.0
202310281800,202310310000,12.0,20.0
202310281800,202311010000,14.0,21.0
202310281800,202311020000,14.0,21.0
202310281800,202311030000,14.0,20.0
202310281800,202311040000,14.0,19.0
202310281800,202311050000,11.0,17.0
202310281800,202311060000,7.0,13.0
202310281800,202311070000,7.0,15.0
202310290600,202311010000,14.0,21.0
202310290600,202311020000,16.0,22.0
202310290600,202311030000,15.0,21.0
202310290600,202311040000,15.0,19.0
202310290600,202311050000,12.0,17.0
202310290600,202311060000,7.0,12.0
202310290600,202311070000,5.0,15.0
202310290600,202311080000,9.0,17.0
202310291800,202311010000,15.0,22.0
202310291800,202311020000,16.0,22.0
202310291800,202311030000,15.0,21.0
202310291800,202311040000,15.0,19.0
202310291800,202311050000,11.0,18.0
202310291800,202311060000,7.0,13.0
202310291800,202311070000,6.0,15.0
202310291800,202311080000,7.0,17.0
202310300600,202311020000,16.0,22.0
202310300600,202311030000,15.0,21.0
202310300600,202311040000,15.0,19.0
202310300600,202311050000,12.0,18.0
202310300600,202311060000,7.0,13.0
202310300600,202311070000,6.0,15.0
202310300600,202311080000,7.0,16.0
202310300600,202311090000,11.0,17.0
202310301800,202311020000,17.0,24.0
202310301800,202311030000,16.0,21.0
202310301800,202311040000,15.0,20.0
202310301800,202311050000,13.0,18.0
202310301800,202311060000,10.0,13.0
202310301800,202311070000,5.0,14.0
202310301800,202311080000,8.0,15.0
202310301800,202311090000,7.0,15.0
202310310600,202311030000,16.0,21.0
202310310600,202311040000,15.0,20.0
202310310600,202311050000,13.0,18.0
202310310600,202311060000,10.0,12.0
202310310600,202311070000,5.0,14.0
202310310600,202311080000,7.0,15.0
202310310600,202311090000,7.0,15.0
202310310600,202311100000,8.0,14.0
202310311800,202311030000,16.0,21.0
202310311800,202311040000,14.0,20.0
202310311800,202311050000,14.0,18.0
202310311800,202311060000,10.0,12.0
202310311800,202311070000,4.0,13.0
202310311800,202311080000,7.0,14.0
202310311800,202311090000,7.0,14.0
202310311800,202311100000,7.0,13.0
202311010600,202311040000,14.0,20.0
202311010600,202311050000,14.0,18.0
202311010600,202311060000,10.0,12.0
202311010600,202311070000,4.0,13.0
202311010600,202311080000,7.0,14.0
202311010600,202311090000,7.0,14.0
202311010600,202311100000,7.0,13.0
202311010600,202311110000,6.0,13.0
202311011800,202311040000,15.0,19.0
202311011800,202311050000,14.0,18.0
202311011800,202311060000,14.0,14.0
202311011800,202311070000,4.0,12.0
202311011800,202311080000,6.0,15.0
202311011800,202311090000,6.0,15.0
202311011800,202311100000,8.0,14.0
202311011800,202311110000,5.0,12.0
202311020600,202311050000,14.0,18.0
202311020600,202311060000,14.0,14.0
202311020600,202311070000,4.0,11.0
202311020600,202311080000,5.0,15.0
202311020600,202311090000,6.0,16.0
202311020600,202311100000,8.0,14.0
202311020600,202311110000,5.0,12.0
202311020600,202311120000,2.0,8.0
202311021800,202311050000,14.0,18.0
202311021800,202311060000,14.0,15.0
202311021800,202311070000,4.0,11.0
202311021800,202311080000,4.0,14.0
202311021800,202311090000,7.0,15.0
202311021800,202311100000,7.0,14.0
202311021800,202311110000,5.0,12.0
202311021800,202311120000,3.0,9.0
202311030600,202311060000,14.0,15.0
202311030600,202311070000,4.0,11.0
202311030600,202311080000,4.0,13.0
202311030600,202311090000,7.0,14.0
202311030600,202311100000,6.0,14.0
202311030600,202311110000,5.0,12.0
202311030600,202311120000,3.0,10.0
202311030600,202311130000,4.0,12.0
202311031800,202311060000,18.0,15.0
202311031800,202311070000,4.0,11.0
202311031800,202311080000,5.0,13.0
202311031800,202311090000,6.0,13.0
202311031800,202311100000,5.0,14.0
202311031800,202311110000,6.0,13.0
202311031800,202311120000,3.0,10.0
202311031800,202311130000,3.0,10.0
202311040600,202311070000,4.0,11.0
202311040600,202311080000,5.0,13.0
202311040600,202311090000,6.0,14.0
202311040600,202311100000,5.0,13.0
202311040600,202311110000,5.0,12.0
202311040600,202311120000,2.0,9.0
202311040600,202311130000,1.0,9.0
202311040600,202311140000,3.0,10.0
202311041800,202311070000,4.0,10.0
202311041800,202311080000,4.0,14.0
202311041800,202311090000,8.0,16.0
202311041800,202311100000,7.0,13.0
202311041800,202311110000,4.0,10.0
202311041800,202311120000,0.0,7.0
202311041800,202311130000,0.0,8.0
202311041800,202311140000,1.0,8.0
202311050600,202311080000,4.0,14.0
202311050600,202311090000,8.0,17.0
202311050600,202311100000,7.0,13.0
202311050600,202311110000,5.0,9.0
202311050600,202311120000,-1.0,7.0
202311050600,202311130000,0.0,8.0
202311050600,202311140000,1.0,9.0
202311050600,202311150000,2.0,10.0
202311051800,202311080000,4.0,15.0
202311051800,202311090000,8.0,17.0
202311051800,202311100000,6.0,12.0
202311051800,202311110000,3.0,9.0
202311051800,202311120000,-1.0,7.0
202311051800,202311130000,-1.0,7.0
202311051800,202311140000,0.0,9.0
202311051800,202311150000,1.0,10.0
202311060600,202311090000,8.0,17.0
202311060600,202311100000,5.0,12.0
202311060600,202311110000,2.0,9.0
202311060600,202311120000,-1.0,7.0
202311060600,202311130000,-1.0,7.0
202311060600,202311140000,0.0,9.0
202311060600,202311150000,1.0,10.0
202311060600,202311160000,4.0,11.0
202311061800,202311090000,8.0,17.0
202311061800,202311100000,5.0,10.0
202311061800,202311110000,0.0,9.0
202311061800,202311120000,0.0,7.0
202311061800,202311130000,-2.0,7.0
202311061800,202311140000,0.0,9.0
202311061800,202311150000,2.0,11.0
202311061800,202311160000,4.0,11.0
202311070600,202311100000,4.0,10.0
202311070600,202311110000,0.0,8.0
202311070600,202311120000,0.0,7.0
202311070600,202311130000,-2.0,7.0
202311070600,202311140000,1.0,9.0
202311070600,202311150000,3.0,11.0
202311070600,202311160000,4.0,11.0
202311070600,202311170000,4.0,10.0
202311071800,202311100000,4.0,10.0
202311071800,202311110000,0.0,8.0
202311071800,202311120000,0.0,7.0
202311071800,202311130000,-2.0,7.0
202311071800,202311140000,1.0,9.0
202311071800,202311150000,3.0,11.0
202311071800,202311160000,4.0,11.0
202311071800,202311170000,4.0,10.0
202311080600,202311110000,0.0,8.0
202311080600,202311120000,-1.0,7.0
202311080600,202311130000,-2.0,8.0
202311080600,202311140000,1.0,9.0
202311080600,202311150000,3.0,12.0
202311080600,202311160000,4.0,12.0
202311080600,202311170000,5.0,10.0
202311080600,202311180000,2.0,9.0
202311081800,202311110000,-1.0,8.0
202311081800,202311120000,-1.0,7.0
202311081800,202311130000,-2.0,8.0
202311081800,202311140000,1.0,9.0
202311081800,202311150000,3.0,12.0
202311081800,202311160000,4.0,12.0
202311081800,202311170000,5.0,10.0
202311081800,202311180000,2.0,9.0
202311090600,202311120000,-2.0,7.0
202311090600,202311130000,-2.0,8.0
202311090600,202311140000,1.0,9.0
202311090600,202311150000,3.0,12.0
202311090600,202311160000,4.0,12.0
202311090600,202311170000,4.0,10.0
202311090600,202311180000,2.0,9.0
202311090600,202311190000,3.0,11.0
202311091800,202311120000,-2.0,6.0
202311091800,202311130000,-2.0,8.0
202311091800,202311140000,1.0,9.0
202311091800,202311150000,3.0,12.0
202311091800,202311160000,5.0,12.0
202311091800,202311170000,4.0,10.0
202311091800,202311180000,1.0,9.0
202311091800,202311190000,3.0,11.0
202311100600,202311130000,-3.0,7.0
202311100600,202311140000,0.0,10.0
202311100600,202311150000,4.0,13.0
202311100600,202311160000,6.0,12.0
202311100600,202311170000,5.0,8.0
202311100600,202311180000,1.0,9.0
202311100600,202311190000,3.0,13.0
202311100600,202311200000,6.0,13.0
202311101800,202311130000,-3.0,7.0
202311101800,202311140000,0.0,10.0
202311101800,202311150000,3.0,13.0
202311101800,202311160000,6.0,11.0
202311101800,202311170000,6.0,8.0
202311101800,202311180000,1.0,8.0
202311101800,202311190000,2.0,11.0
202311101800,202311200000,2.0,12.0
202311110600,202311140000,0.0,10.0
202311110600,202311150000,3.0,13.0
202311110600,202311160000,6.0,11.0
202311110600,202311170000,6.0,8.0
202311110600,202311180000,0.0,7.0
202311110600,202311190000,2.0,11.0
202311110600,202311200000,3.0,12.0
202311110600,202311210000,5.0,12.0
202311111800,202311140000,0.0,10.0
202311111800,202311150000,4.0,13.0
202311111800,202311160000,6.0,11.0
202311111800,202311170000,4.0,9.0
202311111800,202311180000,0.0,10.0
202311111800,202311190000,4.0,13.0
202311111800,202311200000,5.0,13.0
202311111800,202311210000,6.0,13.0
202311120600,202311150000,4.0,13.0
202311120600,202311160000,6.0,11.0
202311120600,202311170000,4.0,9.0
202311120600,202311180000,0.0,10.0
202311120600,202311190000,4.0,13.0
202311120600,202311200000,5.0,13.0
202311120600,202311210000,6.0,13.0
202311120600,202311220000,5.0,10.0
202311121800,202311150000,4.0,12.0
202311121800,202311160000,6.0,10.0
202311121800,202311170000,2.0,7.0
202311121800,202311180000,0.0,11.0
202311121800,202311190000,6.0,14.0
202311121800,202311200000,6.0,14.0
202311121800,202311210000,7.0,14.0
202311121800,202311220000,5.0,10.0
202311130600,202311160000,6.0,10.0
202311130600,202311170000,1.0,6.0
202311130600,202311180000,-1.0,10.0
202311130600,202311190000,6.0,13.0
202311130600,202311200000,5.0,13.0
202311130600,202311210000,7.0,14.0
202311130600,202311220000,6.0,12.0
202311130600,202311230000,2.0,9.0
202311131800,202311160000,6.0,9.0
202311131800,202311170000,0.0,5.0
202311131800,202311180000,-1.0,9.0
202311131800,202311190000,5.0,12.0
202311131800,202311200000,4.0,12.0
202311131800,202311210000,6.0,14.0
202311131800,202311220000,7.0,11.0
202311131800,202311230000,1.0,8.0
202311140600,202311170000,0.0,3.0
202311140600,202311180000,-1.0,8.0
202311140600,202311190000,4.0,11.0
202311140600,202311200000,2.0,12.0
202311140600,202311210000,5.0,14.0
202311140600,202311220000,6.0,13.0
202311140600,202311230000,3.0,9.0
202311140600,202311240000,1.0,8.0
202311141800,202311170000,0.0,3.0
202311141800,202311180000,-1.0,8.0
202311141800,202311190000,4.0,12.0
202311141800,202311200000,2.0,12.0
202311141800,202311210000,5.0,15.0
202311141800,202311220000,7.0,14.0
202311141800,202311230000,5.0,10.0
202311141800,202311240000,-1.0,6.0
202311150600,202311180000,-2.0,7.0
202311150600,202311190000,3.0,13.0
202311150600,202311200000,2.0,11.0
202311150600,202311210000,4.0,14.0
202311150600,202311220000,7.0,14.0
202311150600,202311230000,7.0,9.0
202311150600,202311240000,-1.0,4.0
202311150600,202311250000,-1.0,6.0
202311151800,202311180000,-3.0,8.0
202311151800,202311190000,3.0,13.0
202311151800,202311200000,2.0,11.0
202311151800,202311210000,4.0,14.0
202311151800,202311220000,7.0,14.0
202311151800,202311230000,7.0,9.0
202311151800,202311240000,-2.0,4.0
202311151800,202311250000,-3.0,6.0
202311160600,202311190000,2.0,13.0
202311160600,202311200000,1.0,11.0
202311160600,202311210000,3.0,13.0
202311160600,202311220000,6.0,14.0
202311160600,202311230000,6.0,9.0
202311160600,202311240000,-3.0,2.0
202311160600,202311250000,-4.0,4.0
202311160600,202311260000,-1.0,6.0
202311161800,202311190000,2.0,13.0
202311161800,202311200000,1.0,11.0
202311161800,202311210000,3.0,13.0
202311161800,202311220000,6.0,14.0
202311161800,202311230000,6.0,8.0
202311161800,202311240000,-3.0,4.0
202311161800,202311250000,-3.0,6.0
202311161800,202311260000,1.0,7.0
202311170600,202311200000,1.0,11.0
202311170600,202311210000,3.0,13.0
202311170600,202311220000,6.0,14.0
202311170600,202311230000,5.0,8.0
202311170600,202311240000,-3.0,3.0
202311170600,202311250000,-3.0,6.0
202311170600,202311260000,1.0,7.0
202311170600,202311270000,2.0,8.0
202311171800,202311200000,2.0,12.0
202311171800,202311210000,3.0,14.0
202311171800,202311220000,6.0,15.0
202311171800,202311230000,5.0,8.0
202311171800,202311240000,-4.0,1.0
202311171800,202311250000,-4.0,4.0
202311171800,202311260000,0.0,9.0
202311171800,202311270000,2.0,10.0
202311180600,202311210000,3.0,14.0
202311180600,202311220000,6.0,15.0
202311180600,202311230000,5.0,8.0
202311180600,202311240000,-4.0,1.0
202311180600,202311250000,-4.0,4.0
202311180600,202311260000,0.0,9.0
202311180600,202311270000,2.0,10.0
202311180600,202311280000,2.0,8.0
202311181800,202311210000,3.0,14.0
202311181800,202311220000,6.0,15.0
202311181800,202311230000,5.0,7.0
202311181800,202311240000,-4.0,1.0
202311181800,202311250000,-5.0,4.0
202311181800,202311260000,-1.0,8.0
202311181800,202311270000,2.0,8.0
202311181800,202311280000,1.0,8.0
202311190600,202311220000,6.0,15.0
202311190600,202311230000,6.0,7.0
202311190600,202311240000,-4.0,1.0
202311190600,202311250000,-5.0,4.0
202311190600,202311260000,-1.0,8.0
202311190600,202311270000,2.0,8.0
202311190600,202311280000,1.0,8.0
202311190600,202311290000,0.0,7.0
202311191800,202311220000,5.0,15.0
202311191800,202311230000,6.0,7.0
202311191800,202311240000,-4.0,1.0
202311191800,202311250000,-5.0,4.0
202311191800,202311260000,-2.0,8.0
202311191800,202311270000,3.0,8.0
202311191800,202311280000,1.0,7.0
202311191800,202311290000,0.0,7.0
202311200600,202311230000,9.0,9.0
202311200600,202311240000,-4.0,1.0
202311200600,202311250000,-5.0,3.0
202311200600,202311260000,-1.0,7.0
202311200600,202311270000,4.0,10.0
202311200600,202311280000,1.0,7.0
202311200600,202311290000,0.0,9.0
202311200600,202311300000,1.0,9.0
202311201800,202311230000,9.0,10.0
202311201800,202311240000,-4.0,1.0
202311201800,202311250000,-5.0,3.0
202311201800,202311260000,-1.0,7.0
202311201800,202311270000,4.0,10.0
202311201800,202311280000,0.0,7.0
202311201800,202311290000,0.0,8.0
202311201800,202311300000,1.0,9.0
202311210600,202311240000,-3.0,1.0
202311210600,202311250000,-4.0,3.0
202311210600,202311260000,-2.0,7.0
202311210600,202311270000,4.0,10.0
202311210600,202311280000,0.0,6.0
202311210600,202311290000,-1.0,6.0
202311210600,202311300000,0.0,7.0
202311210600,202312010000,-2.0,6.0
202311211800,202311240000,-3.0,2.0
202311211800,202311250000,-4.0,3.0
202311211800,202311260000,-2.0,5.0
202311211800,202311270000,3.0,10.0
202311211800,202311280000,-1.0,4.0
202311211800,202311290000,-3.0,4.0
202311211800,202311300000,-2.0,6.0
202311211800,202312010000,-3.0,5.0
202311220600,202311250000,-5.0,4.0
202311220600,202311260000,-2.0,5.0
202311220600,202311270000,4.0,11.0
202311220600,202311280000,-2.0,3.0
202311220600,202311290000,-4.0,5.0
202311220600,202311300000,-3.0,4.0
202311220600,202312010000,-3.0,4.0
202311220600,202312020000,-3.0,5.0
202311221800,202311250000,-6.0,4.0
202311221800,202311260000,-2.0,5.0
202311221800,202311270000,4.0,10.0
202311221800,202311280000,-2.0,4.0
202311221800,202311290000,-3.0,4.0
202311221800,202311300000,-3.0,3.0
202311221800,202312010000,-4.0,3.0
202311221800,202312020000,-4.0,5.0
202311230600,202311260000,-2.0,5.0
202311230600,202311270000,4.0,10.0
202311230600,202311280000,-2.0,3.0
202311230600,202311290000,-3.0,4.0
202311230600,202311300000,-4.0,3.0
202311230600,202312010000,-4.0,3.0
202311230600,202312020000,-4.0,5.0
202311230600,202312030000,-2.0,5.0
202311231800,202311260000,-2.0,6.0
202311231800,202311270000,4.0,11.0
202311231800,202311280000,-3.0,2.0
202311231800,202311290000,-4.0,3.0
202311231800,202311300000,-5.0,1.0
202311231800,202312010000,-5.0,3.0
202311231800,202312020000,-3.0,6.0
202311231800,202312030000,0.0,7.0
202311240600,202311270000,4.0,11.0
202311240600,202311280000,-3.0,2.0
202311240600,202311290000,-4.0,3.0
202311240600,202311300000,-5.0,1.0
202311240600,202312010000,-5.0,3.0
202311240600,202312020000,-3.0,5.0
202311240600,202312030000,-1.0,6.0
202311240600,202312040000,-3.0,4.0
202311241800,202311270000,3.0,11.0
202311241800,202311280000,-2.0,2.0
202311241800,202311290000,-4.0,3.0
202311241800,202311300000,-5.0,1.0
202311241800,202312010000,-5.0,3.0
202311241800,202312020000,-3.0,4.0
202311241800,202312030000,-3.0,5.0
202311241800,202312040000,-2.0,5.0
202311250600,202311280000,-2.0,2.0
202311250600,202311290000,-4.0,3.0
202311250600,202311300000,-5.0,1.0
202311250600,202312010000,-5.0,3.0
202311250600,202312020000,-3.0,4.0
202311250600,202312030000,-3.0,5.0
202311250600,202312040000,-2.0,5.0
202311250600,202312050000,-1.0,6.0
202311251800,202311280000,-1.0,3.0
202311251800,202311290000,-4.0,3.0
202311251800,202311300000,-5.0,1.0
202311251800,202312010000,-5.0,3.0
202311251800,202312020000,-3.0,4.0
202311251800,202312030000,-2.0,6.0
202311251800,202312040000,-1.0,7.0
202311251800,202312050000,-1.0,6.0
202311260600,202311290000,-4.0,3.0
202311260600,202311300000,-7.0,0.0
202311260600,202312010000,-5.0,3.0
202311260600,202312020000,-3.0,6.0
202311260600,202312030000,-1.0,7.0
202311260600,202312040000,0.0,8.0
202311260600,202312050000,0.0,8.0
202311260600,202312060000,-1.0,6.0
202311261800,202311290000,-4.0,4.0
202311261800,202311300000,-7.0,0.0
202311261800,202312010000,-5.0,3.0
202311261800,202312020000,-3.0,6.0
202311261800,202312030000,-1.0,7.0
202311261800,202312040000,-1.0,8.0
202311261800,202312050000,0.0,8.0
202311261800,202312060000,0.0,7.0
202311270600,202311300000,-7.0,0.0
202311270600,202312010000,-6.0,2.0
202311270600,202312020000,-4.0,5.0
202311270600,202312030000,-2.0,5.0
202311270600,202312040000,-1.0,9.0
202311270600,202312050000,2.0,10.0
202311270600,202312060000,0.0,7.0
202311270600,202312070000,-2.0,3.0
202311271800,202311300000,-7.0,1.0
202311271800,202312010000,-5.0,2.0
202311271800,202312020000,-3.0,7.0
202311271800,202312030000,-2.0,6.0
202311271800,202312040000,0.0,9.0
202311271800,202312050000,2.0,10.0
202311271800,202312060000,2.0,8.0
202311271800,202312070000,1.0,5.0
202311280600,202312010000,-5.0,3.0
202311280600,202312020000,-2.0,7.0
202311280600,202312030000,0.0,8.0
202311280600,202312040000,1.0,9.0
202311280600,202312050000,2.0,10.0
202311280600,202312060000,3.0,8.0
202311280600,202312070000,0.0,7.0
202311280600,202312080000,-1.0,4.0
202311281800,202312010000,-5.0,3.0
202311281800,202312020000,-3.0,6.0
202311281800,202312030000,-1.0,8.0
202311281800,202312040000,1.0,9.0
202311281800,202312050000,4.0,11.0
202311281800,202312060000,2.0,8.0
202311281800,202312070000,1.0,9.0
202311281800,202312080000,1.0,6.0
202311290600,202312020000,-3.0,6.0
202311290600,202312030000,-1.0,8.0
202311290600,202312040000,1.0,9.0
202311290600,202312050000,4.0,11.0
202311290600,202312060000,2.0,9.0
202311290600,202312070000,1.0,9.0
202311290600,202312080000,1.0,6.0
202311290600,202312090000,-2.0,5.0
202311291800,202312020000,-3.0,7.0
202311291800,202312030000,-2.0,7.0
202311291800,202312040000,0.0,9.0
202311291800,202312050000,4.0,10.0
202311291800,202312060000,1.0,9.0
202311291800,202312070000,2.0,7.0
202311291800,202312080000,-1.0,4.0
202311291800,202312090000,-1.0,4.0
202311300600,202312030000,-2.0,7.0
202311300600,202312040000,0.0,9.0
202311300600,202312050000,4.0,10.0
202311300600,202312060000,2.0,9.0
202311300600,202312070000,2.0,6.0
202311300600,202312080000,-1.0,4.0
202311300600,202312090000,-1.0,4.0
202311300600,202312100000,-2.0,4.0
202311301800,202312030000,-3.0,5.0
202311301800,202312040000,-2.0,8.0
202311301800,202312050000,4.0,11.0
202311301800,202312060000,3.0,11.0
202311301800,202312070000,1.0,6.0
202311301800,202312080000,-4.0,2.0
202311301800,202312090000,-4.0,6.0
202311301800,202312100000,1.0,5.0
202312010600,202312040000,-2.0,8.0
202312010600,202312050000,4.0,11.0
202312010600,202312060000,3.0,11.0
202312010600,202312070000,1.0,6.0
202312010600,202312080000,-4.0,3.0
202312010600,202312090000,-2.0,8.0
202312010600,202312100000,1.0,6.0
202312010600,202312110000,0.0,7.0
202312011800,202312040000,-2.0,7.0
202312011800,202312050000,4.0,11.0
202312011800,202312060000,3.0,11.0
202312011800,202312070000,1.0,6.0
202312011800,202312080000,-2.0,5.0
202312011800,202312090000,0.0,10.0
202312011800,202312100000,1.0,6.0
202312011800,202312110000,0.0,7.0
202312020600,202312050000,4.0,11.0
202312020600,202312060000,3.0,11.0
202312020600,202312070000,1.0,6.0
202312020600,202312080000,-2.0,5.0
202312020600,202312090000,0.0,10.0
202312020600,202312100000,1.0,6.0
202312020600,202312110000,0.0,7.0
202312020600,202312120000,1.0,7.0
202312021800,202312050000,4.0,11.0
202312021800,202312060000,4.0,11.0
202312021800,202312070000,1.0,8.0
202312021800,202312080000,2.0,10.0
202312021800,202312090000,4.0,10.0
202312021800,202312100000,2.0,8.0
202312021800,202312110000,0.0,7.0
202312021800,202312120000,1.0,7.0
202312030600,202312060000,6.0,12.0
202312030600,202312070000,0.0,9.0
202312030600,202312080000,3.0,12.0
202312030600,202312090000,7.0,12.0
202312030600,202312100000,3.0,8.0
202312030600,202312110000,2.0,8.0
202312030600,202312120000,2.0,8.0
202312030600,202312130000,-2.0,4.0
202312031800,202312060000,6.0,12.0
202312031800,202312070000,0.0,9.0
202312031800,202312080000,4.0,14.0
202312031800,202312090000,8.0,12.0
202312031800,202312100000,2.0,8.0
202312031800,202312110000,2.0,8.0
202312031800,202312120000,3.0,8.0
202312031800,202312130000,-2.0,6.0
202312040600,202312070000,-1.0,9.0
202312040600,202312080000,5.0,15.0
202312040600,202312090000,8.0,12.0
202312040600,202312100000,0.0,7.0
202312040600,202312110000,1.0,7.0
202312040600,202312120000,2.0,8.0
202312040600,202312130000,0.0,6.0
202312040600,202312140000,-2.0,6.0
202312041800,202312070000,-1.0,8.0
202312041800,202312080000,4.0,15.0
202312041800,202312090000,9.0,13.0
202312041800,202312100000,-1.0,8.0
202312041800,202312110000,2.0,7.0
202312041800,202312120000,2.0,7.0
202312041800,202312130000,0.0,8.0
202312041800,202312140000,0.0,6.0
202312050600,202312080000,4.0,15.0
202312050600,202312090000,9.0,13.0
202312050600,202312100000,0.0,8.0
202312050600,202312110000,2.0,7.0
202312050600,202312120000,2.0,8.0
202312050600,202312130000,0.0,8.0
202312050600,202312140000,0.0,6.0
202312050600,202312150000,0.0,6.0
202312051800,202312080000,6.0,15.0
202312051800,202312090000,9.0,13.0
202312051800,202312100000,-1.0,8.0
202312051800,202312110000,2.0,8.0
202312051800,202312120000,3.0,9.0
202312051800,202312130000,0.0,6.0
202312051800,202312140000,0.0,5.0
202312051800,202312150000,-1.0,4.0
202312060600,202312090000,9.0,13.0
202312060600,202312100000,-1.0,8.0
202312060600,202312110000,3.0,8.0
202312060600,202312120000,3.0,9.0
202312060600,202312130000,0.0,6.0
202312060600,202312140000,0.0,5.0
202312060600,202312150000,0.0,6.0
202312060600,202312160000,2.0,7.0
202312061800,202312090000,9.0,14.0
202312061800,202312100000,0.0,9.0
202312061800,202312110000,4.0,9.0
202312061800,202312120000,3.0,8.0
202312061800,202312130000,-1.0,6.0
202312061800,202312140000,1.0,8.0
202312061800,202312150000,5.0,8.0
202312061800,202312160000,4.0,8.0
202312070600,202312100000,0.0,9.0
202312070600,202312110000,4.0,9.0
202312070600,202312120000,3.0,8.0
202312070600,202312130000,-1.0,7.0
202312070600,202312140000,1.0,8.0
202312070600,202312150000,5.0,8.0
202312070600,202312160000,4.0,7.0
202312070600,202312170000,-1.0,4.0
202312071800,202312100000,3.0,11.0
202312071800,202312110000,5.0,9.0
202312071800,202312120000,3.0,8.0
202312071800,202312130000,-1.0,7.0
202312071800,202312140000,1.0,8.0
202312071800,202312150000,5.0,8.0
202312071800,202312160000,3.0,6.0
202312071800,202312170000,-3.0,2.0
202312080600,202312110000,6.0,10.0
202312080600,202312120000,3.0,9.0
202312080600,202312130000,-1.0,7.0
202312080600,202312140000,2.0,8.0
202312080600,202312150000,6.0,9.0
202312080600,202312160000,2.0,4.0
202312080600,202312170000,-6.0,-1.0
202312080600,202312180000,-8.0,-2.0
202312081800,202312110000,7.0,10.0
202312081800,202312120000,3.0,9.0
202312081800,202312130000,-1.0,7.0
202312081800,202312140000,2.0,8.0
202312081800,202312150000,6.0,9.0
202312081800,202312160000,1.0,3.0
202312081800,202312170000,-7.0,-2.0
202312081800,202312180000,-8.0,-2.0
202312090600,202312120000,4.0,10.0
202312090600,202312130000,0.0,9.0
202312090600,202312140000,4.0,9.0
202312090600,202312150000,8.0,10.0
202312090600,202312160000,0.0,1.0
202312090600,202312170000,-9.0,-4.0
202312090600,202312180000,-9.0,-3.0
202312090600,202312190000,-8.0,-2.0
202312091800,202312120000,4.0,9.0
202312091800,202312130000,0.0,9.0
202312091800,202312140000,4.0,9.0
202312091800,202312150000,8.0,10.0
202312091800,202312160000,0.0,1.0
202312091800,202312170000,-9.0,-4.0
202312091800,202312180000,-9.0,-3.0
202312091800,202312190000,-8.0,-2.0
202312100600,202312130000,0.0,10.0
202312100600,202312140000,4.0,10.0
202312100600,202312150000,10.0,11.0
202312100600,202312160000,-1.0,-1.0
202312100600,202312170000,-10.0,-4.0
202312100600,202312180000,-10.0,-3.0
202312100600,202312190000,-8.0,-1.0
202312100600,202312200000,-6.0,-1.0
202312101800,202312130000,1.0,10.0
202312101800,202312140000,5.0,11.0
202312101800,202312150000,9.0,11.0
202312101800,202312160000,-1.0,0.0
202312101800,202312170000,-10.0,-4.0
202312101800,202312180000,-11.0,-3.0
202312101800,202312190000,-9.0,-2.0
202312101800,202312200000,-7.0,-2.0
202312110600,202312140000,5.0,11.0
202312110600,202312150000,9.0,11.0
202312110600,202312160000,-1.0,0.0
202312110600,202312170000,-10.0,-4.0
202312110600,202312180000,-11.0,-3.0
202312110600,202312190000,-9.0,-2.0
202312110600,202312200000,-7.0,-2.0
202312110600,202312210000,-8.0,0.0
202312111800,202312140000,6.0,10.0
202312111800,202312150000,10.0,12.0
202312111800,202312160000,-1.0,-1.0
202312111800,202312170000,-10.0,-4.0
202312111800,202312180000,-10.0,-2.0
202312111800,202312190000,-9.0,-2.0
202312111800,202312200000,-9.0,-4.0
202312111800,202312210000,-10.0,-1.0
202312120600,202312150000,9.0,11.0
202312120600,202312160000,-1.0,-1.0
202312120600,202312170000,-10.0,-4.0
202312120600,202312180000,-10.0,-2.0
202312120600,202312190000,-9.0,-2.0
202312120600,202312200000,-9.0,-4.0
202312120600,202312210000,-10.0,-1.0
202312120600,202312220000,-8.0,1.0
202312121800,202312150000,8.0,8.0
202312121800,202312160000,-2.0,-1.0
202312121800,202312170000,-11.0,-4.0
202312121800,202312180000,-10.0,-3.0
202312121800,202312190000,-8.0,-1.0
202312121800,202312200000,-9.0,-5.0
202312121800,202312210000,-11.0,-4.0
202312121800,202312220000,-9.0,1.0
202312130600,202312160000,-2.0,-1.0
202312130600,202312170000,-11.0,-4.0
202312130600,202312180000,-10.0,-3.0
202312130600,202312190000,-8.0,-1.0
202312130600,202312200000,-9.0,-5.0
202312130600,202312210000,-11.0,-4.0
202312130600,202312220000,-9.0,0.0
202312130600,202312230000,-5.0,3.0
202312131800,202312160000,0.0,-1.0
202312131800,202312170000,-11.0,-4.0
202312131800,202312180000,-10.0,-3.0
202312131800,202312190000,-7.0,0.0
202312131800,202312200000,-9.0,-5.0
202312131800,202312210000,-11.0,-4.0
202312131800,202312220000,-9.0,-1.0
202312131800,202312230000,-5.0,2.0
202312140600,202312170000,-12.0,-5.0
202312140600,202312180000,-10.0,-2.0
202312140600,202312190000,-5.0,2.0
202312140600,202312200000,-10.0,-6.0
202312140600,202312210000,-13.0,-5.0
202312140600,202312220000,-10.0,-1.0
202312140600,202312230000,-6.0,2.0
202312140600,202312240000,-4.0,3.0
202312141800,202312170000,-11.0,-5.0
202312141800,202312180000,-10.0,-2.0
202312141800,202312190000,-5.0,2.0
202312141800,202312200000,-10.0,-6.0
202312141800,202312210000,-13.0,-5.0
202312141800,202312220000,-10.0,-2.0
202312141800,202312230000,-6.0,2.0
202312141800,202312240000,-4.0,2.0
202312150600,202312180000,-11.0,-2.0
202312150600,202312190000,-5.0,2.0
202312150600,202312200000,-8.0,-5.0
202312150600,202312210000,-13.0,-5.0
202312150600,202312220000,-11.0,-3.0
202312150600,202312230000,-7.0,0.0
202312150600,202312240000,-7.0,0.0
202312150600,202312250000,-5.0,2.0
202312151800,202312180000,-11.0,-2.0
202312151800,202312190000,-5.0,2.0
202312151800,202312200000,-8.0,-5.0
202312151800,202312210000,-13.0,-5.0
202312151800,202312220000,-11.0,-3.0
202312151800,202312230000,-8.0,-1.0
202312151800,202312240000,-7.0,0.0
202312151800,202312250000,-6.0,2.0
202312160600,202312190000,-6.0,3.0
202312160600,202312200000,-7.0,-5.0
202312160600,202312210000,-13.0,-6.0
202312160600,202312220000,-12.0,-3.0
202312160600,202312230000,-10.0,-3.0
202312160600,202312240000,-8.0,-1.0
202312160600,202312250000,-5.0,2.0
202312160600,202312260000,-5.0,0.0
202312161800,202312190000,-6.0,3.0
202312161800,202312200000,-7.0,-5.0
202312161800,202312210000,-13.0,-7.0
202312161800,202312220000,-12.0,-4.0
202312161800,202312230000,-11.0,-2.0
202312161800,202312240000,-8.0,0.0
202312161800,202312250000,-4.0,2.0
202312161800,202312260000,-4.0,0.0
202312170600,202312200000,-7.0,-5.0
202312170600,202312210000,-13.0,-7.0
202312170600,202312220000,-12.0,-4.0
202312170600,202312230000,-11.0,-2.0
202312170600,202312240000,-8.0,0.0
202312170600,202312250000,-4.0,2.0
202312170600,202312260000,-4.0,0.0
202312170600,202312270000,-7.0,0.0
202312171800,202312200000,-7.0,-5.0
202312171800,202312210000,-14.0,-8.0
202312171800,202312220000,-13.0,-6.0
202312171800,202312230000,-11.0,-2.0
202312171800,202312240000,-7.0,2.0
202312171800,202312250000,-4.0,3.0
202312171800,202312260000,-5.0,1.0
202312171800,202312270000,-7.0,0.0
202312180600,202312210000,-14.0,-8.0
202312180600,202312220000,-13.0,-6.0
202312180600,202312230000,-11.0,-2.0
202312180600,202312240000,-7.0,2.0
202312180600,202312250000,-4.0,3.0
202312180600,202312260000,-5.0,1.0
202312180600,202312270000,-7.0,1.0
202312180600,202312280000,-4.0,3.0
202312181800,202312210000,-14.0,-7.0
202312181800,202312220000,-14.0,-6.0
202312181800,202312230000,-11.0,-2.0
202312181800,202312240000,-7.0,1.0
202312181800,202312250000,-6.0,2.0
202312181800,202312260000,-5.0,3.0
202312181800,202312270000,-6.0,3.0
202312181800,202312280000,-4.0,3.0
202312190600,202312220000,-14.0,-6.0
202312190600,202312230000,-11.0,-2.0
202312190600,202312240000,-7.0,1.0
202312190600,202312250000,-6.0,2.0
202312190600,202312260000,-5.0,4.0
202312190600,202312270000,-4.0,3.0
202312190600,202312280000,-4.0,3.0
202312190600,202312290000,-2.0,4.0
202312191800,202312220000,-14.0,-6.0
202312191800,202312230000,-11.0,-2.0
202312191800,202312240000,-7.0,1.0
202312191800,202312250000,-6.0,2.0
202312191800,202312260000,-4.0,4.0
202312191800,202312270000,-4.0,3.0
202312191800,202312280000,-4.0,2.0
202312191800,202312290000,-3.0,4.0
202312200600,202312230000,-11.0,-1.0
202312200600,202312240000,-6.0,1.0
202312200600,202312250000,-4.0,4.0
202312200600,202312260000,-3.0,4.0
202312200600,202312270000,-5.0,2.0
202312200600,202312280000,-5.0,2.0
202312200600,202312290000,-5.0,2.0
202312200600,202312300000,-3.0,3.0
202312201800,202312230000,-11.0,-1.0
202312201800,202312240000,-6.0,2.0
202312201800,202312250000,-4.0,3.0
202312201800,202312260000,-3.0,4.0
202312201800,202312270000,-3.0,4.0
202312201800,202312280000,-3.0,3.0
202312201800,202312290000,-3.0,4.0
202312201800,202312300000,-2.0,4.0
202312210600,202312240000,-5.0,2.0
202312210600,202312250000,-4.0,3.0
202312210600,202312260000,-3.0,5.0
202312210600,202312270000,-3.0,4.0
202312210600,202312280000,-3.0,3.0
202312210600,202312290000,-4.0,3.0
202312210600,202312300000,-1.0,5.0
202312210600,202312310000,-2.0,4.0
202312211800,202312240000,-5.0,2.0
202312211800,202312250000,-4.0,3.0
202312211800,202312260000,-3.0,5.0
202312211800,202312270000,-3.0,4.0
202312211800,202312280000,-3.0,3.0
202312211800,202312290000,-3.0,4.0
202312211800,202312300000,-1.0,5.0
202312211800,202312310000,-2.0,4.0
202312220600,202312250000,-5.0,3.0
202312220600,202312260000,-2.0,6.0
202312220600,202312270000,-4.0,3.0
202312220600,202312280000,-4.0,4.0
202312220600,202312290000,-2.0,5.0
202312220600,202312300000,0.0,5.0
202312220600,202312310000,-2.0,3.0
202312220600,202401010000,-3.0,3.0
202312221800,202312250000,-4.0,2.0
202312221800,202312260000,-3.0,6.0
202312221800,202312270000,-3.0,4.0
202312221800,202312280000,-4.0,4.0
202312221800,202312290000,-3.0,5.0
202312221800,202312300000,-1.0,5.0
202312221800,202312310000,-2.0,4.0
202312221800,202401010000,-2.0,4.0
202312230600,202312260000,-3.0,6.0
202312230600,202312270000,-3.0,4.0
202312230600,202312280000,-4.0,4.0
202312230600,202312290000,-3.0,5.0
202312230600,202312300000,-1.0,5.0
202312230600,202312310000,-2.0,5.0
202312230600,202401010000,-2.0,5.0
202312230600,202401020000,-2.0,4.0
202312231800,202312260000,-3.0,6.0
202312231800,202312270000,-3.0,5.0
202312231800,202312280000,-3.0,5.0
202312231800,202312290000,-3.0,4.0
202312231800,202312300000,-1.0,5.0
202312231800,202312310000,0.0,6.0
202312231800,202401010000,-1.0,5.0
202312231800,202401020000,-1.0,4.0
202312240600,202312270000,-2.0,5.0
202312240600,202312280000,-3.0,5.0
202312240600,202312290000,-3.0,4.0
202312240600,202312300000,-1.0,5.0
202312240600,202312310000,0.0,6.0
202312240600,202401010000,-1.0,5.0
202312240600,202401020000,-1.0,4.0
202312240600,202401030000,-2.0,4.0
202312241800,202312270000,-1.0,6.0
202312241800,202312280000,-1.0,5.0
202312241800,202312290000,-3.0,5.0
202312241800,202312300000,-1.0,4.0
202312241800,202312310000,-1.0,5.0
202312241800,202401010000,-1.0,4.0
202312241800,202401020000,-2.0,4.0
202312241800,202401030000,-2.0,4.0
202312250600,202312280000,-1.0,5.0
202312250600,202312290000,-3.0,5.0
202312250600,202312300000,-1.0,4.0
202312250600,202312310000,-1.0,5.0
202312250600,202401010000,-1.0,4.0
202312250600,202401020000,-2.0,4.0
202312250600,202401030000,-2.0,4.0
202312250600,202401040000,-2.0,3.0
202312251800,202312280000,-1.0,5.0
202312251800,202312290000,-3.0,5.0
202312251800,202312300000,-1.0,4.0
202312251800,202312310000,-1.0,5.0
202312251800,202401010000,-1.0,4.0
202312251800,202401020000,-2.0,4.0
202312251800,202401030000,-2.0,4.0
202312251800,202401040000,-3.0,3.0
202312260600,202312290000,-2.0,5.0
202312260600,202312300000,-1.0,5.0
202312260600,202312310000,0.0,6.0
202312260600,202401010000,-1.0,5.0
202312260600,202401020000,-2.0,4.0
202312260600,202401030000,-2.0,4.0
202312260600,202401040000,-3.0,3.0
202312260600,202401050000,-5.0,1.0
202312261800,202312290000,-3.0,5.0
202312261800,202312300000,-1.0,6.0
202312261800,202312310000,1.0,5.0
202312261800,202401010000,-1.0,5.0
202312261800,202401020000,-1.0,4.0
202312261800,202401030000,-2.0,4.0
202312261800,202401040000,-3.0,4.0
202312261800,202401050000,-3.0,2.0
202312270600,202312300000,0.0,5.0
202312270600,202312310000,1.0,4.0
202312270600,202401010000,-1.0,6.0
202312270600,202401020000,-1.0,4.0
202312270600,202401030000,-2.0,4.0
202312270600,202401040000,-3.0,4.0
202312270600,202401050000,-2.0,5.0
202312270600,202401060000,-2.0,5.0
202312271800,202312300000,0.0,4.0
202312271800,202312310000,1.0,4.0
202312271800,202401010000,-1.0,6.0
202312271800,202401020000,0.0,4.0
202312271800,202401030000,-2.0,4.0
202312271800,202401040000,-3.0,4.0
202312271800,202401050000,-2.0,5.0
202312271800,202401060000,-1.0,5.0
202312280600,202312310000,2.0,5.0
202312280600,202401010000,-1.0,6.0
202312280600,202401020000,0.0,4.0
202312280600,202401030000,0.0,5.0
202312280600,202401040000,-3.0,5.0
202312280600,202401050000,-1.0,5.0
202312280600,202401060000,-2.0,3.0
202312280600,202401070000,-3.0,3.0
202312281800,202312310000,2.0,5.0
202312281800,202401010000,-1.0,6.0
202312281800,202401020000,1.0,5.0
202312281800,202401030000,-1.0,5.0
202312281800,202401040000,-3.0,5.0
202312281800,202401050000,-1.0,6.0
202312281800,202401060000,-1.0,4.0
202312281800,202401070000,-4.0,3.0
202312290600,202401010000,-1.0,6.0
202312290600,202401020000,1.0,5.0
202312290600,202401030000,-1.0,5.0
202312290600,202401040000,-3.0,5.0
202312290600,202401050000,-1.0,6.0
202312290600,202401060000,-3.0,4.0
202312290600,202401070000,-4.0,3.0
202312290600,202401080000,-5.0,0.0
202312291800,202401010000,-1.0,6.0
202312291800,202401020000,1.0,5.0
202312291800,202401030000,0.0,4.0
202312291800,202401040000,-3.0,5.0
202312291800,202401050000,1.0,7.0
202312291800,202401060000,-2.0,5.0
202312291800,202401070000,-4.0,0.0
202312291800,202401080000,-8.0,0.0
202312300600,202401020000,1.0,5.0
202312300600,202401030000,0.0,4.0
202312300600,202401040000,-3.0,5.0
202312300600,202401050000,1.0,7.0
202312300600,202401060000,-2.0,5.0
202312300600,202401070000,-4.0,0.0
202312300600,202401080000,-8.0,0.0
202312300600,202401090000,-6.0,0.0
202312301800,202401020000,1.0,4.0
202312301800,202401030000,-1.0,5.0
202312301800,202401040000,-3.0,6.0
202312301800,202401050000,1.0,7.0
202312301800,202401060000,-3.0,3.0
202312301800,202401070000,-5.0,-1.0
202312301800,202401080000,-8.0,0.0
202312301800,202401090000,-6.0,2.0
202312310600,202401030000,-1.0,5.0
202312310600,202401040000,-3.0,6.0
202312310600,202401050000,1.0,7.0
202312310600,202401060000,-3.0,3.0
202312310600,202401070000,-5.0,0.0
202312310600,202401080000,-8.0,-1.0
202312310600,202401090000,-6.0,2.0
202312310600,202401100000,-4.0,3.0
202312311800,202401030000,0.0,5.0
202312311800,202401040000,-3.0,6.0
202312311800,202401050000,1.0,7.0
202312311800,202401060000,-3.0,3.0
202312311800,202401070000,-5.0,0.0
202312311800,202401080000,-8.0,-1.0
202312311800,202401090000,-6.0,2.0
202312311800,202401100000,-4.0,3.0
202401010600,202401040000,-4.0,6.0
202401010600,202401050000,2.0,7.0
202401010600,202401060000,-4.0,3.0
202401010600,202401070000,-5.0,0.0
202401010600,202401080000,-9.0,-1.0
202401010600,202401090000,-5.0,3.0
202401010600,202401100000,-4.0,2.0
202401010600,202401110000,-3.0,3.0
202401011800,202401040000,-4.0,5.0
202401011800,202401050000,2.0,7.0
202401011800,202401060000,-4.0,3.0
202401011800,202401070000,-5.0,0.0
202401011800,202401080000,-8.0,0.0
202401011800,202401090000,-4.0,3.0
202401011800,202401100000,-4.0,2.0
202401011800,202401110000,-4.0,3.0
202401020600,202401050000,2.0,6.0
202401020600,202401060000,-5.0,3.0
202401020600,202401070000,-6.0,0.0
202401020600,202401080000,-7.0,2.0
202401020600,202401090000,-2.0,5.0
202401020600,202401100000,-3.0,3.0
202401020600,202401110000,-3.0,3.0
202401020600,202401120000,-5.0,0.0
202401021800,202401050000,2.0,6.0
202401021800,202401060000,-5.0,3.0
202401021800,202401070000,-6.0,0.0
202401021800,202401080000,-7.0,2.0
202401021800,202401090000,-2.0,5.0
202401021800,202401100000,-3.0,3.0
202401021800,202401110000,-3.0,3.0
202401021800,202401120000,-5.0,0.0
202401030600,202401060000,-5.0,4.0
202401030600,202401070000,-5.0,-1.0
202401030600,202401080000,-8.0,2.0
202401030600,202401090000,-1.0,5.0
202401030600,202401100000,-3.0,2.0
202401030600,202401110000,-4.0,4.0
202401030600,202401120000,-4.0,1.0
202401030600,202401130000,-6.0,1.0
202401031800,202401060000,-4.0,4.0
202401031800,202401070000,-6.0,-2.0
202401031800,202401080000,-8.0,1.0
202401031800,202401090000,-2.0,3.0
202401031800,202401100000,-4.0,2.0
202401031800,202401110000,-5.0,4.0
202401031800,202401120000,-3.0,4.0
202401031800,202401130000,-3.0,2.0
202401040600,202401070000,-6.0,-2.0
202401040600,202401080000,-8.0,1.0
202401040600,202401090000,-2.0,3.0
202401040600,202401100000,-4.0,2.0
202401040600,202401110000,-5.0,4.0
202401040600,202401120000,-3.0,3.0
202401040600,202401130000,-3.0,2.0
202401040600,202401140000,-6.0,0.0
202401041800,202401070000,-6.0,-3.0
202401041800,202401080000,-9.0,0.0
202401041800,202401090000,-2.0,3.0
202401041800,202401100000,-2.0,3.0
202401041800,202401110000,-4.0,4.0
202401041800,202401120000,-2.0,4.0
202401041800,202401130000,-3.0,3.0
202401041800,202401140000,-4.0,2.0
202401050600,202401080000,-9.0,0.0
202401050600,202401090000,-2.0,3.0
202401050600,202401100000,-2.0,3.0
202401050600,202401110000,-4.0,4.0
202401050600,202401120000,-2.0,4.0
202401050600,202401130000,-3.0,3.0
202401050600,202401140000,-4.0,2.0
202401050600,202401150000,-3.0,4.0
202401051800,202401080000,-10.0,0.0
202401051800,202401090000,-3.0,2.0
202401051800,202401100000,-3.0,3.0
202401051800,202401110000,-4.0,5.0
202401051800,202401120000,-4.0,2.0
202401051800,202401130000,-3.0,4.0
202401051800,202401140000,-2.0,6.0
202401051800,202401150000,0.0,5.0
202401060600,202401090000,-3.0,2.0
202401060600,202401100000,-3.0,3.0
202401060600,202401110000,-4.0,5.0
202401060600,202401120000,-4.0,2.0
202401060600,202401130000,-3.0,4.0
202401060600,202401140000,-2.0,6.0
202401060600,202401150000,0.0,4.0
202401060600,202401160000,-3.0,3.0
202401061800,202401090000,-3.0,2.0
202401061800,202401100000,-3.0,3.0
202401061800,202401110000,-4.0,5.0
202401061800,202401120000,-4.0,2.0
202401061800,202401130000,-3.0,4.0
202401061800,202401140000,-2.0,6.0
202401061800,202401150000,0.0,4.0
202401061800,202401160000,-3.0,3.0
202401070600,202401100000,-2.0,4.0
202401070600,202401110000,-4.0,4.0
202401070600,202401120000,-5.0,0.0
202401070600,202401130000,-5.0,2.0
202401070600,202401140000,-4.0,5.0
202401070600,202401150000,0.0,5.0
202401070600,202401160000,-1.0,5.0
202401070600,202401170000,1.0,5.0
202401071800,202401100000,-2.0,4.0
202401071800,202401110000,-4.0,4.0
202401071800,202401120000,-5.0,1.0
202401071800,202401130000,-6.0,2.0
202401071800,202401140000,-4.0,5.0
202401071800,202401150000,-1.0,5.0
202401071800,202401160000,-1.0,5.0
202401071800,202401170000,1.0,5.0
202401080600,202401110000,-4.0,4.0
202401080600,202401120000,-5.0,1.0
202401080600,202401130000,-6.0,2.0
202401080600,202401140000,-3.0,5.0
202401080600,202401150000,-3.0,3.0
202401080600,202401160000,-3.0,3.0
202401080600,202401170000,-3.0,4.0
202401080600,202401180000,-1.0,3.0
202401081800,202401110000,-3.0,5.0
202401081800,202401120000,-5.0,1.0
202401081800,202401130000,-6.0,2.0
202401081800,202401140000,-3.0,6.0
202401081800,202401150000,-3.0,3.0
202401081800,202401160000,-3.0,3.0
202401081800,202401170000,-3.0,4.0
202401081800,202401180000,-1.0,3.0
202401090600,202401120000,-4.0,3.0
202401090600,202401130000,-4.0,4.0
202401090600,202401140000,-1.0,7.0
202401090600,202401150000,-5.0,2.0
202401090600,202401160000,-5.0,2.0
202401090600,202401170000,-4.0,2.0
202401090600,202401180000,-1.0,3.0
202401090600,202401190000,-3.0,4.0
202401091800,202401120000,-3.0,4.0
202401091800,202401130000,-3.0,5.0
202401091800,202401140000,-1.0,7.0
202401091800,202401150000,-6.0,1.0
202401091800,202401160000,-5.0,3.0
202401091800,202401170000,-3.0,3.0
202401091800,202401180000,-1.0,4.0
202401091800,202401190000,-2.0,5.0
202401100600,202401130000,-3.0,5.0
202401100600,202401140000,-1.0,7.0
202401100600,202401150000,-6.0,1.0
202401100600,202401160000,-5.0,3.0
202401100600,202401170000,-3.0,3.0
202401100600,202401180000,-1.0,4.0
202401100600,202401190000,-2.0,5.0
202401100600,202401200000,-1.0,5.0
202401101800,202401130000,-4.0,5.0
202401101800,202401140000,-2.0,6.0
202401101800,202401150000,-7.0,1.0
202401101800,202401160000,-6.0,3.0
202401101800,202401170000,-3.0,4.0
202401101800,202401180000,0.0,4.0
202401101800,202401190000,0.0,5.0
202401101800,202401200000,-1.0,4.0
202401110600,202401140000,-2.0,6.0
202401110600,202401150000,-7.0,1.0
202401110600,202401160000,-6.0,3.0
202401110600,202401170000,-3.0,4.0
202401110600,202401180000,0.0,4.0
202401110600,202401190000,0.0,5.0
202401110600,202401200000,-1.0,4.0
202401110600,202401210000,-2.0,1.0
202401111800,202401140000,-2.0,6.0
202401111800,202401150000,-7.0,1.0
202401111800,202401160000,-6.0,3.0
202401111800,202401170000,-3.0,4.0
202401111800,202401180000,0.0,4.0
202401111800,202401190000,0.0,5.0
202401111800,202401200000,-1.0,4.0
202401111800,202401210000,-3.0,1.0
202401120600,202401150000,-7.0,1.0
202401120600,202401160000,-6.0,3.0
202401120600,202401170000,-3.0,4.0
202401120600,202401180000,0.0,4.0
202401120600,202401190000,0.0,5.0
202401120600,202401200000,-1.0,4.0
202401120600,202401210000,-3.0,3.0
202401120600,202401220000,-4.0,1.0
202401121800,202401150000,-7.0,1.0
202401121800,202401160000,-6.0,3.0
202401121800,202401170000,-3.0,4.0
202401121800,202401180000,0.0,5.0
202401121800,202401190000,1.0,5.0
202401121800,202401200000,0.0,3.0
202401121800,202401210000,-2.0,2.0
202401121800,202401220000,-6.0,-1.0
202401130600,202401160000,-6.0,4.0
202401130600,202401170000,-3.0,4.0
202401130600,202401180000,1.0,6.0
202401130600,202401190000,2.0,5.0
202401130600,202401200000,0.0,4.0
202401130600,202401210000,-3.0,2.0
202401130600,202401220000,-6.0,-2.0
202401130600,202401230000,-6.0,0.0
202401131800,202401160000,-5.0,4.0
202401131800,202401170000,-3.0,4.0
202401131800,202401180000,1.0,6.0
202401131800,202401190000,2.0,5.0
202401131800,202401200000,0.0,4.0
202401131800,202401210000,-3.0,2.0
202401131800,202401220000,-6.0,-2.0
202401131800,202401230000,-6.0,0.0
202401140600,202401170000,-3.0,4.0
202401140600,202401180000,1.0,8.0
202401140600,202401190000,2.0,6.0
202401140600,202401200000,1.0,5.0
202401140600,202401210000,-3.0,2.0
202401140600,202401220000,-6.0,-1.0
202401140600,202401230000,-6.0,1.0
202401140600,202401240000,-4.0,2.0
202401141800,202401170000,-3.0,4.0
202401141800,202401180000,1.0,8.0
202401141800,202401190000,2.0,6.0
202401141800,202401200000,1.0,5.0
202401141800,202401210000,-2.0,2.0
202401141800,202401220000,-6.0,-1.0
202401141800,202401230000,-6.0,0.0
202401141800,202401240000,-5.0,1.0
202401150600,202401180000,1.0,7.0
202401150600,202401190000,3.0,6.0
202401150600,202401200000,1.0,7.0
202401150600,202401210000,0.0,4.0
202401150600,202401220000,-5.0,0.0
202401150600,202401230000,-7.0,-1.0
202401150600,202401240000,-7.0,-1.0
202401150600,202401250000,-6.0,1.0
202401151800,202401180000,1.0,7.0
202401151800,202401190000,3.0,6.0
202401151800,202401200000,1.0,6.0
202401151800,202401210000,1.0,6.0
202401151800,202401220000,-4.0,0.0
202401151800,202401230000,-8.0,-2.0
202401151800,202401240000,-8.0,-1.0
202401151800,202401250000,-6.0,2.0
202401160600,202401190000,3.0,6.0
202401160600,202401200000,1.0,6.0
202401160600,202401210000,1.0,6.0
202401160600,202401220000,-4.0,0.0
202401160600,202401230000,-9.0,-2.0
202401160600,202401240000,-8.0,-1.0
202401160600,202401250000,-6.0,2.0
202401160600,202401260000,-5.0,2.0
202401161800,202401190000,2.0,8.0
202401161800,202401200000,1.0,6.0
202401161800,202401210000,0.0,5.0
202401161800,202401220000,-5.0,-3.0
202401161800,202401230000,-11.0,-4.0
202401161800,202401240000,-10.0,-3.0
202401161800,202401250000,-8.0,0.0
202401161800,202401260000,-4.0,2.0
202401170600,202401200000,1.0,6.0
202401170600,202401210000,0.0,5.0
202401170600,202401220000,-5.0,-3.0
202401170600,202401230000,-12.0,-5.0
202401170600,202401240000,-11.0,-3.0
202401170600,202401250000,-8.0,0.0
202401170600,202401260000,-4.0,2.0
202401170600,202401270000,-3.0,2.0
202401171800,202401200000,1.0,6.0
202401171800,202401210000,0.0,6.0
202401171800,202401220000,-6.0,-3.0
202401171800,202401230000,-12.0,-6.0
202401171800,202401240000,-11.0,-3.0
202401171800,202401250000,-8.0,2.0
202401171800,202401260000,-5.0,2.0
202401171800,202401270000,-4.0,3.0
202401180600,202401210000,0.0,6.0
202401180600,202401220000,-6.0,-3.0
202401180600,202401230000,-12.0,-6.0
202401180600,202401240000,-11.0,-3.0
202401180600,202401250000,-8.0,1.0
202401180600,202401260000,-5.0,2.0
202401180600,202401270000,-4.0,3.0
202401180600,202401280000,-4.0,2.0
202401181800,202401210000,1.0,8.0
202401181800,202401220000,-6.0,-3.0
202401181800,202401230000,-12.0,-6.0
202401181800,202401240000,-11.0,-3.0
202401181800,202401250000,-8.0,1.0
202401181800,202401260000,-5.0,2.0
202401181800,202401270000,-4.0,3.0
202401181800,202401280000,-4.0,2.0
202401190600,202401220000,-7.0,-4.0
202401190600,202401230000,-13.0,-7.0
202401190600,202401240000,-12.0,-4.0
202401190600,202401250000,-9.0,0.0
202401190600,202401260000,-5.0,3.0
202401190600,202401270000,-4.0,3.0
202401190600,202401280000,-4.0,4.0
202401190600,202401290000,-4.0,4.0
202401191800,202401220000,-7.0,-5.0
202401191800,202401230000,-14.0,-7.0
202401191800,202401240000,-12.0,-4.0
202401191800,202401250000,-9.0,0.0
202401191800,202401260000,-5.0,3.0
202401191800,202401270000,-4.0,4.0
202401191800,202401280000,-3.0,4.0
202401191800,202401290000,-3.0,4.0
202401200600,202401230000,-14.0,-8.0
202401200600,202401240000,-12.0,-4.0
202401200600,202401250000,-9.0,0.0
202401200600,202401260000,-5.0,4.0
202401200600,202401270000,-3.0,3.0
202401200600,202401280000,-4.0,3.0
202401200600,202401290000,-4.0,4.0
202401200600,202401300000,-3.0,4.0
202401201800,202401230000,-14.0,-7.0
202401201800,202401240000,-12.0,-4.0
202401201800,202401250000,-9.0,0.0
202401201800,202401260000,-5.0,4.0
202401201800,202401270000,-3.0,3.0
202401201800,202401280000,-4.0,3.0
202401201800,202401290000,-4.0,4.0
202401201800,202401300000,-3.0,4.0
202401210600,202401240000,-12.0,-4.0
202401210600,202401250000,-10.0,-1.0
202401210600,202401260000,-6.0,3.0
202401210600,202401270000,-3.0,4.0
202401210600,202401280000,-4.0,4.0
202401210600,202401290000,-4.0,4.0
202401210600,202401300000,-3.0,6.0
202401210600,202401310000,1.0,6.0
202401211800,202401240000,-12.0,-4.0
202401211800,202401250000,-10.0,-1.0
202401211800,202401260000,-7.0,3.0
202401211800,202401270000,-4.0,4.0
202401211800,202401280000,-4.0,4.0
202401211800,202401290000,-4.0,4.0
202401211800,202401300000,-3.0,6.0
202401211800,202401310000,0.0,8.0
202401220600,202401250000,-10.0,-1.0
202401220600,202401260000,-7.0,3.0
202401220600,202401270000,-4.0,4.0
202401220600,202401280000,-4.0,3.0
202401220600,202401290000,-4.0,4.0
202401220600,202401300000,-3.0,6.0
202401220600,202401310000,-2.0,7.0
202401220600,202402010000,1.0,7.0
202401221800,202401250000,-10.0,-1.0
202401221800,202401260000,-7.0,3.0
202401221800,202401270000,-4.0,4.0
202401221800,202401280000,-4.0,2.0
202401221800,202401290000,-4.0,4.0
202401221800,202401300000,-3.0,5.0
202401221800,202401310000,-1.0,6.0
202401221800,202402010000,0.0,6.0
202401230600,202401260000,-7.0,3.0
202401230600,202401270000,-4.0,4.0
202401230600,202401280000,-4.0,2.0
202401230600,202401290000,-4.0,4.0
202401230600,202401300000,-3.0,5.0
202401230600,202401310000,-2.0,6.0
202401230600,202402010000,0.0,6.0
202401230600,202402020000,2.0,6.0
202401231800,202401260000,-6.0,3.0
202401231800,202401270000,-4.0,4.0
202401231800,202401280000,-4.0,2.0
202401231800,202401290000,-5.0,4.0
202401231800,202401300000,-3.0,4.0
202401231800,202401310000,-3.0,5.0
202401231800,202402010000,-2.0,6.0
202401231800,202402020000,1.0,6.0
202401240600,202401270000,-4.0,4.0
202401240600,202401280000,-4.0,2.0
202401240600,202401290000,-5.0,4.0
202401240600,202401300000,-3.0,4.0
202401240600,202401310000,-2.0,5.0
202401240600,202402010000,-2.0,7.0
202401240600,202402020000,1.0,6.0
202401240600,202402030000,0.0,6.0
202401241800,202401270000,-4.0,3.0
202401241800,202401280000,-4.0,2.0
202401241800,202401290000,-5.0,4.0
202401241800,202401300000,-3.0,4.0
202401241800,202401310000,-1.0,6.0
202401241800,202402010000,-2.0,7.0
202401241800,202402020000,1.0,6.0
202401241800,202402030000,0.0,6.0
202401250600,202401280000,-6.0,2.0
202401250600,202401290000,-5.0,4.0
202401250600,202401300000,-3.0,5.0
202401250600,202401310000,-1.0,7.0
202401250600,202402010000,-3.0,5.0
202401250600,202402020000,-1.0,5.0
202401250600,202402030000,0.0,5.0
202401250600,202402040000,0.0,4.0
202401251800,202401280000,-6.0,2.0
202401251800,202401290000,-5.0,4.0
202401251800,202401300000,-3.0,5.0
202401251800,202401310000,0.0,7.0
202401251800,202402010000,-3.0,5.0
202401251800,202402020000,-2.0,4.0
202401251800,202402030000,-1.0,4.0
202401251800,202402040000,1.0,6.0
202401260600,202401290000,-5.0,4.0
202401260600,202401300000,-3.0,6.0
202401260600,202401310000,1.0,8.0
202401260600,202402010000,-2.0,5.0
202401260600,202402020000,-2.0,4.0
202401260600,202402030000,0.0,5.0
202401260600,202402040000,1.0,5.0
202401260600,202402050000,-2.0,3.0
202401261800,202401290000,-5.0,4.0
202401261800,202401300000,-3.0,6.0
202401261800,202401310000,1.0,8.0
202401261800,202402010000,-1.0,5.0
202401261800,202402020000,-1.0,4.0
202401261800,202402030000,0.0,5.0
202401261800,202402040000,1.0,5.0
202401261800,202402050000,-1.0,3.0
202401270600,202401300000,-3.0,6.0
202401270600,202401310000,1.0,8.0
202401270600,202402010000,1.0,6.0
202401270600,202402020000,0.0,5.0
202401270600,202402030000,-2.0,6.0
202401270600,202402040000,0.0,6.0
202401270600,202402050000,0.0,4.0
202401270600,202402060000,-2.0,5.0
202401271800,202401300000,-3.0,6.0
202401271800,202401310000,1.0,7.0
202401271800,202402010000,1.0,7.0
202401271800,202402020000,-1.0,5.0
202401271800,202402030000,-2.0,5.0
202401271800,202402040000,0.0,6.0
202401271800,202402050000,0.0,4.0
202401271800,202402060000,0.0,6.0
202401280600,202401310000,1.0,7.0
202401280600,202402010000,1.0,7.0
202401280600,202402020000,-1.0,5.0
202401280600,202402030000,-2.0,5.0
202401280600,202402040000,0.0,6.0
202401280600,202402050000,0.0,5.0
202401280600,202402060000,0.0,5.0
202401280600,202402070000,-2.0,4.0
202401281800,202401310000,1.0,7.0
202401281800,202402010000,0.0,7.0
202401281800,202402020000,-1.0,6.0
202401281800,202402030000,-2.0,6.0
202401281800,202402040000,0.0,6.0
202401281800,202402050000,1.0,5.0
202401281800,202402060000,0.0,5.0
202401281800,202402070000,-1.0,5.0
202401290600,202402010000,-2.0,6.0
202401290600,202402020000,-2.0,6.0
202401290600,202402030000,-1.0,7.0
202401290600,202402040000,0.0,6.0
202401290600,202402050000,2.0,6.0
202401290600,202402060000,0.0,4.0
202401290600,202402070000,-3.0,3.0
202401290600,202402080000,-4.0,2.0
202401291800,202402010000,-2.0,7.0
202401291800,202402020000,-2.0,6.0
202401291800,202402030000,-1.0,8.0
202401291800,202402040000,0.0,6.0
202401291800,202402050000,3.0,5.0
202401291800,202402060000,-1.0,4.0
202401291800,202402070000,-2.0,4.0
202401291800,202402080000,-4.0,3.0
202401300600,202402020000,-2.0,7.0
202401300600,202402030000,-1.0,8.0
202401300600,202402040000,0.0,6.0
202401300600,202402050000,3.0,5.0
202401300600,202402060000,-1.0,4.0
202401300600,202402070000,-2.0,4.0
202401300600,202402080000,-4.0,3.0
202401300600,202402090000,-5.0,2.0
202401301800,202402020000,-1.0,6.0
202401301800,202402030000,-1.0,8.0
202401301800,202402040000,0.0,8.0
202401301800,202402050000,3.0,6.0
202401301800,202402060000,0.0,4.0
202401301800,202402070000,-3.0,3.0
202401301800,202402080000,-4.0,3.0
202401301800,202402090000,-5.0,3.0
202401310600,202402030000,-1.0,8.0
202401310600,202402040000,0.0,9.0
202401310600,202402050000,3.0,6.0
202401310600,202402060000,-1.0,3.0
202401310600,202402070000,-3.0,3.0
202401310600,202402080000,-4.0,3.0
202401310600,202402090000,-5.0,2.0
202401310600,202402100000,-5.0,3.0
202401311800,202402030000,-1.0,8.0
202401311800,202402040000,1.0,10.0
202401311800,202402050000,2.0,5.0
202401311800,202402060000,-1.0,4.0
202401311800,202402070000,-4.0,3.0
202401311800,202402080000,-5.0,2.0
202401311800,202402090000,-6.0,2.0
202401311800,202402100000,-6.0,3.0
202402010600,202402040000,1.0,10.0
202402010600,202402050000,3.0,5.0
202402010600,202402060000,-1.0,5.0
202402010600,202402070000,-3.0,3.0
202402010600,202402080000,-3.0,4.0
202402010600,202402090000,-4.0,4.0
202402010600,202402100000,-5.0,5.0
202402010600,202402110000,-2.0,4.0
202402011800,202402040000,1.0,10.0
202402011800,202402050000,2.0,4.0
202402011800,202402060000,-2.0,5.0
202402011800,202402070000,-3.0,3.0
202402011800,202402080000,-3.0,4.0
202402011800,202402090000,-3.0,4.0
202402011800,202402100000,-3.0,5.0
202402011800,202402110000,-4.0,4.0
202402020600,202402050000,2.0,3.0
202402020600,202402060000,-2.0,4.0
202402020600,202402070000,-2.0,4.0
202402020600,202402080000,-3.0,5.0
202402020600,202402090000,-3.0,4.0
202402020600,202402100000,-4.0,4.0
202402020600,202402110000,-4.0,4.0
202402020600,202402120000,-5.0,4.0
202402021800,202402050000,2.0,3.0
202402021800,202402060000,-2.0,4.0
202402021800,202402070000,-3.0,4.0
202402021800,202402080000,-3.0,5.0
202402021800,202402090000,-3.0,5.0
202402021800,202402100000,-3.0,5.0
202402021800,202402110000,-3.0,5.0
202402021800,202402120000,-3.0,5.0
202402030600,202402060000,-2.0,4.0
202402030600,202402070000,-3.0,4.0
202402030600,202402080000,-3.0,5.0
202402030600,202402090000,-3.0,5.0
202402030600,202402100000,-3.0,6.0
202402030600,202402110000,-2.0,6.0
202402030600,202402120000,-3.0,5.0
202402030600,202402130000,-1.0,7.0
202402031800,202402060000,-1.0,5.0
202402031800,202402070000,-3.0,4.0
202402031800,202402080000,-3.0,5.0
202402031800,202402090000,-3.0,5.0
202402031800,202402100000,-3.0,6.0
202402031800,202402110000,-2.0,6.0
202402031800,202402120000,-3.0,5.0
202402031800,202402130000,-2.0,7.0
202402040600,202402070000,-3.0,5.0
202402040600,202402080000,-3.0,5.0
202402040600,202402090000,-3.0,5.0
202402040600,202402100000,-3.0,6.0
202402040600,202402110000,-2.0,6.0
202402040600,202402120000,-3.0,5.0
202402040600,202402130000,-2.0,7.0
202402040600,202402140000,2.0,8.0
202402041800,202402070000,-3.0,5.0
202402041800,202402080000,-3.0,5.0
202402041800,202402090000,-3.0,5.0
202402041800,202402100000,-2.0,6.0
202402041800,202402110000,-1.0,5.0
202402041800,202402120000,-3.0,6.0
202402041800,202402130000,-1.0,9.0
202402041800,202402140000,1.0,9.0
202402050600,202402080000,-3.0,5.0
202402050600,202402090000,-3.0,5.0
202402050600,202402100000,-2.0,6.0
202402050600,202402110000,-1.0,5.0
202402050600,202402120000,-3.0,6.0
202402050600,202402130000,-1.0,9.0
202402050600,202402140000,1.0,9.0
202402050600,202402150000,3.0,9.0
202402051800,202402080000,-3.0,5.0
202402051800,202402090000,-3.0,5.0
202402051800,202402100000,-2.0,6.0
202402051800,202402110000,-1.0,5.0
202402051800,202402120000,-3.0,6.0
202402051800,202402130000,-1.0,9.0
202402051800,202402140000,1.0,9.0
202402051800,202402150000,2.0,8.0
202402060600,202402090000,-3.0,5.0
202402060600,202402100000,-2.0,7.0
202402060600,202402110000,-1.0,5.0
202402060600,202402120000,-3.0,6.0
202402060600,202402130000,0.0,10.0
202402060600,202402140000,4.0,12.0
202402060600,202402150000,3.0,8.0
202402060600,202402160000,2.0,9.0
202402061800,202402090000,-2.0,5.0
202402061800,202402100000,-3.0,6.0
202402061800,202402110000,-1.0,5.0
202402061800,202402120000,-3.0,6.0
202402061800,202402130000,0.0,10.0
202402061800,202402140000,4.0,12.0
202402061800,202402150000,3.0,8.0
202402061800,202402160000,2.0,9.0
202402070600,202402100000,-2.0,7.0
202402070600,202402110000,-1.0,5.0
202402070600,202402120000,-1.0,8.0
202402070600,202402130000,1.0,11.0
202402070600,202402140000,5.0,12.0
202402070600,202402150000,4.0,10.0
202402070600,202402160000,2.0,9.0
202402070600,202402170000,2.0,8.0
202402071800,202402100000,-2.0,6.0
202402071800,202402110000,-2.0,5.0
202402071800,202402120000,-1.0,8.0
202402071800,202402130000,1.0,11.0
202402071800,202402140000,5.0,12.0
202402071800,202402150000,4.0,10.0
202402071800,202402160000,1.0,8.0
202402071800,202402170000,1.0,9.0
202402080600,202402110000,-3.0,5.0
202402080600,202402120000,-1.0,9.0
202402080600,202402130000,2.0,12.0
202402080600,202402140000,5.0,13.0
202402080600,202402150000,4.0,9.0
202402080600,202402160000,-1.0,7.0
202402080600,202402170000,0.0,8.0
202402080600,202402180000,0.0,7.0
202402081800,202402110000,-3.0,5.0
202402081800,202402120000,-1.0,9.0
202402081800,202402130000,2.0,13.0
202402081800,202402140000,7.0,13.0
202402081800,202402150000,4.0,7.0
202402081800,202402160000,-2.0,6.0
202402081800,202402170000,-1.0,10.0
202402081800,202402180000,2.0,8.0
202402090600,202402120000,-2.0,9.0
202402090600,202402130000,2.0,13.0
202402090600,202402140000,7.0,13.0
202402090600,202402150000,4.0,7.0
202402090600,202402160000,-2.0,6.0
202402090600,202402170000,-1.0,10.0
202402090600,202402180000,2.0,9.0
202402090600,202402190000,2.0,10.0
202402091800,202402120000,-1.0,10.0
202402091800,202402130000,4.0,13.0
202402091800,202402140000,8.0,14.0
202402091800,202402150000,5.0,8.0
202402091800,202402160000,-1.0,7.0
202402091800,202402170000,-1.0,10.0
202402091800,202402180000,3.0,11.0
202402091800,202402190000,5.0,8.0
202402100600,202402130000,4.0,13.0
202402100600,202402140000,8.0,14.0
202402100600,202402150000,5.0,8.0
202402100600,202402160000,-1.0,7.0
202402100600,202402170000,-1.0,10.0
202402100600,202402180000,3.0,12.0
202402100600,202402190000,5.0,9.0
202402100600,202402200000,-1.0,6.0
202402101800,202402130000,3.0,13.0
202402101800,202402140000,7.0,14.0
202402101800,202402150000,7.0,7.0
202402101800,202402160000,0.0,8.0
202402101800,202402170000,0.0,11.0
202402101800,202402180000,3.0,13.0
202402101800,202402190000,7.0,12.0
202402101800,202402200000,2.0,6.0
202402110600,202402140000,7.0,14.0
202402110600,202402150000,7.0,7.0
202402110600,202402160000,0.0,8.0
202402110600,202402170000,0.0,11.0
202402110600,202402180000,3.0,13.0
202402110600,202402190000,8.0,12.0
202402110600,202402200000,2.0,6.0
202402110600,202402210000,-2.0,5.0
202402111800,202402140000,8.0,14.0
202402111800,202402150000,7.0,7.0
202402111800,202402160000,-2.0,8.0
202402111800,202402170000,-1.0,11.0
202402111800,202402180000,3.0,13.0
202402111800,202402190000,8.0,13.0
202402111800,202402200000,4.0,6.0
202402111800,202402210000,-2.0,5.0
202402120600,202402150000,7.0,7.0
202402120600,202402160000,-2.0,7.0
202402120600,202402170000,-1.0,10.0
202402120600,202402180000,4.0,15.0
202402120600,202402190000,9.0,15.0
202402120600,202402200000,5.0,8.0
202402120600,202402210000,0.0,6.0
202402120600,202402220000,-1.0,7.0
202402121800,202402150000,7.0,7.0
202402121800,202402160000,-2.0,7.0
202402121800,202402170000,-1.0,10.0
202402121800,202402180000,4.0,15.0
202402121800,202402190000,9.0,15.0
202402121800,202402200000,6.0,9.0
202402121800,202402210000,0.0,6.0
202402121800,202402220000,-1.0,7.0
202402130600,202402160000,-2.0,7.0
202402130600,202402170000,-1.0,9.0
202402130600,202402180000,3.0,15.0
202402130600,202402190000,9.0,15.0
202402130600,202402200000,6.0,10.0
202402130600,202402210000,0.0,6.0
202402130600,202402220000,-1.0,7.0
202402130600,202402230000,-1.0,7.0
202402131800,202402160000,-1.0,7.0
202402131800,202402170000,-1.0,9.0
202402131800,202402180000,3.0,15.0
202402131800,202402190000,9.0,15.0
202402131800,202402200000,6.0,10.0
202402131800,202402210000,0.0,6.0
202402131800,202402220000,-1.0,7.0
202402131800,202402230000,-1.0,7.0
202402140600,202402170000,-1.0,11.0
202402140600,202402180000,3.0,14.0
202402140600,202402190000,11.0,15.0
202402140600,202402200000,6.0,8.0
202402140600,202402210000,-1.0,4.0
202402140600,202402220000,-1.0,5.0
202402140600,202402230000,-3.0,5.0
202402140600,202402240000,-1.0,7.0
202402141800,202402170000,-1.0,10.0
202402141800,202402180000,3.0,14.0
202402141800,202402190000,11.0,14.0
202402141800,202402200000,6.0,8.0
202402141800,202402210000,-1.0,4.0
202402141800,202402220000,-2.0,5.0
202402141800,202402230000,-2.0,5.0
202402141800,202402240000,-1.0,7.0
202402150600,202402180000,3.0,14.0
202402150600,202402190000,11.0,14.0
202402150600,202402200000,6.0,9.0
202402150600,202402210000,-1.0,4.0
202402150600,202402220000,-2.0,5.0
202402150600,202402230000,-2.0,5.0
202402150600,202402240000,-1.0,7.0
202402150600,202402250000,0.0,7.0
202402151800,202402180000,3.0,14.0
202402151800,202402190000,11.0,14.0
202402151800,202402200000,6.0,10.0
202402151800,202402210000,1.0,3.0
202402151800,202402220000,-1.0,5.0
202402151800,202402230000,-2.0,5.0
202402151800,202402240000,-2.0,7.0
202402151800,202402250000,-2.0,7.0
202402160600,202402190000,11.0,14.0
202402160600,202402200000,6.0,10.0
202402160600,202402210000,1.0,3.0
202402160600,202402220000,-1.0,5.0
202402160600,202402230000,-2.0,5.0
202402160600,202402240000,-2.0,7.0
202402160600,202402250000,-2.0,7.0
202402160600,202402260000,0.0,7.0
202402161800,202402190000,12.0,14.0
202402161800,202402200000,5.0,10.0
202402161800,202402210000,1.0,4.0
202402161800,202402220000,0.0,5.0
202402161800,202402230000,-2.0,5.0
202402161800,202402240000,-2.0,7.0
202402161800,202402250000,-2.0,7.0
202402161800,202402260000,0.0,7.0
202402170600,202402200000,5.0,10.0
202402170600,202402210000,1.0,4.0
202402170600,202402220000,0.0,5.0
202402170600,202402230000,-2.0,5.0
202402170600,202402240000,-2.0,6.0
202402170600,202402250000,-2.0,7.0
202402170600,202402260000,0.0,7.0
202402170600,202402270000,0.0,7.0
202402171800,202402200000,3.0,9.0
202402171800,202402210000,2.0,5.0
202402171800,202402220000,0.0,5.0
202402171800,202402230000,-2.0,5.0
202402171800,202402240000,-2.0,6.0
202402171800,202402250000,-2.0,7.0
202402171800,202402260000,0.0,7.0
202402171800,202402270000,0.0,7.0
202402180600,202402210000,3.0,5.0
202402180600,202402220000,1.0,5.0
202402180600,202402230000,-2.0,5.0
202402180600,202402240000,-2.0,6.0
202402180600,202402250000,-1.0,7.0
202402180600,202402260000,0.0,7.0
202402180600,202402270000,0.0,7.0
202402180600,202402280000,-1.0,6.0
202402181800,202402210000,4.0,4.0
202402181800,202402220000,1.0,6.0
202402181800,202402230000,-2.0,5.0
202402181800,202402240000,-2.0,6.0
202402181800,202402250000,-1.0,7.0
202402181800,202402260000,0.0,7.0
202402181800,202402270000,-1.0,7.0
202402181800,202402280000,-1.0,6.0
202402190600,202402220000,1.0,5.0
202402190600,202402230000,-2.0,6.0
202402190600,202402240000,-1.0,7.0
202402190600,202402250000,0.0,7.0
202402190600,202402260000,0.0,7.0
202402190600,202402270000,-1.0,7.0
202402190600,202402280000,-2.0,7.0
202402190600,202402290000,-3.0,6.0
202402191800,202402220000,1.0,4.0
202402191800,202402230000,-2.0,6.0
202402191800,202402240000,-1.0,7.0
202402191800,202402250000,0.0,7.0
202402191800,202402260000,0.0,7.0
202402191800,202402270000,-1.0,7.0
202402191800,202402280000,-2.0,7.0
202402191800,202402290000,-3.0,6.0
202402200600,202402230000,-2.0,6.0
202402200600,202402240000,-1.0,7.0
202402200600,202402250000,0.0,7.0
202402200600,202402260000,0.0,8.0
202402200600,202402270000,-1.0,7.0
202402200600,202402280000,-1.0,7.0
202402200600,202402290000,-1.0,5.0
202402200600,202403010000,-3.0,4.0
202402201800,202402230000,-1.0,6.0
202402201800,202402240000,0.0,6.0
202402201800,202402250000,0.0,7.0
202402201800,202402260000,-1.0,8.0
202402201800,202402270000,0.0,8.0
202402201800,202402280000,0.0,8.0
202402201800,202402290000,0.0,7.0
202402201800,202403010000,-3.0,3.0
202402210600,202402240000,-1.0,7.0
202402210600,202402250000,0.0,7.0
202402210600,202402260000,-1.0,8.0
202402210600,202402270000,0.0,8.0
202402210600,202402280000,0.0,8.0
202402210600,202402290000,0.0,7.0
202402210600,202403010000,-3.0,4.0
202402210600,202403020000,-4.0,5.0
202402211800,202402240000,-1.0,6.0
202402211800,202402250000,0.0,7.0
202402211800,202402260000,-1.0,8.0
202402211800,202402270000,0.0,9.0
202402211800,202402280000,2.0,9.0
202402211800,202402290000,0.0,7.0
202402211800,202403010000,0.0,5.0
202402211800,202403020000,-3.0,5.0
202402220600,202402250000,0.0,7.0
202402220600,202402260000,-1.0,8.0
202402220600,202402270000,0.0,9.0
202402220600,202402280000,2.0,9.0
202402220600,202402290000,0.0,7.0
202402220600,202403010000,0.0,6.0
202402220600,202403020000,-3.0,5.0
202402220600,202403030000,-4.0,5.0
202402221800,202402250000,1.0,7.0
202402221800,202402260000,-1.0,8.0
202402221800,202402270000,0.0,9.0
202402221800,202402280000,1.0,9.0
202402221800,202402290000,1.0,8.0
202402221800,202403010000,0.0,6.0
202402221800,202403020000,-2.0,5.0
202402221800,202403030000,-3.0,5.0
202402230600,202402260000,-1.0,8.0
202402230600,202402270000,0.0,9.0
202402230600,202402280000,1.0,9.0
202402230600,202402290000,1.0,8.0
202402230600,202403010000,0.0,6.0
202402230600,202403020000,-2.0,4.0
202402230600,202403030000,-3.0,5.0
202402230600,202403040000,-3.0,6.0
202402231800,202402260000,-1.0,9.0
202402231800,202402270000,0.0,9.0
202402231800,202402280000,1.0,10.0
202402231800,202402290000,2.0,9.0
202402231800,202403010000,0.0,6.0
202402231800,202403020000,-2.0,4.0
202402231800,202403030000,-3.0,5.0
202402231800,202403040000,-3.0,6.0
202402240600,202402270000,0.0,9.0
202402240600,202402280000,1.0,10.0
202402240600,202402290000,3.0,8.0
202402240600,202403010000,1.0,5.0
202402240600,202403020000,-4.0,2.0
202402240600,202403030000,-4.0,4.0
202402240600,202403040000,-2.0,7.0
202402240600,202403050000,-1.0,6.0
202402241800,202402270000,0.0,9.0
202402241800,202402280000,1.0,10.0
202402241800,202402290000,3.0,8.0
202402241800,202403010000,0.0,4.0
202402241800,202403020000,-5.0,3.0
202402241800,202403030000,-4.0,5.0
202402241800,202403040000,-1.0,8.0
202402241800,202403050000,-1.0,6.0
202402250600,202402280000,1.0,10.0
202402250600,202402290000,4.0,8.0
202402250600,202403010000,-1.0,3.0
202402250600,202403020000,-6.0,3.0
202402250600,202403030000,-3.0,6.0
202402250600,202403040000,0.0,7.0
202402250600,202403050000,0.0,7.0
202402250600,202403060000,-1.0,7.0
202402251800,202402280000,1.0,9.0
202402251800,202402290000,4.0,8.0
202402251800,202403010000,-1.0,3.0
202402251800,202403020000,-6.0,3.0
202402251800,202403030000,-3.0,6.0
202402251800,202403040000,0.0,7.0
202402251800,202403050000,1.0,8.0
202402251800,202403060000,-1.0,7.0
202402260600,202402290000,4.0,7.0
202402260600,202403010000,-2.0,1.0
202402260600,202403020000,-7.0,3.0
202402260600,202403030000,-1.0,7.0
202402260600,202403040000,0.0,7.0
202402260600,202403050000,1.0,8.0
202402260600,202403060000,-1.0,6.0
202402260600,202403070000,-2.0,7.0
202402261800,202402290000,3.0,8.0
202402261800,202403010000,-3.0,0.0
202402261800,202403020000,-7.0,3.0
202402261800,202403030000,0.0,7.0
202402261800,202403040000,1.0,9.0
202402261800,202403050000,2.0,8.0
202402261800,202403060000,-1.0,6.0
202402261800,202403070000,-2.0,6.0
202402270600,202403010000,-3.0,0.0
202402270600,202403020000,-6.0,3.0
202402270600,202403030000,0.0,7.0
202402270600,202403040000,1.0,9.0
202402270600,202403050000,2.0,8.0
202402270600,202403060000,-1.0,6.0
202402270600,202403070000,-2.0,6.0
202402270600,202403080000,-2.0,8.0
202402271800,202403010000,-4.0,-1.0
202402271800,202403020000,-6.0,4.0
202402271800,202403030000,0.0,8.0
202402271800,202403040000,1.0,10.0
202402271800,202403050000,2.0,8.0
202402271800,202403060000,-1.0,6.0
202402271800,202403070000,-2.0,6.0
202402271800,202403080000,-2.0,8.0
202402280600,202403020000,-7.0,5.0
202402280600,202403030000,0.0,8.0
202402280600,202403040000,1.0,10.0
202402280600,202403050000,3.0,8.0
202402280600,202403060000,-1.0,6.0
202402280600,202403070000,-2.0,6.0
202402280600,202403080000,-1.0,8.0
202402280600,202403090000,1.0,10.0
202402281800,202403020000,-6.0,5.0
202402281800,202403030000,0.0,8.0
202402281800,202403040000,2.0,11.0
202402281800,202403050000,4.0,9.0
202402281800,202403060000,0.0,7.0
202402281800,202403070000,-2.0,7.0
202402281800,202403080000,-1.0,8.0
202402281800,202403090000,0.0,10.0
202402290600,202403030000,0.0,8.0
202402290600,202403040000,2.0,11.0
202402290600,202403050000,4.0,9.0
202402290600,202403060000,0.0,7.0
202402290600,202403070000,-2.0,7.0
202402290600,202403080000,-1.0,8.0
202402290600,202403090000,0.0,10.0
202402290600,202403100000,3.0,11.0
202402291800,202403030000,0.0,8.0
202402291800,202403040000,-1.0,10.0
202402291800,202403050000,4.0,9.0
202402291800,202403060000,1.0,7.0
202402291800,202403070000,-2.0,7.0
202402291800,202403080000,-1.0,8.0
202402291800,202403090000,0.0,10.0
202402291800,202403100000,2.0,11.0
202403010600,202403040000,-1.0,10.0
202403010600,202403050000,3.0,7.0
202403010600,202403060000,2.0,8.0
202403010600,202403070000,-1.0,7.0
202403010600,202403080000,-1.0,8.0
202403010600,202403090000,-1.0,9.0
202403010600,202403100000,0.0,10.0
202403010600,202403110000,1.0,10.0
202403011800,202403040000,-1.0,9.0
202403011800,202403050000,3.0,8.0
202403011800,202403060000,2.0,8.0
202403011800,202403070000,-1.0,7.0
202403011800,202403080000,-1.0,8.0
202403011800,202403090000,-1.0,9.0
202403011800,202403100000,0.0,10.0
202403011800,202403110000,1.0,10.0
202403020600,202403050000,4.0,8.0
202403020600,202403060000,2.0,9.0
202403020600,202403070000,0.0,7.0
202403020600,202403080000,-1.0,7.0
202403020600,202403090000,-1.0,9.0
202403020600,202403100000,1.0,11.0
202403020600,202403110000,2.0,12.0
202403020600,202403120000,3.0,12.0
202403021800,202403050000,4.0,8.0
202403021800,202403060000,2.0,10.0
202403021800,202403070000,0.0,7.0
202403021800,202403080000,-1.0,7.0
202403021800,202403090000,-1.0,9.0
202403021800,202403100000,1.0,11.0
202403021800,202403110000,2.0,12.0
202403021800,202403120000,3.0,12.0
202403030600,202403060000,3.0,9.0
202403030600,202403070000,1.0,7.0
202403030600,202403080000,-1.0,7.0
202403030600,202403090000,-1.0,8.0
202403030600,202403100000,0.0,10.0
202403030600,202403110000,3.0,12.0
202403030600,202403120000,3.0,11.0
202403030600,202403130000,3.0,12.0
202403031800,202403060000,3.0,10.0
202403031800,202403070000,2.0,8.0
202403031800,202403080000,-1.0,7.0
202403031800,202403090000,-2.0,7.0
202403031800,202403100000,-1.0,9.0
202403031800,202403110000,1.0,12.0
202403031800,202403120000,3.0,12.0
202403031800,202403130000,4.0,13.0
202403040600,202403070000,2.0,8.0
202403040600,202403080000,-1.0,7.0
202403040600,202403090000,-2.0,7.0
202403040600,202403100000,-1.0,9.0
202403040600,202403110000,1.0,12.0
202403040600,202403120000,3.0,12.0
202403040600,202403130000,4.0,13.0
202403040600,202403140000,4.0,13.0
202403041800,202403070000,1.0,7.0
202403041800,202403080000,-1.0,6.0
202403041800,202403090000,-3.0,6.0
202403041800,202403100000,-1.0,9.0
202403041800,202403110000,1.0,11.0
202403041800,202403120000,3.0,12.0
202403041800,202403130000,2.0,12.0
202403041800,202403140000,4.0,13.0
202403050600,202403080000,-1.0,6.0
202403050600,202403090000,-3.0,6.0
202403050600,202403100000,-1.0,9.0
202403050600,202403110000,1.0,11.0
202403050600,202403120000,3.0,12.0
202403050600,202403130000,2.0,12.0
202403050600,202403140000,4.0,13.0
202403050600,202403150000,5.0,14.0
202403051800,202403080000,-1.0,6.0
202403051800,202403090000,-2.0,7.0
202403051800,202403100000,-1.0,9.0
202403051800,202403110000,2.0,11.0
202403051800,202403120000,3.0,11.0
202403051800,202403130000,2.0,11.0
202403051800,202403140000,2.0,13.0
202403051800,202403150000,4.0,13.0
202403060600,202403090000,-3.0,7.0
202403060600,202403100000,-1.0,9.0
202403060600,202403110000,2.0,11.0
202403060600,202403120000,3.0,11.0
202403060600,202403130000,2.0,11.0
202403060600,202403140000,2.0,13.0
202403060600,202403150000,4.0,14.0
202403060600,202403160000,5.0,12.0
202403061800,202403090000,-3.0,6.0
202403061800,202403100000,-1.0,9.0
202403061800,202403110000,2.0,11.0
202403061800,202403120000,3.0,11.0
202403061800,202403130000,2.0,11.0
202403061800,202403140000,2.0,13.0
202403061800,202403150000,4.0,14.0
202403061800,202403160000,5.0,12.0
202403070600,202403100000,-1.0,9.0
202403070600,202403110000,2.0,10.0
202403070600,202403120000,3.0,11.0
202403070600,202403130000,2.0,11.0
202403070600,202403140000,2.0,13.0
202403070600,202403150000,4.0,15.0
202403070600,202403160000,5.0,14.0
202403070600,202403170000,5.0,12.0
202403071800,202403100000,-1.0,9.0
202403071800,202403110000,2.0,10.0
202403071800,202403120000,3.0,11.0
202403071800,202403130000,2.0,11.0
202403071800,202403140000,2.0,13.0
202403071800,202403150000,4.0,15.0
202403071800,202403160000,5.0,14.0
202403071800,202403170000,6.0,12.0
202403080600,202403110000,2.0,11.0
202403080600,202403120000,4.0,10.0
202403080600,202403130000,1.0,11.0
202403080600,202403140000,3.0,13.0
202403080600,202403150000,5.0,15.0
202403080600,202403160000,5.0,13.0
202403080600,202403170000,6.0,11.0
202403080600,202403180000,2.0,10.0
202403081800,202403110000,2.0,11.0
202403081800,202403120000,4.0,10.0
202403081800,202403130000,1.0,11.0
202403081800,202403140000,3.0,13.0
202403081800,202403150000,5.0,15.0
202403081800,202403160000,5.0,14.0
202403081800,202403170000,5.0,12.0
202403081800,202403180000,3.0,11.0
202403090600,202403120000,5.0,10.0
202403090600,202403130000,2.0,11.0
202403090600,202403140000,3.0,12.0
202403090600,202403150000,3.0,15.0
202403090600,202403160000,5.0,16.0
202403090600,202403170000,5.0,13.0
202403090600,202403180000,3.0,11.0
202403090600,202403190000,2.0,11.0
202403091800,202403120000,5.0,10.0
202403091800,202403130000,2.0,11.0
202403091800,202403140000,2.0,12.0
202403091800,202403150000,3.0,14.0
202403091800,202403160000,5.0,16.0
202403091800,202403170000,6.0,14.0
202403091800,202403180000,3.0,10.0
202403091800,202403190000,2.0,11.0
202403100600,202403130000,2.0,11.0
202403100600,202403140000,2.0,13.0
202403100600,202403150000,3.0,14.0
202403100600,202403160000,5.0,16.0
202403100600,202403170000,6.0,14.0
202403100600,202403180000,3.0,10.0
202403100600,202403190000,2.0,11.0
202403100600,202403200000,2.0,11.0
202403101800,202403130000,2.0,11.0
202403101800,202403140000,3.0,13.0
202403101800,202403150000,4.0,15.0
202403101800,202403160000,5.0,16.0
202403101800,202403170000,7.0,13.0
202403101800,202403180000,3.0,10.0
202403101800,202403190000,2.0,10.0
202403101800,202403200000,3.0,11.0
202403110600,202403140000,3.0,13.0
202403110600,202403150000,4.0,15.0
202403110600,202403160000,5.0,16.0
202403110600,202403170000,7.0,13.0
202403110600,202403180000,3.0,10.0
202403110600,202403190000,2.0,10.0
202403110600,202403200000,3.0,11.0
202403110600,202403210000,3.0,12.0
202403111800,202403140000,3.0,14.0
202403111800,202403150000,4.0,15.0
202403111800,202403160000,5.0,16.0
202403111800,202403170000,6.0,12.0
202403111800,202403180000,1.0,9.0
202403111800,202403190000,1.0,11.0
202403111800,202403200000,3.0,11.0
202403111800,202403210000,3.0,11.0
202403120600,202403150000,4.0,15.0
202403120600,202403160000,5.0,16.0
202403120600,202403170000,6.0,12.0
202403120600,202403180000,1.0,9.0
202403120600,202403190000,1.0,11.0
202403120600,202403200000,3.0,12.0
202403120600,202403210000,3.0,11.0
202403120600,202403220000,3.0,11.0
202403121800,202403150000,5.0,15.0
202403121800,202403160000,4.0,15.0
202403121800,202403170000,6.0,12.0
202403121800,202403180000,1.0,9.0
202403121800,202403190000,1.0,11.0
202403121800,202403200000,3.0,12.0
202403121800,202403210000,3.0,11.0
202403121800,202403220000,3.0,11.0
202403130600,202403160000,5.0,16.0
202403130600,202403170000,7.0,13.0
202403130600,202403180000,1.0,10.0
202403130600,202403190000,2.0,11.0
202403130600,202403200000,2.0,11.0
202403130600,202403210000,2.0,11.0
202403130600,202403220000,2.0,12.0
202403130600,202403230000,3.0,11.0
202403131800,202403160000,5.0,16.0
202403131800,202403170000,8.0,13.0
202403131800,202403180000,1.0,10.0
202403131800,202403190000,2.0,11.0
202403131800,202403200000,2.0,11.0
202403131800,202403210000,2.0,11.0
202403131800,202403220000,2.0,12.0
202403131800,202403230000,4.0,12.0
202403140600,202403170000,7.0,12.0
202403140600,202403180000,1.0,12.0
202403140600,202403190000,3.0,11.0
202403140600,202403200000,1.0,11.0
202403140600,202403210000,3.0,12.0
202403140600,202403220000,3.0,13.0
202403140600,202403230000,5.0,14.0
202403140600,202403240000,7.0,15.0
202403141800,202403170000,7.0,11.0
202403141800,202403180000,2.0,12.0
202403141800,202403190000,3.0,11.0
202403141800,202403200000,2.0,11.0
202403141800,202403210000,2.0,12.0
202403141800,202403220000,3.0,12.0
202403141800,202403230000,5.0,13.0
202403141800,202403240000,6.0,14.0
202403150600,202403180000,2.0,12.0
202403150600,202403190000,3.0,11.0
202403150600,202403200000,1.0,10.0
202403150600,202403210000,2.0,12.0
202403150600,202403220000,3.0,13.0
202403150600,202403230000,5.0,14.0
202403150600,202403240000,6.0,15.0
202403150600,202403250000,7.0,15.0
202403151800,202403180000,2.0,13.0
202403151800,202403190000,3.0,11.0
202403151800,202403200000,1.0,10.0
202403151800,202403210000,1.0,11.0
202403151800,202403220000,3.0,14.0
202403151800,202403230000,6.0,13.0
202403151800,202403240000,7.0,16.0
202403151800,202403250000,7.0,16.0
202403160600,202403190000,3.0,11.0
202403160600,202403200000,1.0,10.0
202403160600,202403210000,1.0,11.0
202403160600,202403220000,3.0,14.0
202403160600,202403230000,6.0,13.0
202403160600,202403240000,7.0,16.0
202403160600,202403250000,7.0,16.0
202403160600,202403260000,6.0,16.0
202403161800,202403190000,3.0,10.0
202403161800,202403200000,1.0,9.0
202403161800,202403210000,0.0,10.0
202403161800,202403220000,2.0,13.0
202403161800,202403230000,6.0,14.0
202403161800,202403240000,8.0,16.0
202403161800,202403250000,8.0,15.0
202403161800,202403260000,6.0,15.0
202403170600,202403200000,1.0,9.0
202403170600,202403210000,0.0,10.0
202403170600,202403220000,2.0,14.0
202403170600,202403230000,6.0,14.0
202403170600,202403240000,8.0,17.0
202403170600,202403250000,8.0,15.0
202403170600,202403260000,6.0,14.0
202403170600,202403270000,6.0,14.0
202403171800,202403200000,1.0,9.0
202403171800,202403210000,1.0,11.0
202403171800,202403220000,3.0,15.0
202403171800,202403230000,7.0,16.0
202403171800,202403240000,8.0,18.0
202403171800,202403250000,9.0,15.0
202403171800,202403260000,6.0,14.0
202403171800,202403270000,6.0,14.0
202403180600,202403210000,1.0,10.0
202403180600,202403220000,3.0,15.0
202403180600,202403230000,7.0,16.0
202403180600,202403240000,8.0,18.0
202403180600,202403250000,9.0,15.0
202403180600,202403260000,6.0,14.0
202403180600,202403270000,5.0,13.0
202403180600,202403280000,5.0,13.0
202403181800,202403210000,0.0,10.0
202403181800,202403220000,3.0,15.0
202403181800,202403230000,7.0,16.0
202403181800,202403240000,8.0,18.0
202403181800,202403250000,9.0,15.0
202403181800,202403260000,6.0,14.0
202403181800,202403270000,5.0,13.0
202403181800,202403280000,5.0,13.0
202403190600,202403220000,3.0,15.0
202403190600,202403230000,8.0,17.0
202403190600,202403240000,8.0,18.0
202403190600,202403250000,8.0,15.0
202403190600,202403260000,6.0,13.0
202403190600,202403270000,4.0,13.0
202403190600,202403280000,5.0,14.0
202403190600,202403290000,6.0,14.0
202403191800,202403220000,4.0,15.0
202403191800,202403230000,8.0,17.0
202403191800,202403240000,8.0,18.0
202403191800,202403250000,8.0,15.0
202403191800,202403260000,6.0,13.0
202403191800,202403270000,4.0,13.0
202403191800,202403280000,5.0,14.0
202403191800,202403290000,6.0,14.0
202403200600,202403230000,9.0,17.0
202403200600,202403240000,9.0,19.0
202403200600,202403250000,9.0,16.0
202403200600,202403260000,6.0,12.0
202403200600,202403270000,5.0,14.0
202403200600,202403280000,6.0,14.0
202403200600,202403290000,6.0,15.0
202403200600,202403300000,6.0,14.0
202403201800,202403230000,9.0,17.0
202403201800,202403240000,9.0,20.0
202403201800,202403250000,9.0,15.0
202403201800,202403260000,7.0,11.0
202403201800,202403270000,5.0,15.0
202403201800,202403280000,6.0,14.0
202403201800,202403290000,6.0,15.0
202403201800,202403300000,6.0,14.0
202403210600,202403240000,9.0,20.0
202403210600,202403250000,9.0,15.0
202403210600,202403260000,7.0,11.0
202403210600,202403270000,5.0,15.0
202403210600,202403280000,7.0,15.0
202403210600,202403290000,8.0,15.0
202403210600,202403300000,6.0,13.0
202403210600,202403310000,4.0,13.0
202403211800,202403240000,9.0,20.0
202403211800,202403250000,9.0,15.0
202403211800,202403260000,7.0,10.0
202403211800,202403270000,5.0,15.0
202403211800,202403280000,7.0,16.0
202403211800,202403290000,8.0,14.0
202403211800,202403300000,5.0,13.0
202403211800,202403310000,5.0,13.0
202403220600,202403250000,9.0,15.0
202403220600,202403260000,7.0,10.0
202403220600,202403270000,5.0,15.0
202403220600,202403280000,7.0,16.0
202403220600,202403290000,8.0,14.0
202403220600,202403300000,5.0,15.0
202403220600,202403310000,5.0,15.0
202403220600,202404010000,6.0,16.0
202403221800,202403250000,9.0,14.0
202403221800,202403260000,6.0,10.0
202403221800,202403270000,5.0,15.0
202403221800,202403280000,7.0,15.0
202403221800,202403290000,7.0,14.0
202403221800,202403300000,4.0,15.0
202403221800,202403310000,6.0,16.0
202403221800,202404010000,8.0,16.0
202403230600,202403260000,6.0,11.0
202403230600,202403270000,5.0,15.0
202403230600,202403280000,7.0,15.0
202403230600,202403290000,7.0,14.0
202403230600,202403300000,5.0,15.0
202403230600,202403310000,6.0,16.0
202403230600,202404010000,7.0,16.0
202403230600,202404020000,8.0,16.0
202403231800,202403260000,6.0,13.0
202403231800,202403270000,5.0,16.0
202403231800,202403280000,7.0,14.0
202403231800,202403290000,7.0,14.0
202403231800,202403300000,5.0,14.0
202403231800,202403310000,4.0,15.0
202403231800,202404010000,6.0,16.0
202403231800,202404020000,7.0,16.0
202403240600,202403270000,5.0,16.0
202403240600,202403280000,7.0,14.0
202403240600,202403290000,6.0,14.0
202403240600,202403300000,5.0,14.0
202403240600,202403310000,4.0,15.0
202403240600,202404010000,6.0,16.0
202403240600,202404020000,7.0,17.0
202403240600,202404030000,8.0,16.0
202403241800,202403270000,6.0,16.0
202403241800,202403280000,8.0,14.0
202403241800,202403290000,6.0,14.0
202403241800,202403300000,5.0,15.0
202403241800,202403310000,5.0,16.0
202403241800,202404010000,6.0,17.0
202403241800,202404020000,7.0,17.0
202403241800,202404030000,8.0,16.0
202403250600,202403280000,8.0,13.0
202403250600,202403290000,5.0,14.0
202403250600,202403300000,6.0,15.0
202403250600,202403310000,5.0,16.0
202403250600,202404010000,7.0,17.0
202403250600,202404020000,7.0,18.0
202403250600,202404030000,8.0,18.0
202403250600,202404040000,9.0,17.0
202403251800,202403280000,8.0,13.0
202403251800,202403290000,5.0,14.0
202403251800,202403300000,5.0,14.0
202403251800,202403310000,5.0,15.0
202403251800,202404010000,7.0,17.0
202403251800,202404020000,8.0,18.0
202403251800,202404030000,8.0,17.0
202403251800,202404040000,8.0,16.0
202403260600,202403290000,5.0,13.0
202403260600,202403300000,5.0,15.0
202403260600,202403310000,5.0,16.0
202403260600,202404010000,6.0,17.0
202403260600,202404020000,8.0,20.0
202403260600,202404030000,9.0,18.0
202403260600,202404040000,8.0,16.0
202403260600,202404050000,8.0,17.0
202403261800,202403290000,5.0,13.0
202403261800,202403300000,3.0,15.0
202403261800,202403310000,5.0,16.0
202403261800,202404010000,6.0,17.0
202403261800,202404020000,8.0,20.0
202403261800,202404030000,9.0,18.0
202403261800,202404040000,8.0,16.0
202403261800,202404050000,8.0,17.0
202403270600,202403300000,4.0,15.0
202403270600,202403310000,5.0,16.0
202403270600,202404010000,7.0,18.0
202403270600,202404020000,9.0,19.0
202403270600,202404030000,10.0,18.0
202403270600,202404040000,7.0,17.0
202403270600,202404050000,7.0,17.0
202403270600,202404060000,8.0,17.0
202403271800,202403300000,4.0,15.0
202403271800,202403310000,5.0,17.0
202403271800,202404010000,7.0,17.0
202403271800,202404020000,9.0,19.0
202403271800,202404030000,9.0,19.0
202403271800,202404040000,8.0,17.0
202403271800,202404050000,8.0,17.0
202403271800,202404060000,8.0,18.0
202403280600,202403310000,4.0,17.0
202403280600,202404010000,7.0,17.0
202403280600,202404020000,8.0,19.0
202403280600,202404030000,9.0,19.0
202403280600,202404040000,8.0,17.0
202403280600,202404050000,8.0,17.0
202403280600,202404060000,8.0,18.0
202403280600,202404070000,9.0,17.0
202403281800,202403310000,5.0,17.0
202403281800,202404010000,6.0,16.0
202403281800,202404020000,7.0,19.0
202403281800,202404030000,8.0,19.0
202403281800,202404040000,8.0,18.0
202403281800,202404050000,9.0,18.0
202403281800,202404060000,9.0,18.0
202403281800,202404070000,9.0,17.0
202403290600,202404010000,6.0,16.0
202403290600,202404020000,7.0,19.0
202403290600,202404030000,8.0,19.0
202403290600,202404040000,8.0,17.0
202403290600,202404050000,9.0,18.0
202403290600,202404060000,9.0,18.0
202403290600,202404070000,9.0,18.0
202403290600,202404080000,9.0,19.0
202403291800,202404010000,5.0,16.0
202403291800,202404020000,7.0,20.0
202403291800,202404030000,10.0,19.0
202403291800,202404040000,9.0,17.0
202403291800,202404050000,8.0,18.0
202403291800,202404060000,8.0,18.0
202403291800,202404070000,9.0,19.0
202403291800,202404080000,10.0,18.0
202403300600,202404020000,6.0,21.0
202403300600,202404030000,10.0,19.0
202403300600,202404040000,9.0,17.0
202403300600,202404050000,8.0,18.0
202403300600,202404060000,8.0,18.0
202403300600,202404070000,9.0,19.0
202403300600,202404080000,10.0,18.0
202403300600,202404090000,10.0,18.0
202403301800,202404020000,8.0,22.0
202403301800,202404030000,10.0,19.0
202403301800,202404040000,9.0,18.0
202403301800,202404050000,8.0,18.0
202403301800,202404060000,8.0,18.0
202403301800,202404070000,9.0,19.0
202403301800,202404080000,10.0,18.0
202403301800,202404090000,10.0,18.0
202403310600,202404030000,12.0,18.0
202403310600,202404040000,9.0,18.0
202403310600,202404050000,9.0,18.0
202403310600,202404060000,8.0,18.0
202403310600,202404070000,9.0,19.0
202403310600,202404080000,9.0,19.0
202403310600,202404090000,10.0,19.0
202403310600,202404100000,10.0,19.0
202403311800,202404030000,12.0,18.0
202403311800,202404040000,9.0,18.0
202403311800,202404050000,9.0,18.0
202403311800,202404060000,8.0,18.0
202403311800,202404070000,9.0,19.0
202403311800,202404080000,9.0,19.0
202403311800,202404090000,10.0,18.0
202403311800,202404100000,10.0,19.0
202404010600,202404040000,9.0,18.0
202404010600,202404050000,8.0,18.0
202404010600,202404060000,8.0,18.0
202404010600,202404070000,9.0,20.0
202404010600,202404080000,9.0,19.0
202404010600,202404090000,9.0,18.0
202404010600,202404100000,9.0,18.0
202404010600,202404110000,10.0,19.0
202404011800,202404040000,9.0,19.0
202404011800,202404050000,8.0,17.0
202404011800,202404060000,8.0,18.0
202404011800,202404070000,9.0,20.0
202404011800,202404080000,10.0,20.0
202404011800,202404090000,8.0,18.0
202404011800,202404100000,8.0,19.0
202404011800,202404110000,9.0,20.0
202404020600,202404050000,8.0,17.0
202404020600,202404060000,7.0,19.0
202404020600,202404070000,9.0,20.0
202404020600,202404080000,10.0,21.0
202404020600,202404090000,9.0,18.0
202404020600,202404100000,8.0,19.0
202404020600,202404110000,9.0,19.0
202404020600,202404120000,10.0,19.0
202404021800,202404050000,9.0,18.0
202404021800,202404060000,7.0,19.0
202404021800,202404070000,9.0,21.0
202404021800,202404080000,9.0,22.0
202404021800,202404090000,9.0,19.0
202404021800,202404100000,9.0,19.0
202404021800,202404110000,9.0,19.0
202404021800,202404120000,9.0,20.0
202404030600,202404060000,8.0,19.0
202404030600,202404070000,8.0,21.0
202404030600,202404080000,9.0,22.0
202404030600,202404090000,9.0,20.0
202404030600,202404100000,10.0,19.0
202404030600,202404110000,9.0,19.0
202404030600,202404120000,9.0,20.0
202404030600,202404130000,9.0,20.0
202404031800,202404060000,8.0,19.0
202404031800,202404070000,9.0,21.0
202404031800,202404080000,10.0,23.0
202404031800,202404090000,10.0,20.0
202404031800,202404100000,9.0,20.0
202404031800,202404110000,9.0,19.0
202404031800,202404120000,9.0,20.0
202404031800,202404130000,10.0,19.0
202404040600,202404070000,7.0,21.0
202404040600,202404080000,10.0,23.0
202404040600,202404090000,10.0,20.0
202404040600,202404100000,9.0,20.0
202404040600,202404110000,9.0,19.0
202404040600,202404120000,9.0,20.0
202404040600,202404130000,10.0,19.0
202404040600,202404140000,11.0,22.0
202404041800,202404070000,9.0,22.0
202404041800,202404080000,10.0,24.0
202404041800,202404090000,11.0,20.0
202404041800,202404100000,9.0,20.0
202404041800,202404110000,10.0,20.0
202404041800,202404120000,10.0,21.0
202404041800,202404130000,11.0,21.0
202404041800,202404140000,11.0,22.0
202404050600,202404080000,10.0,24.0
202404050600,202404090000,11.0,21.0
202404050600,202404100000,9.0,20.0
202404050600,202404110000,10.0,20.0
202404050600,202404120000,10.0,21.0
202404050600,202404130000,11.0,22.0
202404050600,202404140000,11.0,23.0
202404050600,202404150000,11.0,23.0
202404051800,202404080000,11.0,25.0
202404051800,202404090000,10.0,21.0
202404051800,202404100000,9.0,20.0
202404051800,202404110000,10.0,20.0
202404051800,202404120000,10.0,21.0
202404051800,202404130000,11.0,22.0
202404051800,202404140000,11.0,23.0
202404051800,202404150000,11.0,23.0
202404060600,202404090000,11.0,20.0
202404060600,202404100000,9.0,21.0
202404060600,202404110000,10.0,22.0
202404060600,202404120000,11.0,23.0
202404060600,202404130000,12.0,22.0
202404060600,202404140000,12.0,23.0
202404060600,202404150000,12.0,22.0
202404060600,202404160000,11.0,21.0
202404061800,202404090000,11.0,20.0
202404061800,202404100000,8.0,21.0
202404061800,202404110000,11.0,20.0
202404061800,202404120000,11.0,23.0
202404061800,202404130000,12.0,23.0
202404061800,202404140000,12.0,24.0
202404061800,202404150000,12.0,21.0
202404061800,202404160000,11.0,21.0
202404070600,202404100000,8.0,20.0
202404070600,202404110000,11.0,18.0
202404070600,202404120000,11.0,23.0
202404070600,202404130000,12.0,23.0
202404070600,202404140000,13.0,24.0
202404070600,202404150000,12.0,23.0
202404070600,202404160000,11.0,22.0
202404070600,202404170000,11.0,22.0
202404071800,202404100000,8.0,20.0
202404071800,202404110000,10.0,19.0
202404071800,202404120000,11.0,23.0
202404071800,202404130000,12.0,23.0
202404071800,202404140000,13.0,24.0
202404071800,202404150000,12.0,23.0
202404071800,202404160000,11.0,22.0
202404071800,202404170000,11.0,22.0
202404080600,202404110000,11.0,20.0
202404080600,202404120000,11.0,23.0
202404080600,202404130000,13.0,24.0
202404080600,202404140000,13.0,25.0
202404080600,202404150000,14.0,22.0
202404080600,202404160000,12.0,20.0
202404080600,202404170000,10.0,21.0
202404080600,202404180000,11.0,21.0
202404081800,202404110000,11.0,18.0
202404081800,202404120000,11.0,23.0
202404081800,202404130000,13.0,25.0
202404081800,202404140000,13.0,26.0
202404081800,202404150000,14.0,21.0
202404081800,202404160000,12.0,21.0
202404081800,202404170000,9.0,21.0
202404081800,202404180000,10.0,21.0
202404090600,202404120000,11.0,23.0
202404090600,202404130000,13.0,25.0
202404090600,202404140000,13.0,26.0
202404090600,202404150000,14.0,21.0
202404090600,202404160000,12.0,20.0
202404090600,202404170000,9.0,21.0
202404090600,202404180000,10.0,21.0
202404090600,202404190000,10.0,22.0
202404091800,202404120000,11.0,23.0
202404091800,202404130000,12.0,25.0
202404091800,202404140000,13.0,26.0
202404091800,202404150000,14.0,23.0
202404091800,202404160000,12.0,20.0
202404091800,202404170000,10.0,22.0
202404091800,202404180000,10.0,22.0
202404091800,202404190000,10.0,22.0
202404100600,202404130000,12.0,25.0
202404100600,202404140000,13.0,26.0
202404100600,202404150000,14.0,23.0
202404100600,202404160000,12.0,20.0
202404100600,202404170000,11.0,22.0
202404100600,202404180000,11.0,22.0
202404100600,202404190000,10.0,22.0
202404100600,202404200000,10.0,20.0
202404101800,202404130000,12.0,25.0
202404101800,202404140000,13.0,27.0
202404101800,202404150000,15.0,23.0
202404101800,202404160000,13.0,21.0
202404101800,202404170000,11.0,23.0
202404101800,202404180000,11.0,23.0
202404101800,202404190000,11.0,22.0
202404101800,202404200000,11.0,20.0
202404110600,202404140000,13.0,27.0
202404110600,202404150000,15.0,23.0
202404110600,202404160000,13.0,21.0
202404110600,202404170000,11.0,23.0
202404110600,202404180000,11.0,23.0
202404110600,202404190000,11.0,22.0
202404110600,202404200000,11.0,20.0
202404110600,202404210000,13.0,21.0
202404111800,202404140000,14.0,28.0
202404111800,202404150000,15.0,22.0
202404111800,202404160000,13.0,21.0
202404111800,202404170000,10.0,22.0
202404111800,202404180000,11.0,23.0
202404111800,202404190000,11.0,23.0
202404111800,202404200000,12.0,20.0
202404111800,202404210000,13.0,21.0
202404120600,202404150000,15.0,20.0
202404120600,202404160000,11.0,19.0
202404120600,202404170000,10.0,22.0
202404120600,202404180000,11.0,23.0
202404120600,202404190000,12.0,25.0
202404120600,202404200000,12.0,21.0
202404120600,202404210000,11.0,21.0
202404120600,202404220000,11.0,22.0
202404121800,202404150000,16.0,20.0
202404121800,202404160000,11.0,19.0
202404121800,202404170000,10.0,22.0
202404121800,202404180000,11.0,23.0
202404121800,202404190000,12.0,25.0
202404121800,202404200000,12.0,22.0
202404121800,202404210000,11.0,21.0
202404121800,202404220000,11.0,22.0
202404130600,202404160000,11.0,20.0
202404130600,202404170000,9.0,22.0
202404130600,202404180000,11.0,22.0
202404130600,202404190000,11.0,22.0
202404130600,202404200000,10.0,20.0
202404130600,202404210000,10.0,21.0
202404130600,202404220000,11.0,21.0
202404130600,202404230000,11.0,21.0
202404131800,202404160000,11.0,20.0
202404131800,202404170000,9.0,22.0
202404131800,202404180000,11.0,22.0
202404131800,202404190000,11.0,22.0
202404131800,202404200000,10.0,20.0
202404131800,202404210000,10.0,21.0
202404131800,202404220000,11.0,21.0
202404131800,202404230000,11.0,21.0
202404140600,202404170000,10.0,23.0
202404140600,202404180000,11.0,24.0
202404140600,202404190000,12.0,23.0
202404140600,202404200000,12.0,21.0
202404140600,202404210000,11.0,21.0
202404140600,202404220000,11.0,22.0
202404140600,202404230000,11.0,21.0
202404140600,202404240000,11.0,22.0
202404141800,202404170000,10.0,23.0
202404141800,202404180000,11.0,24.0
202404141800,202404190000,12.0,24.0
202404141800,202404200000,13.0,21.0
202404141800,202404210000,11.0,21.0
202404141800,202404220000,11.0,22.0
202404141800,202404230000,11.0,21.0
202404141800,202404240000,11.0,22.0
202404150600,202404180000,11.0,24.0
202404150600,202404190000,12.0,24.0
202404150600,202404200000,13.0,21.0
202404150600,202404210000,11.0,21.0
202404150600,202404220000,11.0,22.0
202404150600,202404230000,12.0,21.0
202404150600,202404240000,11.0,22.0
202404150600,202404250000,11.0,22.0
202404151800,202404180000,12.0,26.0
202404151800,202404190000,12.0,25.0
202404151800,202404200000,12.0,21.0
202404151800,202404210000,11.0,21.0
202404151800,202404220000,11.0,23.0
202404151800,202404230000,12.0,21.0
202404151800,202404240000,12.0,22.0
202404151800,202404250000,12.0,22.0
202404160600,202404190000,12.0,25.0
202404160600,202404200000,12.0,19.0
202404160600,202404210000,11.0,21.0
202404160600,202404220000,11.0,23.0
202404160600,202404230000,12.0,21.0
202404160600,202404240000,12.0,22.0
202404160600,202404250000,12.0,22.0
202404160600,202404260000,12.0,22.0
202404161800,202404190000,12.0,25.0
202404161800,202404200000,14.0,17.0
202404161800,202404210000,11.0,22.0
202404161800,202404220000,11.0,22.0
202404161800,202404230000,11.0,22.0
202404161800,202404240000,12.0,21.0
202404161800,202404250000,12.0,23.0
202404161800,202404260000,12.0,23.0
202404170600,202404200000,14.0,17.0
202404170600,202404210000,11.0,22.0
202404170600,202404220000,11.0,23.0
202404170600,202404230000,11.0,22.0
202404170600,202404240000,12.0,21.0
202404170600,202404250000,12.0,23.0
202404170600,202404260000,12.0,23.0
202404170600,202404270000,12.0,22.0
202404171800,202404200000,14.0,18.0
202404171800,202404210000,13.0,22.0
202404171800,202404220000,12.0,23.0
202404171800,202404230000,11.0,21.0
202404171800,202404240000,11.0,22.0
202404171800,202404250000,12.0,23.0
202404171800,202404260000,12.0,24.0
202404171800,202404270000,13.0,23.0
202404180600,202404210000,12.0,22.0
202404180600,202404220000,12.0,24.0
202404180600,202404230000,11.0,21.0
202404180600,202404240000,11.0,20.0
202404180600,202404250000,11.0,22.0
202404180600,202404260000,12.0,22.0
202404180600,202404270000,12.0,24.0
202404180600,202404280000,12.0,24.0
202404181800,202404210000,13.0,22.0
202404181800,202404220000,12.0,23.0
202404181800,202404230000,11.0,21.0
202404181800,202404240000,11.0,20.0
202404181800,202404250000,11.0,22.0
202404181800,202404260000,12.0,22.0
202404181800,202404270000,12.0,24.0
202404181800,202404280000,12.0,24.0
202404190600,202404220000,13.0,23.0
202404190600,202404230000,12.0,21.0
202404190600,202404240000,11.0,21.0
202404190600,202404250000,11.0,23.0
202404190600,202404260000,13.0,23.0
202404190600,202404270000,12.0,24.0
202404190600,202404280000,12.0,22.0
202404190600,202404290000,13.0,24.0
202404191800,202404220000,13.0,23.0
202404191800,202404230000,12.0,21.0
202404191800,202404240000,11.0,21.0
202404191800,202404250000,11.0,23.0
202404191800,202404260000,13.0,23.0
202404191800,202404270000,12.0,24.0
202404191800,202404280000,12.0,23.0
202404191800,202404290000,13.0,24.0
202404200600,202404230000,12.0,22.0
202404200600,202404240000,11.0,20.0
202404200600,202404250000,11.0,22.0
202404200600,202404260000,12.0,25.0
202404200600,202404270000,14.0,24.0
202404200600,202404280000,13.0,25.0
202404200600,202404290000,14.0,26.0
202404200600,202404300000,15.0,26.0
202404201800,202404230000,12.0,22.0
202404201800,202404240000,11.0,19.0
202404201800,202404250000,11.0,22.0
202404201800,202404260000,12.0,24.0
202404201800,202404270000,13.0,26.0
202404201800,202404280000,13.0,26.0
202404201800,202404290000,13.0,24.0
202404201800,202404300000,12.0,24.0
202404210600,202404240000,11.0,18.0
202404210600,202404250000,11.0,22.0
202404210600,202404260000,12.0,24.0
202404210600,202404270000,13.0,26.0
202404210600,202404280000,13.0,25.0
202404210600,202404290000,13.0,24.0
202404210600,202404300000,12.0,24.0
202404210600,202405010000,13.0,24.0
202404211800,202404240000,11.0,16.0
202404211800,202404250000,11.0,22.0
202404211800,202404260000,12.0,25.0
202404211800,202404270000,13.0,27.0
202404211800,202404280000,14.0,25.0
202404211800,202404290000,13.0,25.0
202404211800,202404300000,12.0,23.0
202404211800,202405010000,13.0,24.0
202404220600,202404250000,11.0,22.0
202404220600,202404260000,12.0,25.0
202404220600,202404270000,14.0,27.0
202404220600,202404280000,14.0,26.0
202404220600,202404290000,13.0,25.0
202404220600,202404300000,12.0,23.0
202404220600,202405010000,13.0,24.0
202404220600,202405020000,13.0,24.0
202404221800,202404250000,11.0,23.0
202404221800,202404260000,12.0,26.0
202404221800,202404270000,15.0,27.0
202404221800,202404280000,15.0,27.0
202404221800,202404290000,14.0,25.0
202404221800,202404300000,13.0,23.0
202404221800,202405010000,12.0,22.0
202404221800,202405020000,13.0,24.0
202404230600,202404260000,12.0,26.0
202404230600,202404270000,15.0,27.0
202404230600,202404280000,15.0,27.0
202404230600,202404290000,14.0,25.0
202404230600,202404300000,13.0,23.0
202404230600,202405010000,12.0,22.0
202404230600,202405020000,13.0,24.0
202404230600,202405030000,13.0,23.0
202404231800,202404260000,13.0,26.0
202404231800,202404270000,15.0,27.0
202404231800,202404280000,15.0,28.0
202404231800,202404290000,16.0,26.0
202404231800,202404300000,13.0,23.0
202404231800,202405010000,12.0,22.0
202404231800,202405020000,13.0,24.0
202404231800,202405030000,13.0,23.0
202404240600,202404270000,15.0,28.0
202404240600,202404280000,16.0,29.0
202404240600,202404290000,17.0,27.0
202404240600,202404300000,14.0,24.0
202404240600,202405010000,13.0,23.0
202404240600,202405020000,12.0,24.0
202404240600,202405030000,13.0,24.0
202404240600,202405040000,14.0,25.0
202404241800,202404270000,14.0,28.0
202404241800,202404280000,16.0,29.0
202404241800,202404290000,17.0,26.0
202404241800,202404300000,14.0,24.0
202404241800,202405010000,13.0,23.0
202404241800,202405020000,12.0,24.0
202404241800,202405030000,13.0,24.0
202404241800,202405040000,14.0,25.0
202404250600,202404280000,15.0,29.0
202404250600,202404290000,17.0,23.0
202404250600,202404300000,14.0,24.0
202404250600,202405010000,12.0,23.0
202404250600,202405020000,12.0,23.0
202404250600,202405030000,13.0,24.0
202404250600,202405040000,14.0,26.0
202404250600,202405050000,14.0,23.0
202404251800,202404280000,15.0,29.0
202404251800,202404290000,17.0,21.0
202404251800,202404300000,14.0,24.0
202404251800,202405010000,12.0,22.0
202404251800,202405020000,12.0,23.0
202404251800,202405030000,13.0,24.0
202404251800,202405040000,13.0,25.0
202404251800,202405050000,14.0,26.0
202404260600,202404290000,17.0,21.0
202404260600,202404300000,14.0,23.0
202404260600,202405010000,12.0,21.0
202404260600,202405020000,12.0,23.0
202404260600,202405030000,13.0,24.0
202404260600,202405040000,14.0,25.0
202404260600,202405050000,15.0,25.0
202404260600,202405060000,15.0,24.0
202404261800,202404290000,17.0,22.0
202404261800,202404300000,15.0,22.0
202404261800,202405010000,12.0,22.0
202404261800,202405020000,12.0,24.0
202404261800,202405030000,13.0,25.0
202404261800,202405040000,14.0,26.0
202404261800,202405050000,16.0,26.0
202404261800,202405060000,15.0,23.0
202404270600,202404300000,15.0,22.0
202404270600,202405010000,12.0,22.0
202404270600,202405020000,12.0,24.0
202404270600,202405030000,13.0,25.0
202404270600,202405040000,14.0,27.0
202404270600,202405050000,16.0,26.0
202404270600,202405060000,15.0,23.0
202404270600,202405070000,15.0,23.0
202404271800,202404300000,14.0,22.0
202404271800,202405010000,12.0,23.0
202404271800,202405020000,12.0,25.0
202404271800,202405030000,13.0,26.0
202404271800,202405040000,15.0,28.0
202404271800,202405050000,15.0,25.0
202404271800,202405060000,15.0,22.0
202404271800,202405070000,14.0,23.0
202404280600,202405010000,12.0,23.0
202404280600,202405020000,12.0,25.0
202404280600,202405030000,13.0,26.0
202404280600,202405040000,15.0,28.0
202404280600,202405050000,15.0,25.0
202404280600,202405060000,15.0,22.0
202404280600,202405070000,14.0,23.0
202404280600,202405080000,14.0,25.0
202404281800,202405010000,12.0,23.0
202404281800,202405020000,13.0,25.0
202404281800,202405030000,13.0,26.0
202404281800,202405040000,15.0,29.0
202404281800,202405050000,16.0,24.0
202404281800,202405060000,15.0,20.0
202404281800,202405070000,15.0,22.0
202404281800,202405080000,14.0,24.0
202404290600,202405020000,13.0,25.0
202404290600,202405030000,13.0,26.0
202404290600,202405040000,15.0,29.0
202404290600,202405050000,16.0,25.0
202404290600,202405060000,15.0,20.0
202404290600,202405070000,15.0,22.0
202404290600,202405080000,14.0,24.0
202404290600,202405090000,14.0,24.0
202404291800,202405020000,12.0,25.0
202404291800,202405030000,13.0,28.0
202404291800,202405040000,15.0,29.0
202404291800,202405050000,15.0,27.0
202404291800,202405060000,16.0,20.0
202404291800,202405070000,15.0,21.0
202404291800,202405080000,14.0,23.0
202404291800,202405090000,14.0,24.0
202404300600,202405030000,13.0,28.0
202404300600,202405040000,15.0,29.0
202404300600,202405050000,15.0,27.0
202404300600,202405060000,16.0,20.0
202404300600,202405070000,14.0,20.0
202404300600,202405080000,13.0,22.0
202404300600,202405090000,14.0,23.0
202404300600,202405100000,14.0,24.0
202404301800,202405030000,13.0,28.0
202404301800,202405040000,13.0,29.0
202404301800,202405050000,15.0,27.0
202404301800,202405060000,16.0,20.0
202404301800,202405070000,14.0,20.0
202404301800,202405080000,13.0,22.0
202404301800,202405090000,14.0,23.0
202404301800,202405100000,14.0,24.0
202405010600,202405040000,14.0,29.0
202405010600,202405050000,15.0,26.0
202405010600,202405060000,16.0,21.0
202405010600,202405070000,14.0,20.0
202405010600,202405080000,13.0,21.0
202405010600,202405090000,13.0,24.0
202405010600,202405100000,14.0,24.0
202405010600,202405110000,14.0,24.0
202405011800,202405040000,14.0,29.0
202405011800,202405050000,16.0,24.0
202405011800,202405060000,16.0,21.0
202405011800,202405070000,14.0,20.0
202405011800,202405080000,13.0,21.0
202405011800,202405090000,13.0,24.0
202405011800,202405100000,14.0,24.0
202405011800,202405110000,14.0,24.0
202405020600,202405050000,16.0,23.0
202405020600,202405060000,16.0,20.0
202405020600,202405070000,13.0,20.0
202405020600,202405080000,13.0,21.0
202405020600,202405090000,13.0,23.0
202405020600,202405100000,14.0,24.0
202405020600,202405110000,14.0,24.0
202405020600,202405120000,15.0,23.0
202405021800,202405050000,16.0,22.0
202405021800,202405060000,16.0,19.0
202405021800,202405070000,13.0,19.0
202405021800,202405080000,12.0,21.0
202405021800,202405090000,13.0,23.0
202405021800,202405100000,14.0,24.0
202405021800,202405110000,14.0,24.0
202405021800,202405120000,14.0,23.0
202405030600,202405060000,15.0,18.0
202405030600,202405070000,13.0,19.0
202405030600,202405080000,12.0,21.0
202405030600,202405090000,13.0,23.0
202405030600,202405100000,14.0,24.0
202405030600,202405110000,14.0,24.0
202405030600,202405120000,14.0,23.0
202405030600,202405130000,14.0,24.0
202405031800,202405060000,15.0,18.0
202405031800,202405070000,13.0,18.0
202405031800,202405080000,12.0,21.0
202405031800,202405090000,12.0,23.0
202405031800,202405100000,14.0,24.0
202405031800,202405110000,14.0,23.0
202405031800,202405120000,15.0,23.0
202405031800,202405130000,15.0,24.0
202405040600,202405070000,13.0,18.0
202405040600,202405080000,12.0,21.0
202405040600,202405090000,12.0,23.0
202405040600,202405100000,14.0,24.0
202405040600,202405110000,14.0,23.0
202405040600,202405120000,15.0,23.0
202405040600,202405130000,15.0,24.0
202405040600,202405140000,15.0,25.0
202405041800,202405070000,,
202405041800,202405070000,,
202405041800,202405070000,,
202405041800,202405070000,,
202405041800,202405080000,12.0,21.0
202405041800,202405090000,12.0,23.0
202405041800,202405100000,14.0,24.0
202405041800,202405110000,14.0,23.0
202405041800,202405120000,15.0,23.0
202405041800,202405130000,15.0,24.0
202405041800,202405140000,15.0,25.0
202405050600,202405080000,12.0,21.0
202405050600,202405090000,12.0,23.0
202405050600,202405100000,14.0,24.0
202405050600,202405110000,14.0,23.0
202405050600,202405120000,15.0,23.0
202405050600,202405130000,15.0,24.0
202405050600,202405140000,15.0,25.0
202405050600,202405150000,15.0,26.0
202405051800,202405080000,11.0,20.0
202405051800,202405090000,12.0,23.0
202405051800,202405100000,14.0,24.0
202405051800,202405110000,14.0,23.0
202405051800,202405120000,15.0,23.0
202405051800,202405130000,15.0,24.0
202405051800,202405140000,15.0,25.0
202405051800,202405150000,15.0,25.0
202405060600,202405090000,12.0,22.0
202405060600,202405100000,13.0,24.0
202405060600,202405110000,14.0,22.0
202405060600,202405120000,14.0,24.0
202405060600,202405130000,14.0,25.0
202405060600,202405140000,15.0,26.0
202405060600,202405150000,15.0,25.0
202405060600,202405160000,16.0,25.0
202405061800,202405090000,12.0,22.0
202405061800,202405100000,13.0,24.0
202405061800,202405110000,14.0,22.0
202405061800,202405120000,14.0,24.0
202405061800,202405130000,14.0,25.0
202405061800,202405140000,15.0,26.0
202405061800,202405150000,15.0,25.0
202405061800,202405160000,16.0,25.0
202405070600,202405100000,13.0,23.0
202405070600,202405110000,14.0,22.0
202405070600,202405120000,15.0,24.0
202405070600,202405130000,13.0,24.0
202405070600,202405140000,14.0,25.0
202405070600,202405150000,15.0,25.0
202405070600,202405160000,16.0,26.0
202405070600,202405170000,16.0,25.0
202405071800,202405100000,13.0,23.0
202405071800,202405110000,14.0,22.0
202405071800,202405120000,15.0,24.0
202405071800,202405130000,13.0,24.0
202405071800,202405140000,14.0,25.0
202405071800,202405150000,15.0,25.0
202405071800,202405160000,16.0,26.0
202405071800,202405170000,16.0,25.0
202405080600,202405110000,14.0,21.0
202405080600,202405120000,14.0,23.0
202405080600,202405130000,13.0,24.0
202405080600,202405140000,14.0,25.0
202405080600,202405150000,14.0,25.0
202405080600,202405160000,14.0,25.0
202405080600,202405170000,15.0,25.0
202405080600,202405180000,15.0,25.0
202405081800,202405110000,15.0,21.0
202405081800,202405120000,13.0,23.0
202405081800,202405130000,12.0,23.0
202405081800,202405140000,14.0,24.0
202405081800,202405150000,14.0,25.0
202405081800,202405160000,15.0,25.0
202405081800,202405170000,15.0,26.0
202405081800,202405180000,15.0,25.0
202405090600,202405120000,13.0,23.0
202405090600,202405130000,12.0,23.0
202405090600,202405140000,14.0,24.0
202405090600,202405150000,14.0,25.0
202405090600,202405160000,15.0,25.0
202405090600,202405170000,15.0,26.0
202405090600,202405180000,15.0,25.0
202405090600,202405190000,16.0,26.0
202405091800,202405120000,13.0,22.0
202405091800,202405130000,12.0,23.0
202405091800,202405140000,13.0,24.0
202405091800,202405150000,14.0,24.0
202405091800,202405160000,14.0,25.0
202405091800,202405170000,14.0,25.0
202405091800,202405180000,15.0,25.0
202405091800,202405190000,16.0,26.0
202405100600,202405130000,12.0,24.0
202405100600,202405140000,13.0,24.0
202405100600,202405150000,14.0,24.0
202405100600,202405160000,14.0,25.0
202405100600,202405170000,14.0,25.0
202405100600,202405180000,15.0,25.0
202405100600,202405190000,16.0,26.0
202405100600,202405200000,17.0,27.0
202405101800,202405130000,12.0,23.0
202405101800,202405140000,13.0,24.0
202405101800,202405150000,14.0,23.0
202405101800,202405160000,13.0,24.0
202405101800,202405170000,14.0,24.0
202405101800,202405180000,15.0,25.0
202405101800,202405190000,17.0,27.0
202405101800,202405200000,17.0,27.0
202405110600,202405140000,13.0,24.0
202405110600,202405150000,14.0,23.0
202405110600,202405160000,13.0,24.0
202405110600,202405170000,14.0,24.0
202405110600,202405180000,15.0,25.0
202405110600,202405190000,17.0,27.0
202405110600,202405200000,17.0,27.0
202405110600,202405210000,17.0,26.0
202405111800,202405140000,13.0,24.0
202405111800,202405150000,12.0,22.0
202405111800,202405160000,13.0,23.0
202405111800,202405170000,14.0,24.0
202405111800,202405180000,15.0,25.0
202405111800,202405190000,17.0,27.0
202405111800,202405200000,17.0,27.0
202405111800,202405210000,17.0,26.0
202405120600,202405150000,14.0,21.0
202405120600,202405160000,12.0,21.0
202405120600,202405170000,13.0,24.0
202405120600,202405180000,14.0,25.0
202405120600,202405190000,15.0,26.0
202405120600,202405200000,16.0,26.0
202405120600,202405210000,16.0,26.0
202405120600,202405220000,17.0,26.0
202405121800,202405150000,14.0,20.0
202405121800,202405160000,10.0,21.0
202405121800,202405170000,13.0,24.0
202405121800,202405180000,14.0,25.0
202405121800,202405190000,15.0,26.0
202405121800,202405200000,16.0,26.0
202405121800,202405210000,16.0,26.0
202405121800,202405220000,17.0,26.0
202405130600,202405160000,10.0,20.0
202405130600,202405170000,13.0,24.0
202405130600,202405180000,14.0,25.0
202405130600,202405190000,16.0,27.0
202405130600,202405200000,16.0,27.0
202405130600,202405210000,17.0,27.0
202405130600,202405220000,17.0,28.0
202405130600,202405230000,17.0,26.0
202405131800,202405160000,9.0,21.0
202405131800,202405170000,13.0,24.0
202405131800,202405180000,14.0,25.0
202405131800,202405190000,16.0,27.0
202405131800,202405200000,16.0,27.0
202405131800,202405210000,17.0,27.0
202405131800,202405220000,17.0,28.0
202405131800,202405230000,17.0,26.0
202405140600,202405170000,13.0,24.0
202405140600,202405180000,15.0,26.0
202405140600,202405190000,16.0,27.0
202405140600,202405200000,17.0,28.0
202405140600,202405210000,17.0,28.0
202405140600,202405220000,17.0,27.0
202405140600,202405230000,17.0,27.0
202405140600,202405240000,17.0,25.0
202405141800,202405170000,13.0,24.0
202405141800,202405180000,14.0,26.0
202405141800,202405190000,16.0,27.0
202405141800,202405200000,17.0,27.0
202405141800,202405210000,16.0,28.0
202405141800,202405220000,17.0,27.0
202405141800,202405230000,17.0,26.0
202405141800,202405240000,16.0,27.0
202405150600,202405180000,14.0,26.0
202405150600,202405190000,16.0,27.0
202405150600,202405200000,17.0,27.0
202405150600,202405210000,16.0,28.0
202405150600,202405220000,17.0,27.0
202405150600,202405230000,17.0,26.0
202405150600,202405240000,16.0,27.0
202405150600,202405250000,18.0,27.0
202405151800,202405180000,15.0,26.0
202405151800,202405190000,16.0,28.0
202405151800,202405200000,16.0,28.0
202405151800,202405210000,17.0,28.0
202405151800,202405220000,17.0,28.0
202405151800,202405230000,17.0,27.0
202405151800,202405240000,17.0,27.0
202405151800,202405250000,17.0,26.0
202405160600,202405190000,15.0,28.0
202405160600,202405200000,16.0,28.0
202405160600,202405210000,16.0,28.0
202405160600,202405220000,17.0,28.0
202405160600,202405230000,17.0,27.0
202405160600,202405240000,17.0,26.0
202405160600,202405250000,17.0,26.0
202405160600,202405260000,17.0,26.0
202405161800,202405190000,16.0,28.0
202405161800,202405200000,15.0,28.0
202405161800,202405210000,16.0,27.0
202405161800,202405220000,17.0,27.0
202405161800,202405230000,17.0,27.0
202405161800,202405240000,17.0,27.0
202405161800,202405250000,17.0,26.0
202405161800,202405260000,16.0,27.0
202405170600,202405200000,16.0,27.0
202405170600,202405210000,16.0,28.0
202405170600,202405220000,17.0,27.0
202405170600,202405230000,17.0,27.0
202405170600,202405240000,17.0,27.0
202405170600,202405250000,17.0,26.0
202405170600,202405260000,16.0,27.0
202405170600,202405270000,17.0,26.0
202405171800,202405200000,16.0,26.0
202405171800,202405210000,16.0,27.0
202405171800,202405220000,17.0,27.0
202405171800,202405230000,16.0,27.0
202405171800,202405240000,17.0,27.0
202405171800,202405250000,17.0,27.0
202405171800,202405260000,17.0,27.0
202405171800,202405270000,17.0,26.0
202405180600,202405210000,16.0,27.0
202405180600,202405220000,16.0,27.0
202405180600,202405230000,16.0,27.0
202405180600,202405240000,17.0,27.0
202405180600,202405250000,16.0,26.0
202405180600,202405260000,17.0,27.0
202405180600,202405270000,17.0,26.0
202405180600,202405280000,17.0,25.0
202405181800,202405210000,16.0,28.0
202405181800,202405220000,16.0,27.0
202405181800,202405230000,16.0,27.0
202405181800,202405240000,17.0,27.0
202405181800,202405250000,16.0,26.0
202405181800,202405260000,17.0,26.0
202405181800,202405270000,17.0,26.0
202405181800,202405280000,17.0,25.0
202405190600,202405220000,16.0,27.0
202405190600,202405230000,16.0,27.0
202405190600,202405240000,16.0,27.0
202405190600,202405250000,17.0,26.0
202405190600,202405260000,17.0,25.0
202405190600,202405270000,16.0,26.0
202405190600,202405280000,16.0,24.0
202405190600,202405290000,18.0,25.0
202405191800,202405220000,16.0,27.0
202405191800,202405230000,15.0,27.0
202405191800,202405240000,16.0,27.0
202405191800,202405250000,17.0,26.0
202405191800,202405260000,17.0,26.0
202405191800,202405270000,17.0,26.0
202405191800,202405280000,16.0,25.0
202405191800,202405290000,17.0,26.0
202405200600,202405230000,16.0,27.0
202405200600,202405240000,16.0,26.0
202405200600,202405250000,17.0,27.0
202405200600,202405260000,17.0,25.0
202405200600,202405270000,16.0,25.0
202405200600,202405280000,15.0,26.0
202405200600,202405290000,16.0,25.0
202405200600,202405300000,17.0,24.0
202405201800,202405230000,16.0,27.0
202405201800,202405240000,16.0,27.0
202405201800,202405250000,17.0,26.0
202405201800,202405260000,17.0,25.0
202405201800,202405270000,16.0,24.0
202405201800,202405280000,15.0,26.0
202405201800,202405290000,16.0,26.0
202405201800,202405300000,17.0,26.0
202405210600,202405240000,16.0,26.0
202405210600,202405250000,17.0,26.0
202405210600,202405260000,17.0,25.0
202405210600,202405270000,16.0,24.0
202405210600,202405280000,15.0,25.0
202405210600,202405290000,16.0,26.0
202405210600,202405300000,16.0,25.0
202405210600,202405310000,16.0,25.0
202405211800,202405240000,16.0,26.0
202405211800,202405250000,17.0,27.0
202405211800,202405260000,18.0,26.0
202405211800,202405270000,17.0,24.0
202405211800,202405280000,15.0,26.0
202405211800,202405290000,16.0,27.0
202405211800,202405300000,17.0,26.0
202405211800,202405310000,17.0,26.0
202405220600,202405250000,17.0,26.0
202405220600,202405260000,17.0,25.0
202405220600,202405270000,17.0,23.0
202405220600,202405280000,15.0,25.0
202405220600,202405290000,16.0,27.0
202405220600,202405300000,16.0,26.0
202405220600,202405310000,16.0,26.0
202405220600,202406010000,16.0,25.0
202405221800,202405250000,17.0,25.0
202405221800,202405260000,17.0,25.0
202405221800,202405270000,17.0,23.0
202405221800,202405280000,15.0,25.0
202405221800,202405290000,16.0,27.0
202405221800,202405300000,17.0,25.0
202405221800,202405310000,16.0,26.0
202405221800,202406010000,17.0,26.0
202405230600,202405260000,17.0,25.0
202405230600,202405270000,17.0,23.0
202405230600,202405280000,15.0,25.0
202405230600,202405290000,16.0,27.0
202405230600,202405300000,17.0,26.0
202405230600,202405310000,17.0,26.0
202405230600,202406010000,17.0,26.0
202405230600,202406020000,17.0,27.0
202405231800,202405260000,17.0,25.0
202405231800,202405270000,16.0,22.0
202405231800,202405280000,14.0,24.0
202405231800,202405290000,16.0,27.0
202405231800,202405300000,17.0,26.0
202405231800,202405310000,17.0,26.0
202405231800,202406010000,17.0,27.0
202405231800,202406020000,18.0,27.0
202405240600,202405270000,15.0,21.0
202405240600,202405280000,14.0,23.0
202405240600,202405290000,15.0,26.0
202405240600,202405300000,18.0,26.0
202405240600,202405310000,17.0,25.0
202405240600,202406010000,16.0,26.0
202405240600,202406020000,17.0,26.0
202405240600,202406030000,17.0,27.0
202405241800,202405270000,15.0,21.0
202405241800,202405280000,14.0,23.0
202405241800,202405290000,15.0,26.0
202405241800,202405300000,18.0,26.0
202405241800,202405310000,17.0,25.0
202405241800,202406010000,16.0,26.0
202405241800,202406020000,17.0,26.0
202405241800,202406030000,17.0,27.0
202405250600,202405280000,14.0,25.0
202405250600,202405290000,16.0,26.0
202405250600,202405300000,17.0,26.0
202405250600,202405310000,17.0,26.0
202405250600,202406010000,16.0,25.0
202405250600,202406020000,15.0,27.0
202405250600,202406030000,17.0,27.0
202405250600,202406040000,17.0,26.0
202405251800,202405280000,14.0,25.0
202405251800,202405290000,16.0,26.0
202405251800,202405300000,17.0,25.0
202405251800,202405310000,17.0,26.0
202405251800,202406010000,16.0,25.0
202405251800,202406020000,16.0,26.0
202405251800,202406030000,17.0,27.0
202405251800,202406040000,17.0,27.0
202405260600,202405290000,16.0,26.0
202405260600,202405300000,17.0,25.0
202405260600,202405310000,17.0,26.0
202405260600,202406010000,16.0,26.0
202405260600,202406020000,16.0,26.0
202405260600,202406030000,16.0,27.0
202405260600,202406040000,17.0,27.0
202405260600,202406050000,17.0,27.0
202405261800,202405290000,16.0,26.0
202405261800,202405300000,16.0,26.0
202405261800,202405310000,17.0,25.0
202405261800,202406010000,16.0,25.0
202405261800,202406020000,16.0,25.0
202405261800,202406030000,16.0,26.0
202405261800,202406040000,17.0,26.0
202405261800,202406050000,17.0,27.0
202405270600,202405300000,17.0,25.0
202405270600,202405310000,16.0,25.0
202405270600,202406010000,16.0,25.0
202405270600,202406020000,15.0,26.0
202405270600,202406030000,16.0,26.0
202405270600,202406040000,17.0,27.0
202405270600,202406050000,17.0,27.0
202405270600,202406060000,18.0,27.0
202405271800,202405300000,17.0,25.0
202405271800,202405310000,17.0,26.0
202405271800,202406010000,16.0,25.0
202405271800,202406020000,15.0,26.0
202405271800,202406030000,16.0,26.0
202405271800,202406040000,17.0,27.0
202405271800,202406050000,17.0,27.0
202405271800,202406060000,18.0,27.0
202405280600,202405310000,18.0,26.0
202405280600,202406010000,16.0,25.0
202405280600,202406020000,15.0,25.0
202405280600,202406030000,16.0,27.0
202405280600,202406040000,17.0,26.0
202405280600,202406050000,17.0,27.0
202405280600,202406060000,18.0,28.0
202405280600,202406070000,18.0,28.0
202405281800,202405310000,18.0,26.0
202405281800,202406010000,16.0,24.0
202405281800,202406020000,15.0,25.0
202405281800,202406030000,16.0,26.0
202405281800,202406040000,17.0,27.0
202405281800,202406050000,17.0,27.0
202405281800,202406060000,18.0,28.0
202405281800,202406070000,18.0,28.0
202405290600,202406010000,16.0,25.0
202405290600,202406020000,15.0,25.0
202405290600,202406030000,15.0,26.0
202405290600,202406040000,17.0,26.0
202405290600,202406050000,17.0,27.0
202405290600,202406060000,17.0,27.0
202405290600,202406070000,18.0,27.0
202405290600,202406080000,18.0,28.0
202405291800,202406010000,16.0,25.0
202405291800,202406020000,15.0,25.0
202405291800,202406030000,16.0,26.0
202405291800,202406040000,17.0,27.0
202405291800,202406050000,17.0,27.0
202405291800,202406060000,18.0,27.0
202405291800,202406070000,17.0,28.0
202405291800,202406080000,18.0,28.0
202405300600,202406020000,15.0,25.0
202405300600,202406030000,16.0,26.0
202405300600,202406040000,16.0,27.0
202405300600,202406050000,17.0,27.0
202405300600,202406060000,17.0,28.0
202405300600,202406070000,17.0,28.0
202405300600,202406080000,18.0,28.0
202405300600,202406090000,19.0,29.0
202405301800,202406020000,15.0,25.0
202405301800,202406030000,15.0,26.0
202405301800,202406040000,17.0,28.0
202405301800,202406050000,17.0,27.0
202405301800,202406060000,18.0,28.0
202405301800,202406070000,17.0,27.0
202405301800,202406080000,18.0,28.0
202405301800,202406090000,18.0,28.0
202405310600,202406030000,16.0,27.0
202405310600,202406040000,17.0,28.0
202405310600,202406050000,18.0,28.0
202405310600,202406060000,18.0,28.0
202405310600,202406070000,18.0,27.0
202405310600,202406080000,18.0,28.0
202405310600,202406090000,18.0,28.0
202405310600,202406100000,19.0,27.0
202405311800,202406030000,16.0,27.0
202405311800,202406040000,16.0,29.0
202405311800,202406050000,18.0,29.0
202405311800,202406060000,18.0,28.0
202405311800,202406070000,18.0,27.0
202405311800,202406080000,17.0,27.0
202405311800,202406090000,18.0,27.0
202405311800,202406100000,19.0,28.0
202406010600,202406040000,16.0,28.0
202406010600,202406050000,18.0,29.0
202406010600,202406060000,18.0,28.0
202406010600,202406070000,18.0,28.0
202406010600,202406080000,18.0,27.0
202406010600,202406090000,18.0,27.0
202406010600,202406100000,19.0,28.0
202406010600,202406110000,19.0,28.0
202406011800,202406040000,17.0,28.0
202406011800,202406050000,18.0,29.0
202406011800,202406060000,18.0,28.0
202406011800,202406070000,18.0,28.0
202406011800,202406080000,18.0,27.0
202406011800,202406090000,18.0,27.0
202406011800,202406100000,19.0,28.0
202406011800,202406110000,19.0,28.0
202406020600,202406050000,18.0,29.0
202406020600,202406060000,19.0,29.0
202406020600,202406070000,18.0,28.0
202406020600,202406080000,18.0,28.0
202406020600,202406090000,19.0,27.0
202406020600,202406100000,19.0,28.0
202406020600,202406110000,20.0,28.0
202406020600,202406120000,20.0,28.0
202406021800,202406050000,18.0,29.0
202406021800,202406060000,19.0,29.0
202406021800,202406070000,18.0,28.0
202406021800,202406080000,19.0,28.0
202406021800,202406090000,19.0,27.0
202406021800,202406100000,19.0,28.0
202406021800,202406110000,20.0,28.0
202406021800,202406120000,19.0,28.0
202406030600,202406060000,19.0,29.0
202406030600,202406070000,19.0,28.0
202406030600,202406080000,18.0,27.0
202406030600,202406090000,19.0,27.0
202406030600,202406100000,19.0,28.0
202406030600,202406110000,19.0,28.0
202406030600,202406120000,19.0,28.0
202406030600,202406130000,19.0,28.0
202406031800,202406060000,19.0,30.0
202406031800,202406070000,18.0,28.0
202406031800,202406080000,18.0,27.0
202406031800,202406090000,19.0,27.0
202406031800,202406100000,19.0,28.0
202406031800,202406110000,19.0,28.0
202406031800,202406120000,19.0,28.0
202406031800,202406130000,20.0,28.0
202406040600,202406070000,18.0,28.0
202406040600,202406080000,18.0,27.0
202406040600,202406090000,19.0,27.0
202406040600,202406100000,19.0,28.0
202406040600,202406110000,19.0,28.0
202406040600,202406120000,19.0,28.0
202406040600,202406130000,20.0,28.0
202406040600,202406140000,20.0,28.0
202406041800,202406070000,18.0,28.0
202406041800,202406080000,18.0,27.0
202406041800,202406090000,19.0,28.0
202406041800,202406100000,19.0,28.0
202406041800,202406110000,19.0,28.0
202406041800,202406120000,19.0,28.0
202406041800,202406130000,20.0,29.0
202406041800,202406140000,20.0,28.0
202406050600,202406080000,18.0,26.0
202406050600,202406090000,18.0,28.0
202406050600,202406100000,19.0,28.0
202406050600,202406110000,19.0,29.0
202406050600,202406120000,19.0,28.0
202406050600,202406130000,20.0,29.0
202406050600,202406140000,20.0,29.0
202406050600,202406150000,20.0,29.0
202406051800,202406080000,19.0,25.0
202406051800,202406090000,18.0,28.0
202406051800,202406100000,19.0,28.0
202406051800,202406110000,19.0,29.0
202406051800,202406120000,20.0,29.0
202406051800,202406130000,20.0,29.0
202406051800,202406140000,20.0,30.0
202406051800,202406150000,20.0,29.0
202406060600,202406090000,18.0,29.0
202406060600,202406100000,19.0,29.0
202406060600,202406110000,19.0,29.0
202406060600,202406120000,20.0,29.0
202406060600,202406130000,20.0,30.0
202406060600,202406140000,20.0,30.0
202406060600,202406150000,20.0,30.0
202406060600,202406160000,21.0,30.0
202406061800,202406090000,19.0,29.0
202406061800,202406100000,19.0,29.0
202406061800,202406110000,20.0,30.0
202406061800,202406120000,20.0,30.0
202406061800,202406130000,20.0,30.0
202406061800,202406140000,20.0,29.0
202406061800,202406150000,20.0,30.0
202406061800,202406160000,21.0,30.0
202406070600,202406100000,19.0,29.0
202406070600,202406110000,20.0,30.0
202406070600,202406120000,20.0,29.0
202406070600,202406130000,20.0,30.0
202406070600,202406140000,20.0,29.0
202406070600,202406150000,20.0,30.0
202406070600,202406160000,21.0,30.0
202406070600,202406170000,21.0,29.0
202406071800,202406100000,19.0,29.0
202406071800,202406110000,20.0,31.0
202406071800,202406120000,21.0,30.0
202406071800,202406130000,20.0,30.0
202406071800,202406140000,21.0,30.0
202406071800,202406150000,21.0,30.0
202406071800,202406160000,21.0,30.0
202406071800,202406170000,21.0,29.0
202406080600,202406110000,20.0,31.0
202406080600,202406120000,21.0,30.0
202406080600,202406130000,20.0,30.0
202406080600,202406140000,21.0,30.0
202406080600,202406150000,21.0,30.0
202406080600,202406160000,21.0,30.0
202406080600,202406170000,21.0,29.0
202406080600,202406180000,21.0,30.0
202406081800,202406110000,20.0,32.0
202406081800,202406120000,20.0,30.0
202406081800,202406130000,20.0,31.0
202406081800,202406140000,21.0,31.0
202406081800,202406150000,21.0,30.0
202406081800,202406160000,21.0,29.0
202406081800,202406170000,21.0,29.0
202406081800,202406180000,21.0,29.0
202406090600,202406120000,20.0,30.0
202406090600,202406130000,20.0,31.0
202406090600,202406140000,21.0,31.0
202406090600,202406150000,21.0,30.0
202406090600,202406160000,21.0,29.0
202406090600,202406170000,21.0,29.0
202406090600,202406180000,21.0,29.0
202406090600,202406190000,21.0,28.0
202406091800,202406120000,20.0,31.0
202406091800,202406130000,20.0,31.0
202406091800,202406140000,21.0,31.0
202406091800,202406150000,21.0,30.0
202406091800,202406160000,20.0,29.0
202406091800,202406170000,20.0,29.0
202406091800,202406180000,20.0,30.0
202406091800,202406190000,21.0,29.0
202406100600,202406130000,20.0,32.0
202406100600,202406140000,21.0,32.0
202406100600,202406150000,21.0,30.0
202406100600,202406160000,20.0,29.0
202406100600,202406170000,19.0,29.0
202406100600,202406180000,20.0,30.0
202406100600,202406190000,21.0,29.0
202406100600,202406200000,21.0,28.0
202406101800,202406130000,20.0,32.0
202406101800,202406140000,20.0,33.0
202406101800,202406150000,21.0,30.0
202406101800,202406160000,20.0,29.0
202406101800,202406170000,19.0,29.0
202406101800,202406180000,20.0,30.0
202406101800,202406190000,21.0,29.0
202406101800,202406200000,21.0,28.0
202406110600,202406140000,20.0,32.0
202406110600,202406150000,21.0,31.0
202406110600,202406160000,20.0,29.0
202406110600,202406170000,19.0,29.0
202406110600,202406180000,20.0,29.0
202406110600,202406190000,21.0,29.0
202406110600,202406200000,21.0,29.0
202406110600,202406210000,21.0,27.0
202406111800,202406140000,21.0,31.0
202406111800,202406150000,21.0,31.0
202406111800,202406160000,20.0,29.0
202406111800,202406170000,19.0,29.0
202406111800,202406180000,20.0,29.0
202406111800,202406190000,20.0,30.0
202406111800,202406200000,21.0,29.0
202406111800,202406210000,20.0,28.0
202406120600,202406150000,21.0,29.0
202406120600,202406160000,19.0,29.0
202406120600,202406170000,19.0,29.0
202406120600,202406180000,20.0,30.0
202406120600,202406190000,20.0,30.0
202406120600,202406200000,21.0,30.0
202406120600,202406210000,21.0,30.0
202406120600,202406220000,20.0,29.0
202406121800,202406150000,20.0,28.0
202406121800,202406160000,19.0,29.0
202406121800,202406170000,19.0,29.0
202406121800,202406180000,20.0,30.0
202406121800,202406190000,20.0,30.0
202406121800,202406200000,21.0,30.0
202406121800,202406210000,21.0,29.0
202406121800,202406220000,21.0,29.0
202406130600,202406160000,19.0,29.0
202406130600,202406170000,19.0,29.0
202406130600,202406180000,20.0,31.0
202406130600,202406190000,20.0,31.0
202406130600,202406200000,21.0,30.0
202406130600,202406210000,21.0,29.0
202406130600,202406220000,21.0,29.0
202406130600,202406230000,21.0,29.0
202406131800,202406160000,19.0,30.0
202406131800,202406170000,19.0,30.0
202406131800,202406180000,20.0,31.0
202406131800,202406190000,21.0,32.0
202406131800,202406200000,21.0,30.0
202406131800,202406210000,21.0,29.0
202406131800,202406220000,21.0,29.0
202406131800,202406230000,21.0,28.0
202406140600,202406170000,19.0,30.0
202406140600,202406180000,20.0,32.0
202406140600,202406190000,21.0,32.0
202406140600,202406200000,21.0,30.0
202406140600,202406210000,21.0,29.0
202406140600,202406220000,21.0,29.0
202406140600,202406230000,21.0,29.0
202406140600,202406240000,21.0,28.0
202406141800,202406170000,19.0,31.0
202406141800,202406180000,20.0,32.0
202406141800,202406190000,21.0,33.0
202406141800,202406200000,22.0,31.0
202406141800,202406210000,22.0,31.0
202406141800,202406220000,21.0,30.0
202406141800,202406230000,21.0,29.0
202406141800,202406240000,21.0,28.0
202406150600,202406180000,20.0,32.0
202406150600,202406190000,21.0,33.0
202406150600,202406200000,22.0,31.0
202406150600,202406210000,22.0,30.0
202406150600,202406220000,22.0,30.0
202406150600,202406230000,21.0,30.0
202406150600,202406240000,21.0,29.0
202406150600,202406250000,20.0,29.0
202406151800,202406180000,20.0,32.0
202406151800,202406190000,21.0,33.0
202406151800,202406200000,22.0,31.0
202406151800,202406210000,22.0,30.0
202406151800,202406220000,22.0,31.0
202406151800,202406230000,21.0,31.0
202406151800,202406240000,20.0,28.0
202406151800,202406250000,20.0,28.0
202406160600,202406190000,20.0,33.0
202406160600,202406200000,22.0,31.0
202406160600,202406210000,22.0,30.0
202406160600,202406220000,22.0,31.0
202406160600,202406230000,21.0,31.0
202406160600,202406240000,20.0,28.0
202406160600,202406250000,20.0,28.0
202406160600,202406260000,21.0,28.0
202406161800,202406190000,21.0,34.0
202406161800,202406200000,22.0,32.0
202406161800,202406210000,22.0,30.0
202406161800,202406220000,21.0,30.0
202406161800,202406230000,21.0,29.0
202406161800,202406240000,20.0,28.0
202406161800,202406250000,21.0,28.0
202406161800,202406260000,21.0,29.0
202406170600,202406200000,22.0,33.0
202406170600,202406210000,21.0,32.0
202406170600,202406220000,22.0,31.0
202406170600,202406230000,21.0,29.0
202406170600,202406240000,20.0,29.0
202406170600,202406250000,20.0,29.0
202406170600,202406260000,21.0,29.0
202406170600,202406270000,21.0,29.0
202406171800,202406200000,23.0,33.0
202406171800,202406210000,22.0,32.0
202406171800,202406220000,22.0,31.0
202406171800,202406230000,21.0,29.0
202406171800,202406240000,20.0,29.0
202406171800,202406250000,20.0,29.0
202406171800,202406260000,21.0,29.0
202406171800,202406270000,21.0,29.0
202406180600,202406210000,22.0,32.0
202406180600,202406220000,22.0,31.0
202406180600,202406230000,22.0,30.0
202406180600,202406240000,21.0,29.0
202406180600,202406250000,21.0,29.0
202406180600,202406260000,21.0,29.0
202406180600,202406270000,21.0,29.0
202406180600,202406280000,21.0,29.0
202406181800,202406210000,23.0,34.0
202406181800,202406220000,22.0,30.0
202406181800,202406230000,22.0,30.0
202406181800,202406240000,21.0,29.0
202406181800,202406250000,21.0,29.0
202406181800,202406260000,21.0,29.0
202406181800,202406270000,21.0,29.0
202406181800,202406280000,21.0,29.0
202406190600,202406220000,23.0,30.0
202406190600,202406230000,22.0,31.0
202406190600,202406240000,21.0,29.0
202406190600,202406250000,21.0,29.0
202406190600,202406260000,21.0,30.0
202406190600,202406270000,21.0,29.0
202406190600,202406280000,21.0,29.0
202406190600,202406290000,22.0,28.0
202406191800,202406220000,23.0,29.0
202406191800,202406230000,22.0,30.0
202406191800,202406240000,21.0,28.0
202406191800,202406250000,21.0,30.0
202406191800,202406260000,21.0,31.0
202406191800,202406270000,21.0,30.0
202406191800,202406280000,22.0,30.0
202406191800,202406290000,22.0,29.0
202406200600,202406230000,22.0,29.0
202406200600,202406240000,21.0,28.0
202406200600,202406250000,21.0,30.0
202406200600,202406260000,21.0,31.0
202406200600,202406270000,21.0,30.0
202406200600,202406280000,22.0,29.0
202406200600,202406290000,22.0,28.0
202406200600,202406300000,22.0,29.0
202406201800,202406230000,22.0,31.0
202406201800,202406240000,21.0,28.0
202406201800,202406250000,20.0,30.0
202406201800,202406260000,21.0,30.0
202406201800,202406270000,21.0,30.0
202406201800,202406280000,22.0,30.0
202406201800,202406290000,22.0,29.0
202406201800,202406300000,22.0,30.0
202406210600,202406240000,21.0,28.0
202406210600,202406250000,20.0,30.0
202406210600,202406260000,21.0,30.0
202406210600,202406270000,21.0,30.0
202406210600,202406280000,22.0,30.0
202406210600,202406290000,22.0,29.0
202406210600,202406300000,22.0,30.0
202406210600,202407010000,22.0,29.0
202406211800,202406240000,20.0,26.0
202406211800,202406250000,19.0,29.0
202406211800,202406260000,20.0,30.0
202406211800,202406270000,21.0,31.0
202406211800,202406280000,22.0,31.0
202406211800,202406290000,22.0,30.0
202406211800,202406300000,23.0,29.0
202406211800,202407010000,22.0,29.0
202406220600,202406250000,19.0,28.0
202406220600,202406260000,20.0,30.0
202406220600,202406270000,21.0,31.0
202406220600,202406280000,22.0,31.0
202406220600,202406290000,22.0,30.0
202406220600,202406300000,23.0,29.0
202406220600,202407010000,22.0,29.0
202406220600,202407020000,22.0,28.0
202406221800,202406250000,19.0,28.0
202406221800,202406260000,19.0,30.0
202406221800,202406270000,21.0,31.0
202406221800,202406280000,22.0,31.0
202406221800,202406290000,22.0,29.0
202406221800,202406300000,23.0,28.0
202406221800,202407010000,22.0,29.0
202406221800,202407020000,23.0,28.0
202406230600,202406260000,19.0,30.0
202406230600,202406270000,21.0,31.0
202406230600,202406280000,22.0,32.0
202406230600,202406290000,22.0,30.0
202406230600,202406300000,23.0,29.0
202406230600,202407010000,22.0,30.0
202406230600,202407020000,23.0,29.0
202406230600,202407030000,23.0,29.0
202406231800,202406260000,19.0,30.0
202406231800,202406270000,20.0,32.0
202406231800,202406280000,22.0,32.0
202406231800,202406290000,22.0,30.0
202406231800,202406300000,23.0,29.0
202406231800,202407010000,22.0,29.0
202406231800,202407020000,23.0,28.0
202406231800,202407030000,23.0,28.0
202406240600,202406270000,21.0,32.0
202406240600,202406280000,22.0,32.0
202406240600,202406290000,22.0,30.0
202406240600,202406300000,23.0,27.0
202406240600,202407010000,22.0,29.0
202406240600,202407020000,23.0,28.0
202406240600,202407030000,23.0,28.0
202406240600,202407040000,23.0,28.0
202406241800,202406270000,21.0,32.0
202406241800,202406280000,22.0,33.0
202406241800,202406290000,22.0,30.0
202406241800,202406300000,23.0,27.0
202406241800,202407010000,22.0,30.0
202406241800,202407020000,23.0,29.0
202406241800,202407030000,23.0,28.0
202406241800,202407040000,23.0,28.0
202406250600,202406280000,22.0,33.0
202406250600,202406290000,22.0,30.0
202406250600,202406300000,23.0,27.0
202406250600,202407010000,22.0,30.0
202406250600,202407020000,23.0,29.0
202406250600,202407030000,23.0,28.0
202406250600,202407040000,23.0,28.0
202406250600,202407050000,23.0,29.0
202406251800,202406280000,22.0,33.0
202406251800,202406290000,22.0,30.0
202406251800,202406300000,24.0,27.0
202406251800,202407010000,22.0,28.0
202406251800,202407020000,23.0,28.0
202406251800,202407030000,23.0,28.0
202406251800,202407040000,23.0,28.0
202406251800,202407050000,23.0,28.0
202406260600,202406290000,22.0,31.0
202406260600,202406300000,24.0,27.0
202406260600,202407010000,23.0,28.0
202406260600,202407020000,23.0,27.0
202406260600,202407030000,23.0,28.0
202406260600,202407040000,23.0,28.0
202406260600,202407050000,23.0,28.0
202406260600,202407060000,23.0,29.0
202406261800,202406290000,23.0,31.0
202406261800,202406300000,23.0,28.0
202406261800,202407010000,23.0,30.0
202406261800,202407020000,23.0,27.0
202406261800,202407030000,23.0,28.0
202406261800,202407040000,23.0,29.0
202406261800,202407050000,23.0,29.0
202406261800,202407060000,23.0,29.0
202406270600,202406300000,23.0,26.0
202406270600,202407010000,22.0,30.0
202406270600,202407020000,23.0,27.0
202406270600,202407030000,23.0,28.0
202406270600,202407040000,23.0,29.0
202406270600,202407050000,23.0,29.0
202406270600,202407060000,23.0,29.0
202406270600,202407070000,23.0,28.0
202406271800,202406300000,23.0,27.0
202406271800,202407010000,23.0,30.0
202406271800,202407020000,23.0,28.0
202406271800,202407030000,23.0,28.0
202406271800,202407040000,23.0,29.0
202406271800,202407050000,23.0,29.0
202406271800,202407060000,23.0,29.0
202406271800,202407070000,23.0,28.0
202406280600,202407010000,22.0,31.0
202406280600,202407020000,23.0,28.0
202406280600,202407030000,23.0,28.0
202406280600,202407040000,23.0,29.0
202406280600,202407050000,23.0,29.0
202406280600,202407060000,23.0,29.0
202406280600,202407070000,23.0,29.0
202406280600,202407080000,22.0,29.0
202406281800,202407010000,23.0,31.0
202406281800,202407020000,23.0,28.0
202406281800,202407030000,23.0,29.0
202406281800,202407040000,23.0,28.0
202406281800,202407050000,23.0,29.0
202406281800,202407060000,23.0,30.0
202406281800,202407070000,23.0,29.0
202406281800,202407080000,23.0,29.0
202406290600,202407020000,23.0,27.0
202406290600,202407030000,23.0,29.0
202406290600,202407040000,22.0,29.0
202406290600,202407050000,22.0,29.0
202406290600,202407060000,23.0,30.0
202406290600,202407070000,23.0,29.0
202406290600,202407080000,23.0,29.0
202406290600,202407090000,23.0,30.0
202406291800,202407020000,24.0,27.0
202406291800,202407030000,23.0,28.0
202406291800,202407040000,22.0,29.0
202406291800,202407050000,22.0,29.0
202406291800,202407060000,23.0,30.0
202406291800,202407070000,23.0,29.0
202406291800,202407080000,23.0,29.0
202406291800,202407090000,23.0,30.0
202406300600,202407030000,22.0,27.0
202406300600,202407040000,22.0,29.0
202406300600,202407050000,22.0,29.0
202406300600,202407060000,23.0,30.0
202406300600,202407070000,23.0,29.0
202406300600,202407080000,23.0,29.0
202406300600,202407090000,23.0,30.0
202406300600,202407100000,22.0,29.0
202406301800,202407030000,23.0,27.0
202406301800,202407040000,22.0,28.0
202406301800,202407050000,22.0,30.0
202406301800,202407060000,23.0,29.0
202406301800,202407070000,23.0,29.0
202406301800,202407080000,23.0,29.0
202406301800,202407090000,23.0,29.0
202406301800,202407100000,22.0,29.0
202407010600,202407040000,22.0,28.0
202407010600,202407050000,22.0,30.0
202407010600,202407060000,23.0,28.0
202407010600,202407070000,23.0,28.0
202407010600,202407080000,23.0,29.0
202407010600,202407090000,23.0,29.0
202407010600,202407100000,22.0,29.0
202407010600,202407110000,23.0,29.0
202407011800,202407040000,22.0,27.0
202407011800,202407050000,21.0,29.0
202407011800,202407060000,23.0,29.0
202407011800,202407070000,24.0,28.0
202407011800,202407080000,23.0,29.0
202407011800,202407090000,23.0,29.0
202407011800,202407100000,22.0,29.0
202407011800,202407110000,22.0,28.0
202407020600,202407050000,23.0,29.0
202407020600,202407060000,23.0,30.0
202407020600,202407070000,24.0,28.0
202407020600,202407080000,23.0,29.0
202407020600,202407090000,23.0,29.0
202407020600,202407100000,23.0,29.0
202407020600,202407110000,22.0,29.0
202407020600,202407120000,23.0,27.0
202407021800,202407050000,23.0,29.0
202407021800,202407060000,23.0,29.0
202407021800,202407070000,24.0,29.0
202407021800,202407080000,24.0,29.0
202407021800,202407090000,23.0,28.0
202407021800,202407100000,23.0,30.0
202407021800,202407110000,23.0,30.0
202407021800,202407120000,23.0,28.0
202407030600,202407060000,24.0,27.0
202407030600,202407070000,23.0,29.0
202407030600,202407080000,24.0,29.0
202407030600,202407090000,23.0,29.0
202407030600,202407100000,23.0,30.0
202407030600,202407110000,23.0,29.0
202407030600,202407120000,23.0,29.0
202407030600,202407130000,23.0,30.0
202407031800,202407060000,24.0,29.0
202407031800,202407070000,23.0,29.0
202407031800,202407080000,24.0,29.0
202407031800,202407090000,23.0,28.0
202407031800,202407100000,23.0,29.0
202407031800,202407110000,23.0,29.0
202407031800,202407120000,23.0,29.0
202407031800,202407130000,23.0,29.0
202407040600,202407070000,23.0,29.0
202407040600,202407080000,24.0,29.0
202407040600,202407090000,24.0,28.0
202407040600,202407100000,23.0,28.0
202407040600,202407110000,22.0,29.0
202407040600,202407120000,23.0,29.0
202407040600,202407130000,23.0,29.0
202407040600,202407140000,23.0,29.0
202407041800,202407070000,23.0,30.0
202407041800,202407080000,24.0,28.0
202407041800,202407090000,23.0,29.0
202407041800,202407100000,23.0,29.0
202407041800,202407110000,22.0,29.0
202407041800,202407120000,23.0,28.0
202407041800,202407130000,23.0,29.0
202407041800,202407140000,23.0,30.0
202407050600,202407080000,24.0,28.0
202407050600,202407090000,23.0,28.0
202407050600,202407100000,23.0,29.0
202407050600,202407110000,22.0,29.0
202407050600,202407120000,23.0,29.0
202407050600,202407130000,24.0,29.0
202407050600,202407140000,24.0,29.0
202407050600,202407150000,24.0,29.0
202407051800,202407080000,24.0,27.0
202407051800,202407090000,23.0,29.0
202407051800,202407100000,23.0,29.0
202407051800,202407110000,22.0,29.0
202407051800,202407120000,23.0,30.0
202407051800,202407130000,23.0,29.0
202407051800,202407140000,23.0,30.0
202407051800,202407150000,24.0,29.0
202407060600,202407090000,24.0,27.0
202407060600,202407100000,23.0,29.0
202407060600,202407110000,22.0,29.0
202407060600,202407120000,23.0,30.0
202407060600,202407130000,23.0,29.0
202407060600,202407140000,23.0,30.0
202407060600,202407150000,24.0,29.0
202407060600,202407160000,24.0,28.0
202407061800,202407090000,24.0,27.0
202407061800,202407100000,23.0,30.0
202407061800,202407110000,23.0,29.0
202407061800,202407120000,23.0,30.0
202407061800,202407130000,23.0,29.0
202407061800,202407140000,23.0,29.0
202407061800,202407150000,23.0,29.0
202407061800,202407160000,24.0,28.0
202407070600,202407100000,23.0,31.0
202407070600,202407110000,22.0,29.0
202407070600,202407120000,22.0,30.0
202407070600,202407130000,23.0,30.0
202407070600,202407140000,23.0,29.0
202407070600,202407150000,24.0,29.0
202407070600,202407160000,23.0,29.0
202407070600,202407170000,23.0,28.0
202407071800,202407100000,23.0,29.0
202407071800,202407110000,22.0,29.0
202407071800,202407120000,22.0,30.0
202407071800,202407130000,23.0,30.0
202407071800,202407140000,23.0,29.0
202407071800,202407150000,24.0,29.0
202407071800,202407160000,23.0,29.0
202407071800,202407170000,23.0,28.0
202407080600,202407110000,23.0,29.0
202407080600,202407120000,22.0,30.0
202407080600,202407130000,23.0,30.0
202407080600,202407140000,23.0,30.0
202407080600,202407150000,23.0,30.0
202407080600,202407160000,23.0,30.0
202407080600,202407170000,23.0,29.0
202407080600,202407180000,24.0,29.0
202407081800,202407110000,23.0,29.0
202407081800,202407120000,22.0,30.0
202407081800,202407130000,23.0,31.0
202407081800,202407140000,23.0,31.0
202407081800,202407150000,23.0,30.0
202407081800,202407160000,23.0,30.0
202407081800,202407170000,23.0,29.0
202407081800,202407180000,24.0,28.0
202407090600,202407120000,22.0,31.0
202407090600,202407130000,24.0,31.0
202407090600,202407140000,23.0,31.0
202407090600,202407150000,23.0,30.0
202407090600,202407160000,23.0,29.0
202407090600,202407170000,24.0,28.0
202407090600,202407180000,24.0,29.0
202407090600,202407190000,24.0,29.0
202407091800,202407120000,23.0,32.0
202407091800,202407130000,24.0,32.0
202407091800,202407140000,23.0,31.0
202407091800,202407150000,23.0,31.0
202407091800,202407160000,23.0,29.0
202407091800,202407170000,24.0,29.0
202407091800,202407180000,24.0,29.0
202407091800,202407190000,24.0,29.0
202407100600,202407130000,23.0,32.0
202407100600,202407140000,24.0,31.0
202407100600,202407150000,23.0,31.0
202407100600,202407160000,23.0,30.0
202407100600,202407170000,24.0,28.0
202407100600,202407180000,24.0,28.0
202407100600,202407190000,24.0,29.0
202407100600,202407200000,24.0,30.0
202407101800,202407130000,24.0,33.0
202407101800,202407140000,24.0,33.0
202407101800,202407150000,24.0,31.0
202407101800,202407160000,24.0,29.0
202407101800,202407170000,24.0,29.0
202407101800,202407180000,24.0,29.0
202407101800,202407190000,24.0,29.0
202407101800,202407200000,24.0,30.0
202407110600,202407140000,24.0,32.0
202407110600,202407150000,24.0,30.0
202407110600,202407160000,24.0,28.0
202407110600,202407170000,24.0,28.0
202407110600,202407180000,24.0,28.0
202407110600,202407190000,24.0,29.0
202407110600,202407200000,24.0,30.0
202407110600,202407210000,24.0,29.0
202407111800,202407140000,24.0,31.0
202407111800,202407150000,24.0,30.0
202407111800,202407160000,24.0,28.0
202407111800,202407170000,24.0,28.0
202407111800,202407180000,24.0,29.0
202407111800,202407190000,24.0,29.0
202407111800,202407200000,24.0,29.0
202407111800,202407210000,24.0,29.0
202407120600,202407150000,24.0,30.0
202407120600,202407160000,24.0,28.0
202407120600,202407170000,24.0,28.0
202407120600,202407180000,24.0,29.0
202407120600,202407190000,24.0,28.0
202407120600,202407200000,24.0,29.0
202407120600,202407210000,24.0,30.0
202407120600,202407220000,25.0,29.0
202407121800,202407150000,24.0,31.0
202407121800,202407160000,24.0,28.0
202407121800,202407170000,24.0,28.0
202407121800,202407180000,25.0,28.0
202407121800,202407190000,24.0,28.0
202407121800,202407200000,25.0,29.0
202407121800,202407210000,25.0,30.0
202407121800,202407220000,25.0,30.0
202407130600,202407160000,24.0,28.0
202407130600,202407170000,24.0,28.0
202407130600,202407180000,24.0,28.0
202407130600,202407190000,25.0,28.0
202407130600,202407200000,25.0,29.0
202407130600,202407210000,25.0,29.0
202407130600,202407220000,25.0,30.0
202407130600,202407230000,25.0,30.0
202407131800,202407160000,24.0,29.0
202407131800,202407170000,24.0,28.0
202407131800,202407180000,24.0,28.0
202407131800,202407190000,24.0,28.0
202407131800,202407200000,24.0,28.0
202407131800,202407210000,25.0,29.0
202407131800,202407220000,25.0,30.0
202407131800,202407230000,25.0,30.0
202407140600,202407170000,24.0,27.0
202407140600,202407180000,24.0,28.0
202407140600,202407190000,24.0,28.0
202407140600,202407200000,24.0,28.0
202407140600,202407210000,25.0,29.0
202407140600,202407220000,25.0,30.0
202407140600,202407230000,25.0,30.0
202407140600,202407240000,25.0,30.0
202407141800,202407170000,24.0,27.0
202407141800,202407180000,24.0,28.0
202407141800,202407190000,24.0,29.0
202407141800,202407200000,25.0,29.0
202407141800,202407210000,25.0,29.0
202407141800,202407220000,25.0,29.0
202407141800,202407230000,25.0,30.0
202407141800,202407240000,25.0,30.0
202407150600,202407180000,24.0,28.0
202407150600,202407190000,24.0,29.0
202407150600,202407200000,24.0,29.0
202407150600,202407210000,25.0,29.0
202407150600,202407220000,25.0,30.0
202407150600,202407230000,25.0,30.0
202407150600,202407240000,25.0,30.0
202407150600,202407250000,25.0,30.0
202407151800,202407180000,24.0,28.0
202407151800,202407190000,24.0,29.0
202407151800,202407200000,24.0,29.0
202407151800,202407210000,25.0,29.0
202407151800,202407220000,25.0,30.0
202407151800,202407230000,25.0,30.0
202407151800,202407240000,25.0,30.0
202407151800,202407250000,25.0,30.0
202407160600,202407190000,24.0,29.0
202407160600,202407200000,24.0,28.0
202407160600,202407210000,24.0,29.0
202407160600,202407220000,25.0,31.0
202407160600,202407230000,25.0,30.0
202407160600,202407240000,25.0,30.0
202407160600,202407250000,25.0,30.0
202407160600,202407260000,25.0,30.0
202407161800,202407190000,24.0,29.0
202407161800,202407200000,24.0,28.0
202407161800,202407210000,24.0,29.0
202407161800,202407220000,25.0,30.0
202407161800,202407230000,25.0,31.0
202407161800,202407240000,25.0,30.0
202407161800,202407250000,25.0,30.0
202407161800,202407260000,25.0,31.0
202407170600,202407200000,25.0,28.0
202407170600,202407210000,25.0,29.0
202407170600,202407220000,25.0,30.0
202407170600,202407230000,25.0,31.0
202407170600,202407240000,25.0,30.0
202407170600,202407250000,25.0,30.0
202407170600,202407260000,25.0,31.0
202407170600,202407270000,25.0,31.0
202407171800,202407200000,25.0,29.0
202407171800,202407210000,25.0,30.0
202407171800,202407220000,26.0,31.0
202407171800,202407230000,26.0,31.0
202407171800,202407240000,25.0,31.0
202407171800,202407250000,25.0,32.0
202407171800,202407260000,26.0,32.0
202407171800,202407270000,25.0,30.0
202407180600,202407210000,25.0,29.0
202407180600,202407220000,26.0,31.0
202407180600,202407230000,26.0,31.0
202407180600,202407240000,25.0,31.0
202407180600,202407250000,25.0,32.0
202407180600,202407260000,26.0,32.0
202407180600,202407270000,25.0,31.0
202407180600,202407280000,26.0,31.0
202407181800,202407210000,24.0,28.0
202407181800,202407220000,25.0,31.0
202407181800,202407230000,26.0,31.0
202407181800,202407240000,25.0,30.0
202407181800,202407250000,25.0,32.0
202407181800,202407260000,26.0,32.0
202407181800,202407270000,26.0,31.0
202407181800,202407280000,26.0,31.0
202407190600,202407220000,25.0,31.0
202407190600,202407230000,26.0,31.0
202407190600,202407240000,25.0,31.0
202407190600,202407250000,26.0,32.0
202407190600,202407260000,26.0,32.0
202407190600,202407270000,26.0,31.0
202407190600,202407280000,26.0,30.0
202407190600,202407290000,26.0,30.0
202407191800,202407220000,25.0,30.0
202407191800,202407230000,25.0,30.0
202407191800,202407240000,26.0,31.0
202407191800,202407250000,26.0,32.0
202407191800,202407260000,26.0,32.0
202407191800,202407270000,26.0,31.0
202407191800,202407280000,26.0,30.0
202407191800,202407290000,26.0,30.0
202407200600,202407230000,25.0,30.0
202407200600,202407240000,26.0,31.0
202407200600,202407250000,25.0,32.0
202407200600,202407260000,26.0,32.0
202407200600,202407270000,26.0,31.0
202407200600,202407280000,26.0,30.0
202407200600,202407290000,25.0,29.0
202407200600,202407300000,25.0,31.0
202407201800,202407230000,25.0,30.0
202407201800,202407240000,26.0,31.0
202407201800,202407250000,26.0,33.0
202407201800,202407260000,27.0,32.0
202407201800,202407270000,26.0,31.0
202407201800,202407280000,26.0,30.0
202407201800,202407290000,25.0,29.0
202407201800,202407300000,24.0,31.0
202407210600,202407240000,26.0,31.0
202407210600,202407250000,26.0,32.0
202407210600,202407260000,26.0,31.0
202407210600,202407270000,26.0,30.0
202407210600,202407280000,25.0,30.0
202407210600,202407290000,25.0,30.0
202407210600,202407300000,25.0,30.0
202407210600,202407310000,25.0,30.0
202407211800,202407240000,26.0,31.0
202407211800,202407250000,26.0,33.0
202407211800,202407260000,26.0,32.0
202407211800,202407270000,26.0,31.0
202407211800,202407280000,26.0,30.0
202407211800,202407290000,25.0,30.0
202407211800,202407300000,25.0,30.0
202407211800,202407310000,25.0,32.0
202407220600,202407250000,25.0,33.0
202407220600,202407260000,26.0,32.0
202407220600,202407270000,26.0,31.0
202407220600,202407280000,26.0,30.0
202407220600,202407290000,25.0,30.0
202407220600,202407300000,25.0,30.0
202407220600,202407310000,25.0,32.0
202407220600,202408010000,25.0,30.0
202407221800,202407250000,26.0,33.0
202407221800,202407260000,26.0,31.0
202407221800,202407270000,26.0,31.0
202407221800,202407280000,26.0,31.0
202407221800,202407290000,25.0,30.0
202407221800,202407300000,25.0,30.0
202407221800,202407310000,25.0,31.0
202407221800,202408010000,26.0,31.0
202407230600,202407260000,26.0,33.0
202407230600,202407270000,27.0,31.0
202407230600,202407280000,26.0,31.0
202407230600,202407290000,26.0,30.0
202407230600,202407300000,25.0,31.0
202407230600,202407310000,25.0,31.0
202407230600,202408010000,25.0,31.0
202407230600,202408020000,25.0,32.0
202407231800,202407260000,27.0,34.0
202407231800,202407270000,27.0,31.0
202407231800,202407280000,26.0,31.0
202407231800,202407290000,26.0,31.0
202407231800,202407300000,26.0,31.0
202407231800,202407310000,25.0,31.0
202407231800,202408010000,25.0,31.0
202407231800,202408020000,25.0,32.0
202407240600,202407270000,26.0,31.0
202407240600,202407280000,27.0,31.0
202407240600,202407290000,26.0,30.0
202407240600,202407300000,26.0,30.0
202407240600,202407310000,25.0,31.0
202407240600,202408010000,25.0,31.0
202407240600,202408020000,26.0,32.0
202407240600,202408030000,26.0,33.0
202407241800,202407270000,26.0,30.0
202407241800,202407280000,27.0,33.0
202407241800,202407290000,26.0,30.0
202407241800,202407300000,25.0,30.0
202407241800,202407310000,25.0,31.0
202407241800,202408010000,26.0,31.0
202407241800,202408020000,26.0,32.0
202407241800,202408030000,26.0,32.0
202407250600,202407280000,26.0,31.0
202407250600,202407290000,26.0,30.0
202407250600,202407300000,25.0,31.0
202407250600,202407310000,26.0,30.0
202407250600,202408010000,26.0,31.0
202407250600,202408020000,26.0,32.0
202407250600,202408030000,26.0,32.0
202407250600,202408040000,25.0,31.0
202407251800,202407280000,26.0,31.0
202407251800,202407290000,26.0,30.0
202407251800,202407300000,26.0,31.0
202407251800,202407310000,26.0,31.0
202407251800,202408010000,26.0,31.0
202407251800,202408020000,26.0,31.0
202407251800,202408030000,25.0,32.0
202407251800,202408040000,26.0,32.0
202407260600,202407290000,26.0,32.0
202407260600,202407300000,26.0,30.0
202407260600,202407310000,26.0,31.0
202407260600,202408010000,26.0,31.0
202407260600,202408020000,26.0,31.0
202407260600,202408030000,26.0,31.0
202407260600,202408040000,26.0,32.0
202407260600,202408050000,25.0,32.0
202407261800,202407290000,26.0,31.0
202407261800,202407300000,26.0,31.0
202407261800,202407310000,26.0,31.0
202407261800,202408010000,26.0,31.0
202407261800,202408020000,26.0,30.0
202407261800,202408030000,26.0,31.0
202407261800,202408040000,26.0,32.0
202407261800,202408050000,25.0,32.0
202407270600,202407300000,26.0,31.0
202407270600,202407310000,26.0,31.0
202407270600,202408010000,26.0,31.0
202407270600,202408020000,26.0,30.0
202407270600,202408030000,26.0,31.0
202407270600,202408040000,26.0,32.0
202407270600,202408050000,25.0,32.0
202407270600,202408060000,25.0,32.0
202407271800,202407300000,26.0,31.0
202407271800,202407310000,26.0,32.0
202407271800,202408010000,26.0,31.0
202407271800,202408020000,26.0,30.0
202407271800,202408030000,26.0,31.0
202407271800,202408040000,26.0,32.0
202407271800,202408050000,26.0,32.0
202407271800,202408060000,25.0,32.0
202407280600,202407310000,26.0,32.0
202407280600,202408010000,26.0,31.0
202407280600,202408020000,26.0,31.0
202407280600,202408030000,26.0,31.0
202407280600,202408040000,26.0,32.0
202407280600,202408050000,26.0,32.0
202407280600,202408060000,25.0,32.0
202407280600,202408070000,25.0,32.0
202407281800,202407310000,26.0,32.0
202407281800,202408010000,26.0,31.0
202407281800,202408020000,26.0,31.0
202407281800,202408030000,26.0,31.0
202407281800,202408040000,26.0,32.0
202407281800,202408050000,26.0,32.0
202407281800,202408060000,26.0,31.0
202407281800,202408070000,25.0,31.0
202407290600,202408010000,26.0,32.0
202407290600,202408020000,26.0,31.0
202407290600,202408030000,26.0,31.0
202407290600,202408040000,26.0,32.0
202407290600,202408050000,26.0,32.0
202407290600,202408060000,26.0,32.0
202407290600,202408070000,25.0,31.0
202407290600,202408080000,26.0,32.0
202407291800,202408010000,26.0,32.0
202407291800,202408020000,26.0,31.0
202407291800,202408030000,26.0,32.0
202407291800,202408040000,26.0,32.0
202407291800,202408050000,26.0,32.0
202407291800,202408060000,26.0,32.0
202407291800,202408070000,25.0,32.0
202407291800,202408080000,25.0,32.0
202407300600,202408020000,26.0,32.0
202407300600,202408030000,26.0,32.0
202407300600,202408040000,27.0,32.0
202407300600,202408050000,26.0,32.0
202407300600,202408060000,26.0,32.0
202407300600,202408070000,26.0,32.0
202407300600,202408080000,26.0,32.0
202407300600,202408090000,26.0,33.0
202407301800,202408020000,26.0,32.0
202407301800,202408030000,26.0,33.0
202407301800,202408040000,27.0,33.0
202407301800,202408050000,27.0,33.0
202407301800,202408060000,26.0,32.0
202407301800,202408070000,26.0,31.0
202407301800,202408080000,26.0,31.0
202407301800,202408090000,26.0,33.0
202407310600,202408030000,27.0,33.0
202407310600,202408040000,27.0,33.0
202407310600,202408050000,27.0,33.0
202407310600,202408060000,26.0,32.0
202407310600,202408070000,26.0,32.0
202407310600,202408080000,26.0,32.0
202407310600,202408090000,26.0,33.0
202407310600,202408100000,26.0,33.0
202407311800,202408030000,27.0,33.0
202407311800,202408040000,26.0,33.0
202407311800,202408050000,27.0,33.0
202407311800,202408060000,27.0,33.0
202407311800,202408070000,26.0,32.0
202407311800,202408080000,26.0,32.0
202407311800,202408090000,26.0,33.0
202407311800,202408100000,26.0,33.0
202408010600,202408040000,26.0,33.0
202408010600,202408050000,27.0,33.0
202408010600,202408060000,27.0,33.0
202408010600,202408070000,26.0,32.0
202408010600,202408080000,26.0,32.0
202408010600,202408090000,26.0,33.0
202408010600,202408100000,26.0,33.0
202408010600,202408110000,26.0,32.0
202408011800,202408040000,27.0,34.0
202408011800,202408050000,27.0,33.0
202408011800,202408060000,27.0,33.0
202408011800,202408070000,27.0,33.0
202408011800,202408080000,26.0,32.0
202408011800,202408090000,26.0,34.0
202408011800,202408100000,26.0,33.0
202408011800,202408110000,26.0,33.0
202408020600,202408050000,27.0,33.0
202408020600,202408060000,27.0,33.0
202408020600,202408070000,27.0,33.0
202408020600,202408080000,26.0,32.0
202408020600,202408090000,26.0,34.0
202408020600,202408100000,26.0,33.0
202408020600,202408110000,26.0,33.0
202408020600,202408120000,26.0,32.0
202408021800,202408050000,27.0,33.0
202408021800,202408060000,26.0,33.0
202408021800,202408070000,27.0,33.0
202408021800,202408080000,26.0,32.0
202408021800,202408090000,26.0,34.0
202408021800,202408100000,26.0,33.0
202408021800,202408110000,26.0,33.0
202408021800,202408120000,26.0,32.0
202408030600,202408060000,26.0,33.0
202408030600,202408070000,27.0,33.0
202408030600,202408080000,26.0,32.0
202408030600,202408090000,26.0,34.0
202408030600,202408100000,26.0,33.0
202408030600,202408110000,26.0,33.0
202408030600,202408120000,26.0,32.0
202408030600,202408130000,25.0,33.0
202408031800,202408060000,27.0,33.0
202408031800,202408070000,26.0,33.0
202408031800,202408080000,26.0,32.0
202408031800,202408090000,26.0,34.0
202408031800,202408100000,26.0,33.0
202408031800,202408110000,26.0,33.0
202408031800,202408120000,26.0,32.0
202408031800,202408130000,25.0,33.0
202408040600,202408070000,26.0,33.0
202408040600,202408080000,26.0,32.0
202408040600,202408090000,26.0,34.0
202408040600,202408100000,26.0,33.0
202408040600,202408110000,26.0,32.0
202408040600,202408120000,25.0,32.0
202408040600,202408130000,25.0,32.0
202408040600,202408140000,25.0,33.0
202408041800,202408070000,26.0,32.0
202408041800,202408080000,26.0,32.0
202408041800,202408090000,26.0,34.0
202408041800,202408100000,26.0,33.0
202408041800,202408110000,26.0,32.0
202408041800,202408120000,25.0,32.0
202408041800,202408130000,25.0,32.0
202408041800,202408140000,25.0,33.0
202408050600,202408080000,25.0,32.0
202408050600,202408090000,26.0,34.0
202408050600,202408100000,26.0,33.0
202408050600,202408110000,26.0,32.0
202408050600,202408120000,25.0,32.0
202408050600,202408130000,25.0,32.0
202408050600,202408140000,25.0,33.0
202408050600,202408150000,25.0,32.0
202408051800,202408080000,26.0,32.0
202408051800,202408090000,26.0,34.0
202408051800,202408100000,27.0,35.0
202408051800,202408110000,27.0,33.0
202408051800,202408120000,26.0,33.0
202408051800,202408130000,26.0,33.0
202408051800,202408140000,27.0,34.0
202408051800,202408150000,26.0,33.0
202408060600,202408090000,26.0,34.0
202408060600,202408100000,27.0,35.0
202408060600,202408110000,27.0,33.0
202408060600,202408120000,26.0,33.0
202408060600,202408130000,26.0,33.0
202408060600,202408140000,27.0,34.0
202408060600,202408150000,26.0,33.0
202408060600,202408160000,25.0,32.0
202408061800,202408090000,26.0,34.0
202408061800,202408100000,26.0,34.0
202408061800,202408110000,26.0,33.0
202408061800,202408120000,26.0,33.0
202408061800,202408130000,26.0,33.0
202408061800,202408140000,25.0,34.0
202408061800,202408150000,25.0,34.0
202408061800,202408160000,25.0,33.0
202408070600,202408100000,26.0,34.0
202408070600,202408110000,26.0,33.0
202408070600,202408120000,25.0,32.0
202408070600,202408130000,26.0,33.0
202408070600,202408140000,25.0,34.0
202408070600,202408150000,25.0,34.0
202408070600,202408160000,25.0,33.0
202408070600,202408170000,26.0,33.0
202408071800,202408100000,26.0,34.0
202408071800,202408110000,26.0,33.0
202408071800,202408120000,25.0,33.0
202408071800,202408130000,26.0,33.0
202408071800,202408140000,26.0,34.0
202408071800,202408150000,25.0,34.0
202408071800,202408160000,25.0,33.0
202408071800,202408170000,25.0,33.0
202408080600,202408110000,26.0,34.0
202408080600,202408120000,26.0,33.0
202408080600,202408130000,26.0,33.0
202408080600,202408140000,26.0,34.0
202408080600,202408150000,26.0,34.0
202408080600,202408160000,25.0,33.0
202408080600,202408170000,25.0,33.0
202408080600,202408180000,26.0,33.0
202408081800,202408110000,26.0,33.0
202408081800,202408120000,26.0,33.0
202408081800,202408130000,26.0,33.0
202408081800,202408140000,25.0,34.0
202408081800,202408150000,25.0,34.0
202408081800,202408160000,26.0,33.0
202408081800,202408170000,25.0,33.0
202408081800,202408180000,26.0,33.0
202408090600,202408120000,26.0,34.0
202408090600,202408130000,26.0,33.0
202408090600,202408140000,25.0,34.0
202408090600,202408150000,25.0,34.0
202408090600,202408160000,26.0,34.0
202408090600,202408170000,25.0,33.0
202408090600,202408180000,26.0,33.0
202408090600,202408190000,25.0,33.0
202408091800,202408120000,26.0,34.0
202408091800,202408130000,26.0,34.0
202408091800,202408140000,25.0,34.0
202408091800,202408150000,25.0,34.0
202408091800,202408160000,26.0,34.0
202408091800,202408170000,25.0,33.0
202408091800,202408180000,26.0,33.0
202408091800,202408190000,25.0,33.0
202408100600,202408130000,26.0,34.0
202408100600,202408140000,25.0,34.0
202408100600,202408150000,25.0,33.0
202408100600,202408160000,26.0,33.0
202408100600,202408170000,25.0,32.0
202408100600,202408180000,26.0,32.0
202408100600,202408190000,25.0,33.0
202408100600,202408200000,25.0,33.0
202408101800,202408130000,27.0,34.0
202408101800,202408140000,26.0,34.0
202408101800,202408150000,25.0,33.0
202408101800,202408160000,26.0,33.0
202408101800,202408170000,25.0,32.0
202408101800,202408180000,26.0,32.0
202408101800,202408190000,25.0,33.0
202408101800,202408200000,25.0,33.0
202408110600,202408140000,27.0,34.0
202408110600,202408150000,26.0,33.0
202408110600,202408160000,26.0,33.0
202408110600,202408170000,25.0,32.0
202408110600,202408180000,26.0,32.0
202408110600,202408190000,25.0,33.0
202408110600,202408200000,25.0,33.0
202408110600,202408210000,25.0,32.0
202408111800,202408140000,27.0,34.0
202408111800,202408150000,27.0,33.0
202408111800,202408160000,26.0,33.0
202408111800,202408170000,25.0,32.0
202408111800,202408180000,26.0,32.0
202408111800,202408190000,25.0,33.0
202408111800,202408200000,26.0,33.0
202408111800,202408210000,25.0,32.0
202408120600,202408150000,27.0,34.0
202408120600,202408160000,26.0,33.0
202408120600,202408170000,25.0,32.0
202408120600,202408180000,26.0,33.0
202408120600,202408190000,25.0,32.0
202408120600,202408200000,26.0,33.0
202408120600,202408210000,25.0,32.0
202408120600,202408220000,25.0,33.0
202408121800,202408150000,27.0,34.0
202408121800,202408160000,27.0,33.0
202408121800,202408170000,26.0,32.0
202408121800,202408180000,26.0,33.0
202408121800,202408190000,25.0,32.0
202408121800,202408200000,26.0,33.0
202408121800,202408210000,25.0,32.0
202408121800,202408220000,25.0,33.0
202408130600,202408160000,26.0,33.0
202408130600,202408170000,26.0,32.0
202408130600,202408180000,25.0,33.0
202408130600,202408190000,25.0,32.0
202408130600,202408200000,26.0,33.0
202408130600,202408210000,25.0,32.0
202408130600,202408220000,25.0,33.0
202408130600,202408230000,25.0,32.0
202408131800,202408160000,27.0,34.0
202408131800,202408170000,26.0,33.0
202408131800,202408180000,26.0,33.0
202408131800,202408190000,27.0,32.0
202408131800,202408200000,26.0,32.0
202408131800,202408210000,25.0,33.0
202408131800,202408220000,25.0,33.0
202408131800,202408230000,25.0,32.0
202408140600,202408170000,27.0,33.0
202408140600,202408180000,26.0,33.0
202408140600,202408190000,27.0,32.0
202408140600,202408200000,26.0,32.0
202408140600,202408210000,26.0,33.0
202408140600,202408220000,25.0,33.0
202408140600,202408230000,25.0,32.0
202408140600,202408240000,25.0,32.0
202408141800,202408170000,27.0,34.0
202408141800,202408180000,26.0,33.0
202408141800,202408190000,27.0,32.0
202408141800,202408200000,26.0,32.0
202408141800,202408210000,26.0,33.0
202408141800,202408220000,25.0,33.0
202408141800,202408230000,25.0,32.0
202408141800,202408240000,25.0,32.0
202408150600,202408180000,26.0,33.0
202408150600,202408190000,27.0,32.0
202408150600,202408200000,26.0,32.0
202408150600,202408210000,26.0,33.0
202408150600,202408220000,25.0,33.0
202408150600,202408230000,25.0,32.0
202408150600,202408240000,25.0,32.0
202408150600,202408250000,25.0,32.0
202408151800,202408180000,27.0,33.0
202408151800,202408190000,26.0,33.0
202408151800,202408200000,26.0,32.0
202408151800,202408210000,26.0,33.0
202408151800,202408220000,25.0,33.0
202408151800,202408230000,25.0,32.0
202408151800,202408240000,25.0,32.0
202408151800,202408250000,25.0,32.0
202408160600,202408190000,26.0,34.0
202408160600,202408200000,26.0,32.0
202408160600,202408210000,26.0,33.0
202408160600,202408220000,25.0,33.0
202408160600,202408230000,25.0,32.0
202408160600,202408240000,25.0,33.0
202408160600,202408250000,25.0,32.0
202408160600,202408260000,25.0,32.0
202408161800,202408190000,26.0,34.0
202408161800,202408200000,27.0,33.0
202408161800,202408210000,27.0,32.0
202408161800,202408220000,26.0,33.0
202408161800,202408230000,26.0,32.0
202408161800,202408240000,25.0,33.0
202408161800,202408250000,25.0,32.0
202408161800,202408260000,25.0,32.0
202408170600,202408200000,27.0,33.0
202408170600,202408210000,27.0,32.0
202408170600,202408220000,26.0,33.0
202408170600,202408230000,26.0,32.0
202408170600,202408240000,25.0,33.0
202408170600,202408250000,25.0,33.0
202408170600,202408260000,25.0,32.0
202408170600,202408270000,25.0,32.0
202408171800,202408200000,27.0,35.0
202408171800,202408210000,27.0,33.0
202408171800,202408220000,27.0,32.0
202408171800,202408230000,26.0,32.0
202408171800,202408240000,25.0,33.0
202408171800,202408250000,25.0,33.0
202408171800,202408260000,25.0,32.0
202408171800,202408270000,25.0,32.0
202408180600,202408210000,27.0,33.0
202408180600,202408220000,27.0,32.0
202408180600,202408230000,26.0,32.0
202408180600,202408240000,25.0,33.0
202408180600,202408250000,25.0,33.0
202408180600,202408260000,25.0,32.0
202408180600,202408270000,25.0,32.0
202408180600,202408280000,25.0,32.0
202408181800,202408210000,27.0,31.0
202408181800,202408220000,27.0,32.0
202408181800,202408230000,26.0,32.0
202408181800,202408240000,25.0,33.0
202408181800,202408250000,25.0,33.0
202408181800,202408260000,26.0,32.0
202408181800,202408270000,25.0,32.0
202408181800,202408280000,25.0,32.0
202408190600,202408220000,27.0,31.0
202408190600,202408230000,26.0,32.0
202408190600,202408240000,25.0,33.0
202408190600,202408250000,25.0,33.0
202408190600,202408260000,26.0,32.0
202408190600,202408270000,25.0,32.0
202408190600,202408280000,25.0,32.0
202408190600,202408290000,25.0,32.0
202408191800,202408220000,27.0,30.0
202408191800,202408230000,26.0,32.0
202408191800,202408240000,25.0,33.0
202408191800,202408250000,25.0,33.0
202408191800,202408260000,26.0,31.0
202408191800,202408270000,25.0,32.0
202408191800,202408280000,25.0,32.0
202408191800,202408290000,25.0,32.0
202408200600,202408230000,26.0,32.0
202408200600,202408240000,25.0,33.0
202408200600,202408250000,25.0,33.0
202408200600,202408260000,26.0,31.0
202408200600,202408270000,26.0,32.0
202408200600,202408280000,25.0,32.0
202408200600,202408290000,25.0,32.0
202408200600,202408300000,25.0,32.0
202408201800,202408230000,26.0,32.0
202408201800,202408240000,25.0,32.0
202408201800,202408250000,25.0,33.0
202408201800,202408260000,26.0,31.0
202408201800,202408270000,26.0,32.0
202408201800,202408280000,25.0,32.0
202408201800,202408290000,25.0,33.0
202408201800,202408300000,25.0,32.0
202408210600,202408240000,24.0,32.0
202408210600,202408250000,25.0,33.0
202408210600,202408260000,26.0,31.0
202408210600,202408270000,26.0,32.0
202408210600,202408280000,25.0,32.0
202408210600,202408290000,25.0,33.0
202408210600,202408300000,25.0,32.0
202408210600,202408310000,25.0,31.0
202408211800,202408240000,25.0,32.0
202408211800,202408250000,25.0,33.0
202408211800,202408260000,26.0,34.0
202408211800,202408270000,26.0,33.0
202408211800,202408280000,25.0,32.0
202408211800,202408290000,25.0,33.0
202408211800,202408300000,25.0,32.0
202408211800,202408310000,25.0,31.0
202408220600,202408250000,25.0,33.0
202408220600,202408260000,26.0,34.0
202408220600,202408270000,26.0,33.0
202408220600,202408280000,26.0,32.0
202408220600,202408290000,25.0,33.0
202408220600,202408300000,25.0,32.0
202408220600,202408310000,25.0,31.0
202408220600,202409010000,25.0,31.0
202408221800,202408250000,25.0,32.0
202408221800,202408260000,25.0,33.0
202408221800,202408270000,26.0,33.0
202408221800,202408280000,26.0,32.0
202408221800,202408290000,25.0,33.0
202408221800,202408300000,25.0,32.0
202408221800,202408310000,25.0,31.0
202408221800,202409010000,25.0,31.0
202408230600,202408260000,25.0,33.0
202408230600,202408270000,26.0,33.0
202408230600,202408280000,26.0,32.0
202408230600,202408290000,25.0,33.0
202408230600,202408300000,25.0,32.0
202408230600,202408310000,25.0,31.0
202408230600,202409010000,25.0,31.0
202408230600,202409020000,25.0,31.0
202408231800,202408260000,25.0,32.0
202408231800,202408270000,25.0,32.0
202408231800,202408280000,24.0,32.0
202408231800,202408290000,24.0,33.0
202408231800,202408300000,25.0,32.0
202408231800,202408310000,25.0,32.0
202408231800,202409010000,25.0,31.0
202408231800,202409020000,24.0,31.0
202408240600,202408270000,25.0,32.0
202408240600,202408280000,24.0,32.0
202408240600,202408290000,24.0,33.0
202408240600,202408300000,25.0,32.0
202408240600,202408310000,26.0,32.0
202408240600,202409010000,25.0,31.0
202408240600,202409020000,25.0,31.0
202408240600,202409030000,26.0,31.0
202408241800,202408270000,25.0,30.0
202408241800,202408280000,24.0,32.0
202408241800,202408290000,24.0,33.0
202408241800,202408300000,25.0,32.0
202408241800,202408310000,26.0,32.0
202408241800,202409010000,25.0,31.0
202408241800,202409020000,25.0,31.0
202408241800,202409030000,26.0,31.0
202408250600,202408280000,24.0,32.0
202408250600,202408290000,24.0,33.0
202408250600,202408300000,25.0,32.0
202408250600,202408310000,26.0,32.0
202408250600,202409010000,25.0,31.0
202408250600,202409020000,25.0,31.0
202408250600,202409030000,25.0,31.0
202408250600,202409040000,24.0,31.0
202408251800,202408280000,24.0,33.0
202408251800,202408290000,24.0,33.0
202408251800,202408300000,25.0,32.0
202408251800,202408310000,26.0,32.0
202408251800,202409010000,25.0,31.0
202408251800,202409020000,25.0,31.0
202408251800,202409030000,25.0,31.0
202408251800,202409040000,24.0,31.0
202408260600,202408290000,24.0,33.0
202408260600,202408300000,25.0,32.0
202408260600,202408310000,26.0,32.0
202408260600,202409010000,25.0,31.0
202408260600,202409020000,25.0,31.0
202408260600,202409030000,25.0,31.0
202408260600,202409040000,24.0,31.0
202408260600,202409050000,24.0,31.0
202408261800,202408290000,24.0,33.0
202408261800,202408300000,25.0,33.0
202408261800,202408310000,26.0,32.0
202408261800,202409010000,25.0,31.0
202408261800,202409020000,25.0,31.0
202408261800,202409030000,25.0,31.0
202408261800,202409040000,24.0,31.0
202408261800,202409050000,24.0,31.0
202408270600,202408300000,25.0,33.0
202408270600,202408310000,26.0,32.0
202408270600,202409010000,25.0,32.0
202408270600,202409020000,25.0,31.0
202408270600,202409030000,25.0,31.0
202408270600,202409040000,24.0,31.0
202408270600,202409050000,24.0,31.0
202408270600,202409060000,24.0,31.0
202408271800,202408300000,25.0,34.0
202408271800,202408310000,23.0,33.0
202408271800,202409010000,25.0,32.0
202408271800,202409020000,25.0,31.0
202408271800,202409030000,24.0,30.0
202408271800,202409040000,24.0,31.0
202408271800,202409050000,24.0,31.0
202408271800,202409060000,24.0,31.0
202408280600,202408310000,24.0,33.0
202408280600,202409010000,25.0,32.0
202408280600,202409020000,25.0,31.0
202408280600,202409030000,24.0,30.0
202408280600,202409040000,23.0,31.0
202408280600,202409050000,24.0,31.0
202408280600,202409060000,24.0,31.0
202408280600,202409070000,24.0,31.0
202408281800,202408310000,24.0,34.0
202408281800,202409010000,24.0,32.0
202408281800,202409020000,24.0,30.0
202408281800,202409030000,23.0,30.0
202408281800,202409040000,23.0,31.0
202408281800,202409050000,23.0,31.0
202408281800,202409060000,24.0,31.0
202408281800,202409070000,24.0,31.0
202408290600,202409010000,24.0,32.0
202408290600,202409020000,24.0,30.0
202408290600,202409030000,23.0,30.0
202408290600,202409040000,23.0,31.0
202408290600,202409050000,23.0,32.0
202408290600,202409060000,24.0,32.0
202408290600,202409070000,24.0,31.0
202408290600,202409080000,23.0,31.0
202408291800,202409010000,24.0,32.0
202408291800,202409020000,24.0,29.0
202408291800,202409030000,22.0,30.0
202408291800,202409040000,22.0,31.0
202408291800,202409050000,23.0,32.0
202408291800,202409060000,24.0,32.0
202408291800,202409070000,24.0,31.0
202408291800,202409080000,23.0,31.0
202408300600,202409020000,24.0,29.0
202408300600,202409030000,22.0,30.0
202408300600,202409040000,22.0,31.0
202408300600,202409050000,23.0,32.0
202408300600,202409060000,24.0,32.0
202408300600,202409070000,24.0,31.0
202408300600,202409080000,23.0,31.0
202408300600,202409090000,23.0,30.0
202408301800,202409020000,24.0,30.0
202408301800,202409030000,22.0,31.0
202408301800,202409040000,22.0,31.0
202408301800,202409050000,23.0,32.0
202408301800,202409060000,24.0,32.0
202408301800,202409070000,24.0,31.0
202408301800,202409080000,23.0,31.0
202408301800,202409090000,23.0,30.0
202408310600,202409030000,22.0,31.0
202408310600,202409040000,22.0,31.0
202408310600,202409050000,23.0,32.0
202408310600,202409060000,24.0,31.0
202408310600,202409070000,24.0,30.0
202408310600,202409080000,23.0,30.0
202408310600,202409090000,23.0,30.0
202408310600,202409100000,24.0,30.0
202408311800,202409030000,22.0,31.0
202408311800,202409040000,22.0,31.0
202408311800,202409050000,24.0,32.0
202408311800,202409060000,24.0,31.0
202408311800,202409070000,24.0,30.0
202408311800,202409080000,24.0,31.0
202408311800,202409090000,23.0,30.0
202408311800,202409100000,24.0,30.0
202409010600,202409040000,22.0,31.0
202409010600,202409050000,24.0,32.0
202409010600,202409060000,24.0,31.0
202409010600,202409070000,24.0,30.0
202409010600,202409080000,24.0,31.0
202409010600,202409090000,23.0,30.0
202409010600,202409100000,24.0,30.0
202409010600,202409110000,24.0,29.0
202409011800,202409040000,23.0,31.0
202409011800,202409050000,24.0,30.0
202409011800,202409060000,23.0,30.0
202409011800,202409070000,24.0,31.0
202409011800,202409080000,24.0,32.0
202409011800,202409090000,23.0,31.0
202409011800,202409100000,23.0,31.0
202409011800,202409110000,24.0,30.0
202409020600,202409050000,24.0,29.0
202409020600,202409060000,23.0,30.0
202409020600,202409070000,24.0,31.0
202409020600,202409080000,24.0,32.0
202409020600,202409090000,23.0,31.0
202409020600,202409100000,24.0,31.0
202409020600,202409110000,24.0,30.0
202409020600,202409120000,24.0,29.0
202409021800,202409050000,24.0,29.0
202409021800,202409060000,24.0,31.0
202409021800,202409070000,24.0,31.0
202409021800,202409080000,24.0,32.0
202409021800,202409090000,23.0,31.0
202409021800,202409100000,24.0,31.0
202409021800,202409110000,24.0,30.0
202409021800,202409120000,24.0,29.0
202409030600,202409060000,24.0,31.0
202409030600,202409070000,24.0,31.0
202409030600,202409080000,24.0,32.0
202409030600,202409090000,23.0,31.0
202409030600,202409100000,24.0,31.0
202409030600,202409110000,24.0,30.0
202409030600,202409120000,24.0,29.0
202409030600,202409130000,23.0,29.0
202409031800,202409060000,24.0,31.0
202409031800,202409070000,24.0,31.0
202409031800,202409080000,24.0,32.0
202409031800,202409090000,23.0,31.0
202409031800,202409100000,24.0,31.0
202409031800,202409110000,24.0,30.0
202409031800,202409120000,24.0,29.0
202409031800,202409130000,23.0,29.0
202409040600,202409070000,24.0,31.0
202409040600,202409080000,23.0,32.0
202409040600,202409090000,24.0,32.0
202409040600,202409100000,24.0,32.0
202409040600,202409110000,24.0,31.0
202409040600,202409120000,24.0,30.0
202409040600,202409130000,22.0,29.0
202409040600,202409140000,21.0,28.0
202409041800,202409070000,23.0,30.0
202409041800,202409080000,22.0,31.0
202409041800,202409090000,24.0,32.0
202409041800,202409100000,24.0,32.0
202409041800,202409110000,24.0,31.0
202409041800,202409120000,24.0,30.0
202409041800,202409130000,22.0,29.0
202409041800,202409140000,21.0,28.0
202409050600,202409080000,23.0,31.0
202409050600,202409090000,23.0,32.0
202409050600,202409100000,24.0,32.0
202409050600,202409110000,24.0,32.0
202409050600,202409120000,23.0,31.0
202409050600,202409130000,22.0,29.0
202409050600,202409140000,21.0,28.0
202409050600,202409150000,21.0,28.0
202409051800,202409080000,23.0,32.0
202409051800,202409090000,25.0,32.0
202409051800,202409100000,24.0,32.0
202409051800,202409110000,24.0,32.0
202409051800,202409120000,24.0,31.0
202409051800,202409130000,22.0,30.0
202409051800,202409140000,21.0,28.0
202409051800,202409150000,21.0,28.0
202409060600,202409090000,25.0,32.0
202409060600,202409100000,25.0,33.0
202409060600,202409110000,24.0,33.0
202409060600,202409120000,24.0,31.0
202409060600,202409130000,23.0,30.0
202409060600,202409140000,22.0,29.0
202409060600,202409150000,22.0,29.0
202409060600,202409160000,22.0,29.0
202409061800,202409090000,24.0,32.0
202409061800,202409100000,24.0,33.0
202409061800,202409110000,24.0,33.0
202409061800,202409120000,24.0,31.0
202409061800,202409130000,23.0,30.0
202409061800,202409140000,22.0,29.0
202409061800,202409150000,22.0,29.0
202409061800,202409160000,22.0,29.0
202409070600,202409100000,24.0,33.0
202409070600,202409110000,24.0,33.0
202409070600,202409120000,24.0,31.0
202409070600,202409130000,23.0,30.0
202409070600,202409140000,22.0,29.0
202409070600,202409150000,22.0,29.0
202409070600,202409160000,22.0,29.0
202409070600,202409170000,22.0,28.0
202409071800,202409100000,25.0,33.0
202409071800,202409110000,24.0,34.0
202409071800,202409120000,24.0,31.0
202409071800,202409130000,23.0,30.0
202409071800,202409140000,23.0,29.0
202409071800,202409150000,22.0,29.0
202409071800,202409160000,22.0,29.0
202409071800,202409170000,22.0,28.0
202409080600,202409110000,25.0,34.0
202409080600,202409120000,24.0,31.0
202409080600,202409130000,23.0,30.0
202409080600,202409140000,23.0,29.0
202409080600,202409150000,22.0,30.0
202409080600,202409160000,23.0,29.0
202409080600,202409170000,22.0,28.0
202409080600,202409180000,21.0,28.0
202409081800,202409110000,25.0,34.0
202409081800,202409120000,26.0,30.0
202409081800,202409130000,24.0,29.0
202409081800,202409140000,23.0,29.0
202409081800,202409150000,22.0,31.0
202409081800,202409160000,23.0,31.0
202409081800,202409170000,23.0,28.0
202409081800,202409180000,21.0,28.0
202409090600,202409120000,26.0,30.0
202409090600,202409130000,24.0,29.0
202409090600,202409140000,23.0,29.0
202409090600,202409150000,22.0,31.0
202409090600,202409160000,23.0,31.0
202409090600,202409170000,23.0,28.0
202409090600,202409180000,21.0,28.0
202409090600,202409190000,20.0,27.0
202409091800,202409120000,26.0,29.0
202409091800,202409130000,25.0,29.0
202409091800,202409140000,23.0,29.0
202409091800,202409150000,22.0,31.0
202409091800,202409160000,23.0,31.0
202409091800,202409170000,23.0,28.0
202409091800,202409180000,21.0,28.0
202409091800,202409190000,20.0,27.0
202409100600,202409130000,25.0,29.0
202409100600,202409140000,23.0,29.0
202409100600,202409150000,22.0,31.0
202409100600,202409160000,23.0,31.0
202409100600,202409170000,24.0,31.0
202409100600,202409180000,24.0,30.0
202409100600,202409190000,22.0,28.0
202409100600,202409200000,20.0,27.0
202409101800,202409130000,25.0,29.0
202409101800,202409140000,24.0,30.0
202409101800,202409150000,23.0,32.0
202409101800,202409160000,24.0,32.0
202409101800,202409170000,24.0,31.0
202409101800,202409180000,24.0,30.0
202409101800,202409190000,22.0,28.0
202409101800,202409200000,20.0,27.0
202409110600,202409140000,25.0,31.0
202409110600,202409150000,23.0,32.0
202409110600,202409160000,24.0,32.0
202409110600,202409170000,24.0,31.0
202409110600,202409180000,24.0,30.0
202409110600,202409190000,22.0,28.0
202409110600,202409200000,20.0,27.0
202409110600,202409210000,20.0,27.0
202409111800,202409140000,25.0,30.0
202409111800,202409150000,25.0,32.0
202409111800,202409160000,25.0,32.0
202409111800,202409170000,25.0,31.0
202409111800,202409180000,24.0,30.0
202409111800,202409190000,22.0,28.0
202409111800,202409200000,20.0,27.0
202409111800,202409210000,20.0,27.0
202409120600,202409150000,25.0,32.0
202409120600,202409160000,25.0,32.0
202409120600,202409170000,25.0,31.0
202409120600,202409180000,24.0,30.0
202409120600,202409190000,22.0,28.0
202409120600,202409200000,20.0,27.0
202409120600,202409210000,20.0,27.0
202409120600,202409220000,19.0,27.0
202409121800,202409150000,25.0,32.0
202409121800,202409160000,24.0,32.0
202409121800,202409170000,25.0,31.0
202409121800,202409180000,24.0,30.0
202409121800,202409190000,22.0,29.0
202409121800,202409200000,20.0,29.0
202409121800,202409210000,20.0,27.0
202409121800,202409220000,19.0,27.0
202409130600,202409160000,24.0,32.0
202409130600,202409170000,25.0,31.0
202409130600,202409180000,24.0,30.0
202409130600,202409190000,22.0,29.0
202409130600,202409200000,20.0,29.0
202409130600,202409210000,20.0,27.0
202409130600,202409220000,19.0,27.0
202409130600,202409230000,18.0,27.0
202409131800,202409160000,24.0,32.0
202409131800,202409170000,25.0,32.0
202409131800,202409180000,25.0,31.0
202409131800,202409190000,23.0,30.0
202409131800,202409200000,21.0,29.0
202409131800,202409210000,20.0,27.0
202409131800,202409220000,19.0,27.0
202409131800,202409230000,18.0,26.0
202409140600,202409170000,25.0,32.0
202409140600,202409180000,25.0,31.0
202409140600,202409190000,23.0,30.0
202409140600,202409200000,21.0,29.0
202409140600,202409210000,20.0,27.0
202409140600,202409220000,19.0,27.0
202409140600,202409230000,18.0,26.0
202409140600,202409240000,17.0,27.0
202409141800,202409170000,25.0,32.0
202409141800,202409180000,26.0,32.0
202409141800,202409190000,23.0,30.0
202409141800,202409200000,21.0,29.0
202409141800,202409210000,20.0,27.0
202409141800,202409220000,19.0,27.0
202409141800,202409230000,18.0,26.0
202409141800,202409240000,18.0,27.0
202409150600,202409180000,26.0,32.0
202409150600,202409190000,24.0,31.0
202409150600,202409200000,21.0,29.0
202409150600,202409210000,20.0,27.0
202409150600,202409220000,19.0,27.0
202409150600,202409230000,18.0,26.0
202409150600,202409240000,18.0,27.0
202409150600,202409250000,18.0,27.0
202409151800,202409180000,26.0,32.0
202409151800,202409190000,25.0,32.0
202409151800,202409200000,23.0,29.0
202409151800,202409210000,20.0,27.0
202409151800,202409220000,19.0,27.0
202409151800,202409230000,18.0,26.0
202409151800,202409240000,18.0,27.0
202409151800,202409250000,18.0,27.0
202409160600,202409190000,25.0,32.0
202409160600,202409200000,23.0,29.0
202409160600,202409210000,20.0,27.0
202409160600,202409220000,19.0,27.0
202409160600,202409230000,18.0,26.0
202409160600,202409240000,18.0,27.0
202409160600,202409250000,18.0,27.0
202409160600,202409260000,19.0,27.0
202409161800,202409190000,26.0,32.0
202409161800,202409200000,25.0,29.0
202409161800,202409210000,21.0,26.0
202409161800,202409220000,19.0,27.0
202409161800,202409230000,18.0,26.0
202409161800,202409240000,17.0,27.0
202409161800,202409250000,18.0,27.0
202409161800,202409260000,19.0,28.0
202409170600,202409200000,25.0,29.0
202409170600,202409210000,24.0,28.0
202409170600,202409220000,19.0,27.0
202409170600,202409230000,17.0,27.0
202409170600,202409240000,18.0,28.0
202409170600,202409250000,18.0,28.0
202409170600,202409260000,17.0,27.0
202409170600,202409270000,17.0,26.0
202409171800,202409200000,25.0,28.0
202409171800,202409210000,22.0,26.0
202409171800,202409220000,19.0,27.0
202409171800,202409230000,17.0,27.0
202409171800,202409240000,18.0,28.0
202409171800,202409250000,18.0,28.0
202409171800,202409260000,18.0,27.0
202409171800,202409270000,19.0,26.0
202409180600,202409210000,20.0,25.0
202409180600,202409220000,19.0,27.0
202409180600,202409230000,17.0,27.0
202409180600,202409240000,17.0,27.0
202409180600,202409250000,18.0,28.0
202409180600,202409260000,18.0,28.0
202409180600,202409270000,18.0,27.0
202409180600,202409280000,19.0,27.0
202409181800,202409210000,21.0,23.0
202409181800,202409220000,19.0,25.0
202409181800,202409230000,16.0,26.0
202409181800,202409240000,17.0,27.0
202409181800,202409250000,18.0,28.0
202409181800,202409260000,19.0,28.0
202409181800,202409270000,19.0,28.0
202409181800,202409280000,19.0,27.0
202409190600,202409220000,18.0,25.0
202409190600,202409230000,16.0,26.0
202409190600,202409240000,17.0,27.0
202409190600,202409250000,18.0,28.0
202409190600,202409260000,19.0,28.0
202409190600,202409270000,19.0,28.0
202409190600,202409280000,19.0,27.0
202409190600,202409290000,20.0,27.0
202409191800,202409220000,18.0,24.0
202409191800,202409230000,14.0,26.0
202409191800,202409240000,16.0,27.0
202409191800,202409250000,18.0,28.0
202409191800,202409260000,18.0,28.0
202409191800,202409270000,19.0,28.0
202409191800,202409280000,19.0,27.0
202409191800,202409290000,19.0,27.0
202409200600,202409230000,16.0,26.0
202409200600,202409240000,17.0,27.0
202409200600,202409250000,18.0,28.0
202409200600,202409260000,19.0,28.0
202409200600,202409270000,18.0,27.0
202409200600,202409280000,18.0,27.0
202409200600,202409290000,19.0,28.0
202409200600,202409300000,19.0,27.0
202409201800,202409230000,16.0,26.0
202409201800,202409240000,15.0,27.0
202409201800,202409250000,19.0,28.0
202409201800,202409260000,19.0,27.0
202409201800,202409270000,18.0,28.0
202409201800,202409280000,18.0,28.0
202409201800,202409290000,19.0,28.0
202409201800,202409300000,20.0,27.0
202409210600,202409240000,16.0,27.0
202409210600,202409250000,19.0,28.0
202409210600,202409260000,19.0,27.0
202409210600,202409270000,18.0,28.0
202409210600,202409280000,19.0,28.0
202409210600,202409290000,19.0,28.0
202409210600,202409300000,20.0,27.0
202409210600,202410010000,19.0,25.0
202409211800,202409240000,16.0,27.0
202409211800,202409250000,18.0,28.0
202409211800,202409260000,19.0,27.0
202409211800,202409270000,18.0,28.0
202409211800,202409280000,19.0,28.0
202409211800,202409290000,19.0,28.0
202409211800,202409300000,20.0,27.0
202409211800,202410010000,19.0,25.0
202409220600,202409250000,18.0,29.0
202409220600,202409260000,20.0,28.0
202409220600,202409270000,19.0,28.0
202409220600,202409280000,19.0,29.0
202409220600,202409290000,20.0,29.0
202409220600,202409300000,20.0,27.0
202409220600,202410010000,19.0,26.0
202409220600,202410020000,18.0,25.0
202409221800,202409250000,18.0,28.0
202409221800,202409260000,20.0,28.0
202409221800,202409270000,19.0,27.0
202409221800,202409280000,19.0,28.0
202409221800,202409290000,19.0,29.0
202409221800,202409300000,20.0,28.0
202409221800,202410010000,19.0,26.0
202409221800,202410020000,18.0,25.0
202409230600,202409260000,20.0,27.0
202409230600,202409270000,19.0,27.0
202409230600,202409280000,18.0,29.0
202409230600,202409290000,20.0,29.0
202409230600,202409300000,19.0,28.0
202409230600,202410010000,20.0,25.0
202409230600,202410020000,18.0,24.0
202409230600,202410030000,15.0,22.0
202409231800,202409260000,20.0,27.0
202409231800,202409270000,18.0,27.0
202409231800,202409280000,18.0,28.0
202409231800,202409290000,19.0,29.0
202409231800,202409300000,19.0,29.0
202409231800,202410010000,20.0,26.0
202409231800,202410020000,17.0,23.0
202409231800,202410030000,15.0,23.0
202409240600,202409270000,16.0,27.0
202409240600,202409280000,18.0,28.0
202409240600,202409290000,18.0,29.0
202409240600,202409300000,19.0,28.0
202409240600,202410010000,20.0,26.0
202409240600,202410020000,18.0,23.0
202409240600,202410030000,15.0,23.0
202409240600,202410040000,14.0,23.0
202409241800,202409270000,18.0,27.0
202409241800,202409280000,17.0,28.0
202409241800,202409290000,19.0,29.0
202409241800,202409300000,18.0,28.0
202409241800,202410010000,19.0,27.0
202409241800,202410020000,17.0,23.0
202409241800,202410030000,15.0,23.0
202409241800,202410040000,14.0,24.0
202409250600,202409280000,18.0,29.0
202409250600,202409290000,19.0,28.0
202409250600,202409300000,18.0,27.0
202409250600,202410010000,19.0,26.0
202409250600,202410020000,16.0,22.0
202409250600,202410030000,14.0,23.0
202409250600,202410040000,14.0,25.0
202409250600,202410050000,16.0,25.0
202409251800,202409280000,18.0,29.0
202409251800,202409290000,19.0,28.0
202409251800,202409300000,18.0,27.0
202409251800,202410010000,19.0,24.0
202409251800,202410020000,14.0,22.0
202409251800,202410030000,13.0,24.0
202409251800,202410040000,14.0,25.0
202409251800,202410050000,15.0,24.0
202409260600,202409290000,19.0,28.0
202409260600,202409300000,18.0,27.0
202409260600,202410010000,19.0,23.0
202409260600,202410020000,14.0,21.0
202409260600,202410030000,13.0,23.0
202409260600,202410040000,15.0,24.0
202409260600,202410050000,15.0,24.0
202409260600,202410060000,16.0,24.0
202409261800,202409290000,19.0,28.0
202409261800,202409300000,17.0,27.0
202409261800,202410010000,19.0,23.0
202409261800,202410020000,13.0,20.0
202409261800,202410030000,13.0,22.0
202409261800,202410040000,15.0,23.0
202409261800,202410050000,15.0,24.0
202409261800,202410060000,16.0,24.0
202409270600,202409300000,17.0,26.0
202409270600,202410010000,19.0,22.0
202409270600,202410020000,12.0,21.0
202409270600,202410030000,13.0,21.0
202409270600,202410040000,14.0,22.0
202409270600,202410050000,14.0,24.0
202409270600,202410060000,15.0,24.0
202409270600,202410070000,14.0,23.0
202409271800,202409300000,17.0,27.0
202409271800,202410010000,19.0,22.0
202409271800,202410020000,12.0,21.0
202409271800,202410030000,13.0,20.0
202409271800,202410040000,14.0,22.0
202409271800,202410050000,14.0,24.0
202409271800,202410060000,15.0,24.0
202409271800,202410070000,15.0,24.0
202409280600,202410010000,19.0,21.0
202409280600,202410020000,11.0,21.0
202409280600,202410030000,12.0,20.0
202409280600,202410040000,13.0,23.0
202409280600,202410050000,14.0,25.0
202409280600,202410060000,16.0,24.0
202409280600,202410070000,16.0,24.0
202409280600,202410080000,15.0,23.0
202409281800,202410010000,19.0,22.0
202409281800,202410020000,10.0,20.0
202409281800,202410030000,12.0,21.0
202409281800,202410040000,13.0,22.0
202409281800,202410050000,14.0,25.0
202409281800,202410060000,16.0,25.0
202409281800,202410070000,16.0,23.0
202409281800,202410080000,15.0,23.0
202409290600,202410020000,11.0,20.0
202409290600,202410030000,12.0,21.0
202409290600,202410040000,14.0,22.0
202409290600,202410050000,16.0,24.0
202409290600,202410060000,16.0,25.0
202409290600,202410070000,17.0,24.0
202409290600,202410080000,14.0,22.0
202409290600,202410090000,12.0,22.0
202409291800,202410020000,11.0,20.0
202409291800,202410030000,12.0,20.0
202409291800,202410040000,14.0,23.0
202409291800,202410050000,16.0,25.0
202409291800,202410060000,17.0,26.0
202409291800,202410070000,17.0,23.0
202409291800,202410080000,14.0,22.0
202409291800,202410090000,13.0,22.0
202409300600,202410030000,12.0,21.0
202409300600,202410040000,14.0,24.0
202409300600,202410050000,15.0,26.0
202409300600,202410060000,18.0,25.0
202409300600,202410070000,18.0,23.0
202409300600,202410080000,14.0,22.0
202409300600,202410090000,12.0,23.0
202409300600,202410100000,12.0,23.0
202409301800,202410030000,12.0,21.0
202409301800,202410040000,13.0,24.0
202409301800,202410050000,15.0,26.0
202409301800,202410060000,17.0,26.0
202409301800,202410070000,18.0,23.0
202409301800,202410080000,14.0,22.0
202409301800,202410090000,13.0,23.0
202409301800,202410100000,13.0,23.0
202410010600,202410040000,13.0,24.0
202410010600,202410050000,16.0,26.0
202410010600,202410060000,18.0,25.0
202410010600,202410070000,18.0,23.0
202410010600,202410080000,15.0,23.0
202410010600,202410090000,14.0,23.0
202410010600,202410100000,13.0,23.0
202410010600,202410110000,14.0,23.0
202410011800,202410040000,13.0,24.0
202410011800,202410050000,15.0,25.0
202410011800,202410060000,18.0,23.0
202410011800,202410070000,18.0,23.0
202410011800,202410080000,15.0,22.0
202410011800,202410090000,14.0,23.0
202410011800,202410100000,13.0,23.0
202410011800,202410110000,13.0,24.0
202410020600,202410050000,16.0,25.0
202410020600,202410060000,18.0,22.0
202410020600,202410070000,18.0,23.0
202410020600,202410080000,16.0,23.0
202410020600,202410090000,14.0,24.0
202410020600,202410100000,14.0,23.0
202410020600,202410110000,13.0,23.0
202410020600,202410120000,14.0,23.0
202410021800,202410050000,15.0,24.0
202410021800,202410060000,16.0,23.0
202410021800,202410070000,17.0,22.0
202410021800,202410080000,16.0,24.0
202410021800,202410090000,15.0,23.0
202410021800,202410100000,14.0,23.0
202410021800,202410110000,14.0,23.0
202410021800,202410120000,14.0,24.0
202410030600,202410060000,15.0,22.0
202410030600,202410070000,16.0,23.0
202410030600,202410080000,15.0,24.0
202410030600,202410090000,15.0,24.0
202410030600,202410100000,14.0,23.0
202410030600,202410110000,14.0,24.0
202410030600,202410120000,14.0,24.0
202410030600,202410130000,14.0,24.0
202410031800,202410060000,15.0,21.0
202410031800,202410070000,15.0,22.0
202410031800,202410080000,15.0,24.0
202410031800,202410090000,15.0,24.0
202410031800,202410100000,14.0,23.0
202410031800,202410110000,14.0,24.0
202410031800,202410120000,14.0,24.0
202410031800,202410130000,14.0,24.0
202410040600,202410070000,15.0,23.0
202410040600,202410080000,15.0,24.0
202410040600,202410090000,14.0,24.0
202410040600,202410100000,14.0,23.0
202410040600,202410110000,15.0,24.0
202410040600,202410120000,14.0,24.0
202410040600,202410130000,14.0,23.0
202410040600,202410140000,15.0,24.0
202410041800,202410070000,16.0,23.0
202410041800,202410080000,13.0,23.0
202410041800,202410090000,14.0,24.0
202410041800,202410100000,15.0,23.0
202410041800,202410110000,15.0,23.0
202410041800,202410120000,14.0,24.0
202410041800,202410130000,14.0,24.0
202410041800,202410140000,14.0,23.0
202410050600,202410080000,14.0,24.0
202410050600,202410090000,15.0,24.0
202410050600,202410100000,15.0,24.0
202410050600,202410110000,14.0,23.0
202410050600,202410120000,14.0,24.0
202410050600,202410130000,14.0,24.0
202410050600,202410140000,14.0,24.0
202410050600,202410150000,15.0,23.0
202410051800,202410080000,14.0,24.0
202410051800,202410090000,14.0,24.0
202410051800,202410100000,15.0,24.0
202410051800,202410110000,14.0,23.0
202410051800,202410120000,15.0,24.0
202410051800,202410130000,14.0,24.0
202410051800,202410140000,14.0,23.0
202410051800,202410150000,15.0,23.0
202410060600,202410090000,15.0,24.0
202410060600,202410100000,15.0,23.0
202410060600,202410110000,14.0,24.0
202410060600,202410120000,15.0,24.0
202410060600,202410130000,14.0,25.0
202410060600,202410140000,15.0,24.0
202410060600,202410150000,14.0,23.0
202410060600,202410160000,15.0,24.0
202410061800,202410090000,15.0,24.0
202410061800,202410100000,15.0,24.0
202410061800,202410110000,14.0,24.0
202410061800,202410120000,15.0,25.0
202410061800,202410130000,14.0,25.0
202410061800,202410140000,15.0,24.0
202410061800,202410150000,14.0,23.0
202410061800,202410160000,15.0,24.0
202410070600,202410100000,15.0,23.0
202410070600,202410110000,14.0,24.0
202410070600,202410120000,14.0,25.0
202410070600,202410130000,14.0,25.0
202410070600,202410140000,15.0,24.0
202410070600,202410150000,14.0,23.0
202410070600,202410160000,15.0,24.0
202410070600,202410170000,16.0,23.0
202410071800,202410100000,15.0,23.0
202410071800,202410110000,13.0,24.0
202410071800,202410120000,14.0,25.0
202410071800,202410130000,14.0,25.0
202410071800,202410140000,15.0,24.0
202410071800,202410150000,14.0,23.0
202410071800,202410160000,15.0,24.0
202410071800,202410170000,16.0,23.0
202410080600,202410110000,14.0,24.0
202410080600,202410120000,14.0,25.0
202410080600,202410130000,15.0,25.0
202410080600,202410140000,15.0,24.0
202410080600,202410150000,14.0,25.0
202410080600,202410160000,15.0,24.0
202410080600,202410170000,15.0,23.0
202410080600,202410180000,15.0,22.0
202410081800,202410110000,14.0,24.0
202410081800,202410120000,13.0,25.0
202410081800,202410130000,14.0,25.0
202410081800,202410140000,15.0,24.0
202410081800,202410150000,15.0,25.0
202410081800,202410160000,16.0,24.0
202410081800,202410170000,15.0,23.0
202410081800,202410180000,15.0,21.0
202410090600,202410120000,14.0,24.0
202410090600,202410130000,14.0,25.0
202410090600,202410140000,15.0,24.0
202410090600,202410150000,15.0,25.0
202410090600,202410160000,16.0,25.0
202410090600,202410170000,16.0,24.0
202410090600,202410180000,15.0,21.0
202410090600,202410190000,13.0,20.0
202410091800,202410120000,13.0,24.0
202410091800,202410130000,12.0,25.0
202410091800,202410140000,14.0,25.0
202410091800,202410150000,15.0,26.0
202410091800,202410160000,16.0,25.0
202410091800,202410170000,16.0,24.0
202410091800,202410180000,16.0,22.0
202410091800,202410190000,13.0,20.0
202410100600,202410130000,14.0,25.0
202410100600,202410140000,14.0,25.0
202410100600,202410150000,15.0,26.0
202410100600,202410160000,16.0,25.0
202410100600,202410170000,16.0,24.0
202410100600,202410180000,16.0,22.0
202410100600,202410190000,13.0,20.0
202410100600,202410200000,14.0,21.0
202410101800,202410130000,14.0,25.0
202410101800,202410140000,16.0,25.0
202410101800,202410150000,16.0,25.0
202410101800,202410160000,17.0,26.0
202410101800,202410170000,16.0,24.0
202410101800,202410180000,17.0,22.0
202410101800,202410190000,14.0,21.0
202410101800,202410200000,14.0,22.0
202410110600,202410140000,16.0,24.0
202410110600,202410150000,16.0,25.0
202410110600,202410160000,17.0,26.0
202410110600,202410170000,16.0,25.0
202410110600,202410180000,17.0,22.0
202410110600,202410190000,16.0,21.0
202410110600,202410200000,13.0,21.0
202410110600,202410210000,12.0,19.0
202410111800,202410140000,17.0,24.0
202410111800,202410150000,16.0,25.0
202410111800,202410160000,16.0,26.0
202410111800,202410170000,16.0,25.0
202410111800,202410180000,17.0,22.0
202410111800,202410190000,14.0,21.0
202410111800,202410200000,11.0,20.0
202410111800,202410210000,10.0,18.0
202410120600,202410150000,17.0,26.0
202410120600,202410160000,16.0,26.0
202410120600,202410170000,16.0,25.0
202410120600,202410180000,16.0,21.0
202410120600,202410190000,14.0,19.0
202410120600,202410200000,11.0,19.0
202410120600,202410210000,12.0,20.0
202410120600,202410220000,13.0,20.0
202410121800,202410150000,16.0,25.0
202410121800,202410160000,15.0,26.0
202410121800,202410170000,16.0,25.0
202410121800,202410180000,17.0,21.0
202410121800,202410190000,13.0,19.0
202410121800,202410200000,10.0,19.0
202410121800,202410210000,11.0,19.0
202410121800,202410220000,13.0,20.0
202410130600,202410160000,14.0,26.0
202410130600,202410170000,15.0,26.0
202410130600,202410180000,17.0,21.0
202410130600,202410190000,13.0,18.0
202410130600,202410200000,10.0,19.0
202410130600,202410210000,11.0,18.0
202410130600,202410220000,12.0,20.0
202410130600,202410230000,11.0,20.0
202410131800,202410160000,15.0,26.0
202410131800,202410170000,14.0,26.0
202410131800,202410180000,16.0,20.0
202410131800,202410190000,13.0,18.0
202410131800,202410200000,9.0,19.0
202410131800,202410210000,12.0,18.0
202410131800,202410220000,12.0,20.0
202410131800,202410230000,12.0,20.0
202410140600,202410170000,13.0,26.0
202410140600,202410180000,16.0,20.0
202410140600,202410190000,13.0,18.0
202410140600,202410200000,10.0,19.0
202410140600,202410210000,11.0,18.0
202410140600,202410220000,12.0,20.0
202410140600,202410230000,12.0,21.0
202410140600,202410240000,11.0,20.0
202410141800,202410170000,14.0,26.0
202410141800,202410180000,16.0,21.0
202410141800,202410190000,13.0,19.0
202410141800,202410200000,10.0,19.0
202410141800,202410210000,11.0,19.0
202410141800,202410220000,13.0,20.0
202410141800,202410230000,12.0,21.0
202410141800,202410240000,12.0,20.0
202410150600,202410180000,16.0,22.0
202410150600,202410190000,14.0,19.0
202410150600,202410200000,9.0,19.0
202410150600,202410210000,11.0,20.0
202410150600,202410220000,13.0,20.0
202410150600,202410230000,11.0,20.0
202410150600,202410240000,12.0,21.0
202410150600,202410250000,12.0,21.0
202410151800,202410180000,16.0,22.0
202410151800,202410190000,14.0,19.0
202410151800,202410200000,9.0,19.0
202410151800,202410210000,11.0,20.0
202410151800,202410220000,13.0,20.0
202410151800,202410230000,11.0,19.0
202410151800,202410240000,12.0,21.0
202410151800,202410250000,13.0,21.0
202410160600,202410190000,14.0,20.0
202410160600,202410200000,9.0,19.0
202410160600,202410210000,11.0,20.0
202410160600,202410220000,13.0,19.0
202410160600,202410230000,11.0,19.0
202410160600,202410240000,12.0,21.0
202410160600,202410250000,13.0,21.0
202410160600,202410260000,13.0,21.0
202410161800,202410190000,15.0,20.0
202410161800,202410200000,9.0,19.0
202410161800,202410210000,11.0,20.0
202410161800,202410220000,14.0,19.0
202410161800,202410230000,11.0,19.0
202410161800,202410240000,12.0,21.0
202410161800,202410250000,13.0,21.0
202410161800,202410260000,13.0,21.0
202410170600,202410200000,9.0,19.0
202410170600,202410210000,11.0,20.0
202410170600,202410220000,14.0,19.0
202410170600,202410230000,11.0,19.0
202410170600,202410240000,12.0,21.0
202410170600,202410250000,13.0,21.0
202410170600,202410260000,13.0,21.0
202410170600,202410270000,14.0,20.0
202410171800,202410200000,9.0,19.0
202410171800,202410210000,11.0,20.0
202410171800,202410220000,15.0,19.0
202410171800,202410230000,11.0,19.0
202410171800,202410240000,11.0,21.0
202410171800,202410250000,13.0,22.0
202410171800,202410260000,13.0,22.0
202410171800,202410270000,14.0,20.0
202410180600,202410210000,11.0,20.0
202410180600,202410220000,15.0,19.0
202410180600,202410230000,11.0,19.0
202410180600,202410240000,11.0,21.0
202410180600,202410250000,13.0,22.0
202410180600,202410260000,13.0,22.0
202410180600,202410270000,14.0,20.0
202410180600,202410280000,13.0,20.0
202410181800,202410210000,11.0,20.0
202410181800,202410220000,15.0,19.0
202410181800,202410230000,11.0,18.0
202410181800,202410240000,10.0,20.0
202410181800,202410250000,12.0,22.0
202410181800,202410260000,13.0,21.0
202410181800,202410270000,13.0,20.0
202410181800,202410280000,12.0,20.0
202410190600,202410220000,15.0,19.0
202410190600,202410230000,12.0,17.0
202410190600,202410240000,9.0,20.0
202410190600,202410250000,11.0,22.0
202410190600,202410260000,12.0,22.0
202410190600,202410270000,12.0,21.0
202410190600,202410280000,11.0,20.0
202410190600,202410290000,12.0,20.0
202410191800,202410220000,15.0,18.0
202410191800,202410230000,11.0,16.0
202410191800,202410240000,9.0,20.0
202410191800,202410250000,11.0,22.0
202410191800,202410260000,13.0,22.0
202410191800,202410270000,13.0,21.0
202410191800,202410280000,12.0,19.0
202410191800,202410290000,12.0,19.0
202410200600,202410230000,10.0,15.0
202410200600,202410240000,9.0,20.0
202410200600,202410250000,11.0,22.0
202410200600,202410260000,13.0,22.0
202410200600,202410270000,13.0,21.0
202410200600,202410280000,12.0,19.0
202410200600,202410290000,12.0,19.0
202410200600,202410300000,12.0,19.0
202410201800,202410230000,11.0,16.0
202410201800,202410240000,6.0,20.0
202410201800,202410250000,11.0,22.0
202410201800,202410260000,13.0,23.0
202410201800,202410270000,13.0,21.0
202410201800,202410280000,12.0,19.0
202410201800,202410290000,11.0,19.0
202410201800,202410300000,11.0,20.0
202410210600,202410240000,6.0,19.0
202410210600,202410250000,11.0,23.0
202410210600,202410260000,13.0,23.0
202410210600,202410270000,14.0,22.0
202410210600,202410280000,13.0,19.0
202410210600,202410290000,12.0,19.0
202410210600,202410300000,12.0,20.0
202410210600,202410310000,11.0,19.0
202410211800,202410240000,7.0,19.0
202410211800,202410250000,9.0,23.0
202410211800,202410260000,12.0,23.0
202410211800,202410270000,13.0,22.0
202410211800,202410280000,13.0,20.0
202410211800,202410290000,12.0,20.0
202410211800,202410300000,13.0,20.0
202410211800,202410310000,11.0,19.0
202410220600,202410250000,10.0,23.0
202410220600,202410260000,12.0,23.0
202410220600,202410270000,13.0,22.0
202410220600,202410280000,13.0,19.0
202410220600,202410290000,12.0,20.0
202410220600,202410300000,13.0,20.0
202410220600,202410310000,11.0,19.0
202410220600,202411010000,11.0,19.0
202410221800,202410250000,11.0,24.0
202410221800,202410260000,11.0,24.0
202410221800,202410270000,13.0,22.0
202410221800,202410280000,14.0,19.0
202410221800,202410290000,13.0,20.0
202410221800,202410300000,13.0,20.0
202410221800,202410310000,11.0,19.0
202410221800,202411010000,11.0,18.0
202410230600,202410260000,12.0,23.0
202410230600,202410270000,13.0,22.0
202410230600,202410280000,14.0,19.0
202410230600,202410290000,14.0,19.0
202410230600,202410300000,13.0,20.0
202410230600,202410310000,11.0,19.0
202410230600,202411010000,10.0,19.0
202410230600,202411020000,10.0,18.0
202410231800,202410260000,13.0,23.0
202410231800,202410270000,13.0,22.0
202410231800,202410280000,14.0,19.0
202410231800,202410290000,14.0,19.0
202410231800,202410300000,13.0,20.0
202410231800,202410310000,11.0,19.0
202410231800,202411010000,10.0,19.0
202410231800,202411020000,10.0,18.0
202410240600,202410270000,13.0,21.0
202410240600,202410280000,13.0,20.0
202410240600,202410290000,13.0,20.0
202410240600,202410300000,13.0,21.0
202410240600,202410310000,11.0,20.0
202410240600,202411010000,11.0,18.0
202410240600,202411020000,10.0,18.0
202410240600,202411030000,10.0,17.0
202410241800,202410270000,14.0,20.0
202410241800,202410280000,12.0,21.0
202410241800,202410290000,13.0,18.0
202410241800,202410300000,12.0,20.0
202410241800,202410310000,11.0,20.0
202410241800,202411010000,11.0,18.0
202410241800,202411020000,10.0,18.0
202410241800,202411030000,10.0,16.0
202410250600,202410280000,12.0,21.0
202410250600,202410290000,13.0,18.0
202410250600,202410300000,12.0,20.0
202410250600,202410310000,11.0,20.0
202410250600,202411010000,11.0,18.0
202410250600,202411020000,10.0,18.0
202410250600,202411030000,9.0,15.0
202410250600,202411040000,8.0,15.0
202410251800,202410280000,13.0,21.0
202410251800,202410290000,13.0,19.0
202410251800,202410300000,12.0,19.0
202410251800,202410310000,12.0,21.0
202410251800,202411010000,11.0,20.0
202410251800,202411020000,11.0,18.0
202410251800,202411030000,9.0,15.0
202410251800,202411040000,8.0,15.0
202410260600,202410290000,13.0,19.0
202410260600,202410300000,12.0,20.0
202410260600,202410310000,12.0,21.0
202410260600,202411010000,12.0,20.0
202410260600,202411020000,12.0,19.0
202410260600,202411030000,8.0,14.0
202410260600,202411040000,6.0,13.0
202410260600,202411050000,6.0,14.0
202410261800,202410290000,13.0,20.0
202410261800,202410300000,12.0,20.0
202410261800,202410310000,12.0,21.0
202410261800,202411010000,12.0,20.0
202410261800,202411020000,12.0,19.0
202410261800,202411030000,8.0,15.0
202410261800,202411040000,6.0,13.0
202410261800,202411050000,5.0,14.0
202410270600,202410300000,13.0,21.0
202410270600,202410310000,12.0,21.0
202410270600,202411010000,12.0,20.0
202410270600,202411020000,13.0,19.0
202410270600,202411030000,9.0,17.0
202410270600,202411040000,7.0,13.0
202410270600,202411050000,3.0,12.0
202410270600,202411060000,5.0,13.0
202410271800,202410300000,12.0,21.0
202410271800,202410310000,11.0,21.0
202410271800,202411010000,12.0,20.0
202410271800,202411020000,13.0,19.0
202410271800,202411030000,10.0,17.0
202410271800,202411040000,7.0,12.0
202410271800,202411050000,3.0,12.0
202410271800,202411060000,5.0,13.0
202410280600,202410310000,11.0,22.0
202410280600,202411010000,12.0,21.0
202410280600,202411020000,14.0,20.0
202410280600,202411030000,11.0,18.0
202410280600,202411040000,8.0,13.0
202410280600,202411050000,4.0,12.0
202410280600,202411060000,4.0,13.0
202410280600,202411070000,6.0,14.0
202410281800,202410310000,12.0,22.0
202410281800,202411010000,12.0,21.0
202410281800,202411020000,14.0,20.0
202410281800,202411030000,11.0,18.0
202410281800,202411040000,8.0,13.0
202410281800,202411050000,4.0,12.0
202410281800,202411060000,4.0,13.0
202410281800,202411070000,6.0,14.0
202410290600,202411010000,12.0,20.0
202410290600,202411020000,14.0,21.0
202410290600,202411030000,11.0,19.0
202410290600,202411040000,8.0,13.0
202410290600,202411050000,4.0,12.0
202410290600,202411060000,4.0,13.0
202410290600,202411070000,6.0,14.0
202410290600,202411080000,8.0,16.0
202410291800,202411010000,13.0,21.0
202410291800,202411020000,13.0,22.0
202410291800,202411030000,12.0,20.0
202410291800,202411040000,8.0,12.0
202410291800,202411050000,3.0,11.0
202410291800,202411060000,4.0,13.0
202410291800,202411070000,5.0,15.0
202410291800,202411080000,7.0,15.0
202410300600,202411020000,12.0,22.0
202410300600,202411030000,12.0,20.0
202410300600,202411040000,8.0,12.0
202410300600,202411050000,3.0,11.0
202410300600,202411060000,4.0,13.0
202410300600,202411070000,5.0,15.0
202410300600,202411080000,7.0,15.0
202410300600,202411090000,9.0,16.0
202410301800,202411020000,14.0,23.0
202410301800,202411030000,12.0,20.0
202410301800,202411040000,9.0,12.0
202410301800,202411050000,3.0,11.0
202410301800,202411060000,3.0,13.0
202410301800,202411070000,6.0,15.0
202410301800,202411080000,7.0,15.0
202410301800,202411090000,9.0,16.0
202410310600,202411030000,12.0,21.0
202410310600,202411040000,9.0,12.0
202410310600,202411050000,3.0,11.0
202410310600,202411060000,3.0,13.0
202410310600,202411070000,6.0,15.0
202410310600,202411080000,7.0,15.0
202410310600,202411090000,9.0,16.0
202410310600,202411100000,9.0,17.0
202410311800,202411030000,12.0,21.0
202410311800,202411040000,11.0,13.0
202410311800,202411050000,3.0,12.0
202410311800,202411060000,3.0,12.0
202410311800,202411070000,5.0,14.0
202410311800,202411080000,6.0,15.0
202410311800,202411090000,8.0,16.0
202410311800,202411100000,9.0,18.0
202411010600,202411040000,13.0,16.0
202411010600,202411050000,3.0,12.0
202411010600,202411060000,3.0,12.0
202411010600,202411070000,4.0,13.0
202411010600,202411080000,6.0,15.0
202411010600,202411090000,8.0,16.0
202411010600,202411100000,9.0,18.0
202411010600,202411110000,11.0,18.0
202411011800,202411040000,14.0,15.0
202411011800,202411050000,5.0,13.0
202411011800,202411060000,3.0,10.0
202411011800,202411070000,1.0,12.0
202411011800,202411080000,4.0,14.0
202411011800,202411090000,7.0,16.0
202411011800,202411100000,8.0,17.0
202411011800,202411110000,10.0,18.0
202411020600,202411050000,5.0,13.0
202411020600,202411060000,4.0,10.0
202411020600,202411070000,1.0,12.0
202411020600,202411080000,4.0,14.0
202411020600,202411090000,6.0,17.0
202411020600,202411100000,8.0,18.0
202411020600,202411110000,9.0,17.0
202411020600,202411120000,10.0,17.0
202411021800,202411050000,6.0,14.0
202411021800,202411060000,4.0,11.0
202411021800,202411070000,2.0,12.0
202411021800,202411080000,4.0,14.0
202411021800,202411090000,6.0,17.0
202411021800,202411100000,8.0,18.0
202411021800,202411110000,9.0,17.0
202411021800,202411120000,9.0,16.0
202411030600,202411060000,4.0,12.0
202411030600,202411070000,2.0,13.0
202411030600,202411080000,5.0,15.0
202411030600,202411090000,8.0,17.0
202411030600,202411100000,9.0,18.0
202411030600,202411110000,10.0,17.0
202411030600,202411120000,7.0,15.0
202411030600,202411130000,6.0,15.0
202411031800,202411060000,4.0,12.0
202411031800,202411070000,2.0,13.0
202411031800,202411080000,5.0,16.0
202411031800,202411090000,8.0,18.0
202411031800,202411100000,10.0,19.0
202411031800,202411110000,10.0,17.0
202411031800,202411120000,8.0,16.0
202411031800,202411130000,7.0,15.0
202411040600,202411070000,2.0,14.0
202411040600,202411080000,5.0,16.0
202411040600,202411090000,8.0,18.0
202411040600,202411100000,10.0,19.0
202411040600,202411110000,10.0,18.0
202411040600,202411120000,9.0,16.0
202411040600,202411130000,7.0,15.0
202411040600,202411140000,8.0,15.0
202411041800,202411070000,3.0,14.0
202411041800,202411080000,5.0,17.0
202411041800,202411090000,8.0,18.0
202411041800,202411100000,9.0,19.0
202411041800,202411110000,11.0,18.0
202411041800,202411120000,10.0,17.0
202411041800,202411130000,7.0,16.0
202411041800,202411140000,8.0,15.0
202411050600,202411080000,6.0,16.0
202411050600,202411090000,8.0,18.0
202411050600,202411100000,9.0,19.0
202411050600,202411110000,10.0,18.0
202411050600,202411120000,10.0,17.0
202411050600,202411130000,7.0,16.0
202411050600,202411140000,8.0,16.0
202411050600,202411150000,9.0,17.0
202411051800,202411080000,7.0,16.0
202411051800,202411090000,8.0,19.0
202411051800,202411100000,9.0,19.0
202411051800,202411110000,10.0,18.0
202411051800,202411120000,10.0,17.0
202411051800,202411130000,8.0,16.0
202411051800,202411140000,8.0,17.0
202411051800,202411150000,9.0,16.0
202411060600,202411090000,8.0,19.0
202411060600,202411100000,9.0,19.0
202411060600,202411110000,10.0,18.0
202411060600,202411120000,10.0,17.0
202411060600,202411130000,8.0,16.0
202411060600,202411140000,8.0,17.0
202411060600,202411150000,9.0,16.0
202411060600,202411160000,9.0,16.0
202411061800,202411090000,8.0,18.0
202411061800,202411100000,8.0,19.0
202411061800,202411110000,10.0,19.0
202411061800,202411120000,10.0,18.0
202411061800,202411130000,9.0,18.0
202411061800,202411140000,10.0,17.0
202411061800,202411150000,10.0,17.0
202411061800,202411160000,10.0,15.0
202411070600,202411100000,9.0,19.0
202411070600,202411110000,10.0,19.0
202411070600,202411120000,10.0,18.0
202411070600,202411130000,9.0,18.0
202411070600,202411140000,10.0,17.0
202411070600,202411150000,10.0,17.0
202411070600,202411160000,9.0,16.0
202411070600,202411170000,8.0,14.0
202411071800,202411100000,10.0,19.0
202411071800,202411110000,9.0,19.0
202411071800,202411120000,11.0,18.0
202411071800,202411130000,9.0,18.0
202411071800,202411140000,10.0,17.0
202411071800,202411150000,11.0,17.0
202411071800,202411160000,10.0,16.0
202411071800,202411170000,8.0,14.0
202411080600,202411110000,10.0,19.0
202411080600,202411120000,11.0,19.0
202411080600,202411130000,9.0,19.0
202411080600,202411140000,11.0,17.0
202411080600,202411150000,13.0,18.0
202411080600,202411160000,11.0,18.0
202411080600,202411170000,10.0,16.0
202411080600,202411180000,7.0,12.0
202411081800,202411110000,10.0,19.0
202411081800,202411120000,10.0,18.0
202411081800,202411130000,9.0,19.0
202411081800,202411140000,11.0,17.0
202411081800,202411150000,13.0,18.0
202411081800,202411160000,11.0,18.0
202411081800,202411170000,10.0,16.0
202411081800,202411180000,7.0,12.0
202411090600,202411120000,11.0,18.0
202411090600,202411130000,9.0,19.0
202411090600,202411140000,11.0,17.0
202411090600,202411150000,12.0,19.0
202411090600,202411160000,11.0,18.0
202411090600,202411170000,11.0,16.0
202411090600,202411180000,8.0,13.0
202411090600,202411190000,6.0,12.0
202411091800,202411120000,10.0,18.0
202411091800,202411130000,8.0,19.0
202411091800,202411140000,11.0,17.0
202411091800,202411150000,12.0,19.0
202411091800,202411160000,11.0,18.0
202411091800,202411170000,11.0,16.0
202411091800,202411180000,8.0,13.0
202411091800,202411190000,6.0,12.0
202411100600,202411130000,9.0,19.0
202411100600,202411140000,11.0,17.0
202411100600,202411150000,12.0,19.0
202411100600,202411160000,12.0,18.0
202411100600,202411170000,11.0,15.0
202411100600,202411180000,6.0,11.0
202411100600,202411190000,2.0,10.0
202411100600,202411200000,2.0,11.0
202411101800,202411130000,8.0,19.0
202411101800,202411140000,11.0,17.0
202411101800,202411150000,13.0,19.0
202411101800,202411160000,12.0,18.0
202411101800,202411170000,9.0,13.0
202411101800,202411180000,4.0,10.0
202411101800,202411190000,1.0,11.0
202411101800,202411200000,3.0,11.0
202411110600,202411140000,11.0,17.0
202411110600,202411150000,13.0,19.0
202411110600,202411160000,12.0,18.0
202411110600,202411170000,9.0,13.0
202411110600,202411180000,2.0,9.0
202411110600,202411190000,1.0,10.0
202411110600,202411200000,3.0,11.0
202411110600,202411210000,4.0,12.0
202411111800,202411140000,10.0,17.0
202411111800,202411150000,12.0,20.0
202411111800,202411160000,13.0,20.0
202411111800,202411170000,9.0,12.0
202411111800,202411180000,1.0,8.0
202411111800,202411190000,0.0,8.0
202411111800,202411200000,2.0,12.0
202411111800,202411210000,5.0,12.0
202411120600,202411150000,12.0,20.0
202411120600,202411160000,13.0,20.0
202411120600,202411170000,10.0,13.0
202411120600,202411180000,1.0,7.0
202411120600,202411190000,0.0,9.0
202411120600,202411200000,3.0,11.0
202411120600,202411210000,4.0,12.0
202411120600,202411220000,5.0,12.0
202411121800,202411150000,12.0,20.0
202411121800,202411160000,13.0,21.0
202411121800,202411170000,11.0,13.0
202411121800,202411180000,0.0,6.0
202411121800,202411190000,-1.0,8.0
202411121800,202411200000,1.0,10.0
202411121800,202411210000,4.0,12.0
202411121800,202411220000,5.0,13.0
202411130600,202411160000,13.0,20.0
202411130600,202411170000,11.0,13.0
202411130600,202411180000,0.0,6.0
202411130600,202411190000,-1.0,8.0
202411130600,202411200000,1.0,10.0
202411130600,202411210000,4.0,12.0
202411130600,202411220000,5.0,12.0
202411130600,202411230000,3.0,11.0
202411131800,202411160000,12.0,19.0
202411131800,202411170000,8.0,12.0
202411131800,202411180000,0.0,7.0
202411131800,202411190000,-1.0,8.0
202411131800,202411200000,1.0,11.0
202411131800,202411210000,4.0,13.0
202411131800,202411220000,6.0,12.0
202411131800,202411230000,3.0,12.0
202411140600,202411170000,8.0,11.0
202411140600,202411180000,0.0,7.0
202411140600,202411190000,-1.0,8.0
202411140600,202411200000,2.0,11.0
202411140600,202411210000,5.0,13.0
202411140600,202411220000,5.0,12.0
202411140600,202411230000,3.0,12.0
202411140600,202411240000,4.0,12.0
202411141800,202411170000,9.0,11.0
202411141800,202411180000,0.0,7.0
202411141800,202411190000,-1.0,8.0
202411141800,202411200000,2.0,11.0
202411141800,202411210000,5.0,13.0
202411141800,202411220000,5.0,12.0
202411141800,202411230000,3.0,12.0
202411141800,202411240000,4.0,12.0
202411150600,202411180000,0.0,7.0
202411150600,202411190000,-1.0,9.0
202411150600,202411200000,2.0,11.0
202411150600,202411210000,5.0,13.0
202411150600,202411220000,3.0,10.0
202411150600,202411230000,2.0,12.0
202411150600,202411240000,3.0,13.0
202411150600,202411250000,5.0,12.0
202411151800,202411180000,0.0,7.0
202411151800,202411190000,0.0,10.0
202411151800,202411200000,2.0,12.0
202411151800,202411210000,4.0,13.0
202411151800,202411220000,3.0,11.0
202411151800,202411230000,3.0,12.0
202411151800,202411240000,4.0,13.0
202411151800,202411250000,6.0,13.0
202411160600,202411190000,0.0,10.0
202411160600,202411200000,3.0,11.0
202411160600,202411210000,4.0,13.0
202411160600,202411220000,4.0,10.0
202411160600,202411230000,2.0,10.0
202411160600,202411240000,3.0,11.0
202411160600,202411250000,4.0,13.0
202411160600,202411260000,5.0,11.0
202411161800,202411190000,0.0,10.0
202411161800,202411200000,2.0,12.0
202411161800,202411210000,6.0,13.0
202411161800,202411220000,3.0,9.0
202411161800,202411230000,0.0,10.0
202411161800,202411240000,2.0,11.0
202411161800,202411250000,3.0,12.0
202411161800,202411260000,4.0,11.0
202411170600,202411200000,2.0,11.0
202411170600,202411210000,6.0,13.0
202411170600,202411220000,2.0,8.0
202411170600,202411230000,0.0,9.0
202411170600,202411240000,2.0,10.0
202411170600,202411250000,3.0,12.0
202411170600,202411260000,3.0,12.0
202411170600,202411270000,3.0,10.0
202411171800,202411200000,2.0,11.0
202411171800,202411210000,5.0,13.0
202411171800,202411220000,2.0,9.0
202411171800,202411230000,1.0,10.0
202411171800,202411240000,3.0,12.0
202411171800,202411250000,4.0,14.0
202411171800,202411260000,7.0,12.0
202411171800,202411270000,3.0,9.0
202411180600,202411210000,6.0,14.0
202411180600,202411220000,2.0,9.0
202411180600,202411230000,1.0,10.0
202411180600,202411240000,3.0,12.0
202411180600,202411250000,4.0,14.0
202411180600,202411260000,7.0,11.0
202411180600,202411270000,3.0,8.0
202411180600,202411280000,0.0,7.0
202411181800,202411210000,7.0,13.0
202411181800,202411220000,3.0,10.0
202411181800,202411230000,1.0,12.0
202411181800,202411240000,3.0,11.0
202411181800,202411250000,5.0,13.0
202411181800,202411260000,6.0,11.0
202411181800,202411270000,2.0,7.0
202411181800,202411280000,0.0,5.0
202411190600,202411220000,3.0,11.0
202411190600,202411230000,1.0,12.0
202411190600,202411240000,2.0,12.0
202411190600,202411250000,5.0,13.0
202411190600,202411260000,6.0,12.0
202411190600,202411270000,2.0,8.0
202411190600,202411280000,0.0,6.0
202411190600,202411290000,-2.0,4.0
202411191800,202411220000,3.0,10.0
202411191800,202411230000,1.0,12.0
202411191800,202411240000,3.0,12.0
202411191800,202411250000,4.0,13.0
202411191800,202411260000,8.0,11.0
202411191800,202411270000,2.0,7.0
202411191800,202411280000,0.0,6.0
202411191800,202411290000,0.0,5.0
202411200600,202411230000,0.0,11.0
202411200600,202411240000,2.0,12.0
202411200600,202411250000,4.0,13.0
202411200600,202411260000,7.0,10.0
202411200600,202411270000,1.0,6.0
202411200600,202411280000,-1.0,6.0
202411200600,202411290000,0.0,7.0
202411200600,202411300000,0.0,6.0
202411201800,202411230000,1.0,11.0
202411201800,202411240000,2.0,13.0
202411201800,202411250000,3.0,13.0
202411201800,202411260000,7.0,11.0
202411201800,202411270000,2.0,7.0
202411201800,202411280000,0.0,5.0
202411201800,202411290000,0.0,6.0
202411201800,202411300000,-1.0,5.0
202411210600,202411240000,2.0,12.0
202411210600,202411250000,4.0,14.0
202411210600,202411260000,8.0,13.0
202411210600,202411270000,2.0,6.0
202411210600,202411280000,-1.0,5.0
202411210600,202411290000,-1.0,6.0
202411210600,202411300000,-2.0,4.0
202411210600,202412010000,-1.0,5.0
202411211800,202411240000,2.0,12.0
202411211800,202411250000,4.0,14.0
202411211800,202411260000,9.0,12.0
202411211800,202411270000,2.0,6.0
202411211800,202411280000,-1.0,4.0
202411211800,202411290000,-2.0,5.0
202411211800,202411300000,-3.0,5.0
202411211800,202412010000,-1.0,6.0
202411220600,202411250000,4.0,15.0
202411220600,202411260000,9.0,12.0
202411220600,202411270000,2.0,5.0
202411220600,202411280000,-1.0,5.0
202411220600,202411290000,-1.0,5.0
202411220600,202411300000,-3.0,4.0
202411220600,202412010000,-1.0,5.0
202411220600,202412020000,-2.0,5.0
202411221800,202411250000,4.0,15.0
202411221800,202411260000,9.0,11.0
202411221800,202411270000,1.0,5.0
202411221800,202411280000,0.0,5.0
202411221800,202411290000,-1.0,4.0
202411221800,202411300000,-3.0,3.0
202411221800,202412010000,-3.0,4.0
202411221800,202412020000,-2.0,5.0
202411230600,202411260000,9.0,11.0
202411230600,202411270000,2.0,4.0
202411230600,202411280000,0.0,4.0
202411230600,202411290000,-2.0,4.0
202411230600,202411300000,-3.0,3.0
202411230600,202412010000,-3.0,4.0
202411230600,202412020000,-3.0,4.0
202411230600,202412030000,-3.0,4.0
202411231800,202411260000,9.0,10.0
202411231800,202411270000,2.0,5.0
202411231800,202411280000,0.0,4.0
202411231800,202411290000,-2.0,3.0
202411231800,202411300000,-3.0,2.0
202411231800,202412010000,-3.0,4.0
202411231800,202412020000,-2.0,4.0
202411231800,202412030000,-2.0,5.0
202411240600,202411270000,1.0,5.0
202411240600,202411280000,-1.0,3.0
202411240600,202411290000,-3.0,3.0
202411240600,202411300000,-3.0,4.0
202411240600,202412010000,-2.0,5.0
202411240600,202412020000,-2.0,5.0
202411240600,202412030000,-1.0,6.0
202411240600,202412040000,-1.0,6.0
202411241800,202411270000,1.0,3.0
202411241800,202411280000,-1.0,3.0
202411241800,202411290000,-3.0,3.0
202411241800,202411300000,-4.0,4.0
202411241800,202412010000,-2.0,5.0
202411241800,202412020000,-3.0,6.0
202411241800,202412030000,-2.0,5.0
202411241800,202412040000,-2.0,5.0
202411250600,202411280000,-1.0,4.0
202411250600,202411290000,-3.0,3.0
202411250600,202411300000,-4.0,4.0
202411250600,202412010000,-2.0,5.0
202411250600,202412020000,-2.0,6.0
202411250600,202412030000,-1.0,6.0
202411250600,202412040000,-1.0,6.0
202411250600,202412050000,0.0,8.0
202411251800,202411280000,0.0,3.0
202411251800,202411290000,-3.0,4.0
202411251800,202411300000,-3.0,4.0
202411251800,202412010000,-2.0,5.0
202411251800,202412020000,-2.0,7.0
202411251800,202412030000,-1.0,5.0
202411251800,202412040000,-1.0,5.0
202411251800,202412050000,-1.0,6.0
202411260600,202411290000,-3.0,3.0
202411260600,202411300000,-2.0,6.0
202411260600,202412010000,-2.0,6.0
202411260600,202412020000,0.0,8.0
202411260600,202412030000,-3.0,2.0
202411260600,202412040000,-4.0,4.0
202411260600,202412050000,-3.0,5.0
202411260600,202412060000,-2.0,6.0
202411261800,202411290000,-3.0,3.0
202411261800,202411300000,-3.0,5.0
202411261800,202412010000,-1.0,7.0
202411261800,202412020000,1.0,9.0
202411261800,202412030000,-2.0,3.0
202411261800,202412040000,-3.0,3.0
202411261800,202412050000,-3.0,5.0
202411261800,202412060000,-2.0,6.0
202411270600,202411300000,-2.0,6.0
202411270600,202412010000,-2.0,7.0
202411270600,202412020000,1.0,10.0
202411270600,202412030000,0.0,4.0
202411270600,202412040000,-1.0,6.0
202411270600,202412050000,-1.0,5.0
202411270600,202412060000,-2.0,5.0
202411270600,202412070000,-2.0,4.0
202411271800,202411300000,-2.0,7.0
202411271800,202412010000,-1.0,8.0
202411271800,202412020000,1.0,11.0
202411271800,202412030000,0.0,5.0
202411271800,202412040000,-1.0,6.0
202411271800,202412050000,-1.0,5.0
202411271800,202412060000,-2.0,6.0
202411271800,202412070000,-2.0,5.0
202411280600,202412010000,0.0,9.0
202411280600,202412020000,4.0,11.0
202411280600,202412030000,-2.0,4.0
202411280600,202412040000,-2.0,6.0
202411280600,202412050000,-1.0,5.0
202411280600,202412060000,-2.0,3.0
202411280600,202412070000,-3.0,3.0
202411280600,202412080000,-4.0,2.0
202411281800,202412030000,-3.0,4.0
202411281800,202412040000,-2.0,5.0
202411281800,202412050000,-2.0,4.0
202411281800,202412060000,-2.0,5.0
202411281800,202412070000,-4.0,2.0
202411281800,202412080000,-5.0,2.0
202411290600,202412030000,-3.0,4.0
202411290600,202412040000,-2.0,5.0
202411290600,202412050000,-2.0,4.0
202411290600,202412060000,-2.0,5.0
202411290600,202412070000,-4.0,1.0
202411290600,202412080000,-5.0,2.0
202411290600,202412090000,-4.0,2.0
202411291800,202412040000,-3.0,4.0
202411291800,202412050000,-2.0,6.0
202411291800,202412060000,-2.0,5.0
202411291800,202412070000,-3.0,2.0
202411291800,202412080000,-5.0,2.0
202411291800,202412090000,-4.0,3.0
202411300600,202412040000,-2.0,4.0
202411300600,202412050000,-1.0,6.0
202411300600,202412060000,-1.0,5.0
202411300600,202412070000,-3.0,2.0
202411300600,202412080000,-5.0,2.0
202411300600,202412090000,-5.0,3.0
202411300600,202412100000,-4.0,2.0
202411301800,202412050000,-1.0,6.0
202411301800,202412060000,-2.0,5.0
202411301800,202412070000,-3.0,1.0
202411301800,202412080000,-5.0,2.0
202411301800,202412090000,-4.0,4.0
202411301800,202412100000,-3.0,3.0
202412010600,202412050000,-1.0,6.0
202412010600,202412060000,-2.0,5.0
202412010600,202412070000,-2.0,2.0
202412010600,202412080000,-4.0,2.0
202412010600,202412090000,-5.0,3.0
202412010600,202412100000,-3.0,2.0
202412010600,202412110000,-4.0,3.0
202412011800,202412060000,-1.0,5.0
202412011800,202412070000,-2.0,2.0
202412011800,202412080000,-4.0,2.0
202412011800,202412090000,-5.0,3.0
202412011800,202412100000,-3.0,2.0
202412011800,202412110000,-4.0,3.0
202412020600,202412060000,1.0,6.0
202412020600,202412070000,-3.0,2.0
202412020600,202412080000,-4.0,3.0
202412020600,202412090000,-4.0,4.0
202412020600,202412100000,-1.0,4.0
202412020600,202412110000,-3.0,3.0
202412020600,202412120000,-4.0,2.0
202412021800,202412070000,-3.0,2.0
202412021800,202412080000,-4.0,3.0
202412021800,202412090000,-4.0,4.0
202412021800,202412100000,-1.0,4.0
202412021800,202412110000,-3.0,3.0
202412021800,202412120000,-4.0,3.0
202412030600,202412070000,-4.0,2.0
202412030600,202412080000,-3.0,4.0
202412030600,202412090000,-3.0,5.0
202412030600,202412100000,-1.0,5.0
202412030600,202412110000,-2.0,4.0
202412030600,202412120000,-4.0,3.0
202412030600,202412130000,-4.0,2.0
202412031800,202412080000,-3.0,4.0
202412031800,202412090000,-2.0,5.0
202412031800,202412100000,0.0,6.0
202412031800,202412110000,-3.0,3.0
202412031800,202412120000,-4.0,3.0
202412031800,202412130000,-4.0,3.0
202412040600,202412080000,-4.0,4.0
202412040600,202412090000,-3.0,5.0
202412040600,202412100000,0.0,6.0
202412040600,202412110000,-2.0,4.0
202412040600,202412120000,-4.0,2.0
202412040600,202412130000,-4.0,3.0
202412040600,202412140000,-4.0,2.0
202412041800,202412090000,-3.0,6.0
202412041800,202412100000,1.0,6.0
202412041800,202412110000,-2.0,4.0
202412041800,202412120000,-4.0,3.0
202412041800,202412130000,-3.0,3.0
202412041800,202412140000,-3.0,2.0
202412050600,202412090000,-3.0,5.0
202412050600,202412100000,0.0,7.0
202412050600,202412110000,-2.0,4.0
202412050600,202412120000,-3.0,3.0
202412050600,202412130000,-2.0,3.0
202412050600,202412140000,-4.0,2.0
202412050600,202412150000,-4.0,3.0
202412051800,202412100000,0.0,7.0
202412051800,202412110000,-1.0,4.0
202412051800,202412120000,-3.0,4.0
202412051800,202412130000,-2.0,4.0
202412051800,202412140000,-4.0,2.0
202412051800,202412150000,-4.0,3.0
202412060600,202412100000,0.0,7.0
202412060600,202412110000,-2.0,4.0
202412060600,202412120000,-3.0,4.0
202412060600,202412130000,-2.0,4.0
202412060600,202412140000,-4.0,2.0
202412060600,202412150000,-4.0,3.0
202412060600,202412160000,-3.0,4.0
202412061800,202412110000,-2.0,5.0
202412061800,202412120000,-3.0,5.0
202412061800,202412130000,-1.0,4.0
202412061800,202412140000,-4.0,2.0
202412061800,202412150000,-4.0,2.0
202412061800,202412160000,-3.0,3.0
202412070600,202412110000,-1.0,6.0
202412070600,202412120000,-2.0,5.0
202412070600,202412130000,-1.0,4.0
202412070600,202412140000,-4.0,2.0
202412070600,202412150000,-5.0,2.0
202412070600,202412160000,-4.0,3.0
202412070600,202412170000,-2.0,4.0
202412071800,202412120000,-3.0,5.0
202412071800,202412130000,-1.0,4.0
202412071800,202412140000,-4.0,2.0
202412071800,202412150000,-5.0,2.0
202412071800,202412160000,-4.0,3.0
202412071800,202412170000,-3.0,3.0
202412080600,202412120000,-2.0,5.0
202412080600,202412130000,-1.0,4.0
202412080600,202412140000,-4.0,2.0
202412080600,202412150000,-5.0,1.0
202412080600,202412160000,-5.0,2.0
202412080600,202412170000,-4.0,2.0
202412080600,202412180000,-4.0,3.0
202412081800,202412130000,-1.0,4.0
202412081800,202412140000,-4.0,2.0
202412081800,202412150000,-5.0,2.0
202412081800,202412160000,-5.0,2.0
202412081800,202412170000,-4.0,3.0
202412081800,202412180000,-4.0,3.0
202412090600,202412130000,-2.0,3.0
202412090600,202412140000,-4.0,2.0
202412090600,202412150000,-4.0,2.0
202412090600,202412160000,-5.0,2.0
202412090600,202412170000,-3.0,4.0
202412090600,202412180000,-3.0,4.0
202412090600,202412190000,-2.0,5.0
202412091800,202412140000,-4.0,2.0
202412091800,202412150000,-4.0,3.0
202412091800,202412160000,-4.0,3.0
202412091800,202412170000,-3.0,4.0
202412091800,202412180000,-3.0,4.0
202412091800,202412190000,-2.0,6.0
202412100600,202412140000,-5.0,2.0
202412100600,202412150000,-4.0,3.0
202412100600,202412160000,-4.0,3.0
202412100600,202412170000,-3.0,4.0
202412100600,202412180000,-3.0,4.0
202412100600,202412190000,-2.0,5.0
202412100600,202412200000,-2.0,5.0
202412101800,202412150000,-3.0,3.0
202412101800,202412160000,-5.0,3.0
202412101800,202412170000,-4.0,3.0
202412101800,202412180000,-4.0,3.0
202412101800,202412190000,-4.0,5.0
202412101800,202412200000,-2.0,5.0
202412110600,202412150000,-4.0,4.0
202412110600,202412160000,-4.0,3.0
202412110600,202412170000,-3.0,3.0
202412110600,202412180000,-4.0,4.0
202412110600,202412190000,-3.0,4.0
202412110600,202412200000,-2.0,5.0
202412110600,202412210000,-2.0,5.0
202412111800,202412160000,-3.0,3.0
202412111800,202412170000,-2.0,3.0
202412111800,202412180000,-4.0,2.0
202412111800,202412190000,-4.0,3.0
202412111800,202412200000,-3.0,4.0
202412111800,202412210000,-3.0,3.0
202412120600,202412160000,-4.0,3.0
202412120600,202412170000,-3.0,2.0
202412120600,202412180000,-5.0,2.0
202412120600,202412190000,-5.0,3.0
202412120600,202412200000,-3.0,3.0
202412120600,202412210000,-3.0,4.0
202412120600,202412220000,-2.0,4.0
202412121800,202412170000,-4.0,2.0
202412121800,202412180000,-5.0,1.0
202412121800,202412190000,-5.0,2.0
202412121800,202412200000,-4.0,3.0
202412121800,202412210000,-4.0,3.0
202412121800,202412220000,-4.0,3.0
202412130600,202412170000,-4.0,2.0
202412130600,202412180000,-5.0,1.0
202412130600,202412190000,-5.0,2.0
202412130600,202412200000,-3.0,4.0
202412130600,202412210000,-4.0,3.0
202412130600,202412220000,-5.0,3.0
202412130600,202412230000,-5.0,2.0
202412131800,202412180000,-5.0,1.0
202412131800,202412190000,-5.0,3.0
202412131800,202412200000,-2.0,4.0
202412131800,202412210000,-3.0,3.0
202412131800,202412220000,-6.0,2.0
202412131800,202412230000,-5.0,2.0
202412140600,202412180000,-6.0,1.0
202412140600,202412190000,-5.0,4.0
202412140600,202412200000,-2.0,5.0
202412140600,202412210000,-3.0,4.0
202412140600,202412220000,-5.0,1.0
202412140600,202412230000,-6.0,1.0
202412140600,202412240000,-5.0,2.0
202412141800,202412190000,-5.0,4.0
202412141800,202412200000,-3.0,4.0
202412141800,202412210000,-3.0,4.0
202412141800,202412220000,-5.0,1.0
202412141800,202412230000,-6.0,1.0
202412141800,202412240000,-5.0,3.0
202412150600,202412190000,-6.0,3.0
202412150600,202412200000,-3.0,5.0
202412150600,202412210000,-2.0,5.0
202412150600,202412220000,-6.0,1.0
202412150600,202412230000,-6.0,2.0
202412150600,202412240000,-4.0,4.0
202412150600,202412250000,-3.0,4.0
202412151800,202412200000,-3.0,5.0
202412151800,202412210000,-2.0,5.0
202412151800,202412220000,-5.0,1.0
202412151800,202412230000,-7.0,2.0
202412151800,202412240000,-5.0,3.0
202412151800,202412250000,-3.0,4.0
202412160600,202412200000,-3.0,5.0
202412160600,202412210000,-1.0,5.0
202412160600,202412220000,-5.0,1.0
202412160600,202412230000,-7.0,1.0
202412160600,202412240000,-5.0,3.0
202412160600,202412250000,-4.0,3.0
202412160600,202412260000,-4.0,3.0
202412161800,202412210000,-1.0,4.0
202412161800,202412220000,-6.0,0.0
202412161800,202412230000,-7.0,0.0
202412161800,202412240000,-6.0,2.0
202412161800,202412250000,-4.0,4.0
202412161800,202412260000,-3.0,4.0
202412170600,202412210000,-1.0,4.0
202412170600,202412220000,-6.0,0.0
202412170600,202412230000,-7.0,1.0
202412170600,202412240000,-5.0,3.0
202412170600,202412250000,-4.0,4.0
202412170600,202412260000,-4.0,4.0
202412170600,202412270000,-3.0,2.0
202412171800,202412220000,-6.0,1.0
202412171800,202412230000,-7.0,1.0
202412171800,202412240000,-5.0,3.0
202412171800,202412250000,-4.0,4.0
202412171800,202412260000,-3.0,4.0
202412171800,202412270000,-4.0,1.0
202412180600,202412220000,-6.0,1.0
202412180600,202412230000,-6.0,2.0
202412180600,202412240000,-5.0,3.0
202412180600,202412250000,-4.0,4.0
202412180600,202412260000,-3.0,3.0
202412180600,202412270000,-5.0,1.0
202412180600,202412280000,-6.0,1.0
202412181800,202412230000,-6.0,3.0
202412181800,202412240000,-4.0,4.0
202412181800,202412250000,-3.0,5.0
202412181800,202412260000,-2.0,3.0
202412181800,202412270000,-5.0,2.0
202412181800,202412280000,-5.0,1.0
202412190600,202412230000,-7.0,2.0
202412190600,202412240000,-4.0,4.0
202412190600,202412250000,-3.0,5.0
202412190600,202412260000,-1.0,4.0
202412190600,202412270000,-5.0,1.0
202412190600,202412280000,-5.0,2.0
202412190600,202412290000,-7.0,-1.0
202412191800,202412240000,-5.0,4.0
202412191800,202412250000,-3.0,5.0
202412191800,202412260000,-1.0,4.0
202412191800,202412270000,-5.0,2.0
202412191800,202412280000,-5.0,2.0
202412191800,202412290000,-7.0,0.0
202412200600,202412240000,-5.0,3.0
202412200600,202412250000,-4.0,4.0
202412200600,202412260000,-2.0,3.0
202412200600,202412270000,-5.0,1.0
202412200600,202412280000,-4.0,1.0
202412200600,202412290000,-7.0,-1.0
202412200600,202412300000,-6.0,0.0
202412201800,202412250000,-4.0,4.0
202412201800,202412260000,-2.0,4.0
202412201800,202412270000,-6.0,1.0
202412201800,202412280000,-5.0,1.0
202412201800,202412290000,-8.0,-1.0
202412201800,202412300000,-7.0,0.0
202412210600,202412250000,-4.0,4.0
202412210600,202412260000,-2.0,3.0
202412210600,202412270000,-6.0,1.0
202412210600,202412280000,-5.0,2.0
202412210600,202412290000,-5.0,0.0
202412210600,202412300000,-7.0,0.0
202412210600,202412310000,-7.0,2.0
202412211800,202412260000,-1.0,2.0
202412211800,202412270000,-7.0,1.0
202412211800,202412280000,-5.0,2.0
202412211800,202412290000,-5.0,1.0
202412211800,202412300000,-6.0,1.0
202412211800,202412310000,-6.0,2.0
202412220600,202412260000,-1.0,1.0
202412220600,202412270000,-7.0,1.0
202412220600,202412280000,-6.0,1.0
202412220600,202412290000,-5.0,3.0
202412220600,202412300000,-4.0,3.0
202412220600,202412310000,-4.0,4.0
202412220600,202501010000,-4.0,2.0
202412221800,202412270000,-7.0,1.0
202412221800,202412280000,-6.0,1.0
202412221800,202412290000,-5.0,3.0
202412221800,202412300000,-2.0,6.0
202412221800,202412310000,-2.0,5.0
202412221800,202501010000,-4.0,3.0
202412230600,202412270000,-7.0,1.0
202412230600,202412280000,-7.0,0.0
202412230600,202412290000,-5.0,3.0
202412230600,202412300000,-1.0,7.0
202412230600,202412310000,-2.0,5.0
202412230600,202501010000,-4.0,3.0
202412230600,202501020000,-5.0,1.0
202412231800,202412280000,-7.0,0.0
202412231800,202412290000,-5.0,3.0
202412231800,202412300000,0.0,8.0
202412231800,202412310000,-2.0,3.0
202412231800,202501010000,-3.0,4.0
202412231800,202501020000,-5.0,2.0
202412240600,202412280000,-7.0,0.0
202412240600,202412290000,-5.0,3.0
202412240600,202412300000,0.0,8.0
202412240600,202412310000,-2.0,3.0
202412240600,202501010000,-3.0,4.0
202412240600,202501020000,-5.0,2.0
202412240600,202501030000,-4.0,3.0
202412241800,202412290000,-5.0,4.0
202412241800,202412300000,0.0,8.0
202412241800,202412310000,-2.0,3.0
202412241800,202501010000,-3.0,4.0
202412241800,202501020000,-5.0,2.0
202412241800,202501030000,-4.0,3.0
202412250600,202412290000,-5.0,4.0
202412250600,202412300000,0.0,8.0
202412250600,202412310000,-2.0,3.0
202412250600,202501010000,-3.0,4.0
202412250600,202501020000,-5.0,1.0
202412250600,202501030000,-5.0,2.0
202412250600,202501040000,-6.0,1.0
202412251800,202412300000,0.0,8.0
202412251800,202412310000,-2.0,3.0
202412251800,202501010000,-3.0,4.0
202412251800,202501020000,-5.0,1.0
202412251800,202501030000,-5.0,2.0
202412251800,202501040000,-5.0,1.0
202412260600,202412300000,0.0,8.0
202412260600,202412310000,-2.0,3.0
202412260600,202501010000,-4.0,4.0
202412260600,202501020000,-6.0,1.0
202412260600,202501030000,-6.0,2.0
202412260600,202501040000,-5.0,3.0
202412260600,202501050000,-4.0,3.0
202412261800,202412310000,-2.0,3.0
202412261800,202501010000,-4.0,4.0
202412261800,202501020000,-6.0,1.0
202412261800,202501030000,-6.0,2.0
202412261800,202501040000,-5.0,3.0
202412261800,202501050000,-4.0,3.0
202412270600,202412310000,-3.0,3.0
202412270600,202501010000,-4.0,5.0
202412270600,202501020000,-5.0,1.0
202412270600,202501030000,-6.0,2.0
202412270600,202501040000,-4.0,3.0
202412270600,202501050000,-4.0,3.0
202412270600,202501060000,-2.0,4.0
202412271800,202501010000,-4.0,5.0
202412271800,202501020000,-5.0,1.0
202412271800,202501030000,-6.0,2.0
202412271800,202501040000,-4.0,3.0
202412271800,202501050000,-4.0,3.0
202412271800,202501060000,-2.0,4.0
202412280600,202501010000,-4.0,6.0
202412280600,202501020000,-3.0,3.0
202412280600,202501030000,-5.0,2.0
202412280600,202501040000,-5.0,2.0
202412280600,202501050000,-5.0,2.0
202412280600,202501060000,-4.0,3.0
202412280600,202501070000,-4.0,3.0
202412281800,202501020000,-2.0,4.0
202412281800,202501030000,-5.0,1.0
202412281800,202501040000,-6.0,1.0
202412281800,202501050000,-4.0,3.0
202412281800,202501060000,-3.0,4.0
202412281800,202501070000,-4.0,2.0
202412290600,202501020000,-2.0,4.0
202412290600,202501030000,-5.0,1.0
202412290600,202501040000,-6.0,1.0
202412290600,202501050000,-4.0,3.0
202412290600,202501060000,-3.0,4.0
202412290600,202501070000,-4.0,2.0
202412290600,202501080000,-6.0,0.0
202412291800,202501030000,-4.0,2.0
202412291800,202501040000,-6.0,1.0
202412291800,202501050000,-4.0,3.0
202412291800,202501060000,-4.0,3.0
202412291800,202501070000,-5.0,2.0
202412291800,202501080000,-5.0,2.0
202412300600,202501030000,-5.0,2.0
202412300600,202501040000,-6.0,1.0
202412300600,202501050000,-4.0,4.0
202412300600,202501060000,-3.0,4.0
202412300600,202501070000,-4.0,2.0
202412300600,202501080000,-5.0,1.0
202412300600,202501090000,-6.0,2.0
202412301800,202501040000,-5.0,2.0
202412301800,202501050000,-3.0,4.0
202412301800,202501060000,-2.0,5.0
202412301800,202501070000,-4.0,1.0
202412301800,202501080000,-6.0,0.0
202412301800,202501090000,-7.0,1.0
202412310600,202501040000,-5.0,2.0
202412310600,202501050000,-3.0,4.0
202412310600,202501060000,0.0,5.0
202412310600,202501070000,-4.0,1.0
202412310600,202501080000,-6.0,0.0
202412310600,202501090000,-7.0,1.0
202412310600,202501100000,-6.0,1.0
202412311800,202501050000,-2.0,5.0
202412311800,202501060000,-1.0,5.0
202412311800,202501070000,-4.0,1.0
202412311800,202501080000,-7.0,0.0
202412311800,202501090000,-8.0,1.0
202412311800,202501100000,-7.0,0.0
202501010600,202501050000,-1.0,6.0
202501010600,202501060000,-1.0,5.0
202501010600,202501070000,-3.0,1.0
202501010600,202501080000,-8.0,-1.0
202501010600,202501090000,-8.0,0.0
202501010600,202501100000,-7.0,0.0
202501010600,202501110000,-5.0,2.0
202501011800,202501060000,0.0,4.0
202501011800,202501070000,-4.0,1.0
202501011800,202501080000,-7.0,-2.0
202501011800,202501090000,-9.0,-1.0
202501011800,202501100000,-8.0,0.0
202501011800,202501110000,-6.0,2.0
202501020600,202501060000,0.0,5.0
202501020600,202501070000,-5.0,1.0
202501020600,202501080000,-7.0,-2.0
202501020600,202501090000,-10.0,-4.0
202501020600,202501100000,-8.0,0.0
202501020600,202501110000,-6.0,2.0
202501020600,202501120000,-2.0,3.0
202501021800,202501070000,-5.0,1.0
202501021800,202501080000,-7.0,-2.0
202501021800,202501090000,-10.0,-4.0
202501021800,202501100000,-8.0,0.0
202501021800,202501110000,-6.0,2.0
202501021800,202501120000,-3.0,4.0
202501030600,202501070000,-5.0,1.0
202501030600,202501080000,-6.0,-1.0
202501030600,202501090000,-10.0,-4.0
202501030600,202501100000,-9.0,0.0
202501030600,202501110000,-6.0,2.0
202501030600,202501120000,-4.0,3.0
202501030600,202501130000,-3.0,3.0
202501031800,202501080000,-6.0,-1.0
202501031800,202501090000,-10.0,-4.0
202501031800,202501100000,-10.0,-1.0
202501031800,202501110000,-7.0,2.0
202501031800,202501120000,-5.0,3.0
202501031800,202501130000,-3.0,3.0
202501040600,202501080000,-6.0,-1.0
202501040600,202501090000,-10.0,-3.0
202501040600,202501100000,-9.0,-1.0
202501040600,202501110000,-7.0,1.0
202501040600,202501120000,-5.0,2.0
202501040600,202501130000,-4.0,3.0
202501040600,202501140000,-2.0,3.0
202501041800,202501090000,-10.0,-3.0
202501041800,202501100000,-9.0,-1.0
202501041800,202501110000,-7.0,2.0
202501041800,202501120000,-4.0,2.0
202501041800,202501130000,-4.0,3.0
202501041800,202501140000,-3.0,3.0
202501050600,202501090000,-11.0,-4.0
202501050600,202501100000,-10.0,-2.0
202501050600,202501110000,-7.0,1.0
202501050600,202501120000,-5.0,3.0
202501050600,202501130000,-3.0,3.0
202501050600,202501140000,-4.0,2.0
202501050600,202501150000,-5.0,2.0
202501051800,202501100000,-11.0,-2.0
202501051800,202501110000,-8.0,1.0
202501051800,202501120000,-5.0,2.0
202501051800,202501130000,-4.0,3.0
202501051800,202501140000,-4.0,3.0
202501051800,202501150000,-4.0,2.0
202501060600,202501100000,-11.0,-2.0
202501060600,202501110000,-9.0,1.0
202501060600,202501120000,-7.0,2.0
202501060600,202501130000,-6.0,2.0
202501060600,202501140000,-5.0,3.0
202501060600,202501150000,-4.0,3.0
202501060600,202501160000,-3.0,4.0
202501061800,202501110000,-8.0,2.0
202501061800,202501120000,-6.0,3.0
202501061800,202501130000,-5.0,2.0
202501061800,202501140000,-5.0,4.0
202501061800,202501150000,-3.0,4.0
202501061800,202501160000,-3.0,3.0
202501070600,202501110000,-8.0,2.0
202501070600,202501120000,-4.0,2.0
202501070600,202501130000,-5.0,2.0
202501070600,202501140000,-5.0,4.0
202501070600,202501150000,-4.0,3.0
202501070600,202501160000,-6.0,0.0
202501070600,202501170000,-6.0,1.0
202501071800,202501120000,-3.0,3.0
202501071800,202501130000,-5.0,3.0
202501071800,202501140000,-4.0,3.0
202501071800,202501150000,-3.0,3.0
202501071800,202501160000,-6.0,0.0
202501071800,202501170000,-6.0,2.0
202501080600,202501120000,-4.0,2.0
202501080600,202501130000,-5.0,4.0
202501080600,202501140000,-3.0,4.0
202501080600,202501150000,-4.0,1.0
202501080600,202501160000,-7.0,-2.0
202501080600,202501170000,-7.0,0.0
202501080600,202501180000,-5.0,4.0
202501081800,202501130000,-5.0,4.0
202501081800,202501140000,-3.0,4.0
202501081800,202501150000,-4.0,1.0
202501081800,202501160000,-7.0,-2.0
202501081800,202501170000,-7.0,0.0
202501081800,202501180000,-5.0,4.0
202501090600,202501130000,-6.0,4.0
202501090600,202501140000,0.0,5.0
202501090600,202501150000,-6.0,-1.0
202501090600,202501160000,-8.0,1.0
202501090600,202501170000,-4.0,4.0
202501090600,202501180000,-4.0,4.0
202501090600,202501190000,-1.0,5.0
202501091800,202501140000,0.0,5.0
202501091800,202501150000,-6.0,-2.0
202501091800,202501160000,-7.0,1.0
202501091800,202501170000,-5.0,3.0
202501091800,202501180000,-3.0,5.0
202501091800,202501190000,-2.0,5.0
202501100600,202501140000,1.0,6.0
202501100600,202501150000,-7.0,-3.0
202501100600,202501160000,-9.0,0.0
202501100600,202501170000,-4.0,3.0
202501100600,202501180000,-3.0,5.0
202501100600,202501190000,-1.0,6.0
202501100600,202501200000,-1.0,5.0
202501101800,202501150000,-6.0,-1.0
202501101800,202501160000,-8.0,2.0
202501101800,202501170000,-3.0,5.0
202501101800,202501180000,-2.0,6.0
202501101800,202501190000,0.0,7.0
202501101800,202501200000,-2.0,5.0
202501110600,202501150000,-6.0,-2.0
202501110600,202501160000,-8.0,2.0
202501110600,202501170000,-4.0,5.0
202501110600,202501180000,-3.0,6.0
202501110600,202501190000,-1.0,7.0
202501110600,202501200000,-1.0,6.0
202501110600,202501210000,-1.0,4.0
202501111800,202501160000,-8.0,2.0
202501111800,202501170000,-3.0,5.0
202501111800,202501180000,-2.0,7.0
202501111800,202501190000,-1.0,6.0
202501111800,202501200000,-1.0,6.0
202501111800,202501210000,-2.0,4.0
202501120600,202501160000,-8.0,2.0
202501120600,202501170000,-3.0,5.0
202501120600,202501180000,-2.0,7.0
202501120600,202501190000,-1.0,6.0
202501120600,202501200000,-1.0,6.0
202501120600,202501210000,-2.0,4.0
202501120600,202501220000,-3.0,4.0
202501121800,202501170000,-4.0,5.0
202501121800,202501180000,-3.0,6.0
202501121800,202501190000,-1.0,7.0
202501121800,202501200000,1.0,6.0
202501121800,202501210000,-2.0,4.0
202501121800,202501220000,-3.0,4.0
202501130600,202501170000,-4.0,4.0
202501130600,202501180000,-3.0,6.0
202501130600,202501190000,-1.0,7.0
202501130600,202501200000,1.0,6.0
202501130600,202501210000,-1.0,3.0
202501130600,202501220000,-3.0,4.0
202501130600,202501230000,-2.0,5.0
202501131800,202501180000,-3.0,6.0
202501131800,202501190000,-2.0,6.0
202501131800,202501200000,1.0,6.0
202501131800,202501210000,-1.0,3.0
202501131800,202501220000,-4.0,3.0
202501131800,202501230000,-3.0,4.0
202501140600,202501180000,-4.0,6.0
202501140600,202501190000,0.0,7.0
202501140600,202501200000,1.0,6.0
202501140600,202501210000,-2.0,5.0
202501140600,202501220000,-3.0,3.0
202501140600,202501230000,-4.0,4.0
202501140600,202501240000,-2.0,5.0
202501141800,202501190000,0.0,7.0
202501141800,202501200000,1.0,6.0
202501141800,202501210000,-2.0,5.0
202501141800,202501220000,-2.0,5.0
202501141800,202501230000,-3.0,4.0
202501141800,202501240000,-3.0,4.0
202501150600,202501190000,-1.0,7.0
202501150600,202501200000,2.0,7.0
202501150600,202501210000,-1.0,5.0
202501150600,202501220000,-2.0,5.0
202501150600,202501230000,-2.0,4.0
202501150600,202501240000,-3.0,5.0
202501150600,202501250000,-1.0,6.0
202501151800,202501200000,1.0,7.0
202501151800,202501210000,-1.0,5.0
202501151800,202501220000,-2.0,5.0
202501151800,202501230000,-3.0,4.0
202501151800,202501240000,-3.0,4.0
202501151800,202501250000,-3.0,5.0
202501160600,202501200000,1.0,7.0
202501160600,202501210000,-1.0,6.0
202501160600,202501220000,-2.0,6.0
202501160600,202501230000,-2.0,5.0
202501160600,202501240000,-3.0,5.0
202501160600,202501250000,-2.0,5.0
202501160600,202501260000,-3.0,2.0
202501161800,202501210000,0.0,6.0
202501161800,202501220000,-1.0,6.0
202501161800,202501230000,-2.0,5.0
202501161800,202501240000,-3.0,5.0
202501161800,202501250000,-2.0,5.0
202501161800,202501260000,-5.0,2.0
202501170600,202501210000,-1.0,7.0
202501170600,202501220000,-1.0,6.0
202501170600,202501230000,-1.0,6.0
202501170600,202501240000,-2.0,6.0
202501170600,202501250000,-1.0,6.0
202501170600,202501260000,-4.0,3.0
202501170600,202501270000,-3.0,1.0
202501171800,202501220000,-1.0,7.0
202501171800,202501230000,0.0,7.0
202501171800,202501240000,1.0,8.0
202501171800,202501250000,-1.0,7.0
202501171800,202501260000,-2.0,3.0
202501171800,202501270000,-7.0,0.0
202501180600,202501220000,-1.0,7.0
202501180600,202501230000,0.0,8.0
202501180600,202501240000,0.0,9.0
202501180600,202501250000,0.0,7.0
202501180600,202501260000,-1.0,4.0
202501180600,202501270000,-6.0,1.0
202501180600,202501280000,-5.0,2.0
202501181800,202501230000,-1.0,7.0
202501181800,202501240000,0.0,9.0
202501181800,202501250000,0.0,8.0
202501181800,202501260000,-2.0,3.0
202501181800,202501270000,-5.0,1.0
202501181800,202501280000,-4.0,3.0
202501190600,202501230000,0.0,8.0
202501190600,202501240000,-1.0,9.0
202501190600,202501250000,0.0,9.0
202501190600,202501260000,0.0,4.0
202501190600,202501270000,-3.0,1.0
202501190600,202501280000,-5.0,1.0
202501190600,202501290000,-5.0,1.0
202501191800,202501240000,-1.0,9.0
202501191800,202501250000,-1.0,9.0
202501191800,202501260000,0.0,5.0
202501191800,202501270000,-3.0,1.0
202501191800,202501280000,-6.0,-1.0
202501191800,202501290000,-7.0,0.0
202501200600,202501240000,-1.0,9.0
202501200600,202501250000,0.0,9.0
202501200600,202501260000,0.0,6.0
202501200600,202501270000,-2.0,2.0
202501200600,202501280000,-7.0,-2.0
202501200600,202501290000,-8.0,0.0
202501200600,202501300000,-6.0,2.0
202501201800,202501250000,-1.0,9.0
202501201800,202501260000,-1.0,7.0
202501201800,202501270000,-1.0,2.0
202501201800,202501280000,-8.0,-1.0
202501201800,202501290000,-8.0,1.0
202501201800,202501300000,-7.0,2.0
202501210600,202501250000,0.0,9.0
202501210600,202501260000,0.0,7.0
202501210600,202501270000,1.0,3.0
202501210600,202501280000,-7.0,-1.0
202501210600,202501290000,-7.0,0.0
202501210600,202501300000,-7.0,0.0
202501210600,202501310000,-6.0,2.0
202501211800,202501260000,1.0,8.0
202501211800,202501270000,2.0,4.0
202501211800,202501280000,-6.0,0.0
202501211800,202501290000,-8.0,-1.0
202501211800,202501300000,-7.0,1.0
202501211800,202501310000,-5.0,3.0
202501220600,202501260000,0.0,8.0
202501220600,202501270000,2.0,4.0
202501220600,202501280000,-5.0,0.0
202501220600,202501290000,-7.0,0.0
202501220600,202501300000,-7.0,0.0
202501220600,202501310000,-6.0,2.0
202501220600,202502010000,-4.0,4.0
202501221800,202501270000,2.0,4.0
202501221800,202501280000,-5.0,0.0
202501221800,202501290000,-6.0,0.0
202501221800,202501300000,-6.0,1.0
202501221800,202501310000,-7.0,1.0
202501221800,202502010000,-6.0,3.0
202501230600,202501270000,2.0,4.0
202501230600,202501280000,-4.0,0.0
202501230600,202501290000,-6.0,0.0
202501230600,202501300000,-7.0,1.0
202501230600,202501310000,-6.0,2.0
202501230600,202502010000,-5.0,4.0
202501230600,202502020000,-1.0,4.0
202501231800,202501280000,-4.0,0.0
202501231800,202501290000,-5.0,0.0
202501231800,202501300000,-7.0,1.0
202501231800,202501310000,-5.0,3.0
202501231800,202502010000,-4.0,4.0
202501231800,202502020000,-2.0,5.0
202501240600,202501280000,-5.0,0.0
202501240600,202501290000,-6.0,-1.0
202501240600,202501300000,-7.0,1.0
202501240600,202501310000,-4.0,4.0
202501240600,202502010000,-4.0,3.0
202501240600,202502020000,-3.0,3.0
202501240600,202502030000,-6.0,2.0
202501241800,202501290000,-6.0,-1.0
202501241800,202501300000,-7.0,1.0
202501241800,202501310000,-3.0,4.0
202501241800,202502010000,-3.0,3.0
202501241800,202502020000,-4.0,2.0
202501241800,202502030000,-7.0,1.0
202501250600,202501290000,-6.0,-1.0
202501250600,202501300000,-7.0,1.0
202501250600,202501310000,-3.0,5.0
202501250600,202502010000,-5.0,1.0
202501250600,202502020000,-6.0,1.0
202501250600,202502030000,-8.0,0.0
202501250600,202502040000,-8.0,0.0
202501251800,202501300000,-7.0,1.0
202501251800,202501310000,-3.0,5.0
202501251800,202502010000,-4.0,1.0
202501251800,202502020000,-6.0,1.0
202501251800,202502030000,-7.0,0.0
202501251800,202502040000,-8.0,0.0
202501260600,202501300000,-9.0,0.0
202501260600,202501310000,-6.0,5.0
202501260600,202502010000,0.0,5.0
202501260600,202502020000,-2.0,2.0
202501260600,202502030000,-7.0,-1.0
202501260600,202502040000,-10.0,-1.0
202501260600,202502050000,-9.0,0.0
202501261800,202501310000,-6.0,5.0
202501261800,202502010000,0.0,5.0
202501261800,202502020000,-2.0,2.0
202501261800,202502030000,-7.0,-1.0
202501261800,202502040000,-10.0,-1.0
202501261800,202502050000,-9.0,0.0
202501270600,202501310000,-4.0,5.0
202501270600,202502010000,1.0,6.0
202501270600,202502020000,0.0,5.0
202501270600,202502030000,-5.0,0.0
202501270600,202502040000,-8.0,-2.0
202501270600,202502050000,-10.0,-2.0
202501270600,202502060000,-9.0,-1.0
202501271800,202502010000,1.0,6.0
202501271800,202502020000,2.0,7.0
202501271800,202502030000,-3.0,1.0
202501271800,202502040000,-10.0,-2.0
202501271800,202502050000,-10.0,-2.0
202501271800,202502060000,-10.0,1.0
202501280600,202502010000,1.0,6.0
202501280600,202502020000,2.0,7.0
202501280600,202502030000,-3.0,1.0
202501280600,202502040000,-10.0,-2.0
202501280600,202502050000,-10.0,-2.0
202501280600,202502060000,-10.0,1.0
202501280600,202502070000,-5.0,4.0
202501281800,202502020000,0.0,7.0
202501281800,202502030000,-5.0,-1.0
202501281800,202502040000,-11.0,-3.0
202501281800,202502050000,-11.0,-2.0
202501281800,202502060000,-8.0,2.0
202501281800,202502070000,-5.0,4.0
202501290600,202502020000,0.0,7.0
202501290600,202502030000,-4.0,0.0
202501290600,202502040000,-11.0,-4.0
202501290600,202502050000,-12.0,-4.0
202501290600,202502060000,-9.0,0.0
202501290600,202502070000,-7.0,2.0
202501290600,202502080000,-5.0,2.0
202501291800,202502030000,-4.0,0.0
202501291800,202502040000,-11.0,-4.0
202501291800,202502050000,-11.0,-4.0
202501291800,202502060000,-10.0,-2.0
202501291800,202502070000,-8.0,1.0
202501291800,202502080000,-7.0,1.0
202501300600,202502030000,-4.0,0.0
202501300600,202502040000,-11.0,-4.0
202501300600,202502050000,-11.0,-4.0
202501300600,202502060000,-10.0,-2.0
202501300600,202502070000,-8.0,1.0
202501300600,202502080000,-7.0,1.0
202501300600,202502090000,-7.0,0.0
202501301800,202502040000,-11.0,-4.0
202501301800,202502050000,-11.0,-3.0
202501301800,202502060000,-10.0,-2.0
202501301800,202502070000,-9.0,0.0
202501301800,202502080000,-5.0,2.0
202501301800,202502090000,-6.0,1.0
202501310600,202502040000,-11.0,-5.0
202501310600,202502050000,-11.0,-4.0
202501310600,202502060000,-11.0,-2.0
202501310600,202502070000,-9.0,1.0
202501310600,202502080000,-4.0,3.0
202501310600,202502090000,-4.0,3.0
202501310600,202502100000,-7.0,1.0
202501311800,202502050000,-12.0,-4.0
202501311800,202502060000,-11.0,-1.0
202501311800,202502070000,-8.0,1.0
202501311800,202502080000,-4.0,3.0
202501311800,202502090000,-4.0,2.0
202501311800,202502100000,-7.0,1.0
202502010600,202502050000,-12.0,-4.0
202502010600,202502060000,-11.0,0.0
202502010600,202502070000,-7.0,2.0
202502010600,202502080000,-5.0,3.0
202502010600,202502090000,-4.0,2.0
202502010600,202502100000,-4.0,3.0
202502010600,202502110000,-5.0,3.0
202502011800,202502060000,-11.0,-1.0
202502011800,202502070000,-6.0,3.0
202502011800,202502080000,-6.0,2.0
202502011800,202502090000,-4.0,2.0
202502011800,202502100000,-5.0,2.0
202502011800,202502110000,-5.0,2.0
202502020600,202502060000,-11.0,-1.0
202502020600,202502070000,-7.0,2.0
202502020600,202502080000,-7.0,1.0
202502020600,202502090000,-5.0,1.0
202502020600,202502100000,-5.0,1.0
202502020600,202502110000,-4.0,3.0
202502020600,202502120000,-5.0,2.0
202502021800,202502070000,-8.0,1.0
202502021800,202502080000,-9.0,-1.0
202502021800,202502090000,-8.0,-1.0
202502021800,202502100000,-7.0,2.0
202502021800,202502110000,-3.0,4.0
202502021800,202502120000,-5.0,3.0
202502030600,202502070000,-7.0,-1.0
202502030600,202502080000,-11.0,-2.0
202502030600,202502090000,-8.0,-1.0
202502030600,202502100000,-7.0,1.0
202502030600,202502110000,-4.0,4.0
202502030600,202502120000,-4.0,3.0
202502030600,202502130000,-4.0,5.0
202502031800,202502080000,-11.0,-2.0
202502031800,202502090000,-9.0,-1.0
202502031800,202502100000,-8.0,1.0
202502031800,202502110000,-5.0,4.0
202502031800,202502120000,-3.0,3.0
202502031800,202502130000,-4.0,5.0
202502040600,202502080000,-11.0,-2.0
202502040600,202502090000,-9.0,-1.0
202502040600,202502100000,-8.0,1.0
202502040600,202502110000,-5.0,4.0
202502040600,202502120000,-3.0,3.0
202502040600,202502130000,-5.0,5.0
202502040600,202502140000,-2.0,6.0
202502041800,202502090000,-9.0,-1.0
202502041800,202502100000,-8.0,1.0
202502041800,202502110000,-6.0,3.0
202502041800,202502120000,-2.0,2.0
202502041800,202502130000,-5.0,4.0
202502041800,202502140000,-1.0,6.0
202502050600,202502090000,-9.0,-1.0
202502050600,202502100000,-8.0,2.0
202502050600,202502110000,-5.0,5.0
202502050600,202502120000,-1.0,3.0
202502050600,202502130000,-4.0,4.0
202502050600,202502140000,-2.0,6.0
202502050600,202502150000,-2.0,6.0
202502051800,202502100000,-8.0,2.0
202502051800,202502110000,-5.0,6.0
202502051800,202502120000,0.0,4.0
202502051800,202502130000,-3.0,4.0
202502051800,202502140000,-2.0,6.0
202502051800,202502150000,-2.0,6.0
202502060600,202502100000,-8.0,2.0
202502060600,202502110000,-5.0,6.0
202502060600,202502120000,1.0,6.0
202502060600,202502130000,-3.0,5.0
202502060600,202502140000,-2.0,5.0
202502060600,202502150000,-2.0,6.0
202502060600,202502160000,-1.0,6.0
202502061800,202502110000,-5.0,6.0
202502061800,202502120000,1.0,7.0
202502061800,202502130000,-4.0,4.0
202502061800,202502140000,-1.0,7.0
202502061800,202502150000,-1.0,7.0
202502061800,202502160000,-2.0,5.0
202502070600,202502110000,-5.0,6.0
202502070600,202502120000,1.0,7.0
202502070600,202502130000,-4.0,4.0
202502070600,202502140000,-2.0,7.0
202502070600,202502150000,-2.0,7.0
202502070600,202502160000,-1.0,6.0
202502070600,202502170000,-3.0,5.0
202502071800,202502120000,1.0,6.0
202502071800,202502130000,-4.0,4.0
202502071800,202502140000,-2.0,7.0
202502071800,202502150000,-2.0,7.0
202502071800,202502160000,-1.0,6.0
202502071800,202502170000,-2.0,5.0
202502080600,202502120000,1.0,6.0
202502080600,202502130000,-5.0,5.0
202502080600,202502140000,-1.0,6.0
202502080600,202502150000,-2.0,7.0
202502080600,202502160000,-1.0,7.0
202502080600,202502170000,-2.0,6.0
202502080600,202502180000,-3.0,5.0
202502081800,202502130000,-4.0,4.0
202502081800,202502140000,-2.0,5.0
202502081800,202502150000,-2.0,6.0
202502081800,202502160000,-1.0,7.0
202502081800,202502170000,-1.0,7.0
202502081800,202502180000,-2.0,6.0
202502090600,202502130000,-4.0,4.0
202502090600,202502140000,-2.0,5.0
202502090600,202502150000,-2.0,6.0
202502090600,202502160000,-1.0,7.0
202502090600,202502170000,-1.0,6.0
202502090600,202502180000,-2.0,5.0
202502090600,202502190000,-3.0,5.0
202502091800,202502140000,-2.0,7.0
202502091800,202502150000,-2.0,6.0
202502091800,202502160000,0.0,8.0
202502091800,202502170000,-2.0,5.0
202502091800,202502180000,-2.0,5.0
202502091800,202502190000,-3.0,6.0
202502100600,202502140000,-1.0,8.0
202502100600,202502150000,-1.0,7.0
202502100600,202502160000,1.0,7.0
202502100600,202502170000,-2.0,5.0
202502100600,202502180000,-3.0,5.0
202502100600,202502190000,-4.0,5.0
202502100600,202502200000,-5.0,5.0
202502101800,202502150000,0.0,7.0
202502101800,202502160000,1.0,7.0
202502101800,202502170000,-3.0,5.0
202502101800,202502180000,-4.0,4.0
202502101800,202502190000,-5.0,4.0
202502101800,202502200000,-5.0,4.0
202502110600,202502150000,0.0,7.0
202502110600,202502160000,0.0,7.0
202502110600,202502170000,-3.0,5.0
202502110600,202502180000,-4.0,4.0
202502110600,202502190000,-5.0,4.0
202502110600,202502200000,-5.0,4.0
202502110600,202502210000,-5.0,5.0
202502111800,202502160000,0.0,7.0
202502111800,202502170000,-4.0,4.0
202502111800,202502180000,-5.0,3.0
202502111800,202502190000,-6.0,3.0
202502111800,202502200000,-5.0,4.0
202502111800,202502210000,-4.0,4.0
202502120600,202502160000,1.0,7.0
202502120600,202502170000,-4.0,3.0
202502120600,202502180000,-6.0,2.0
202502120600,202502190000,-7.0,2.0
202502120600,202502200000,-6.0,3.0
202502120600,202502210000,-5.0,5.0
202502120600,202502220000,-3.0,5.0
202502121800,202502170000,-4.0,2.0
202502121800,202502180000,-6.0,2.0
202502121800,202502190000,-7.0,2.0
202502121800,202502200000,-7.0,2.0
202502121800,202502210000,-6.0,4.0
202502121800,202502220000,-4.0,5.0
202502130600,202502170000,-4.0,2.0
202502130600,202502180000,-6.0,2.0
202502130600,202502190000,-7.0,1.0
202502130600,202502200000,-7.0,2.0
202502130600,202502210000,-6.0,3.0
202502130600,202502220000,-5.0,5.0
202502130600,202502230000,-4.0,5.0
202502131800,202502180000,-6.0,2.0
202502131800,202502190000,-6.0,1.0
202502131800,202502200000,-7.0,2.0
202502131800,202502210000,-6.0,2.0
202502131800,202502220000,-5.0,4.0
202502131800,202502230000,-5.0,4.0
202502140600,202502180000,-6.0,2.0
202502140600,202502190000,-7.0,2.0
202502140600,202502200000,-7.0,2.0
202502140600,202502210000,-6.0,2.0
202502140600,202502220000,-5.0,3.0
202502140600,202502230000,-5.0,4.0
202502140600,202502240000,-4.0,6.0
202502141800,202502190000,-7.0,1.0
202502141800,202502200000,-7.0,2.0
202502141800,202502210000,-6.0,2.0
202502141800,202502220000,-5.0,4.0
202502141800,202502230000,-4.0,5.0
202502141800,202502240000,-3.0,6.0
202502150600,202502190000,-6.0,2.0
202502150600,202502200000,-7.0,2.0
202502150600,202502210000,-7.0,2.0
202502150600,202502220000,-6.0,3.0
202502150600,202502230000,-5.0,5.0
202502150600,202502240000,-4.0,6.0
202502150600,202502250000,-1.0,7.0
202502151800,202502200000,-7.0,2.0
202502151800,202502210000,-6.0,1.0
202502151800,202502220000,-6.0,2.0
202502151800,202502230000,-5.0,4.0
202502151800,202502240000,-4.0,6.0
202502151800,202502250000,-1.0,8.0
202502160600,202502200000,-6.0,2.0
202502160600,202502210000,-7.0,2.0
202502160600,202502220000,-6.0,2.0
202502160600,202502230000,-6.0,4.0
202502160600,202502240000,-4.0,6.0
202502160600,202502250000,-2.0,8.0
202502160600,202502260000,-1.0,8.0
202502161800,202502210000,-7.0,2.0
202502161800,202502220000,-6.0,2.0
202502161800,202502230000,-6.0,3.0
202502161800,202502240000,-4.0,6.0
202502161800,202502250000,-2.0,7.0
202502161800,202502260000,-1.0,9.0
202502170600,202502210000,-6.0,2.0
202502170600,202502220000,-7.0,2.0
202502170600,202502230000,-7.0,2.0
202502170600,202502240000,-5.0,5.0
202502170600,202502250000,-3.0,7.0
202502170600,202502260000,-1.0,9.0
202502170600,202502270000,1.0,10.0
202502171800,202502220000,-7.0,2.0
202502171800,202502230000,-7.0,2.0
202502171800,202502240000,-5.0,5.0
202502171800,202502250000,-2.0,7.0
202502171800,202502260000,-1.0,9.0
202502171800,202502270000,0.0,10.0
202502180600,202502220000,-7.0,1.0
202502180600,202502230000,-7.0,1.0
202502180600,202502240000,-6.0,5.0
202502180600,202502250000,-2.0,7.0
202502180600,202502260000,-1.0,8.0
202502180600,202502270000,-1.0,10.0
202502180600,202502280000,4.0,11.0
202502181800,202502230000,-6.0,1.0
202502181800,202502240000,-6.0,5.0
202502181800,202502250000,-2.0,7.0
202502181800,202502260000,-1.0,9.0
202502181800,202502270000,0.0,9.0
202502181800,202502280000,3.0,10.0
202502190600,202502230000,-7.0,1.0
202502190600,202502240000,-6.0,4.0
202502190600,202502250000,-2.0,7.0
202502190600,202502260000,-1.0,8.0
202502190600,202502270000,1.0,10.0
202502190600,202502280000,2.0,11.0
202502190600,202503010000,3.0,11.0
202502191800,202502240000,-6.0,4.0
202502191800,202502250000,-2.0,7.0
202502191800,202502260000,-1.0,8.0
202502191800,202502270000,1.0,10.0
202502191800,202502280000,2.0,11.0
202502191800,202503010000,1.0,10.0
202502200600,202502240000,-6.0,5.0
202502200600,202502250000,-2.0,7.0
202502200600,202502260000,-1.0,7.0
202502200600,202502270000,0.0,9.0
202502200600,202502280000,3.0,12.0
202502200600,202503010000,2.0,11.0
202502200600,202503020000,2.0,10.0
202502201800,202502250000,-3.0,7.0
202502201800,202502260000,-1.0,7.0
202502201800,202502270000,-1.0,9.0
202502201800,202502280000,2.0,12.0
202502201800,202503010000,3.0,12.0
202502201800,202503020000,3.0,10.0
202502210600,202502250000,-3.0,7.0
202502210600,202502260000,-1.0,7.0
202502210600,202502270000,-2.0,10.0
202502210600,202502280000,1.0,11.0
202502210600,202503010000,2.0,11.0
202502210600,202503020000,2.0,11.0
202502210600,202503030000,1.0,8.0
202502211800,202502260000,-1.0,6.0
202502211800,202502270000,-2.0,9.0
202502211800,202502280000,1.0,12.0
202502211800,202503010000,2.0,11.0
202502211800,202503020000,2.0,11.0
202502211800,202503030000,1.0,9.0
202502220600,202502260000,-2.0,5.0
202502220600,202502270000,-3.0,10.0
202502220600,202502280000,2.0,12.0
202502220600,202503010000,3.0,12.0
202502220600,202503020000,4.0,11.0
202502220600,202503030000,2.0,8.0
202502220600,202503040000,1.0,8.0
202502221800,202502270000,-2.0,10.0
202502221800,202502280000,3.0,12.0
202502221800,202503010000,3.0,13.0
202502221800,202503020000,4.0,11.0
202502221800,202503030000,3.0,9.0
202502221800,202503040000,2.0,9.0
202502230600,202502270000,-2.0,11.0
202502230600,202502280000,3.0,12.0
202502230600,202503010000,3.0,13.0
202502230600,202503020000,4.0,11.0
202502230600,202503030000,3.0,9.0
202502230600,202503040000,2.0,8.0
202502230600,202503050000,0.0,7.0
202502231800,202502280000,3.0,11.0
202502231800,202503010000,4.0,13.0
202502231800,202503020000,5.0,12.0
202502231800,202503030000,3.0,8.0
202502231800,202503040000,1.0,7.0
202502231800,202503050000,0.0,6.0
202502240600,202502280000,2.0,11.0
202502240600,202503010000,4.0,13.0
202502240600,202503020000,6.0,12.0
202502240600,202503030000,3.0,8.0
202502240600,202503040000,1.0,8.0
202502240600,202503050000,0.0,7.0
202502240600,202503060000,-2.0,6.0
202502241800,202503010000,5.0,13.0
202502241800,202503020000,6.0,12.0
202502241800,202503030000,2.0,7.0
202502241800,202503040000,0.0,7.0
202502241800,202503050000,0.0,7.0
202502241800,202503060000,-1.0,7.0
202502250600,202503010000,5.0,12.0
202502250600,202503020000,7.0,13.0
202502250600,202503030000,1.0,6.0
202502250600,202503040000,-1.0,7.0
202502250600,202503050000,0.0,7.0
202502250600,202503060000,-1.0,8.0
202502250600,202503070000,0.0,8.0
202502251800,202503020000,6.0,14.0
202502251800,202503030000,1.0,5.0
202502251800,202503040000,-1.0,6.0
202502251800,202503050000,-1.0,7.0
202502251800,202503060000,-2.0,7.0
202502251800,202503070000,-1.0,7.0
202502260600,202503020000,7.0,14.0
202502260600,202503030000,2.0,5.0
202502260600,202503040000,0.0,5.0
202502260600,202503050000,-1.0,7.0
202502260600,202503060000,-1.0,7.0
202502260600,202503070000,-2.0,7.0
202502260600,202503080000,0.0,9.0
202502261800,202503030000,2.0,5.0
202502261800,202503040000,0.0,4.0
202502261800,202503050000,-1.0,6.0
202502261800,202503060000,-2.0,6.0
202502261800,202503070000,-2.0,7.0
202502261800,202503080000,0.0,9.0
202502270600,202503030000,1.0,5.0
202502270600,202503040000,0.0,3.0
202502270600,202503050000,-1.0,6.0
202502270600,202503060000,-2.0,6.0
202502270600,202503070000,-3.0,6.0
202502270600,202503080000,-1.0,8.0
202502270600,202503090000,0.0,10.0
202502271800,202503040000,0.0,4.0
202502271800,202503050000,0.0,6.0
202502271800,202503060000,-1.0,7.0
202502271800,202503070000,-2.0,7.0
202502271800,202503080000,0.0,8.0
202502271800,202503090000,0.0,10.0
202502280600,202503040000,0.0,4.0
202502280600,202503050000,1.0,7.0
202502280600,202503060000,-1.0,7.0
202502280600,202503070000,-2.0,8.0
202502280600,202503080000,0.0,8.0
202502280600,202503090000,0.0,9.0
202502280600,202503100000,1.0,9.0
202502281800,202503050000,1.0,7.0
202502281800,202503060000,-1.0,7.0
202502281800,202503070000,-1.0,8.0
202502281800,202503080000,0.0,9.0
202502281800,202503090000,1.0,9.0
202502281800,202503100000,0.0,10.0
202503010600,202503050000,1.0,7.0
202503010600,202503060000,-1.0,7.0
202503010600,202503070000,-1.0,8.0
202503010600,202503080000,0.0,9.0
202503010600,202503090000,1.0,9.0
202503010600,202503100000,0.0,10.0
202503010600,202503110000,1.0,10.0
202503011800,202503060000,-1.0,8.0
202503011800,202503070000,-1.0,9.0
202503011800,202503080000,0.0,9.0
202503011800,202503090000,1.0,10.0
202503011800,202503100000,1.0,11.0
202503011800,202503110000,1.0,11.0
202503020600,202503060000,0.0,9.0
202503020600,202503070000,0.0,9.0
202503020600,202503080000,1.0,10.0
202503020600,202503090000,1.0,11.0
202503020600,202503100000,2.0,11.0
202503020600,202503110000,2.0,12.0
202503020600,202503120000,4.0,12.0
202503021800,202503070000,0.0,9.0
202503021800,202503080000,1.0,9.0
202503021800,202503090000,1.0,11.0
202503021800,202503100000,2.0,12.0
202503021800,202503110000,3.0,12.0
202503021800,202503120000,4.0,12.0
202503030600,202503070000,0.0,10.0
202503030600,202503080000,1.0,9.0
202503030600,202503090000,1.0,12.0
202503030600,202503100000,3.0,13.0
202503030600,202503110000,4.0,13.0
202503030600,202503120000,4.0,12.0
202503030600,202503130000,4.0,12.0
202503031800,202503080000,1.0,9.0
202503031800,202503090000,1.0,12.0
202503031800,202503100000,3.0,14.0
202503031800,202503110000,4.0,13.0
202503031800,202503120000,4.0,12.0
202503031800,202503130000,3.0,12.0
202503040600,202503080000,1.0,9.0
202503040600,202503090000,1.0,12.0
202503040600,202503100000,4.0,15.0
202503040600,202503110000,5.0,13.0
202503040600,202503120000,5.0,14.0
202503040600,202503130000,4.0,13.0
202503040600,202503140000,4.0,12.0
202503041800,202503090000,1.0,12.0
202503041800,202503100000,3.0,14.0
202503041800,202503110000,5.0,14.0
202503041800,202503120000,4.0,15.0
202503041800,202503130000,5.0,12.0
202503041800,202503140000,3.0,11.0
202503050600,202503090000,1.0,12.0
202503050600,202503100000,3.0,13.0
202503050600,202503110000,4.0,14.0
202503050600,202503120000,4.0,15.0
202503050600,202503130000,5.0,12.0
202503050600,202503140000,2.0,11.0
202503050600,202503150000,3.0,12.0
202503051800,202503100000,3.0,13.0
202503051800,202503110000,4.0,14.0
202503051800,202503120000,4.0,15.0
202503051800,202503130000,5.0,12.0
202503051800,202503140000,2.0,11.0
202503051800,202503150000,3.0,12.0
202503060600,202503100000,4.0,14.0
202503060600,202503110000,4.0,15.0
202503060600,202503120000,5.0,14.0
202503060600,202503130000,5.0,13.0
202503060600,202503140000,3.0,12.0
202503060600,202503150000,4.0,12.0
202503060600,202503160000,3.0,11.0
202503061800,202503110000,3.0,15.0
202503061800,202503120000,5.0,13.0
202503061800,202503130000,4.0,14.0
202503061800,202503140000,4.0,13.0
202503061800,202503150000,4.0,13.0
202503061800,202503160000,4.0,11.0
202503070600,202503110000,3.0,15.0
202503070600,202503120000,5.0,13.0
202503070600,202503130000,3.0,13.0
202503070600,202503140000,4.0,14.0
202503070600,202503150000,4.0,13.0
202503070600,202503160000,4.0,11.0
202503070600,202503170000,2.0,9.0
202503071800,202503120000,5.0,13.0
202503071800,202503130000,3.0,12.0
202503071800,202503140000,3.0,14.0
202503071800,202503150000,5.0,14.0
202503071800,202503160000,5.0,10.0
202503071800,202503170000,1.0,8.0
202503080600,202503120000,5.0,12.0
202503080600,202503130000,2.0,12.0
202503080600,202503140000,3.0,15.0
202503080600,202503150000,5.0,14.0
202503080600,202503160000,4.0,9.0
202503080600,202503170000,0.0,7.0
202503080600,202503180000,0.0,8.0
202503081800,202503130000,2.0,13.0
202503081800,202503140000,4.0,15.0
202503081800,202503150000,6.0,13.0
202503081800,202503160000,4.0,8.0
202503081800,202503170000,-1.0,7.0
202503081800,202503180000,-1.0,8.0
202503090600,202503130000,3.0,13.0
202503090600,202503140000,4.0,16.0
202503090600,202503150000,6.0,13.0
202503090600,202503160000,3.0,8.0
202503090600,202503170000,-2.0,6.0
202503090600,202503180000,1.0,8.0
202503090600,202503190000,1.0,10.0
202503091800,202503140000,5.0,16.0
202503091800,202503150000,6.0,14.0
202503091800,202503160000,2.0,7.0
202503091800,202503170000,-2.0,6.0
202503091800,202503180000,0.0,7.0
202503091800,202503190000,1.0,10.0
202503100600,202503140000,4.0,16.0
202503100600,202503150000,6.0,15.0
202503100600,202503160000,4.0,8.0
202503100600,202503170000,-2.0,6.0
202503100600,202503180000,-1.0,7.0
202503100600,202503190000,0.0,9.0
202503100600,202503200000,2.0,11.0
202503101800,202503150000,6.0,15.0
202503101800,202503160000,4.0,9.0
202503101800,202503170000,-2.0,6.0
202503101800,202503180000,-1.0,7.0
202503101800,202503190000,0.0,9.0
202503101800,202503200000,1.0,11.0
202503110600,202503150000,7.0,15.0
202503110600,202503160000,4.0,9.0
202503110600,202503170000,-1.0,7.0
202503110600,202503180000,-1.0,7.0
202503110600,202503190000,0.0,8.0
202503110600,202503200000,0.0,11.0
202503110600,202503210000,3.0,13.0
202503111800,202503160000,3.0,9.0
202503111800,202503170000,-1.0,7.0
202503111800,202503180000,0.0,8.0
202503111800,202503190000,0.0,9.0
202503111800,202503200000,1.0,11.0
202503111800,202503210000,2.0,12.0
202503120600,202503160000,3.0,7.0
202503120600,202503170000,-1.0,7.0
202503120600,202503180000,0.0,8.0
202503120600,202503190000,0.0,8.0
202503120600,202503200000,0.0,11.0
202503120600,202503210000,2.0,13.0
202503120600,202503220000,5.0,14.0
202503121800,202503170000,-2.0,7.0
202503121800,202503180000,1.0,7.0
202503121800,202503190000,0.0,8.0
202503121800,202503200000,1.0,11.0
202503121800,202503210000,2.0,13.0
202503121800,202503220000,5.0,14.0
202503130600,202503170000,-2.0,7.0
202503130600,202503180000,0.0,7.0
202503130600,202503190000,0.0,8.0
202503130600,202503200000,1.0,11.0
202503130600,202503210000,2.0,13.0
202503130600,202503220000,4.0,14.0
202503130600,202503230000,4.0,15.0
202503131800,202503180000,0.0,7.0
202503131800,202503190000,-1.0,8.0
202503131800,202503200000,1.0,12.0
202503131800,202503210000,2.0,13.0
202503131800,202503220000,4.0,15.0
202503131800,202503230000,5.0,16.0
202503140600,202503180000,0.0,7.0
202503140600,202503190000,-1.0,8.0
202503140600,202503200000,1.0,12.0
202503140600,202503210000,3.0,14.0
202503140600,202503220000,5.0,15.0
202503140600,202503230000,5.0,16.0
202503140600,202503240000,6.0,16.0
202503141800,202503190000,-1.0,7.0
202503141800,202503200000,1.0,12.0
202503141800,202503210000,3.0,14.0
202503141800,202503220000,5.0,15.0
202503141800,202503230000,5.0,16.0
202503141800,202503240000,6.0,16.0
202503150600,202503190000,-1.0,7.0
202503150600,202503200000,1.0,13.0
202503150600,202503210000,4.0,15.0
202503150600,202503220000,6.0,16.0
202503150600,202503230000,6.0,16.0
202503150600,202503240000,6.0,17.0
202503150600,202503250000,6.0,17.0
202503151800,202503200000,1.0,13.0
202503151800,202503210000,4.0,15.0
202503151800,202503220000,6.0,15.0
202503151800,202503230000,5.0,15.0
202503151800,202503240000,6.0,16.0
202503151800,202503250000,7.0,16.0
202503160600,202503200000,2.0,14.0
202503160600,202503210000,4.0,16.0
202503160600,202503220000,6.0,16.0
202503160600,202503230000,5.0,17.0
202503160600,202503240000,6.0,17.0
202503160600,202503250000,7.0,16.0
202503160600,202503260000,7.0,15.0
202503161800,202503210000,5.0,16.0
202503161800,202503220000,5.0,17.0
202503161800,202503230000,6.0,18.0
202503161800,202503240000,7.0,18.0
202503161800,202503250000,7.0,17.0
202503161800,202503260000,6.0,15.0
202503170600,202503210000,5.0,16.0
202503170600,202503220000,5.0,17.0
202503170600,202503230000,6.0,18.0
202503170600,202503240000,7.0,18.0
202503170600,202503250000,8.0,17.0
202503170600,202503260000,6.0,15.0
202503170600,202503270000,4.0,13.0
202503171800,202503220000,6.0,17.0
202503171800,202503230000,6.0,18.0
202503171800,202503240000,8.0,18.0
202503171800,202503250000,7.0,16.0
202503171800,202503260000,4.0,13.0
202503171800,202503270000,4.0,12.0
202503180600,202503220000,6.0,17.0
202503180600,202503230000,6.0,19.0
202503180600,202503240000,8.0,18.0
202503180600,202503250000,7.0,17.0
202503180600,202503260000,5.0,15.0
202503180600,202503270000,7.0,14.0
202503180600,202503280000,5.0,12.0
202503181800,202503230000,6.0,19.0
202503181800,202503240000,8.0,19.0
202503181800,202503250000,8.0,18.0
202503181800,202503260000,7.0,16.0
202503181800,202503270000,6.0,14.0
202503181800,202503280000,6.0,13.0
202503190600,202503230000,6.0,19.0
202503190600,202503240000,8.0,18.0
202503190600,202503250000,9.0,19.0
202503190600,202503260000,8.0,17.0
202503190600,202503270000,7.0,14.0
202503190600,202503280000,7.0,11.0
202503190600,202503290000,5.0,12.0
202503191800,202503240000,9.0,18.0
202503191800,202503250000,9.0,20.0
202503191800,202503260000,9.0,18.0
202503191800,202503270000,7.0,13.0
202503191800,202503280000,5.0,11.0
202503191800,202503290000,4.0,12.0
202503200600,202503240000,9.0,19.0
202503200600,202503250000,8.0,19.0
202503200600,202503260000,10.0,19.0
202503200600,202503270000,8.0,12.0
202503200600,202503280000,4.0,10.0
202503200600,202503290000,3.0,11.0
202503200600,202503300000,4.0,12.0
202503201800,202503250000,8.0,19.0
202503201800,202503260000,10.0,20.0
202503201800,202503270000,9.0,13.0
202503201800,202503280000,3.0,9.0
202503201800,202503290000,2.0,11.0
202503201800,202503300000,4.0,13.0
202503210600,202503250000,7.0,18.0
202503210600,202503260000,9.0,21.0
202503210600,202503270000,11.0,15.0
202503210600,202503280000,3.0,9.0
202503210600,202503290000,1.0,10.0
202503210600,202503300000,3.0,13.0
202503210600,202503310000,5.0,15.0
202503211800,202503260000,9.0,21.0
202503211800,202503270000,11.0,15.0
202503211800,202503280000,3.0,9.0
202503211800,202503290000,1.0,10.0
202503211800,202503300000,3.0,13.0
202503211800,202503310000,5.0,15.0
202503220600,202503260000,8.0,20.0
202503220600,202503270000,11.0,16.0
202503220600,202503280000,4.0,11.0
202503220600,202503290000,2.0,10.0
202503220600,202503300000,2.0,12.0
202503220600,202503310000,4.0,13.0
202503220600,202504010000,4.0,14.0
202503221800,202503270000,12.0,17.0
202503221800,202503280000,5.0,11.0
202503221800,202503290000,1.0,9.0
202503221800,202503300000,1.0,10.0
202503221800,202503310000,2.0,13.0
202503221800,202504010000,5.0,15.0
202503230600,202503270000,12.0,17.0
202503230600,202503280000,5.0,11.0
202503230600,202503290000,1.0,9.0
202503230600,202503300000,1.0,10.0
202503230600,202503310000,2.0,12.0
202503230600,202504010000,5.0,15.0
202503230600,202504020000,5.0,15.0
202503231800,202503280000,4.0,10.0
202503231800,202503290000,1.0,9.0
202503231800,202503300000,0.0,9.0
202503231800,202503310000,2.0,12.0
202503231800,202504010000,4.0,14.0
202503231800,202504020000,5.0,15.0
202503240600,202503280000,5.0,10.0
202503240600,202503290000,1.0,9.0
202503240600,202503300000,0.0,9.0
202503240600,202503310000,2.0,12.0
202503240600,202504010000,4.0,14.0
202503240600,202504020000,5.0,16.0
202503240600,202504030000,7.0,16.0
202503241800,202503290000,1.0,9.0
202503241800,202503300000,1.0,9.0
202503241800,202503310000,2.0,12.0
202503241800,202504010000,4.0,15.0
202503241800,202504020000,5.0,15.0
202503241800,202504030000,7.0,16.0
202503250600,202503290000,1.0,9.0
202503250600,202503300000,1.0,9.0
202503250600,202503310000,2.0,12.0
202503250600,202504010000,4.0,15.0
202503250600,202504020000,5.0,15.0
202503250600,202504030000,7.0,16.0
202503250600,202504040000,6.0,17.0
202503251800,202503300000,0.0,9.0
202503251800,202503310000,1.0,12.0
202503251800,202504010000,4.0,15.0
202503251800,202504020000,5.0,16.0
202503251800,202504030000,6.0,16.0
202503251800,202504040000,6.0,16.0
202503260600,202503300000,0.0,9.0
202503260600,202503310000,2.0,12.0
202503260600,202504010000,4.0,15.0
202503260600,202504020000,5.0,15.0
202503260600,202504030000,6.0,16.0
202503260600,202504040000,6.0,17.0
202503260600,202504050000,8.0,16.0
202503261800,202503310000,2.0,12.0
202503261800,202504010000,4.0,15.0
202503261800,202504020000,5.0,15.0
202503261800,202504030000,6.0,16.0
202503261800,202504040000,6.0,17.0
202503261800,202504050000,8.0,17.0
202503270600,202503310000,1.0,12.0
202503270600,202504010000,4.0,15.0
202503270600,202504020000,5.0,15.0
202503270600,202504030000,5.0,16.0
202503270600,202504040000,6.0,17.0
202503270600,202504050000,7.0,17.0
202503270600,202504060000,8.0,16.0
202503271800,202504010000,4.0,15.0
202503271800,202504020000,5.0,15.0
202503271800,202504030000,5.0,16.0
202503271800,202504040000,6.0,17.0
202503271800,202504050000,7.0,17.0
202503271800,202504060000,8.0,16.0
202503280600,202504010000,4.0,15.0
202503280600,202504020000,5.0,15.0
202503280600,202504030000,5.0,17.0
202503280600,202504040000,6.0,17.0
202503280600,202504050000,7.0,16.0
202503280600,202504060000,8.0,16.0
202503280600,202504070000,8.0,17.0
202503281800,202504020000,6.0,15.0
202503281800,202504030000,5.0,17.0
202503281800,202504040000,6.0,17.0
202503281800,202504050000,7.0,16.0
202503281800,202504060000,8.0,17.0
202503281800,202504070000,8.0,17.0
202503290600,202504020000,6.0,14.0
202503290600,202504030000,5.0,16.0
202503290600,202504040000,5.0,16.0
202503290600,202504050000,6.0,15.0
202503290600,202504060000,6.0,16.0
202503290600,202504070000,8.0,17.0
202503290600,202504080000,8.0,17.0
202503291800,202504030000,6.0,16.0
202503291800,202504040000,6.0,16.0
202503291800,202504050000,6.0,15.0
202503291800,202504060000,7.0,16.0
202503291800,202504070000,7.0,18.0
202503291800,202504080000,8.0,17.0
202503300600,202504030000,7.0,16.0
202503300600,202504040000,6.0,16.0
202503300600,202504050000,6.0,15.0
202503300600,202504060000,7.0,16.0
202503300600,202504070000,8.0,18.0
202503300600,202504080000,9.0,18.0
202503300600,202504090000,9.0,17.0
202503301800,202504040000,6.0,16.0
202503301800,202504050000,6.0,15.0
202503301800,202504060000,7.0,16.0
202503301800,202504070000,8.0,19.0
202503301800,202504080000,10.0,18.0
202503301800,202504090000,10.0,18.0
202503310600,202504040000,6.0,16.0
202503310600,202504050000,6.0,14.0
202503310600,202504060000,6.0,16.0
202503310600,202504070000,7.0,19.0
202503310600,202504080000,9.0,18.0
202503310600,202504090000,9.0,18.0
202503310600,202504100000,8.0,17.0
202503311800,202504050000,7.0,14.0
202503311800,202504060000,6.0,16.0
202503311800,202504070000,7.0,20.0
202503311800,202504080000,10.0,19.0
202503311800,202504090000,9.0,18.0
202503311800,202504100000,9.0,17.0
202504010600,202504050000,7.0,14.0
202504010600,202504060000,5.0,16.0
202504010600,202504070000,6.0,19.0
202504010600,202504080000,10.0,20.0
202504010600,202504090000,10.0,19.0
202504010600,202504100000,10.0,18.0
202504010600,202504110000,9.0,16.0
202504011800,202504060000,6.0,16.0
202504011800,202504070000,6.0,18.0
202504011800,202504080000,9.0,19.0
202504011800,202504090000,11.0,20.0
202504011800,202504100000,9.0,18.0
202504011800,202504110000,8.0,17.0
202504020600,202504060000,6.0,16.0
202504020600,202504070000,6.0,18.0
202504020600,202504080000,9.0,19.0
202504020600,202504090000,11.0,20.0
202504020600,202504100000,9.0,18.0
202504020600,202504110000,8.0,19.0
202504020600,202504120000,8.0,18.0
202504021800,202504070000,6.0,18.0
202504021800,202504080000,9.0,19.0
202504021800,202504090000,10.0,20.0
202504021800,202504100000,10.0,20.0
202504021800,202504110000,9.0,20.0
202504021800,202504120000,10.0,18.0
202504030600,202504070000,6.0,18.0
202504030600,202504080000,9.0,19.0
202504030600,202504090000,9.0,19.0
202504030600,202504100000,10.0,19.0
202504030600,202504110000,10.0,20.0
202504030600,202504120000,10.0,18.0
202504030600,202504130000,9.0,18.0
202504031800,202504080000,9.0,19.0
202504031800,202504090000,9.0,19.0
202504031800,202504100000,10.0,18.0
202504031800,202504110000,10.0,19.0
202504031800,202504120000,9.0,18.0
202504031800,202504130000,8.0,17.0
202504040600,202504080000,9.0,19.0
202504040600,202504090000,9.0,19.0
202504040600,202504100000,10.0,18.0
202504040600,202504110000,9.0,20.0
202504040600,202504120000,10.0,19.0
202504040600,202504130000,7.0,17.0
202504040600,202504140000,7.0,16.0
202504041800,202504090000,8.0,19.0
202504041800,202504100000,9.0,18.0
202504041800,202504110000,8.0,19.0
202504041800,202504120000,9.0,18.0
202504041800,202504130000,7.0,17.0
202504041800,202504140000,7.0,17.0
202504050600,202504090000,8.0,19.0
202504050600,202504100000,8.0,19.0
202504050600,202504110000,9.0,18.0
202504050600,202504120000,9.0,18.0
202504050600,202504130000,8.0,17.0
202504050600,202504140000,8.0,18.0
202504050600,202504150000,8.0,17.0
202504051800,202504100000,8.0,18.0
202504051800,202504110000,9.0,18.0
202504051800,202504120000,9.0,16.0
202504051800,202504130000,8.0,15.0
202504051800,202504140000,7.0,16.0
202504051800,202504150000,7.0,17.0
202504060600,202504100000,9.0,18.0
202504060600,202504110000,9.0,19.0
202504060600,202504120000,9.0,15.0
202504060600,202504130000,7.0,14.0
202504060600,202504140000,7.0,16.0
202504060600,202504150000,7.0,17.0
202504060600,202504160000,7.0,17.0
202504061800,202504110000,9.0,20.0
202504061800,202504120000,9.0,15.0
202504061800,202504130000,6.0,13.0
202504061800,202504140000,7.0,15.0
202504061800,202504150000,6.0,16.0
202504061800,202504160000,6.0,17.0
202504070600,202504110000,9.0,20.0
202504070600,202504120000,9.0,14.0
202504070600,202504130000,5.0,11.0
202504070600,202504140000,6.0,15.0
202504070600,202504150000,7.0,16.0
202504070600,202504160000,7.0,17.0
202504070600,202504170000,8.0,18.0
202504071800,202504120000,10.0,14.0
202504071800,202504130000,5.0,10.0
202504071800,202504140000,7.0,13.0
202504071800,202504150000,7.0,16.0
202504071800,202504160000,7.0,17.0
202504071800,202504170000,8.0,19.0
202504080600,202504120000,10.0,14.0
202504080600,202504130000,5.0,10.0
202504080600,202504140000,6.0,13.0
202504080600,202504150000,7.0,15.0
202504080600,202504160000,7.0,17.0
202504080600,202504170000,8.0,19.0
202504080600,202504180000,10.0,20.0
202504081800,202504130000,5.0,9.0
202504081800,202504140000,5.0,13.0
202504081800,202504150000,7.0,16.0
202504081800,202504160000,8.0,18.0
202504081800,202504170000,9.0,19.0
202504081800,202504180000,11.0,21.0
202504090600,202504130000,5.0,9.0
202504090600,202504140000,5.0,12.0
202504090600,202504150000,6.0,16.0
202504090600,202504160000,8.0,19.0
202504090600,202504170000,9.0,21.0
202504090600,202504180000,11.0,21.0
202504090600,202504190000,12.0,20.0
202504091800,202504140000,6.0,12.0
202504091800,202504150000,6.0,16.0
202504091800,202504160000,8.0,19.0
202504091800,202504170000,10.0,22.0
202504091800,202504180000,11.0,23.0
202504091800,202504190000,12.0,22.0
202504100600,202504140000,6.0,12.0
202504100600,202504150000,6.0,16.0
202504100600,202504160000,8.0,19.0
202504100600,202504170000,10.0,21.0
202504100600,202504180000,12.0,23.0
202504100600,202504190000,13.0,23.0
202504100600,202504200000,12.0,20.0
202504101800,202504150000,6.0,15.0
202504101800,202504160000,8.0,19.0
202504101800,202504170000,10.0,22.0
202504101800,202504180000,12.0,22.0
202504101800,202504190000,13.0,22.0
202504101800,202504200000,12.0,21.0
202504110600,202504150000,6.0,15.0
202504110600,202504160000,8.0,19.0
202504110600,202504170000,10.0,22.0
202504110600,202504180000,12.0,22.0
202504110600,202504190000,13.0,22.0
202504110600,202504200000,12.0,21.0
202504110600,202504210000,10.0,21.0
202504111800,202504160000,8.0,21.0
202504111800,202504170000,12.0,23.0
202504111800,202504180000,13.0,21.0
202504111800,202504190000,12.0,22.0
202504111800,202504200000,11.0,20.0
202504111800,202504210000,11.0,21.0
202504120600,202504160000,8.0,21.0
202504120600,202504170000,12.0,23.0
202504120600,202504180000,13.0,22.0
202504120600,202504190000,13.0,22.0
202504120600,202504200000,11.0,20.0
202504120600,202504210000,10.0,22.0
202504120600,202504220000,11.0,21.0
202504121800,202504170000,12.0,22.0
202504121800,202504180000,13.0,23.0
202504121800,202504190000,14.0,22.0
202504121800,202504200000,11.0,21.0
202504121800,202504210000,10.0,22.0
202504121800,202504220000,11.0,19.0
202504130600,202504170000,12.0,22.0
202504130600,202504180000,14.0,22.0
202504130600,202504190000,13.0,21.0
202504130600,202504200000,11.0,21.0
202504130600,202504210000,10.0,22.0
202504130600,202504220000,10.0,20.0
202504130600,202504230000,9.0,21.0
202504131800,202504180000,15.0,23.0
202504131800,202504190000,14.0,21.0
202504131800,202504200000,11.0,20.0
202504131800,202504210000,10.0,21.0
202504131800,202504220000,10.0,21.0
202504131800,202504230000,11.0,19.0
202504140600,202504180000,14.0,22.0
202504140600,202504190000,13.0,21.0
202504140600,202504200000,11.0,20.0
202504140600,202504210000,10.0,21.0
202504140600,202504220000,10.0,21.0
202504140600,202504230000,11.0,20.0
202504140600,202504240000,10.0,19.0
202504141800,202504190000,13.0,21.0
202504141800,202504200000,12.0,21.0
202504141800,202504210000,11.0,22.0
202504141800,202504220000,11.0,20.0
202504141800,202504230000,10.0,21.0
202504141800,202504240000,10.0,22.0
202504150600,202504190000,13.0,20.0
202504150600,202504200000,11.0,21.0
202504150600,202504210000,11.0,23.0
202504150600,202504220000,12.0,20.0
202504150600,202504230000,10.0,20.0
202504150600,202504240000,10.0,21.0
202504150600,202504250000,10.0,21.0
202504151800,202504200000,11.0,22.0
202504151800,202504210000,12.0,23.0
202504151800,202504220000,12.0,20.0
202504151800,202504230000,10.0,20.0
202504151800,202504240000,10.0,21.0
202504151800,202504250000,10.0,19.0
202504160600,202504200000,12.0,23.0
202504160600,202504210000,13.0,24.0
202504160600,202504220000,13.0,20.0
202504160600,202504230000,11.0,20.0
202504160600,202504240000,9.0,19.0
202504160600,202504250000,8.0,18.0
202504160600,202504260000,8.0,19.0
202504161800,202504210000,14.0,25.0
202504161800,202504220000,14.0,18.0
202504161800,202504230000,11.0,21.0
202504161800,202504240000,9.0,19.0
202504161800,202504250000,7.0,17.0
202504161800,202504260000,8.0,19.0
202504170600,202504210000,13.0,25.0
202504170600,202504220000,14.0,18.0
202504170600,202504230000,11.0,21.0
202504170600,202504240000,9.0,19.0
202504170600,202504250000,7.0,17.0
202504170600,202504260000,8.0,19.0
202504170600,202504270000,9.0,19.0
202504171800,202504220000,13.0,18.0
202504171800,202504230000,11.0,20.0
202504171800,202504240000,9.0,18.0
202504171800,202504250000,8.0,17.0
202504171800,202504260000,8.0,18.0
202504171800,202504270000,9.0,19.0
202504180600,202504220000,14.0,18.0
202504180600,202504230000,12.0,21.0
202504180600,202504240000,9.0,19.0
202504180600,202504250000,8.0,17.0
202504180600,202504260000,8.0,18.0
202504180600,202504270000,9.0,20.0
202504180600,202504280000,10.0,21.0
202504181800,202504230000,12.0,21.0
202504181800,202504240000,10.0,18.0
202504181800,202504250000,8.0,17.0
202504181800,202504260000,8.0,19.0
202504181800,202504270000,10.0,20.0
202504181800,202504280000,10.0,21.0
202504190600,202504230000,12.0,22.0
202504190600,202504240000,10.0,19.0
202504190600,202504250000,8.0,17.0
202504190600,202504260000,8.0,19.0
202504190600,202504270000,10.0,20.0
202504190600,202504280000,10.0,20.0
202504190600,202504290000,11.0,21.0
202504191800,202504240000,9.0,19.0
202504191800,202504250000,7.0,17.0
202504191800,202504260000,8.0,19.0
202504191800,202504270000,10.0,20.0
202504191800,202504280000,10.0,20.0
202504191800,202504290000,11.0,21.0
202504200600,202504240000,10.0,19.0
202504200600,202504250000,7.0,17.0
202504200600,202504260000,8.0,20.0
202504200600,202504270000,10.0,20.0
202504200600,202504280000,11.0,21.0
202504200600,202504290000,11.0,21.0
202504200600,202504300000,12.0,20.0
202504201800,202504250000,7.0,17.0
202504201800,202504260000,8.0,19.0
202504201800,202504270000,10.0,20.0
202504201800,202504280000,10.0,21.0
202504201800,202504290000,11.0,21.0
202504201800,202504300000,11.0,21.0
202504210600,202504250000,7.0,17.0
202504210600,202504260000,8.0,19.0
202504210600,202504270000,10.0,20.0
202504210600,202504280000,9.0,20.0
202504210600,202504290000,10.0,21.0
202504210600,202504300000,11.0,22.0
202504210600,202505010000,11.0,22.0
202504211800,202504260000,8.0,19.0
202504211800,202504270000,10.0,19.0
202504211800,202504280000,9.0,20.0
202504211800,202504290000,10.0,20.0
202504211800,202504300000,10.0,21.0
202504211800,202505010000,11.0,23.0
202504220600,202504260000,8.0,19.0
202504220600,202504270000,10.0,20.0
202504220600,202504280000,9.0,19.0
202504220600,202504290000,9.0,19.0
202504220600,202504300000,10.0,20.0
202504220600,202505010000,11.0,22.0
202504220600,202505020000,12.0,22.0
202504221800,202504270000,10.0,20.0
202504221800,202504280000,9.0,19.0
202504221800,202504290000,8.0,19.0
202504221800,202504300000,10.0,20.0
202504221800,202505010000,10.0,21.0
202504221800,202505020000,11.0,23.0
202504230600,202504270000,10.0,20.0
202504230600,202504280000,9.0,18.0
202504230600,202504290000,9.0,19.0
202504230600,202504300000,11.0,21.0
202504230600,202505010000,11.0,21.0
202504230600,202505020000,12.0,23.0
202504230600,202505030000,13.0,23.0
202504231800,202504280000,9.0,18.0
202504231800,202504290000,8.0,19.0
202504231800,202504300000,10.0,23.0
202504231800,202505010000,12.0,24.0
202504231800,202505020000,13.0,24.0
202504231800,202505030000,14.0,23.0
202504240600,202504280000,9.0,18.0
202504240600,202504290000,8.0,19.0
202504240600,202504300000,11.0,22.0
202504240600,202505010000,12.0,23.0
202504240600,202505020000,13.0,23.0
202504240600,202505030000,13.0,22.0
202504240600,202505040000,12.0,23.0
202504241800,202504290000,8.0,20.0
202504241800,202504300000,12.0,21.0
202504241800,202505010000,11.0,22.0
202504241800,202505020000,12.0,23.0
202504241800,202505030000,12.0,22.0
202504241800,202505040000,13.0,22.0
202504250600,202504290000,8.0,20.0
202504250600,202504300000,12.0,22.0
202504250600,202505010000,12.0,22.0
202504250600,202505020000,14.0,21.0
202504250600,202505030000,11.0,21.0
202504250600,202505040000,12.0,22.0
202504250600,202505050000,13.0,23.0
202504251800,202504300000,12.0,22.0
202504251800,202505010000,12.0,22.0
202504251800,202505020000,14.0,21.0
202504251800,202505030000,11.0,21.0
202504251800,202505040000,12.0,22.0
202504251800,202505050000,12.0,23.0
202504260600,202504300000,12.0,22.0
202504260600,202505010000,12.0,22.0
202504260600,202505020000,14.0,21.0
202504260600,202505030000,11.0,21.0
202504260600,202505040000,12.0,22.0
202504260600,202505050000,12.0,23.0
202504260600,202505060000,11.0,22.0
202504261800,202505010000,12.0,21.0
202504261800,202505020000,14.0,21.0
202504261800,202505030000,11.0,21.0
202504261800,202505040000,12.0,22.0
202504261800,202505050000,12.0,23.0
202504261800,202505060000,12.0,22.0
202504270600,202505010000,13.0,21.0
202504270600,202505020000,14.0,21.0
202504270600,202505030000,11.0,20.0
202504270600,202505040000,11.0,22.0
202504270600,202505050000,13.0,23.0
202504270600,202505060000,13.0,23.0
202504270600,202505070000,13.0,24.0
202504271800,202505020000,14.0,21.0
202504271800,202505030000,12.0,21.0
202504271800,202505040000,12.0,22.0
202504271800,202505050000,13.0,22.0
202504271800,202505060000,13.0,21.0
202504271800,202505070000,12.0,22.0
202504280600,202505020000,13.0,21.0
202504280600,202505030000,12.0,20.0
202504280600,202505040000,11.0,21.0
202504280600,202505050000,12.0,22.0
202504280600,202505060000,12.0,20.0
202504280600,202505070000,11.0,22.0
202504280600,202505080000,13.0,23.0
202504281800,202505030000,11.0,18.0
202504281800,202505040000,10.0,21.0
202504281800,202505050000,11.0,22.0
202504281800,202505060000,12.0,20.0
202504281800,202505070000,12.0,22.0
202504281800,202505080000,13.0,23.0
202504290600,202505030000,11.0,18.0
202504290600,202505040000,10.0,20.0
202504290600,202505050000,11.0,20.0
202504290600,202505060000,12.0,21.0
202504290600,202505070000,12.0,23.0
202504290600,202505080000,13.0,24.0
202504290600,202505090000,14.0,22.0
202504291800,202505040000,10.0,20.0
202504291800,202505050000,10.0,20.0
202504291800,202505060000,11.0,21.0
202504291800,202505070000,12.0,22.0
202504291800,202505080000,14.0,23.0
202504291800,202505090000,14.0,23.0
202504300600,202505040000,9.0,20.0
202504300600,202505050000,10.0,20.0
202504300600,202505060000,11.0,19.0
202504300600,202505070000,12.0,21.0
202504300600,202505080000,13.0,23.0
202504300600,202505090000,13.0,23.0
202504300600,202505100000,14.0,22.0
202504301800,202505050000,10.0,20.0
202504301800,202505060000,11.0,19.0
202504301800,202505070000,11.0,21.0
202504301800,202505080000,12.0,23.0
202504301800,202505090000,13.0,23.0
202504301800,202505100000,14.0,22.0
202505010600,202505050000,10.0,20.0
202505010600,202505060000,12.0,19.0
202505010600,202505070000,11.0,20.0
202505010600,202505080000,12.0,22.0
202505010600,202505090000,13.0,23.0
202505010600,202505100000,13.0,22.0
202505010600,202505110000,14.0,23.0
202505011800,202505060000,12.0,19.0
202505011800,202505070000,11.0,20.0
202505011800,202505080000,12.0,22.0
202505011800,202505090000,13.0,22.0
202505011800,202505100000,13.0,22.0
202505011800,202505110000,13.0,23.0
202505020600,202505060000,11.0,18.0
202505020600,202505070000,11.0,21.0
202505020600,202505080000,12.0,22.0
202505020600,202505090000,13.0,21.0
202505020600,202505100000,13.0,22.0
202505020600,202505110000,13.0,23.0
202505020600,202505120000,14.0,24.0
202505021800,202505070000,11.0,21.0
202505021800,202505080000,13.0,23.0
202505021800,202505090000,14.0,20.0
202505021800,202505100000,13.0,21.0
202505021800,202505110000,14.0,23.0
202505021800,202505120000,15.0,22.0
202505030600,202505070000,12.0,21.0
202505030600,202505080000,13.0,23.0
202505030600,202505090000,14.0,20.0
202505030600,202505100000,12.0,21.0
202505030600,202505110000,12.0,23.0
202505030600,202505120000,13.0,23.0
202505030600,202505130000,15.0,24.0
202505031800,202505080000,12.0,23.0
202505031800,202505090000,14.0,20.0
202505031800,202505100000,12.0,21.0
202505031800,202505110000,12.0,22.0
202505031800,202505120000,13.0,23.0
202505031800,202505130000,14.0,23.0
202505040600,202505080000,12.0,24.0
202505040600,202505090000,14.0,21.0
202505040600,202505100000,13.0,21.0
202505040600,202505110000,12.0,22.0
202505040600,202505120000,13.0,24.0
202505040600,202505130000,14.0,24.0
202505040600,202505140000,15.0,25.0
202505041800,202505090000,14.0,21.0
202505041800,202505100000,13.0,21.0
202505041800,202505110000,12.0,22.0
202505041800,202505120000,13.0,24.0
202505041800,202505130000,14.0,24.0
202505041800,202505140000,15.0,25.0
202505050600,202505090000,14.0,22.0
202505050600,202505100000,13.0,21.0
202505050600,202505110000,12.0,22.0
202505050600,202505120000,13.0,23.0
202505050600,202505130000,13.0,24.0
202505050600,202505140000,15.0,25.0
202505050600,202505150000,17.0,25.0
202505051800,202505100000,13.0,21.0
202505051800,202505110000,12.0,22.0
202505051800,202505120000,13.0,23.0
202505051800,202505130000,13.0,24.0
202505051800,202505140000,15.0,25.0
202505051800,202505150000,17.0,25.0
202505060600,202505100000,13.0,20.0
202505060600,202505110000,11.0,21.0
202505060600,202505120000,13.0,23.0
202505060600,202505130000,13.0,24.0
202505060600,202505140000,15.0,25.0
202505060600,202505150000,16.0,24.0
202505060600,202505160000,17.0,24.0
202505061800,202505110000,11.0,20.0
202505061800,202505120000,13.0,24.0
202505061800,202505130000,15.0,25.0
202505061800,202505140000,15.0,24.0
202505061800,202505150000,16.0,25.0
202505061800,202505160000,17.0,25.0
202505070600,202505110000,11.0,20.0
202505070600,202505120000,13.0,24.0
202505070600,202505130000,14.0,25.0
202505070600,202505140000,15.0,25.0
202505070600,202505150000,15.0,24.0
202505070600,202505160000,17.0,25.0
202505070600,202505170000,17.0,25.0
202505071800,202505120000,12.0,23.0
202505071800,202505130000,15.0,25.0
202505071800,202505140000,15.0,25.0
202505071800,202505150000,15.0,23.0
202505071800,202505160000,17.0,25.0
202505071800,202505170000,17.0,24.0
202505080600,202505120000,11.0,23.0
202505080600,202505130000,14.0,25.0
202505080600,202505140000,15.0,25.0
202505080600,202505150000,15.0,24.0
202505080600,202505160000,15.0,25.0
202505080600,202505170000,16.0,26.0
202505080600,202505180000,16.0,24.0
202505081800,202505130000,14.0,24.0
202505081800,202505140000,15.0,24.0
202505081800,202505150000,15.0,23.0
202505081800,202505160000,15.0,23.0
202505081800,202505170000,15.0,24.0
202505081800,202505180000,16.0,24.0
202505090600,202505130000,13.0,25.0
202505090600,202505140000,14.0,24.0
202505090600,202505150000,15.0,22.0
202505090600,202505160000,15.0,24.0
202505090600,202505170000,16.0,25.0
202505090600,202505180000,15.0,24.0
202505090600,202505190000,15.0,23.0
202505091800,202505140000,14.0,24.0
202505091800,202505150000,15.0,23.0
202505091800,202505160000,15.0,24.0
202505091800,202505170000,16.0,25.0
202505091800,202505180000,15.0,24.0
202505091800,202505190000,15.0,23.0
202505100600,202505140000,14.0,25.0
202505100600,202505150000,16.0,23.0
202505100600,202505160000,16.0,24.0
202505100600,202505170000,17.0,25.0
202505100600,202505180000,16.0,23.0
202505100600,202505190000,14.0,22.0
202505100600,202505200000,14.0,23.0
202505101800,202505150000,16.0,22.0
202505101800,202505160000,16.0,24.0
202505101800,202505170000,17.0,26.0
202505101800,202505180000,15.0,23.0
202505101800,202505190000,13.0,23.0
202505101800,202505200000,14.0,23.0
202505110600,202505150000,16.0,22.0
202505110600,202505160000,16.0,24.0
202505110600,202505170000,17.0,26.0
202505110600,202505180000,16.0,24.0
202505110600,202505190000,15.0,23.0
202505110600,202505200000,13.0,23.0
202505110600,202505210000,14.0,23.0
202505111800,202505160000,16.0,24.0
202505111800,202505170000,17.0,25.0
202505111800,202505180000,16.0,24.0
202505111800,202505190000,14.0,23.0
202505111800,202505200000,14.0,23.0
202505111800,202505210000,13.0,23.0
202505120600,202505160000,17.0,25.0
202505120600,202505170000,17.0,25.0
202505120600,202505180000,15.0,23.0
202505120600,202505190000,14.0,23.0
202505120600,202505200000,13.0,22.0
202505120600,202505210000,13.0,23.0
202505120600,202505220000,16.0,23.0
202505121800,202505170000,17.0,25.0
202505121800,202505180000,15.0,23.0
202505121800,202505190000,15.0,22.0
202505121800,202505200000,13.0,22.0
202505121800,202505210000,13.0,22.0
202505121800,202505220000,16.0,22.0
202505130600,202505170000,17.0,25.0
202505130600,202505180000,15.0,23.0
202505130600,202505190000,15.0,22.0
202505130600,202505200000,12.0,22.0
202505130600,202505210000,13.0,23.0
202505130600,202505220000,15.0,23.0
202505130600,202505230000,16.0,23.0
202505131800,202505180000,14.0,23.0
202505131800,202505190000,14.0,22.0
202505131800,202505200000,13.0,23.0
202505131800,202505210000,15.0,25.0
202505131800,202505220000,16.0,24.0
202505131800,202505230000,16.0,24.0
202505140600,202505180000,14.0,22.0
202505140600,202505190000,13.0,22.0
202505140600,202505200000,14.0,24.0
202505140600,202505210000,16.0,25.0
202505140600,202505220000,16.0,25.0
202505140600,202505230000,15.0,25.0
202505140600,202505240000,15.0,24.0
202505141800,202505190000,13.0,22.0
202505141800,202505200000,14.0,24.0
202505141800,202505210000,16.0,25.0
202505141800,202505220000,16.0,25.0
202505141800,202505230000,15.0,24.0
202505141800,202505240000,15.0,25.0
202505150600,202505190000,12.0,22.0
202505150600,202505200000,16.0,23.0
202505150600,202505210000,17.0,25.0
202505150600,202505220000,16.0,25.0
202505150600,202505230000,15.0,23.0
202505150600,202505240000,14.0,23.0
202505150600,202505250000,14.0,24.0
202505151800,202505200000,16.0,24.0
202505151800,202505210000,17.0,25.0
202505151800,202505220000,16.0,25.0
202505151800,202505230000,15.0,24.0
202505151800,202505240000,14.0,23.0
202505151800,202505250000,16.0,24.0
202505160600,202505200000,16.0,25.0
202505160600,202505210000,17.0,25.0
202505160600,202505220000,16.0,25.0
202505160600,202505230000,16.0,25.0
202505160600,202505240000,15.0,24.0
202505160600,202505250000,16.0,24.0
202505160600,202505260000,16.0,25.0
202505161800,202505210000,17.0,25.0
202505161800,202505220000,16.0,25.0
202505161800,202505230000,16.0,25.0
202505161800,202505240000,15.0,24.0
202505161800,202505250000,16.0,24.0
202505161800,202505260000,16.0,25.0
202505170600,202505210000,17.0,25.0
202505170600,202505220000,16.0,25.0
202505170600,202505230000,16.0,25.0
202505170600,202505240000,15.0,24.0
202505170600,202505250000,15.0,24.0
202505170600,202505260000,15.0,25.0
202505170600,202505270000,16.0,26.0
202505171800,202505220000,18.0,25.0
202505171800,202505230000,15.0,24.0
202505171800,202505240000,15.0,23.0
202505171800,202505250000,14.0,24.0
202505171800,202505260000,14.0,25.0
202505171800,202505270000,15.0,26.0
202505180600,202505220000,18.0,25.0
202505180600,202505230000,16.0,24.0
202505180600,202505240000,15.0,24.0
202505180600,202505250000,15.0,25.0
202505180600,202505260000,14.0,24.0
202505180600,202505270000,15.0,26.0
202505180600,202505280000,16.0,25.0
202505181800,202505230000,16.0,24.0
202505181800,202505240000,15.0,24.0
202505181800,202505250000,15.0,25.0
202505181800,202505260000,14.0,25.0
202505181800,202505270000,15.0,26.0
202505181800,202505280000,16.0,25.0
202505190600,202505230000,15.0,24.0
202505190600,202505240000,15.0,24.0
202505190600,202505250000,15.0,26.0
202505190600,202505260000,14.0,26.0
202505190600,202505270000,15.0,27.0
202505190600,202505280000,15.0,26.0
202505190600,202505290000,17.0,27.0
202505191800,202505240000,14.0,25.0
202505191800,202505250000,15.0,26.0
202505191800,202505260000,16.0,25.0
202505191800,202505270000,15.0,26.0
202505191800,202505280000,16.0,27.0
202505191800,202505290000,17.0,27.0
202505200600,202505240000,15.0,24.0
202505200600,202505250000,14.0,25.0
202505200600,202505260000,15.0,26.0
202505200600,202505270000,15.0,26.0
202505200600,202505280000,16.0,27.0
202505200600,202505290000,17.0,27.0
202505200600,202505300000,18.0,27.0
202505201800,202505250000,15.0,26.0
202505201800,202505260000,16.0,26.0
202505201800,202505270000,15.0,27.0
202505201800,202505280000,16.0,27.0
202505201800,202505290000,17.0,28.0
202505201800,202505300000,18.0,28.0
202505210600,202505250000,15.0,26.0
202505210600,202505260000,15.0,26.0
202505210600,202505270000,16.0,27.0
202505210600,202505280000,16.0,27.0
202505210600,202505290000,17.0,28.0
202505210600,202505300000,18.0,28.0
202505210600,202505310000,18.0,27.0
202505211800,202505260000,15.0,26.0
202505211800,202505270000,16.0,27.0
202505211800,202505280000,16.0,28.0
202505211800,202505290000,17.0,28.0
202505211800,202505300000,18.0,29.0
202505211800,202505310000,18.0,28.0
202505220600,202505260000,15.0,26.0
202505220600,202505270000,16.0,27.0
202505220600,202505280000,16.0,28.0
202505220600,202505290000,17.0,28.0
202505220600,202505300000,18.0,29.0
202505220600,202505310000,18.0,28.0
202505220600,202506010000,17.0,28.0
202505221800,202505270000,15.0,27.0
202505221800,202505280000,16.0,28.0
202505221800,202505290000,18.0,29.0
202505221800,202505300000,17.0,29.0
202505221800,202505310000,17.0,28.0
202505221800,202506010000,17.0,28.0
202505230600,202505270000,15.0,27.0
202505230600,202505280000,16.0,27.0
202505230600,202505290000,17.0,29.0
202505230600,202505300000,17.0,29.0
202505230600,202505310000,17.0,28.0
202505230600,202506010000,17.0,28.0
202505230600,202506020000,18.0,27.0
202505231800,202505280000,16.0,27.0
202505231800,202505290000,17.0,29.0
202505231800,202505300000,17.0,29.0
202505231800,202505310000,17.0,28.0
202505231800,202506010000,18.0,28.0
202505231800,202506020000,19.0,27.0
202505240600,202505280000,16.0,27.0
202505240600,202505290000,17.0,29.0
202505240600,202505300000,18.0,29.0
202505240600,202505310000,18.0,28.0
202505240600,202506010000,17.0,28.0
202505240600,202506020000,18.0,28.0
202505240600,202506030000,18.0,27.0
202505241800,202505290000,17.0,29.0
202505241800,202505300000,18.0,29.0
202505241800,202505310000,18.0,28.0
202505241800,202506010000,17.0,28.0
202505241800,202506020000,18.0,28.0
202505241800,202506030000,18.0,28.0
202505250600,202505290000,17.0,29.0
202505250600,202505300000,18.0,29.0
202505250600,202505310000,18.0,28.0
202505250600,202506010000,17.0,28.0
202505250600,202506020000,17.0,27.0
202505250600,202506030000,18.0,27.0
202505250600,202506040000,18.0,27.0
202505251800,202505300000,18.0,29.0
202505251800,202505310000,17.0,28.0
202505251800,202506010000,17.0,29.0
202505251800,202506020000,17.0,28.0
202505251800,202506030000,18.0,27.0
202505251800,202506040000,18.0,26.0
202505260600,202505300000,18.0,28.0
202505260600,202505310000,17.0,28.0
202505260600,202506010000,18.0,29.0
202505260600,202506020000,18.0,28.0
202505260600,202506030000,17.0,27.0
202505260600,202506040000,18.0,27.0
202505260600,202506050000,18.0,28.0
202505261800,202505310000,17.0,27.0
202505261800,202506010000,18.0,28.0
202505261800,202506020000,18.0,28.0
202505261800,202506030000,17.0,27.0
202505261800,202506040000,17.0,26.0
202505261800,202506050000,17.0,28.0
202505270600,202505310000,18.0,27.0
202505270600,202506010000,17.0,28.0
202505270600,202506020000,18.0,28.0
202505270600,202506030000,18.0,27.0
202505270600,202506040000,17.0,26.0
202505270600,202506050000,17.0,27.0
202505270600,202506060000,18.0,27.0
202505271800,202506010000,17.0,28.0
202505271800,202506020000,18.0,27.0
202505271800,202506030000,18.0,26.0
202505271800,202506040000,17.0,27.0
202505271800,202506050000,16.0,27.0
202505271800,202506060000,17.0,27.0
202505280600,202506010000,17.0,28.0
202505280600,202506020000,17.0,26.0
202505280600,202506030000,18.0,26.0
202505280600,202506040000,17.0,27.0
202505280600,202506050000,17.0,26.0
202505280600,202506060000,16.0,27.0
202505280600,202506070000,18.0,28.0
202505281800,202506020000,18.0,25.0
202505281800,202506030000,18.0,26.0
202505281800,202506040000,17.0,27.0
202505281800,202506050000,17.0,27.0
202505281800,202506060000,17.0,28.0
202505281800,202506070000,18.0,28.0
202505290600,202506020000,18.0,24.0
202505290600,202506030000,17.0,25.0
202505290600,202506040000,17.0,26.0
202505290600,202506050000,16.0,27.0
202505290600,202506060000,16.0,28.0
202505290600,202506070000,18.0,28.0
202505290600,202506080000,18.0,29.0
202505291800,202506030000,17.0,24.0
202505291800,202506040000,16.0,26.0
202505291800,202506050000,16.0,26.0
202505291800,202506060000,17.0,27.0
202505291800,202506070000,17.0,28.0
202505291800,202506080000,18.0,28.0
202505300600,202506030000,17.0,24.0
202505300600,202506040000,16.0,26.0
202505300600,202506050000,16.0,27.0
202505300600,202506060000,17.0,27.0
202505300600,202506070000,17.0,28.0
202505300600,202506080000,18.0,28.0
202505300600,202506090000,18.0,28.0
202505301800,202506040000,15.0,26.0
202505301800,202506050000,16.0,27.0
202505301800,202506060000,17.0,27.0
202505301800,202506070000,17.0,28.0
202505301800,202506080000,18.0,28.0
202505301800,202506090000,18.0,29.0
202505310600,202506040000,16.0,25.0
202505310600,202506050000,17.0,28.0
202505310600,202506060000,18.0,26.0
202505310600,202506070000,17.0,27.0
202505310600,202506080000,17.0,27.0
202505310600,202506090000,18.0,26.0
202505310600,202506100000,18.0,26.0
202505311800,202506050000,16.0,27.0
202505311800,202506060000,17.0,27.0
202505311800,202506070000,17.0,28.0
202505311800,202506080000,17.0,29.0
202505311800,202506090000,18.0,28.0
202505311800,202506100000,19.0,27.0
202506010600,202506050000,16.0,27.0
202506010600,202506060000,18.0,27.0
202506010600,202506070000,17.0,28.0
202506010600,202506080000,18.0,29.0
202506010600,202506090000,19.0,29.0
202506010600,202506100000,19.0,27.0
202506010600,202506110000,19.0,28.0
202506011800,202506060000,18.0,27.0
202506011800,202506070000,17.0,27.0
202506011800,202506080000,18.0,28.0
202506011800,202506090000,19.0,29.0
202506011800,202506100000,20.0,28.0
202506011800,202506110000,20.0,28.0
202506020600,202506060000,19.0,27.0
202506020600,202506070000,18.0,27.0
202506020600,202506080000,19.0,28.0
202506020600,202506090000,19.0,29.0
202506020600,202506100000,19.0,28.0
202506020600,202506110000,20.0,28.0
202506020600,202506120000,19.0,28.0
202506021800,202506070000,18.0,27.0
202506021800,202506080000,18.0,28.0
202506021800,202506090000,19.0,29.0
202506021800,202506100000,19.0,28.0
202506021800,202506110000,19.0,29.0
202506021800,202506120000,20.0,28.0
202506030600,202506070000,18.0,27.0
202506030600,202506080000,18.0,28.0
202506030600,202506090000,19.0,29.0
202506030600,202506100000,18.0,28.0
202506030600,202506110000,19.0,28.0
202506030600,202506120000,20.0,29.0
202506030600,202506130000,20.0,29.0
202506031800,202506080000,18.0,28.0
202506031800,202506090000,19.0,29.0
202506031800,202506100000,19.0,28.0
202506031800,202506110000,19.0,28.0
202506031800,202506120000,20.0,29.0
202506031800,202506130000,20.0,28.0
202506040600,202506080000,18.0,28.0
202506040600,202506090000,19.0,29.0
202506040600,202506100000,19.0,28.0
202506040600,202506110000,20.0,29.0
202506040600,202506120000,20.0,29.0
202506040600,202506130000,20.0,28.0
202506040600,202506140000,21.0,27.0
202506041800,202506090000,19.0,29.0
202506041800,202506100000,19.0,28.0
202506041800,202506110000,20.0,29.0
202506041800,202506120000,20.0,28.0
202506041800,202506130000,21.0,27.0
202506041800,202506140000,21.0,27.0
202506050600,202506090000,19.0,29.0
202506050600,202506100000,20.0,28.0
202506050600,202506110000,20.0,29.0
202506050600,202506120000,19.0,28.0
202506050600,202506130000,20.0,27.0
202506050600,202506140000,21.0,27.0
202506050600,202506150000,20.0,28.0
202506051800,202506100000,20.0,29.0
202506051800,202506110000,20.0,29.0
202506051800,202506120000,20.0,28.0
202506051800,202506130000,21.0,26.0
202506051800,202506140000,21.0,26.0
202506051800,202506150000,21.0,27.0
202506060600,202506100000,20.0,29.0
202506060600,202506110000,20.0,29.0
202506060600,202506120000,20.0,28.0
202506060600,202506130000,21.0,26.0
202506060600,202506140000,21.0,26.0
202506060600,202506150000,21.0,27.0
202506060600,202506160000,20.0,27.0
202506061800,202506110000,20.0,29.0
202506061800,202506120000,20.0,27.0
202506061800,202506130000,20.0,27.0
202506061800,202506140000,21.0,26.0
202506061800,202506150000,21.0,27.0
202506061800,202506160000,19.0,27.0
202506070600,202506110000,20.0,29.0
202506070600,202506120000,20.0,27.0
202506070600,202506130000,20.0,27.0
202506070600,202506140000,21.0,26.0
202506070600,202506150000,21.0,27.0
202506070600,202506160000,19.0,27.0
202506070600,202506170000,20.0,28.0
202506071800,202506120000,20.0,28.0
202506071800,202506130000,20.0,26.0
202506071800,202506140000,21.0,26.0
202506071800,202506150000,20.0,27.0
202506071800,202506160000,19.0,27.0
202506071800,202506170000,21.0,27.0
202506080600,202506120000,19.0,28.0
202506080600,202506130000,20.0,26.0
202506080600,202506140000,21.0,26.0
202506080600,202506150000,20.0,27.0
202506080600,202506160000,20.0,27.0
202506080600,202506170000,20.0,27.0
202506080600,202506180000,21.0,28.0
202506081800,202506130000,20.0,27.0
202506081800,202506140000,21.0,26.0
202506081800,202506150000,20.0,26.0
202506081800,202506160000,19.0,27.0
202506081800,202506170000,20.0,27.0
202506081800,202506180000,21.0,28.0
202506090600,202506130000,20.0,28.0
202506090600,202506140000,21.0,25.0
202506090600,202506150000,20.0,26.0
202506090600,202506160000,19.0,28.0
202506090600,202506170000,20.0,27.0
202506090600,202506180000,20.0,29.0
202506090600,202506190000,21.0,28.0
202506091800,202506140000,21.0,25.0
202506091800,202506150000,20.0,26.0
202506091800,202506160000,19.0,27.0
202506091800,202506170000,20.0,27.0
202506091800,202506180000,21.0,28.0
202506091800,202506190000,21.0,28.0
202506100600,202506140000,21.0,27.0
202506100600,202506150000,20.0,26.0
202506100600,202506160000,19.0,27.0
202506100600,202506170000,20.0,28.0
202506100600,202506180000,21.0,29.0
202506100600,202506190000,21.0,30.0
202506100600,202506200000,22.0,27.0
202506101800,202506150000,21.0,26.0
202506101800,202506160000,19.0,27.0
202506101800,202506170000,20.0,28.0
202506101800,202506180000,20.0,29.0
202506101800,202506190000,21.0,29.0
202506101800,202506200000,22.0,27.0
202506110600,202506150000,21.0,26.0
202506110600,202506160000,19.0,27.0
202506110600,202506170000,20.0,28.0
202506110600,202506180000,20.0,29.0
202506110600,202506190000,21.0,29.0
202506110600,202506200000,22.0,27.0
202506110600,202506210000,21.0,27.0
202506111800,202506160000,21.0,27.0
202506111800,202506170000,20.0,27.0
202506111800,202506180000,20.0,29.0
202506111800,202506190000,21.0,29.0
202506111800,202506200000,21.0,28.0
202506111800,202506210000,21.0,28.0
202506120600,202506160000,21.0,27.0
202506120600,202506170000,20.0,27.0
202506120600,202506180000,20.0,29.0
202506120600,202506190000,21.0,29.0
202506120600,202506200000,22.0,27.0
202506120600,202506210000,22.0,28.0
202506120600,202506220000,21.0,27.0
202506121800,202506170000,20.0,28.0
202506121800,202506180000,21.0,29.0
202506121800,202506190000,21.0,30.0
202506121800,202506200000,22.0,27.0
202506121800,202506210000,21.0,27.0
202506121800,202506220000,21.0,27.0
202506130600,202506170000,20.0,27.0
202506130600,202506180000,20.0,29.0
202506130600,202506190000,21.0,29.0
202506130600,202506200000,22.0,26.0
202506130600,202506210000,21.0,26.0
202506130600,202506220000,21.0,27.0
202506130600,202506230000,21.0,27.0
202506131800,202506180000,19.0,29.0
202506131800,202506190000,21.0,29.0
202506131800,202506200000,22.0,26.0
202506131800,202506210000,21.0,26.0
202506131800,202506220000,21.0,27.0
202506131800,202506230000,21.0,26.0
202506140600,202506180000,19.0,29.0
202506140600,202506190000,21.0,29.0
202506140600,202506200000,22.0,26.0
202506140600,202506210000,21.0,27.0
202506140600,202506220000,21.0,26.0
202506140600,202506230000,21.0,26.0
202506140600,202506240000,21.0,28.0
202506141800,202506190000,21.0,29.0
202506141800,202506200000,22.0,26.0
202506141800,202506210000,20.0,26.0
202506141800,202506220000,20.0,27.0
202506141800,202506230000,21.0,27.0
202506141800,202506240000,21.0,28.0
202506150600,202506190000,21.0,29.0
202506150600,202506200000,22.0,26.0
202506150600,202506210000,20.0,26.0
202506150600,202506220000,20.0,27.0
202506150600,202506230000,21.0,27.0
202506150600,202506240000,21.0,28.0
202506150600,202506250000,21.0,28.0
202506151800,202506200000,22.0,26.0
202506151800,202506210000,21.0,26.0
202506151800,202506220000,20.0,27.0
202506151800,202506230000,21.0,27.0
202506151800,202506240000,20.0,28.0
202506151800,202506250000,21.0,28.0
202506160600,202506200000,22.0,26.0
202506160600,202506210000,21.0,26.0
202506160600,202506220000,20.0,27.0
202506160600,202506230000,21.0,27.0
202506160600,202506240000,20.0,28.0
202506160600,202506250000,21.0,28.0
202506160600,202506260000,21.0,28.0
202506161800,202506210000,20.0,26.0
202506161800,202506220000,20.0,27.0
202506161800,202506230000,21.0,27.0
202506161800,202506240000,21.0,28.0
202506161800,202506250000,21.0,28.0
202506161800,202506260000,22.0,29.0
202506170600,202506210000,21.0,28.0
202506170600,202506220000,20.0,28.0
202506170600,202506230000,20.0,28.0
202506170600,202506240000,21.0,28.0
202506170600,202506250000,21.0,29.0
202506170600,202506260000,21.0,28.0
202506170600,202506270000,22.0,28.0
202506171800,202506220000,20.0,28.0
202506171800,202506230000,21.0,27.0
202506171800,202506240000,21.0,27.0
202506171800,202506250000,21.0,28.0
202506171800,202506260000,21.0,28.0
202506171800,202506270000,22.0,27.0
202506180600,202506220000,20.0,28.0
202506180600,202506230000,20.0,28.0
202506180600,202506240000,20.0,28.0
202506180600,202506250000,21.0,29.0
202506180600,202506260000,21.0,29.0
202506180600,202506270000,22.0,27.0
202506180600,202506280000,22.0,27.0
202506181800,202506230000,20.0,28.0
202506181800,202506240000,20.0,28.0
202506181800,202506250000,21.0,29.0
202506181800,202506260000,21.0,29.0
202506181800,202506270000,21.0,28.0
202506181800,202506280000,22.0,27.0
202506190600,202506230000,20.0,29.0
202506190600,202506240000,20.0,28.0
202506190600,202506250000,21.0,29.0
202506190600,202506260000,21.0,29.0
202506190600,202506270000,21.0,28.0
202506190600,202506280000,22.0,27.0
202506190600,202506290000,22.0,28.0
202506191800,202506240000,22.0,28.0
202506191800,202506250000,21.0,29.0
202506191800,202506260000,21.0,28.0
202506191800,202506270000,22.0,27.0
202506191800,202506280000,22.0,27.0
202506191800,202506290000,22.0,28.0
202506200600,202506240000,22.0,28.0
202506200600,202506250000,21.0,29.0
202506200600,202506260000,21.0,28.0
202506200600,202506270000,22.0,27.0
202506200600,202506280000,22.0,27.0
202506200600,202506290000,22.0,28.0
202506200600,202506300000,23.0,29.0
202506201800,202506250000,21.0,29.0
202506201800,202506260000,21.0,28.0
202506201800,202506270000,22.0,27.0
202506201800,202506280000,22.0,28.0
202506201800,202506290000,23.0,28.0
202506201800,202506300000,23.0,29.0
202506210600,202506250000,21.0,29.0
202506210600,202506260000,21.0,28.0
202506210600,202506270000,21.0,27.0
202506210600,202506280000,22.0,27.0
202506210600,202506290000,22.0,28.0
202506210600,202506300000,23.0,28.0
202506210600,202507010000,23.0,29.0
202506211800,202506260000,22.0,29.0
202506211800,202506270000,21.0,27.0
202506211800,202506280000,22.0,27.0
202506211800,202506290000,22.0,28.0
202506211800,202506300000,23.0,28.0
202506211800,202507010000,23.0,29.0
202506220600,202506260000,22.0,29.0
202506220600,202506270000,22.0,27.0
202506220600,202506280000,22.0,28.0
202506220600,202506290000,22.0,28.0
202506220600,202506300000,23.0,29.0
202506220600,202507010000,23.0,29.0
202506220600,202507020000,23.0,29.0
202506221800,202506270000,22.0,27.0
202506221800,202506280000,22.0,28.0
202506221800,202506290000,23.0,28.0
202506221800,202506300000,23.0,29.0
202506221800,202507010000,24.0,29.0
202506221800,202507020000,24.0,29.0
202506230600,202506270000,22.0,27.0
202506230600,202506280000,22.0,28.0
202506230600,202506290000,23.0,29.0
202506230600,202506300000,23.0,30.0
202506230600,202507010000,23.0,30.0
202506230600,202507020000,23.0,30.0
202506230600,202507030000,23.0,29.0
202506231800,202506280000,22.0,28.0
202506231800,202506290000,23.0,29.0
202506231800,202506300000,23.0,30.0
202506231800,202507010000,23.0,29.0
202506231800,202507020000,23.0,29.0
202506231800,202507030000,23.0,29.0
202506240600,202506280000,22.0,28.0
202506240600,202506290000,23.0,28.0
202506240600,202506300000,23.0,30.0
202506240600,202507010000,23.0,29.0
202506240600,202507020000,23.0,28.0
202506240600,202507030000,23.0,28.0
202506240600,202507040000,23.0,29.0
202506241800,202506290000,23.0,28.0
202506241800,202506300000,22.0,29.0
202506241800,202507010000,23.0,29.0
202506241800,202507020000,23.0,28.0
202506241800,202507030000,23.0,29.0
202506241800,202507040000,23.0,29.0
202506250600,202506290000,23.0,28.0
202506250600,202506300000,22.0,28.0
202506250600,202507010000,22.0,29.0
202506250600,202507020000,23.0,29.0
202506250600,202507030000,23.0,29.0
202506250600,202507040000,23.0,30.0
202506250600,202507050000,24.0,30.0
202506251800,202506300000,23.0,30.0
202506251800,202507010000,23.0,29.0
202506251800,202507020000,23.0,29.0
202506251800,202507030000,23.0,30.0
202506251800,202507040000,23.0,30.0
202506251800,202507050000,24.0,31.0
202506260600,202506300000,23.0,30.0
202506260600,202507010000,23.0,29.0
202506260600,202507020000,23.0,29.0
202506260600,202507030000,24.0,30.0
202506260600,202507040000,24.0,30.0
202506260600,202507050000,23.0,31.0
202506260600,202507060000,24.0,30.0
202506261800,202507010000,23.0,29.0
202506261800,202507020000,23.0,29.0
202506261800,202507030000,23.0,30.0
202506261800,202507040000,24.0,30.0
202506261800,202507050000,24.0,31.0
202506261800,202507060000,24.0,31.0
202506270600,202507010000,23.0,29.0
202506270600,202507020000,23.0,29.0
202506270600,202507030000,23.0,30.0
202506270600,202507040000,23.0,30.0
202506270600,202507050000,23.0,30.0
202506270600,202507060000,24.0,31.0
202506270600,202507070000,24.0,31.0
202506271800,202507020000,23.0,28.0
202506271800,202507030000,23.0,28.0
202506271800,202507040000,23.0,29.0
202506271800,202507050000,24.0,30.0
202506271800,202507060000,24.0,31.0
202506271800,202507070000,24.0,31.0
202506280600,202507020000,23.0,28.0
202506280600,202507030000,23.0,28.0
202506280600,202507040000,23.0,29.0
202506280600,202507050000,24.0,30.0
202506280600,202507060000,23.0,30.0
202506280600,202507070000,24.0,31.0
202506280600,202507080000,24.0,31.0
202506281800,202507030000,23.0,29.0
202506281800,202507040000,23.0,30.0
202506281800,202507050000,23.0,30.0
202506281800,202507060000,24.0,31.0
202506281800,202507070000,24.0,31.0
202506281800,202507080000,24.0,31.0
202506290600,202507030000,23.0,29.0
202506290600,202507040000,23.0,30.0
202506290600,202507050000,23.0,30.0
202506290600,202507060000,23.0,30.0
202506290600,202507070000,23.0,31.0
202506290600,202507080000,24.0,32.0
202506290600,202507090000,24.0,32.0
202506291800,202507040000,23.0,30.0
202506291800,202507050000,23.0,30.0
202506291800,202507060000,23.0,30.0
202506291800,202507070000,23.0,31.0
202506291800,202507080000,24.0,33.0
202506291800,202507090000,24.0,33.0
202506300600,202507040000,23.0,30.0
202506300600,202507050000,23.0,30.0
202506300600,202507060000,23.0,31.0
202506300600,202507070000,24.0,32.0
202506300600,202507080000,23.0,33.0
202506300600,202507090000,24.0,33.0
202506300600,202507100000,24.0,33.0
202506301800,202507050000,24.0,31.0
202506301800,202507060000,24.0,31.0
202506301800,202507070000,25.0,32.0
202506301800,202507080000,24.0,32.0
202506301800,202507090000,25.0,33.0
202506301800,202507100000,25.0,33.0
202507010600,202507050000,24.0,31.0
202507010600,202507060000,24.0,31.0
202507010600,202507070000,25.0,32.0
202507010600,202507080000,24.0,32.0
202507010600,202507090000,25.0,33.0
202507010600,202507100000,25.0,33.0
202507010600,202507110000,24.0,32.0
202507011800,202507060000,25.0,31.0
202507011800,202507070000,25.0,32.0
202507011800,202507080000,24.0,32.0
202507011800,202507090000,25.0,33.0
202507011800,202507100000,25.0,34.0
202507011800,202507110000,24.0,33.0
202507020600,202507060000,25.0,31.0
202507020600,202507070000,25.0,32.0
202507020600,202507080000,24.0,32.0
202507020600,202507090000,25.0,33.0
202507020600,202507100000,25.0,34.0
202507020600,202507110000,24.0,33.0
202507020600,202507120000,25.0,32.0
202507021800,202507070000,25.0,32.0
202507021800,202507080000,24.0,32.0
202507021800,202507090000,25.0,34.0
202507021800,202507100000,25.0,34.0
202507021800,202507110000,25.0,33.0
202507021800,202507120000,25.0,32.0
202507030600,202507070000,25.0,32.0
202507030600,202507080000,25.0,33.0
202507030600,202507090000,25.0,34.0
202507030600,202507100000,26.0,34.0
202507030600,202507110000,25.0,33.0
202507030600,202507120000,25.0,34.0
202507030600,202507130000,26.0,33.0
202507031800,202507080000,26.0,34.0
202507031800,202507090000,26.0,34.0
202507031800,202507100000,26.0,34.0
202507031800,202507110000,25.0,33.0
202507031800,202507120000,25.0,33.0
202507031800,202507130000,25.0,33.0
202507040600,202507080000,26.0,34.0
202507040600,202507090000,26.0,34.0
202507040600,202507100000,26.0,34.0
202507040600,202507110000,25.0,33.0
202507040600,202507120000,25.0,33.0
202507040600,202507130000,25.0,33.0
202507040600,202507140000,25.0,31.0
202507041800,202507090000,26.0,35.0
202507041800,202507100000,26.0,34.0
202507041800,202507110000,25.0,34.0
202507041800,202507120000,25.0,33.0
202507041800,202507130000,25.0,33.0
202507041800,202507140000,25.0,32.0
202507050600,202507090000,27.0,35.0
202507050600,202507100000,26.0,34.0
202507050600,202507110000,25.0,34.0
202507050600,202507120000,25.0,33.0
202507050600,202507130000,25.0,33.0
202507050600,202507140000,25.0,32.0
202507050600,202507150000,25.0,32.0
202507051800,202507100000,26.0,34.0
202507051800,202507110000,25.0,34.0
202507051800,202507120000,25.0,33.0
202507051800,202507130000,25.0,33.0
202507051800,202507140000,25.0,32.0
202507051800,202507150000,25.0,32.0
202507060600,202507100000,26.0,34.0
202507060600,202507110000,25.0,34.0
202507060600,202507120000,25.0,33.0
202507060600,202507130000,25.0,33.0
202507060600,202507140000,25.0,32.0
202507060600,202507150000,25.0,32.0
202507060600,202507160000,25.0,32.0
202507061800,202507110000,25.0,34.0
202507061800,202507120000,25.0,33.0
202507061800,202507130000,25.0,33.0
202507061800,202507140000,25.0,32.0
202507061800,202507150000,25.0,32.0
202507061800,202507160000,25.0,32.0
202507070600,202507110000,25.0,34.0
202507070600,202507120000,25.0,34.0
202507070600,202507130000,25.0,33.0
202507070600,202507140000,25.0,33.0
202507070600,202507150000,26.0,33.0
202507070600,202507160000,26.0,32.0
202507070600,202507170000,26.0,32.0
202507071800,202507120000,25.0,34.0
202507071800,202507130000,25.0,33.0
202507071800,202507140000,25.0,33.0
202507071800,202507150000,26.0,33.0
202507071800,202507160000,26.0,32.0
202507071800,202507170000,26.0,32.0
202507080600,202507120000,25.0,34.0
202507080600,202507130000,25.0,33.0
202507080600,202507140000,25.0,33.0
202507080600,202507150000,26.0,33.0
202507080600,202507160000,26.0,32.0
202507080600,202507170000,26.0,32.0
202507080600,202507180000,25.0,32.0
202507081800,202507130000,25.0,33.0
202507081800,202507140000,25.0,33.0
202507081800,202507150000,26.0,33.0
202507081800,202507160000,26.0,31.0
202507081800,202507170000,25.0,31.0
202507081800,202507180000,25.0,32.0
202507090600,202507130000,25.0,33.0
202507090600,202507140000,25.0,33.0
202507090600,202507150000,26.0,33.0
202507090600,202507160000,26.0,31.0
202507090600,202507170000,25.0,31.0
202507090600,202507180000,25.0,32.0
202507090600,202507190000,25.0,31.0
202507091800,202507140000,25.0,33.0
202507091800,202507150000,26.0,33.0
202507091800,202507160000,25.0,31.0
202507091800,202507170000,24.0,31.0
202507091800,202507180000,24.0,32.0
202507091800,202507190000,24.0,32.0
202507100600,202507140000,25.0,34.0
202507100600,202507150000,25.0,33.0
202507100600,202507160000,24.0,31.0
202507100600,202507170000,24.0,31.0
202507100600,202507180000,25.0,32.0
202507100600,202507190000,25.0,32.0
202507100600,202507200000,25.0,32.0
202507101800,202507150000,25.0,33.0
202507101800,202507160000,24.0,31.0
202507101800,202507170000,24.0,31.0
202507101800,202507180000,25.0,32.0
202507101800,202507190000,25.0,32.0
202507101800,202507200000,25.0,32.0
202507110600,202507150000,25.0,33.0
202507110600,202507160000,24.0,31.0
202507110600,202507170000,24.0,31.0
202507110600,202507180000,25.0,32.0
202507110600,202507190000,25.0,32.0
202507110600,202507200000,25.0,32.0
202507110600,202507210000,25.0,31.0
202507111800,202507160000,24.0,31.0
202507111800,202507170000,24.0,31.0
202507111800,202507180000,24.0,31.0
202507111800,202507190000,25.0,32.0
202507111800,202507200000,26.0,32.0
202507111800,202507210000,26.0,33.0
202507120600,202507160000,24.0,31.0
202507120600,202507170000,24.0,31.0
202507120600,202507180000,24.0,31.0
202507120600,202507190000,25.0,32.0
202507120600,202507200000,25.0,32.0
202507120600,202507210000,26.0,33.0
202507120600,202507220000,26.0,33.0
202507121800,202507170000,24.0,30.0
202507121800,202507180000,25.0,31.0
202507121800,202507190000,25.0,31.0
202507121800,202507200000,25.0,32.0
202507121800,202507210000,26.0,33.0
202507121800,202507220000,26.0,33.0
202507130600,202507170000,24.0,30.0
202507130600,202507180000,25.0,30.0
202507130600,202507190000,25.0,30.0
202507130600,202507200000,26.0,31.0
202507130600,202507210000,25.0,32.0
202507130600,202507220000,25.0,33.0
202507130600,202507230000,26.0,33.0
202507131800,202507180000,24.0,30.0
202507131800,202507190000,24.0,30.0
202507131800,202507200000,25.0,31.0
202507131800,202507210000,25.0,32.0
202507131800,202507220000,25.0,33.0
202507131800,202507230000,26.0,33.0
202507140600,202507180000,24.0,30.0
202507140600,202507190000,24.0,30.0
202507140600,202507200000,25.0,31.0
202507140600,202507210000,25.0,32.0
202507140600,202507220000,26.0,33.0
202507140600,202507230000,26.0,33.0
202507140600,202507240000,26.0,33.0
202507141800,202507190000,24.0,30.0
202507141800,202507200000,25.0,32.0
202507141800,202507210000,26.0,33.0
202507141800,202507220000,26.0,33.0
202507141800,202507230000,26.0,33.0
202507141800,202507240000,26.0,33.0
202507150600,202507190000,25.0,30.0
202507150600,202507200000,25.0,32.0
202507150600,202507210000,26.0,33.0
202507150600,202507220000,26.0,33.0
202507150600,202507230000,26.0,33.0
202507150600,202507240000,26.0,33.0
202507150600,202507250000,25.0,32.0
202507151800,202507200000,25.0,32.0
202507151800,202507210000,26.0,33.0
202507151800,202507220000,26.0,33.0
202507151800,202507230000,26.0,33.0
202507151800,202507240000,26.0,33.0
202507151800,202507250000,25.0,34.0
202507160600,202507200000,25.0,32.0
202507160600,202507210000,26.0,33.0
202507160600,202507220000,26.0,33.0
202507160600,202507230000,26.0,33.0
202507160600,202507240000,26.0,33.0
202507160600,202507250000,25.0,34.0
202507160600,202507260000,25.0,32.0
202507161800,202507210000,26.0,33.0
202507161800,202507220000,26.0,33.0
202507161800,202507230000,26.0,33.0
202507161800,202507240000,26.0,33.0
202507161800,202507250000,25.0,34.0
202507161800,202507260000,25.0,33.0
202507170600,202507210000,25.0,32.0
202507170600,202507220000,26.0,32.0
202507170600,202507230000,25.0,32.0
202507170600,202507240000,26.0,33.0
202507170600,202507250000,25.0,33.0
202507170600,202507260000,26.0,33.0
202507170600,202507270000,26.0,33.0
202507171800,202507220000,26.0,32.0
202507171800,202507230000,25.0,32.0
202507171800,202507240000,26.0,33.0
202507171800,202507250000,25.0,33.0
202507171800,202507260000,26.0,33.0
202507171800,202507270000,26.0,33.0
202507180600,202507220000,26.0,32.0
202507180600,202507230000,25.0,32.0
202507180600,202507240000,26.0,32.0
202507180600,202507250000,25.0,33.0
202507180600,202507260000,26.0,33.0
202507180600,202507270000,26.0,33.0
202507180600,202507280000,26.0,32.0
202507181800,202507230000,25.0,32.0
202507181800,202507240000,26.0,32.0
202507181800,202507250000,25.0,33.0
202507181800,202507260000,26.0,33.0
202507181800,202507270000,26.0,33.0
202507181800,202507280000,26.0,32.0
202507190600,202507230000,25.0,32.0
202507190600,202507240000,26.0,33.0
202507190600,202507250000,26.0,33.0
202507190600,202507260000,26.0,33.0
202507190600,202507270000,25.0,32.0
202507190600,202507280000,25.0,32.0
202507190600,202507290000,25.0,32.0
202507191800,202507240000,26.0,33.0
202507191800,202507250000,26.0,33.0
202507191800,202507260000,26.0,33.0
202507191800,202507270000,25.0,32.0
202507191800,202507280000,25.0,32.0
202507191800,202507290000,25.0,32.0
202507200600,202507240000,25.0,33.0
202507200600,202507250000,25.0,33.0
202507200600,202507260000,26.0,34.0
202507200600,202507270000,26.0,34.0
202507200600,202507280000,26.0,34.0
202507200600,202507290000,25.0,33.0
202507200600,202507300000,25.0,33.0
202507201800,202507250000,25.0,33.0
202507201800,202507260000,26.0,34.0
202507201800,202507270000,26.0,34.0
202507201800,202507280000,26.0,34.0
202507201800,202507290000,25.0,33.0
202507201800,202507300000,25.0,33.0
202507210600,202507250000,25.0,33.0
202507210600,202507260000,26.0,34.0
202507210600,202507270000,26.0,34.0
202507210600,202507280000,26.0,34.0
202507210600,202507290000,25.0,33.0
202507210600,202507300000,25.0,33.0
202507210600,202507310000,25.0,32.0
202507211800,202507260000,26.0,35.0
202507211800,202507270000,26.0,34.0
202507211800,202507280000,26.0,34.0
202507211800,202507290000,25.0,33.0
202507211800,202507300000,25.0,32.0
202507211800,202507310000,25.0,32.0
202507220600,202507260000,27.0,35.0
202507220600,202507270000,27.0,34.0
202507220600,202507280000,26.0,34.0
202507220600,202507290000,26.0,33.0
202507220600,202507300000,25.0,32.0
202507220600,202507310000,25.0,32.0
202507220600,202508010000,25.0,32.0
202507221800,202507270000,27.0,35.0
202507221800,202507280000,26.0,34.0
202507221800,202507290000,26.0,33.0
202507221800,202507300000,25.0,33.0
202507221800,202507310000,26.0,32.0
202507221800,202508010000,25.0,32.0
202507230600,202507270000,27.0,35.0
202507230600,202507280000,26.0,34.0
202507230600,202507290000,26.0,33.0
202507230600,202507300000,25.0,33.0
202507230600,202507310000,26.0,32.0
202507230600,202508010000,26.0,32.0
202507230600,202508020000,25.0,32.0
202507231800,202507280000,27.0,35.0
202507231800,202507290000,26.0,34.0
202507231800,202507300000,26.0,34.0
202507231800,202507310000,25.0,33.0
202507231800,202508010000,25.0,33.0
202507231800,202508020000,25.0,33.0
202507240600,202507280000,27.0,35.0
202507240600,202507290000,26.0,34.0
202507240600,202507300000,26.0,34.0
202507240600,202507310000,25.0,33.0
202507240600,202508010000,25.0,33.0
202507240600,202508020000,25.0,33.0
202507240600,202508030000,25.0,33.0
202507241800,202507290000,26.0,34.0
202507241800,202507300000,26.0,34.0
202507241800,202507310000,25.0,33.0
202507241800,202508010000,25.0,33.0
202507241800,202508020000,25.0,33.0
202507241800,202508030000,25.0,33.0
202507250600,202507290000,27.0,34.0
202507250600,202507300000,26.0,33.0
202507250600,202507310000,25.0,32.0
202507250600,202508010000,25.0,32.0
202507250600,202508020000,25.0,32.0
202507250600,202508030000,25.0,32.0
202507250600,202508040000,24.0,31.0
202507251800,202507300000,26.0,34.0
202507251800,202507310000,25.0,33.0
202507251800,202508010000,25.0,32.0
202507251800,202508020000,25.0,32.0
202507251800,202508030000,25.0,32.0
202507251800,202508040000,24.0,31.0
202507260600,202507300000,26.0,34.0
202507260600,202507310000,25.0,33.0
202507260600,202508010000,25.0,32.0
202507260600,202508020000,25.0,32.0
202507260600,202508030000,25.0,32.0
202507260600,202508040000,24.0,31.0
202507260600,202508050000,24.0,32.0
202507261800,202507310000,25.0,34.0
202507261800,202508010000,25.0,32.0
202507261800,202508020000,25.0,32.0
202507261800,202508030000,25.0,32.0
202507261800,202508040000,24.0,31.0
202507261800,202508050000,24.0,32.0
202507270600,202507310000,26.0,35.0
202507270600,202508010000,26.0,34.0
202507270600,202508020000,26.0,33.0
202507270600,202508030000,26.0,33.0
202507270600,202508040000,25.0,32.0
202507270600,202508050000,25.0,32.0
202507270600,202508060000,25.0,32.0
202507271800,202508010000,26.0,35.0
202507271800,202508020000,26.0,34.0
202507271800,202508030000,26.0,34.0
202507271800,202508040000,25.0,33.0
202507271800,202508050000,26.0,33.0
202507271800,202508060000,25.0,33.0
202507280600,202508010000,26.0,35.0
202507280600,202508020000,26.0,34.0
202507280600,202508030000,26.0,34.0
202507280600,202508040000,25.0,34.0
202507280600,202508050000,26.0,33.0
202507280600,202508060000,25.0,33.0
202507280600,202508070000,25.0,33.0
202507281800,202508020000,26.0,35.0
202507281800,202508030000,26.0,34.0
202507281800,202508040000,26.0,34.0
202507281800,202508050000,26.0,33.0
202507281800,202508060000,26.0,33.0
202507281800,202508070000,25.0,33.0
202507290600,202508020000,27.0,35.0
202507290600,202508030000,27.0,35.0
202507290600,202508040000,27.0,35.0
202507290600,202508050000,27.0,34.0
202507290600,202508060000,26.0,34.0
202507290600,202508070000,26.0,33.0
202507290600,202508080000,26.0,33.0
202507291800,202508030000,27.0,35.0
202507291800,202508040000,27.0,35.0
202507291800,202508050000,27.0,34.0
202507291800,202508060000,26.0,34.0
202507291800,202508070000,26.0,33.0
202507291800,202508080000,26.0,34.0
202507300600,202508030000,27.0,35.0
202507300600,202508040000,27.0,35.0
202507300600,202508050000,27.0,34.0
202507300600,202508060000,26.0,34.0
202507300600,202508070000,26.0,33.0
202507300600,202508080000,26.0,34.0
202507300600,202508090000,26.0,34.0
202507301800,202508040000,27.0,35.0
202507301800,202508050000,27.0,34.0
202507301800,202508060000,26.0,33.0
202507301800,202508070000,26.0,33.0
202507301800,202508080000,26.0,33.0
202507301800,202508090000,26.0,34.0
202507310600,202508040000,27.0,35.0
202507310600,202508050000,27.0,34.0
202507310600,202508060000,26.0,33.0
202507310600,202508070000,26.0,33.0
202507310600,202508080000,26.0,33.0
202507310600,202508090000,26.0,34.0
202507310600,202508100000,26.0,34.0
202507311800,202508050000,27.0,34.0
202507311800,202508060000,26.0,33.0
202507311800,202508070000,26.0,33.0
202507311800,202508080000,26.0,33.0
202507311800,202508090000,26.0,34.0
202507311800,202508100000,26.0,34.0
202508010600,202508050000,27.0,32.0
202508010600,202508060000,26.0,32.0
202508010600,202508070000,25.0,33.0
202508010600,202508080000,26.0,33.0
202508010600,202508090000,26.0,34.0
202508010600,202508100000,26.0,34.0
202508010600,202508110000,26.0,34.0
202508011800,202508060000,26.0,32.0
202508011800,202508070000,25.0,33.0
202508011800,202508080000,25.0,33.0
202508011800,202508090000,26.0,34.0
202508011800,202508100000,26.0,34.0
202508011800,202508110000,26.0,34.0
202508020600,202508060000,26.0,32.0
202508020600,202508070000,25.0,33.0
202508020600,202508080000,25.0,33.0
202508020600,202508090000,26.0,33.0
202508020600,202508100000,26.0,33.0
202508020600,202508110000,26.0,33.0
202508020600,202508120000,26.0,34.0
202508021800,202508070000,25.0,33.0
202508021800,202508080000,25.0,33.0
202508021800,202508090000,25.0,33.0
202508021800,202508100000,25.0,33.0
202508021800,202508110000,26.0,33.0
202508021800,202508120000,26.0,34.0
202508030600,202508070000,25.0,33.0
202508030600,202508080000,25.0,33.0
202508030600,202508090000,25.0,33.0
202508030600,202508100000,25.0,33.0
202508030600,202508110000,25.0,33.0
202508030600,202508120000,25.0,34.0
202508030600,202508130000,25.0,34.0
202508031800,202508080000,25.0,33.0
202508031800,202508090000,25.0,33.0
202508031800,202508100000,25.0,33.0
202508031800,202508110000,25.0,33.0
202508031800,202508120000,25.0,34.0
202508031800,202508130000,25.0,34.0
202508040600,202508080000,25.0,33.0
202508040600,202508090000,25.0,33.0
202508040600,202508100000,25.0,34.0
202508040600,202508110000,25.0,34.0
202508040600,202508120000,25.0,33.0
202508040600,202508130000,25.0,33.0
202508040600,202508140000,25.0,34.0
202508041800,202508090000,24.0,32.0
202508041800,202508100000,24.0,33.0
202508041800,202508110000,25.0,33.0
202508041800,202508120000,25.0,32.0
202508041800,202508130000,25.0,32.0
202508041800,202508140000,25.0,33.0
202508050600,202508090000,23.0,32.0
202508050600,202508100000,24.0,33.0
202508050600,202508110000,25.0,33.0
202508050600,202508120000,25.0,32.0
202508050600,202508130000,24.0,32.0
202508050600,202508140000,25.0,33.0
202508050600,202508150000,25.0,33.0
202508051800,202508100000,24.0,33.0
202508051800,202508110000,25.0,33.0
202508051800,202508120000,24.0,31.0
202508051800,202508130000,25.0,31.0
202508051800,202508140000,25.0,33.0
202508051800,202508150000,26.0,33.0
202508060600,202508100000,24.0,33.0
202508060600,202508110000,25.0,33.0
202508060600,202508120000,24.0,31.0
202508060600,202508130000,25.0,31.0
202508060600,202508140000,25.0,33.0
202508060600,202508150000,26.0,33.0
202508060600,202508160000,25.0,33.0
202508061800,202508110000,24.0,32.0
202508061800,202508120000,24.0,31.0
202508061800,202508130000,25.0,31.0
202508061800,202508140000,26.0,32.0
202508061800,202508150000,25.0,32.0
202508061800,202508160000,26.0,32.0
202508070600,202508110000,24.0,32.0
202508070600,202508120000,24.0,31.0
202508070600,202508130000,25.0,31.0
202508070600,202508140000,25.0,31.0
202508070600,202508150000,25.0,32.0
202508070600,202508160000,26.0,32.0
202508070600,202508170000,26.0,33.0
202508071800,202508120000,25.0,32.0
202508071800,202508130000,25.0,30.0
202508071800,202508140000,25.0,30.0
202508071800,202508150000,25.0,32.0
202508071800,202508160000,25.0,32.0
202508071800,202508170000,26.0,33.0
202508080600,202508120000,25.0,32.0
202508080600,202508130000,25.0,30.0
202508080600,202508140000,26.0,30.0
202508080600,202508150000,26.0,31.0
202508080600,202508160000,26.0,32.0
202508080600,202508170000,26.0,32.0
202508080600,202508180000,25.0,32.0
202508081800,202508130000,25.0,30.0
202508081800,202508140000,26.0,30.0
202508081800,202508150000,26.0,31.0
202508081800,202508160000,26.0,32.0
202508081800,202508170000,26.0,32.0
202508081800,202508180000,25.0,32.0
202508090600,202508130000,25.0,30.0
202508090600,202508140000,26.0,30.0
202508090600,202508150000,26.0,31.0
202508090600,202508160000,26.0,32.0
202508090600,202508170000,26.0,32.0
202508090600,202508180000,25.0,32.0
202508090600,202508190000,25.0,31.0
202508091800,202508140000,25.0,30.0
202508091800,202508150000,26.0,31.0
202508091800,202508160000,26.0,32.0
202508091800,202508170000,26.0,32.0
202508091800,202508180000,26.0,32.0
202508091800,202508190000,25.0,31.0
202508100600,202508140000,25.0,30.0
202508100600,202508150000,26.0,31.0
202508100600,202508160000,26.0,32.0
202508100600,202508170000,26.0,32.0
202508100600,202508180000,26.0,32.0
202508100600,202508190000,25.0,31.0
202508100600,202508200000,25.0,32.0
202508101800,202508150000,26.0,32.0
202508101800,202508160000,26.0,32.0
202508101800,202508170000,26.0,32.0
202508101800,202508180000,26.0,32.0
202508101800,202508190000,25.0,31.0
202508101800,202508200000,25.0,32.0
202508110600,202508150000,25.0,32.0
202508110600,202508160000,26.0,32.0
202508110600,202508170000,26.0,32.0
202508110600,202508180000,25.0,32.0
202508110600,202508190000,26.0,31.0
202508110600,202508200000,24.0,32.0
202508110600,202508210000,25.0,32.0
202508111800,202508160000,26.0,33.0
202508111800,202508170000,26.0,33.0
202508111800,202508180000,25.0,32.0
202508111800,202508190000,26.0,32.0
202508111800,202508200000,25.0,33.0
202508111800,202508210000,25.0,33.0
202508120600,202508160000,26.0,33.0
202508120600,202508170000,26.0,33.0
202508120600,202508180000,25.0,32.0
202508120600,202508190000,26.0,32.0
202508120600,202508200000,25.0,33.0
202508120600,202508210000,25.0,33.0
202508120600,202508220000,25.0,33.0
202508121800,202508170000,26.0,33.0
202508121800,202508180000,25.0,32.0
202508121800,202508190000,26.0,32.0
202508121800,202508200000,25.0,33.0
202508121800,202508210000,25.0,33.0
202508121800,202508220000,25.0,33.0
202508130600,202508170000,26.0,33.0
202508130600,202508180000,25.0,32.0
202508130600,202508190000,26.0,32.0
202508130600,202508200000,25.0,33.0
202508130600,202508210000,25.0,33.0
202508130600,202508220000,25.0,33.0
202508130600,202508230000,25.0,33.0
202508131800,202508180000,25.0,32.0
202508131800,202508190000,25.0,32.0
202508131800,202508200000,25.0,33.0
202508131800,202508210000,24.0,33.0
202508131800,202508220000,25.0,33.0
202508131800,202508230000,25.0,33.0
202508140600,202508180000,25.0,32.0
202508140600,202508190000,25.0,32.0
202508140600,202508200000,25.0,33.0
202508140600,202508210000,24.0,33.0
202508140600,202508220000,25.0,33.0
202508140600,202508230000,25.0,33.0
202508140600,202508240000,25.0,33.0
202508141800,202508190000,25.0,32.0
202508141800,202508200000,24.0,32.0
202508141800,202508210000,25.0,33.0
202508141800,202508220000,26.0,33.0
202508141800,202508230000,25.0,33.0
202508141800,202508240000,25.0,33.0
202508150600,202508190000,25.0,32.0
202508150600,202508200000,25.0,32.0
202508150600,202508210000,25.0,33.0
202508150600,202508220000,26.0,33.0
202508150600,202508230000,26.0,33.0
202508150600,202508240000,25.0,33.0
202508150600,202508250000,25.0,32.0
202508151800,202508200000,25.0,32.0
202508151800,202508210000,25.0,33.0
202508151800,202508220000,26.0,33.0
202508151800,202508230000,26.0,33.0
202508151800,202508240000,25.0,33.0
202508151800,202508250000,25.0,33.0
202508160600,202508200000,25.0,32.0
202508160600,202508210000,25.0,33.0
202508160600,202508220000,26.0,33.0
202508160600,202508230000,26.0,33.0
202508160600,202508240000,25.0,33.0
202508160600,202508250000,25.0,33.0
202508160600,202508260000,25.0,33.0
202508161800,202508210000,25.0,32.0
202508161800,202508220000,26.0,32.0
202508161800,202508230000,26.0,33.0
202508161800,202508240000,25.0,33.0
202508161800,202508250000,25.0,33.0
202508161800,202508260000,25.0,33.0
202508170600,202508210000,25.0,32.0
202508170600,202508220000,26.0,32.0
202508170600,202508230000,26.0,33.0
202508170600,202508240000,25.0,33.0
202508170600,202508250000,25.0,33.0
202508170600,202508260000,25.0,33.0
202508170600,202508270000,25.0,33.0
202508171800,202508220000,26.0,32.0
202508171800,202508230000,26.0,33.0
202508171800,202508240000,25.0,33.0
202508171800,202508250000,25.0,33.0
202508171800,202508260000,25.0,33.0
202508171800,202508270000,25.0,33.0
202508180600,202508220000,26.0,32.0
202508180600,202508230000,26.0,33.0
202508180600,202508240000,26.0,33.0
202508180600,202508250000,25.0,33.0
202508180600,202508260000,25.0,33.0
202508180600,202508270000,25.0,33.0
202508180600,202508280000,25.0,32.0
202508181800,202508230000,26.0,32.0
202508181800,202508240000,26.0,33.0
202508181800,202508250000,25.0,33.0
202508181800,202508260000,25.0,33.0
202508181800,202508270000,25.0,33.0
202508181800,202508280000,25.0,32.0
202508190600,202508230000,26.0,32.0
202508190600,202508240000,26.0,33.0
202508190600,202508250000,25.0,33.0
202508190600,202508260000,25.0,32.0
202508190600,202508270000,25.0,33.0
202508190600,202508280000,25.0,33.0
202508190600,202508290000,25.0,33.0
202508191800,202508240000,26.0,33.0
202508191800,202508250000,25.0,32.0
202508191800,202508260000,25.0,32.0
202508191800,202508270000,25.0,33.0
202508191800,202508280000,25.0,33.0
202508191800,202508290000,25.0,33.0
202508200600,202508240000,26.0,33.0
202508200600,202508250000,25.0,32.0
202508200600,202508260000,25.0,32.0
202508200600,202508270000,25.0,33.0
202508200600,202508280000,25.0,33.0
202508200600,202508290000,25.0,33.0
202508200600,202508300000,25.0,32.0
202508201800,202508250000,26.0,32.0
202508201800,202508260000,24.0,31.0
202508201800,202508270000,24.0,32.0
202508201800,202508280000,25.0,33.0
202508201800,202508290000,24.0,33.0
202508201800,202508300000,24.0,32.0
202508210600,202508250000,26.0,32.0
202508210600,202508260000,24.0,31.0
202508210600,202508270000,24.0,32.0
202508210600,202508280000,25.0,33.0
202508210600,202508290000,24.0,33.0
202508210600,202508300000,24.0,32.0
202508210600,202508310000,24.0,32.0
202508211800,202508260000,25.0,32.0
202508211800,202508270000,25.0,32.0
202508211800,202508280000,24.0,31.0
202508211800,202508290000,25.0,31.0
202508211800,202508300000,24.0,32.0
202508211800,202508310000,24.0,31.0
202508220600,202508260000,25.0,32.0
202508220600,202508270000,25.0,32.0
202508220600,202508280000,24.0,31.0
202508220600,202508290000,25.0,31.0
202508220600,202508300000,25.0,32.0
202508220600,202508310000,25.0,32.0
202508220600,202509010000,24.0,31.0
202508221800,202508270000,25.0,32.0
202508221800,202508280000,24.0,31.0
202508221800,202508290000,25.0,31.0
202508221800,202508300000,25.0,32.0
202508221800,202508310000,25.0,32.0
202508221800,202509010000,24.0,31.0
202508230600,202508270000,25.0,32.0
202508230600,202508280000,24.0,31.0
202508230600,202508290000,25.0,30.0
202508230600,202508300000,25.0,31.0
202508230600,202508310000,25.0,31.0
202508230600,202509010000,24.0,30.0
202508230600,202509020000,23.0,30.0
202508231800,202508280000,24.0,31.0
202508231800,202508290000,25.0,30.0
202508231800,202508300000,25.0,31.0
202508231800,202508310000,25.0,31.0
202508231800,202509010000,24.0,30.0
202508231800,202509020000,23.0,30.0
202508240600,202508280000,24.0,31.0
202508240600,202508290000,25.0,30.0
202508240600,202508300000,25.0,31.0
202508240600,202508310000,25.0,31.0
202508240600,202509010000,24.0,30.0
202508240600,202509020000,23.0,30.0
202508240600,202509030000,24.0,31.0
202508241800,202508290000,25.0,31.0
202508241800,202508300000,25.0,32.0
202508241800,202508310000,25.0,32.0
202508241800,202509010000,24.0,30.0
202508241800,202509020000,24.0,31.0
202508241800,202509030000,24.0,31.0
202508250600,202508290000,25.0,31.0
202508250600,202508300000,26.0,32.0
202508250600,202508310000,25.0,32.0
202508250600,202509010000,25.0,29.0
202508250600,202509020000,24.0,31.0
202508250600,202509030000,24.0,31.0
202508250600,202509040000,24.0,31.0
202508251800,202508300000,26.0,32.0
202508251800,202508310000,25.0,32.0
202508251800,202509010000,25.0,29.0
202508251800,202509020000,24.0,31.0
202508251800,202509030000,24.0,31.0
202508251800,202509040000,24.0,31.0
202508260600,202508300000,26.0,32.0
202508260600,202508310000,25.0,32.0
202508260600,202509010000,25.0,30.0
202508260600,202509020000,24.0,32.0
202508260600,202509030000,24.0,32.0
202508260600,202509040000,24.0,32.0
202508260600,202509050000,24.0,31.0
202508261800,202508310000,25.0,32.0
202508261800,202509010000,25.0,30.0
202508261800,202509020000,25.0,32.0
202508261800,202509030000,24.0,32.0
202508261800,202509040000,25.0,32.0
202508261800,202509050000,24.0,31.0
202508270600,202508310000,25.0,32.0
202508270600,202509010000,25.0,31.0
202508270600,202509020000,25.0,31.0
202508270600,202509030000,24.0,31.0
202508270600,202509040000,24.0,31.0
202508270600,202509050000,24.0,30.0
202508270600,202509060000,23.0,30.0
202508271800,202509010000,25.0,30.0
202508271800,202509020000,25.0,32.0
202508271800,202509030000,24.0,32.0
202508271800,202509040000,24.0,32.0
202508271800,202509050000,24.0,31.0
202508271800,202509060000,23.0,32.0
202508280600,202509010000,25.0,30.0
202508280600,202509020000,25.0,32.0
202508280600,202509030000,24.0,32.0
202508280600,202509040000,24.0,32.0
202508280600,202509050000,24.0,31.0
202508280600,202509060000,23.0,32.0
202508280600,202509070000,23.0,31.0
202508281800,202509020000,25.0,32.0
202508281800,202509030000,24.0,32.0
202508281800,202509040000,24.0,32.0
202508281800,202509050000,24.0,31.0
202508281800,202509060000,23.0,32.0
202508281800,202509070000,23.0,31.0
202508290600,202509020000,25.0,32.0
202508290600,202509030000,24.0,32.0
202508290600,202509040000,24.0,32.0
202508290600,202509050000,25.0,31.0
202508290600,202509060000,25.0,31.0
202508290600,202509070000,24.0,32.0
202508290600,202509080000,24.0,31.0
202508291800,202509030000,24.0,32.0
202508291800,202509040000,24.0,32.0
202508291800,202509050000,25.0,31.0
202508291800,202509060000,24.0,31.0
202508291800,202509070000,23.0,31.0
202508291800,202509080000,23.0,30.0
202508300600,202509030000,24.0,32.0
202508300600,202509040000,24.0,32.0
202508300600,202509050000,25.0,31.0
202508300600,202509060000,24.0,31.0
202508300600,202509070000,23.0,30.0
202508300600,202509080000,22.0,30.0
202508300600,202509090000,22.0,30.0
202508301800,202509040000,24.0,32.0
202508301800,202509050000,25.0,31.0
202508301800,202509060000,24.0,31.0
202508301800,202509070000,23.0,30.0
202508301800,202509080000,22.0,30.0
202508301800,202509090000,22.0,30.0
202508310600,202509040000,24.0,32.0
202508310600,202509050000,25.0,32.0
202508310600,202509060000,24.0,31.0
202508310600,202509070000,23.0,31.0
202508310600,202509080000,22.0,32.0
202508310600,202509090000,22.0,31.0
202508310600,202509100000,22.0,32.0
202508311800,202509050000,24.0,31.0
202508311800,202509060000,24.0,30.0
202508311800,202509070000,23.0,31.0
202508311800,202509080000,22.0,31.0
202508311800,202509090000,22.0,31.0
202508311800,202509100000,22.0,31.0
202509010600,202509050000,24.0,31.0
202509010600,202509060000,24.0,30.0
202509010600,202509070000,23.0,31.0
202509010600,202509080000,22.0,31.0
202509010600,202509090000,22.0,31.0
202509010600,202509100000,22.0,31.0
202509010600,202509110000,22.0,30.0
202509011800,202509060000,24.0,29.0
202509011800,202509070000,23.0,30.0
202509011800,202509080000,22.0,30.0
202509011800,202509090000,22.0,30.0
202509011800,202509100000,22.0,30.0
202509011800,202509110000,22.0,30.0
202509020600,202509060000,25.0,30.0
202509020600,202509070000,23.0,29.0
202509020600,202509080000,21.0,29.0
202509020600,202509090000,21.0,28.0
202509020600,202509100000,20.0,29.0
202509020600,202509110000,20.0,30.0
202509020600,202509120000,22.0,30.0
202509021800,202509070000,23.0,29.0
202509021800,202509080000,21.0,30.0
202509021800,202509090000,21.0,29.0
202509021800,202509100000,21.0,30.0
202509021800,202509110000,21.0,30.0
202509021800,202509120000,22.0,29.0
202509030600,202509070000,23.0,29.0
202509030600,202509080000,21.0,30.0
202509030600,202509090000,21.0,29.0
202509030600,202509100000,21.0,30.0
202509030600,202509110000,21.0,30.0
202509030600,202509120000,22.0,29.0
202509030600,202509130000,23.0,30.0
202509031800,202509080000,21.0,30.0
202509031800,202509090000,21.0,29.0
202509031800,202509100000,21.0,31.0
202509031800,202509110000,21.0,30.0
202509031800,202509120000,22.0,29.0
202509031800,202509130000,23.0,30.0
202509040600,202509080000,22.0,30.0
202509040600,202509090000,22.0,30.0
202509040600,202509100000,21.0,31.0
202509040600,202509110000,22.0,31.0
202509040600,202509120000,22.0,29.0
202509040600,202509130000,23.0,30.0
202509040600,202509140000,23.0,29.0
202509041800,202509090000,22.0,29.0
202509041800,202509100000,21.0,31.0
202509041800,202509110000,22.0,31.0
202509041800,202509120000,22.0,30.0
202509041800,202509130000,23.0,30.0
202509041800,202509140000,23.0,29.0
202509050600,202509090000,22.0,29.0
202509050600,202509100000,21.0,31.0
202509050600,202509110000,21.0,31.0
202509050600,202509120000,22.0,31.0
202509050600,202509130000,23.0,30.0
202509050600,202509140000,23.0,29.0
202509050600,202509150000,23.0,30.0
202509051800,202509100000,21.0,31.0
202509051800,202509110000,21.0,31.0
202509051800,202509120000,22.0,31.0
202509051800,202509130000,23.0,30.0
202509051800,202509140000,23.0,29.0
202509051800,202509150000,23.0,30.0
202509060600,202509100000,21.0,31.0
202509060600,202509110000,22.0,32.0
202509060600,202509120000,22.0,31.0
202509060600,202509130000,22.0,30.0
202509060600,202509140000,23.0,29.0
202509060600,202509150000,22.0,30.0
202509060600,202509160000,21.0,29.0
202509061800,202509110000,22.0,32.0
202509061800,202509120000,22.0,31.0
202509061800,202509130000,23.0,29.0
202509061800,202509140000,23.0,30.0
202509061800,202509150000,22.0,30.0
202509061800,202509160000,21.0,29.0
202509070600,202509110000,22.0,32.0
202509070600,202509120000,22.0,31.0
202509070600,202509130000,23.0,29.0
202509070600,202509140000,23.0,30.0
202509070600,202509150000,22.0,30.0
202509070600,202509160000,21.0,29.0
202509070600,202509170000,22.0,28.0
202509071800,202509120000,22.0,31.0
202509071800,202509130000,23.0,29.0
202509071800,202509140000,23.0,30.0
202509071800,202509150000,22.0,30.0
202509071800,202509160000,22.0,29.0
202509071800,202509170000,22.0,29.0
202509080600,202509120000,22.0,31.0
202509080600,202509130000,23.0,29.0
202509080600,202509140000,23.0,30.0
202509080600,202509150000,22.0,30.0
202509080600,202509160000,22.0,29.0
202509080600,202509170000,22.0,29.0
202509080600,202509180000,22.0,28.0
202509081800,202509130000,23.0,29.0
202509081800,202509140000,23.0,30.0
202509081800,202509150000,22.0,30.0
202509081800,202509160000,22.0,30.0
202509081800,202509170000,22.0,29.0
202509081800,202509180000,22.0,29.0
202509090600,202509130000,24.0,28.0
202509090600,202509140000,23.0,30.0
202509090600,202509150000,22.0,31.0
202509090600,202509160000,23.0,31.0
202509090600,202509170000,22.0,30.0
202509090600,202509180000,22.0,29.0
202509090600,202509190000,20.0,28.0
202509091800,202509140000,22.0,29.0
202509091800,202509150000,23.0,31.0
202509091800,202509160000,22.0,31.0
202509091800,202509170000,23.0,30.0
202509091800,202509180000,22.0,28.0
202509091800,202509190000,19.0,27.0
202509100600,202509140000,22.0,29.0
202509100600,202509150000,23.0,31.0
202509100600,202509160000,23.0,31.0
202509100600,202509170000,23.0,30.0
202509100600,202509180000,22.0,28.0
202509100600,202509190000,19.0,27.0
202509100600,202509200000,19.0,26.0
202509101800,202509150000,23.0,31.0
202509101800,202509160000,23.0,31.0
202509101800,202509170000,23.0,30.0
202509101800,202509180000,22.0,28.0
202509101800,202509190000,19.0,27.0
202509101800,202509200000,19.0,26.0
202509110600,202509150000,22.0,30.0
202509110600,202509160000,22.0,29.0
202509110600,202509170000,23.0,29.0
202509110600,202509180000,22.0,29.0
202509110600,202509190000,20.0,28.0
202509110600,202509200000,20.0,27.0
202509110600,202509210000,19.0,26.0
202509111800,202509160000,22.0,29.0
202509111800,202509170000,23.0,29.0
202509111800,202509180000,22.0,29.0
202509111800,202509190000,22.0,28.0
202509111800,202509200000,20.0,27.0
202509111800,202509210000,19.0,25.0
202509120600,202509160000,22.0,29.0
202509120600,202509170000,23.0,28.0
202509120600,202509180000,22.0,28.0
202509120600,202509190000,21.0,28.0
202509120600,202509200000,20.0,27.0
202509120600,202509210000,19.0,26.0
202509120600,202509220000,19.0,25.0
202509121800,202509170000,24.0,28.0
202509121800,202509180000,21.0,27.0
202509121800,202509190000,20.0,27.0
202509121800,202509200000,19.0,26.0
202509121800,202509210000,18.0,26.0
202509121800,202509220000,18.0,26.0
202509130600,202509170000,24.0,28.0
202509130600,202509180000,20.0,27.0
202509130600,202509190000,19.0,26.0
202509130600,202509200000,18.0,25.0
202509130600,202509210000,18.0,26.0
202509130600,202509220000,18.0,26.0
202509130600,202509230000,18.0,26.0
202509131800,202509180000,20.0,26.0
202509131800,202509190000,20.0,25.0
202509131800,202509200000,19.0,26.0
202509131800,202509210000,18.0,27.0
202509131800,202509220000,18.0,26.0
202509131800,202509230000,19.0,27.0
202509140600,202509180000,19.0,27.0
202509140600,202509190000,19.0,25.0
202509140600,202509200000,18.0,26.0
202509140600,202509210000,18.0,27.0
202509140600,202509220000,18.0,26.0
202509140600,202509230000,19.0,27.0
202509140600,202509240000,18.0,26.0
202509141800,202509190000,19.0,24.0
202509141800,202509200000,18.0,26.0
202509141800,202509210000,19.0,27.0
202509141800,202509220000,19.0,26.0
202509141800,202509230000,20.0,27.0
202509141800,202509240000,18.0,25.0
202509150600,202509190000,19.0,24.0
202509150600,202509200000,19.0,26.0
202509150600,202509210000,18.0,26.0
202509150600,202509220000,18.0,26.0
202509150600,202509230000,19.0,26.0
202509150600,202509240000,19.0,26.0
202509150600,202509250000,18.0,25.0
202509151800,202509200000,18.0,25.0
202509151800,202509210000,18.0,26.0
202509151800,202509220000,18.0,27.0
202509151800,202509230000,18.0,27.0
202509151800,202509240000,19.0,26.0
202509151800,202509250000,18.0,25.0
202509160600,202509200000,18.0,25.0
202509160600,202509210000,18.0,26.0
202509160600,202509220000,17.0,27.0
202509160600,202509230000,17.0,27.0
202509160600,202509240000,18.0,25.0
202509160600,202509250000,18.0,25.0
202509160600,202509260000,18.0,26.0
202509161800,202509210000,17.0,26.0
202509161800,202509220000,17.0,27.0
202509161800,202509230000,17.0,26.0
202509161800,202509240000,18.0,25.0
202509161800,202509250000,18.0,27.0
202509161800,202509260000,19.0,27.0
202509170600,202509210000,17.0,26.0
202509170600,202509220000,17.0,27.0
202509170600,202509230000,17.0,26.0
202509170600,202509240000,18.0,26.0
202509170600,202509250000,18.0,26.0
202509170600,202509260000,18.0,26.0
202509170600,202509270000,17.0,26.0
202509171800,202509220000,17.0,27.0
202509171800,202509230000,17.0,26.0
202509171800,202509240000,18.0,26.0
202509171800,202509250000,18.0,26.0
202509171800,202509260000,18.0,26.0
202509171800,202509270000,17.0,26.0
202509180600,202509220000,17.0,27.0
202509180600,202509230000,17.0,26.0
202509180600,202509240000,19.0,25.0
202509180600,202509250000,19.0,26.0
202509180600,202509260000,18.0,27.0
202509180600,202509270000,18.0,26.0
202509180600,202509280000,18.0,26.0
202509181800,202509230000,18.0,26.0
202509181800,202509240000,19.0,24.0
202509181800,202509250000,19.0,25.0
202509181800,202509260000,18.0,26.0
202509181800,202509270000,18.0,26.0
202509181800,202509280000,17.0,25.0
202509190600,202509230000,18.0,26.0
202509190600,202509240000,19.0,25.0
202509190600,202509250000,19.0,26.0
202509190600,202509260000,18.0,27.0
202509190600,202509270000,19.0,26.0
202509190600,202509280000,18.0,25.0
202509190600,202509290000,17.0,25.0
202509191800,202509240000,19.0,24.0
202509191800,202509250000,19.0,26.0
202509191800,202509260000,18.0,27.0
202509191800,202509270000,18.0,26.0
202509191800,202509280000,18.0,25.0
202509191800,202509290000,17.0,25.0
202509200600,202509240000,19.0,24.0
202509200600,202509250000,19.0,26.0
202509200600,202509260000,18.0,27.0
202509200600,202509270000,18.0,26.0
202509200600,202509280000,18.0,25.0
202509200600,202509290000,17.0,25.0
202509200600,202509300000,17.0,25.0
202509201800,202509250000,19.0,26.0
202509201800,202509260000,19.0,27.0
202509201800,202509270000,18.0,26.0
202509201800,202509280000,18.0,26.0
202509201800,202509290000,17.0,25.0
202509201800,202509300000,17.0,25.0
202509210600,202509250000,19.0,26.0
202509210600,202509260000,19.0,27.0
202509210600,202509270000,18.0,26.0
202509210600,202509280000,18.0,26.0
202509210600,202509290000,17.0,25.0
202509210600,202509300000,17.0,25.0
202509210600,202510010000,15.0,24.0
202509211800,202509260000,19.0,27.0
202509211800,202509270000,19.0,25.0
202509211800,202509280000,19.0,25.0
202509211800,202509290000,17.0,25.0
202509211800,202509300000,17.0,25.0
202509211800,202510010000,16.0,24.0
202509220600,202509260000,19.0,27.0
202509220600,202509270000,19.0,26.0
202509220600,202509280000,19.0,25.0
202509220600,202509290000,17.0,25.0
202509220600,202509300000,17.0,25.0
202509220600,202510010000,16.0,24.0
202509220600,202510020000,15.0,24.0
202509221800,202509270000,19.0,26.0
202509221800,202509280000,20.0,25.0
202509221800,202509290000,17.0,25.0
202509221800,202509300000,17.0,25.0
202509221800,202510010000,16.0,24.0
202509221800,202510020000,15.0,24.0
202509230600,202509270000,19.0,26.0
202509230600,202509280000,20.0,25.0
202509230600,202509290000,17.0,26.0
202509230600,202509300000,17.0,25.0
202509230600,202510010000,17.0,25.0
202509230600,202510020000,16.0,25.0
202509230600,202510030000,16.0,26.0
202509231800,202509280000,20.0,25.0
202509231800,202509290000,17.0,26.0
202509231800,202509300000,17.0,25.0
202509231800,202510010000,17.0,25.0
202509231800,202510020000,16.0,25.0
202509231800,202510030000,16.0,26.0
202509240600,202509280000,20.0,25.0
202509240600,202509290000,17.0,26.0
202509240600,202509300000,17.0,25.0
202509240600,202510010000,17.0,25.0
202509240600,202510020000,16.0,24.0
202509240600,202510030000,16.0,24.0
202509240600,202510040000,15.0,23.0
202509241800,202509290000,17.0,25.0
202509241800,202509300000,17.0,26.0
202509241800,202510010000,17.0,25.0
202509241800,202510020000,17.0,25.0
202509241800,202510030000,17.0,25.0
202509241800,202510040000,15.0,24.0
202509250600,202509290000,17.0,25.0
202509250600,202509300000,17.0,26.0
202509250600,202510010000,17.0,26.0
202509250600,202510020000,17.0,26.0
202509250600,202510030000,16.0,25.0
202509250600,202510040000,16.0,25.0
202509250600,202510050000,16.0,25.0
202509251800,202509300000,17.0,25.0
202509251800,202510010000,18.0,25.0
202509251800,202510020000,17.0,26.0
202509251800,202510030000,17.0,26.0
202509251800,202510040000,17.0,26.0
202509251800,202510050000,17.0,26.0
202509260600,202509300000,18.0,25.0
202509260600,202510010000,18.0,25.0
202509260600,202510020000,18.0,25.0
202509260600,202510030000,17.0,26.0
202509260600,202510040000,18.0,26.0
202509260600,202510050000,17.0,26.0
202509260600,202510060000,17.0,26.0
202509261800,202510010000,17.0,25.0
202509261800,202510020000,18.0,25.0
202509261800,202510030000,18.0,26.0
202509261800,202510040000,18.0,26.0
202509261800,202510050000,18.0,25.0
202509261800,202510060000,17.0,25.0
202509270600,202510010000,17.0,25.0
202509270600,202510020000,18.0,25.0
202509270600,202510030000,18.0,26.0
202509270600,202510040000,18.0,26.0
202509270600,202510050000,18.0,25.0
202509270600,202510060000,17.0,25.0
202509270600,202510070000,16.0,23.0
202509271800,202510020000,18.0,26.0
202509271800,202510030000,18.0,25.0
202509271800,202510040000,18.0,27.0
202509271800,202510050000,18.0,26.0
202509271800,202510060000,17.0,24.0
202509271800,202510070000,15.0,23.0
202509280600,202510020000,18.0,25.0
202509280600,202510030000,17.0,25.0
202509280600,202510040000,19.0,26.0
202509280600,202510050000,17.0,25.0
202509280600,202510060000,18.0,24.0
202509280600,202510070000,15.0,23.0
202509280600,202510080000,15.0,22.0
202509281800,202510030000,18.0,25.0
202509281800,202510040000,19.0,27.0
202509281800,202510050000,18.0,25.0
202509281800,202510060000,17.0,24.0
202509281800,202510070000,15.0,23.0
202509281800,202510080000,15.0,22.0
202509290600,202510030000,18.0,25.0
202509290600,202510040000,19.0,27.0
202509290600,202510050000,18.0,25.0
202509290600,202510060000,17.0,24.0
202509290600,202510070000,16.0,23.0
202509290600,202510080000,14.0,22.0
202509290600,202510090000,13.0,22.0
202509291800,202510040000,19.0,27.0
202509291800,202510050000,18.0,25.0
202509291800,202510060000,17.0,24.0
202509291800,202510070000,16.0,23.0
202509291800,202510080000,14.0,22.0
202509291800,202510090000,13.0,22.0
202509300600,202510040000,19.0,26.0
202509300600,202510050000,19.0,25.0
202509300600,202510060000,18.0,25.0
202509300600,202510070000,17.0,24.0
202509300600,202510080000,15.0,23.0
202509300600,202510090000,14.0,23.0
202509300600,202510100000,14.0,24.0
202509301800,202510050000,19.0,25.0
202509301800,202510060000,18.0,25.0
202509301800,202510070000,18.0,24.0
202509301800,202510080000,15.0,23.0
202509301800,202510090000,15.0,23.0
202509301800,202510100000,15.0,24.0
202510010600,202510050000,21.0,25.0
202510010600,202510060000,20.0,26.0
202510010600,202510070000,17.0,23.0
202510010600,202510080000,17.0,24.0
202510010600,202510090000,19.0,25.0
202510010600,202510100000,18.0,23.0
202510010600,202510110000,18.0,24.0
202510011800,202510060000,20.0,26.0
202510011800,202510070000,17.0,23.0
202510011800,202510080000,17.0,24.0
202510011800,202510090000,19.0,25.0
202510011800,202510100000,18.0,23.0
202510011800,202510110000,18.0,24.0
202510020600,202510060000,20.0,25.0
202510020600,202510070000,18.0,24.0
202510020600,202510080000,18.0,24.0
202510020600,202510090000,17.0,24.0
202510020600,202510100000,17.0,23.0
202510020600,202510110000,17.0,23.0
202510020600,202510120000,16.0,22.0
202510021800,202510070000,18.0,23.0
202510021800,202510080000,18.0,24.0
202510021800,202510090000,16.0,24.0
202510021800,202510100000,17.0,23.0
202510021800,202510110000,17.0,23.0
202510021800,202510120000,17.0,23.0
202510030600,202510070000,18.0,23.0
202510030600,202510080000,18.0,24.0
202510030600,202510090000,16.0,24.0
202510030600,202510100000,17.0,23.0
202510030600,202510110000,17.0,23.0
202510030600,202510120000,17.0,23.0
202510030600,202510130000,16.0,22.0
202510031800,202510080000,18.0,24.0
202510031800,202510090000,16.0,24.0
202510031800,202510100000,17.0,23.0
202510031800,202510110000,17.0,22.0
202510031800,202510120000,16.0,22.0
202510031800,202510130000,16.0,22.0
202510040600,202510080000,18.0,23.0
202510040600,202510090000,16.0,24.0
202510040600,202510100000,17.0,23.0
202510040600,202510110000,17.0,21.0
202510040600,202510120000,16.0,22.0
202510040600,202510130000,16.0,22.0
202510040600,202510140000,16.0,22.0
202510041800,202510090000,17.0,24.0
202510041800,202510100000,17.0,23.0
202510041800,202510110000,17.0,22.0
202510041800,202510120000,17.0,22.0
202510041800,202510130000,17.0,22.0
202510041800,202510140000,16.0,22.0
202510050600,202510090000,18.0,24.0
202510050600,202510100000,18.0,23.0
202510050600,202510110000,17.0,21.0
202510050600,202510120000,17.0,22.0
202510050600,202510130000,16.0,21.0
202510050600,202510140000,15.0,22.0
202510050600,202510150000,14.0,22.0
202510051800,202510100000,18.0,23.0
202510051800,202510110000,17.0,21.0
202510051800,202510120000,17.0,21.0
202510051800,202510130000,17.0,21.0
202510051800,202510140000,16.0,22.0
202510051800,202510150000,15.0,23.0
202510060600,202510100000,18.0,23.0
202510060600,202510110000,17.0,21.0
202510060600,202510120000,17.0,21.0
202510060600,202510130000,17.0,22.0
202510060600,202510140000,16.0,22.0
202510060600,202510150000,15.0,23.0
202510060600,202510160000,15.0,23.0
202510061800,202510110000,17.0,21.0
202510061800,202510120000,17.0,21.0
202510061800,202510130000,17.0,22.0
202510061800,202510140000,18.0,22.0
202510061800,202510150000,15.0,23.0
202510061800,202510160000,15.0,23.0
202510070600,202510110000,17.0,22.0
202510070600,202510120000,17.0,21.0
202510070600,202510130000,17.0,21.0
202510070600,202510140000,18.0,22.0
202510070600,202510150000,15.0,23.0
202510070600,202510160000,15.0,23.0
202510070600,202510170000,16.0,22.0
202510071800,202510120000,17.0,21.0
202510071800,202510130000,17.0,20.0
202510071800,202510140000,18.0,22.0
202510071800,202510150000,16.0,24.0
202510071800,202510160000,16.0,23.0
202510071800,202510170000,16.0,23.0
202510080600,202510120000,17.0,21.0
202510080600,202510130000,17.0,20.0
202510080600,202510140000,18.0,22.0
202510080600,202510150000,16.0,24.0
202510080600,202510160000,16.0,23.0
202510080600,202510170000,16.0,23.0
202510080600,202510180000,15.0,21.0
202510081800,202510130000,16.0,19.0
202510081800,202510140000,18.0,22.0
202510081800,202510150000,17.0,24.0
202510081800,202510160000,17.0,24.0
202510081800,202510170000,16.0,22.0
202510081800,202510180000,14.0,20.0
202510090600,202510130000,16.0,19.0
202510090600,202510140000,18.0,22.0
202510090600,202510150000,17.0,24.0
202510090600,202510160000,17.0,24.0
202510090600,202510170000,16.0,22.0
202510090600,202510180000,14.0,20.0
202510090600,202510190000,13.0,19.0
202510091800,202510140000,17.0,22.0
202510091800,202510150000,17.0,24.0
202510091800,202510160000,16.0,23.0
202510091800,202510170000,15.0,21.0
202510091800,202510180000,14.0,19.0
202510091800,202510190000,13.0,19.0
202510100600,202510140000,17.0,22.0
202510100600,202510150000,17.0,23.0
202510100600,202510160000,17.0,24.0
202510100600,202510170000,15.0,21.0
202510100600,202510180000,13.0,19.0
202510100600,202510190000,12.0,19.0
202510100600,202510200000,11.0,19.0
202510101800,202510150000,17.0,23.0
202510101800,202510160000,17.0,24.0
202510101800,202510170000,15.0,21.0
202510101800,202510180000,13.0,19.0
202510101800,202510190000,12.0,19.0
202510101800,202510200000,10.0,18.0
202510110600,202510150000,17.0,23.0
202510110600,202510160000,17.0,24.0
202510110600,202510170000,15.0,21.0
202510110600,202510180000,14.0,19.0
202510110600,202510190000,11.0,17.0
202510110600,202510200000,9.0,16.0
202510110600,202510210000,9.0,16.0
202510111800,202510160000,17.0,24.0
202510111800,202510170000,15.0,22.0
202510111800,202510180000,15.0,20.0
202510111800,202510190000,10.0,17.0
202510111800,202510200000,8.0,17.0
202510111800,202510210000,9.0,16.0
202510120600,202510160000,17.0,24.0
202510120600,202510170000,16.0,23.0
202510120600,202510180000,16.0,20.0
202510120600,202510190000,10.0,16.0
202510120600,202510200000,7.0,16.0
202510120600,202510210000,8.0,17.0
202510120600,202510220000,8.0,18.0
202510121800,202510170000,16.0,23.0
202510121800,202510180000,15.0,19.0
202510121800,202510190000,10.0,16.0
202510121800,202510200000,7.0,16.0
202510121800,202510210000,7.0,17.0
202510121800,202510220000,8.0,18.0
202510130600,202510170000,16.0,23.0
202510130600,202510180000,15.0,19.0
202510130600,202510190000,10.0,16.0
202510130600,202510200000,7.0,16.0
202510130600,202510210000,7.0,17.0
202510130600,202510220000,8.0,18.0
202510130600,202510230000,9.0,19.0
202510131800,202510180000,15.0,19.0
202510131800,202510190000,9.0,15.0
202510131800,202510200000,7.0,15.0
202510131800,202510210000,8.0,17.0
202510131800,202510220000,9.0,18.0
202510131800,202510230000,9.0,19.0
202510140600,202510180000,16.0,19.0
202510140600,202510190000,8.0,15.0
202510140600,202510200000,7.0,15.0
202510140600,202510210000,8.0,17.0
202510140600,202510220000,9.0,18.0
202510140600,202510230000,9.0,19.0
202510140600,202510240000,10.0,18.0
202510141800,202510190000,8.0,15.0
202510141800,202510200000,7.0,15.0
202510141800,202510210000,8.0,17.0
202510141800,202510220000,9.0,17.0
202510141800,202510230000,9.0,18.0
202510141800,202510240000,10.0,18.0
202510150600,202510190000,8.0,15.0
202510150600,202510200000,7.0,15.0
202510150600,202510210000,8.0,17.0
202510150600,202510220000,9.0,17.0
202510150600,202510230000,9.0,18.0
202510150600,202510240000,10.0,18.0
202510150600,202510250000,11.0,18.0
202510151800,202510200000,6.0,16.0
202510151800,202510210000,8.0,17.0
202510151800,202510220000,9.0,17.0
202510151800,202510230000,10.0,17.0
202510151800,202510240000,10.0,18.0
202510151800,202510250000,11.0,18.0
202510160600,202510200000,6.0,16.0
202510160600,202510210000,8.0,17.0
202510160600,202510220000,9.0,17.0
202510160600,202510230000,9.0,17.0
202510160600,202510240000,9.0,18.0
202510160600,202510250000,10.0,18.0
202510160600,202510260000,10.0,18.0
202510161800,202510210000,6.0,15.0
202510161800,202510220000,7.0,17.0
202510161800,202510230000,9.0,18.0
202510161800,202510240000,10.0,18.0
202510161800,202510250000,11.0,17.0
202510161800,202510260000,9.0,17.0
202510170600,202510210000,6.0,15.0
202510170600,202510220000,7.0,17.0
202510170600,202510230000,9.0,18.0
202510170600,202510240000,10.0,18.0
202510170600,202510250000,11.0,17.0
202510170600,202510260000,9.0,17.0
202510170600,202510270000,8.0,16.0
202510171800,202510220000,7.0,18.0
202510171800,202510230000,10.0,17.0
202510171800,202510240000,10.0,18.0
202510171800,202510250000,10.0,17.0
202510171800,202510260000,10.0,17.0
202510171800,202510270000,8.0,16.0
202510180600,202510220000,6.0,18.0
202510180600,202510230000,10.0,18.0
202510180600,202510240000,10.0,18.0
202510180600,202510250000,10.0,17.0
202510180600,202510260000,10.0,17.0
202510180600,202510270000,7.0,15.0
202510180600,202510280000,7.0,15.0
202510181800,202510230000,10.0,18.0
202510181800,202510240000,10.0,18.0
202510181800,202510250000,11.0,17.0
202510181800,202510260000,10.0,17.0
202510181800,202510270000,6.0,14.0
202510181800,202510280000,7.0,15.0
202510190600,202510230000,9.0,18.0
202510190600,202510240000,10.0,19.0
202510190600,202510250000,11.0,17.0
202510190600,202510260000,10.0,17.0
202510190600,202510270000,5.0,13.0
202510190600,202510280000,6.0,14.0
202510190600,202510290000,7.0,16.0
202510191800,202510240000,10.0,19.0
202510191800,202510250000,11.0,17.0
202510191800,202510260000,9.0,16.0
202510191800,202510270000,5.0,13.0
202510191800,202510280000,6.0,14.0
202510191800,202510290000,7.0,16.0
202510200600,202510240000,10.0,19.0
202510200600,202510250000,11.0,17.0
202510200600,202510260000,9.0,16.0
202510200600,202510270000,5.0,13.0
202510200600,202510280000,6.0,14.0
202510200600,202510290000,7.0,16.0
202510200600,202510300000,8.0,17.0
202510201800,202510250000,11.0,17.0
202510201800,202510260000,9.0,16.0
202510201800,202510270000,5.0,13.0
202510201800,202510280000,6.0,14.0
202510201800,202510290000,7.0,16.0
202510201800,202510300000,8.0,17.0
202510210600,202510250000,11.0,17.0
202510210600,202510260000,9.0,16.0
202510210600,202510270000,5.0,13.0
202510210600,202510280000,5.0,13.0
202510210600,202510290000,7.0,16.0
202510210600,202510300000,9.0,17.0
202510210600,202510310000,9.0,17.0
202510211800,202510260000,10.0,17.0
202510211800,202510270000,6.0,12.0
202510211800,202510280000,3.0,12.0
202510211800,202510290000,6.0,15.0
202510211800,202510300000,9.0,17.0
202510211800,202510310000,10.0,16.0
202510220600,202510260000,10.0,17.0
202510220600,202510270000,6.0,12.0
202510220600,202510280000,3.0,12.0
202510220600,202510290000,6.0,15.0
202510220600,202510300000,9.0,17.0
202510220600,202510310000,10.0,16.0
202510220600,202511010000,9.0,16.0
202510221800,202510270000,5.0,11.0
202510221800,202510280000,2.0,12.0
202510221800,202510290000,5.0,15.0
202510221800,202510300000,8.0,16.0
202510221800,202510310000,10.0,16.0
202510221800,202511010000,8.0,15.0
202510230600,202510270000,5.0,10.0
202510230600,202510280000,2.0,13.0
202510230600,202510290000,6.0,16.0
202510230600,202510300000,8.0,17.0
202510230600,202510310000,9.0,16.0
202510230600,202511010000,9.0,16.0
202510230600,202511020000,8.0,16.0
202510231800,202510280000,2.0,12.0
202510231800,202510290000,5.0,15.0
202510231800,202510300000,8.0,17.0
202510231800,202510310000,10.0,16.0
202510231800,202511010000,8.0,15.0
202510231800,202511020000,8.0,16.0
202510240600,202510280000,2.0,12.0
202510240600,202510290000,5.0,15.0
202510240600,202510300000,8.0,17.0
202510240600,202510310000,10.0,16.0
202510240600,202511010000,8.0,15.0
202510240600,202511020000,8.0,16.0
202510240600,202511030000,7.0,15.0
202510241800,202510290000,4.0,14.0
202510241800,202510300000,7.0,16.0
202510241800,202510310000,10.0,17.0
202510241800,202511010000,8.0,15.0
202510241800,202511020000,7.0,14.0
202510241800,202511030000,6.0,13.0
202510250600,202510290000,4.0,14.0
202510250600,202510300000,7.0,16.0
202510250600,202510310000,10.0,17.0
202510250600,202511010000,8.0,15.0
202510250600,202511020000,7.0,14.0
202510250600,202511030000,6.0,13.0
202510250600,202511040000,8.0,17.0
202510251800,202510300000,7.0,16.0
202510251800,202510310000,10.0,16.0
202510251800,202511010000,7.0,15.0
202510251800,202511020000,7.0,13.0
202510251800,202511030000,6.0,13.0
202510251800,202511040000,7.0,15.0
202510260600,202510300000,7.0,16.0
202510260600,202510310000,10.0,16.0
202510260600,202511010000,7.0,15.0
202510260600,202511020000,7.0,13.0
202510260600,202511030000,6.0,13.0
202510260600,202511040000,7.0,15.0
202510260600,202511050000,9.0,18.0
202510261800,202510310000,10.0,16.0
202510261800,202511010000,8.0,15.0
202510261800,202511020000,6.0,13.0
202510261800,202511030000,5.0,13.0
202510261800,202511040000,6.0,15.0
202510261800,202511050000,8.0,17.0
202510270600,202510310000,10.0,17.0
202510270600,202511010000,9.0,16.0
202510270600,202511020000,6.0,12.0
202510270600,202511030000,4.0,12.0
202510270600,202511040000,5.0,15.0
202510270600,202511050000,7.0,16.0
202510270600,202511060000,9.0,17.0
202510271800,202511010000,9.0,16.0
202510271800,202511020000,6.0,12.0
202510271800,202511030000,3.0,13.0
202510271800,202511040000,5.0,15.0
202510271800,202511050000,7.0,16.0
202510271800,202511060000,9.0,17.0
202510280600,202511010000,9.0,16.0
202510280600,202511020000,6.0,12.0
202510280600,202511030000,3.0,13.0
202510280600,202511040000,5.0,15.0
202510280600,202511050000,7.0,16.0
202510280600,202511060000,9.0,17.0
202510280600,202511070000,9.0,16.0
202510281800,202511020000,6.0,12.0
202510281800,202511030000,3.0,14.0
202510281800,202511040000,5.0,16.0
202510281800,202511050000,7.0,17.0
202510281800,202511060000,9.0,17.0
202510281800,202511070000,9.0,15.0
202510290600,202511020000,6.0,12.0
202510290600,202511030000,3.0,14.0
202510290600,202511040000,5.0,16.0
202510290600,202511050000,7.0,17.0
202510290600,202511060000,9.0,17.0
202510290600,202511070000,9.0,16.0
202510290600,202511080000,9.0,15.0
202510291800,202511030000,3.0,14.0
202510291800,202511040000,5.0,16.0
202510291800,202511050000,7.0,17.0
202510291800,202511060000,9.0,17.0
202510291800,202511070000,9.0,16.0
202510291800,202511080000,9.0,15.0
202510300600,202511030000,2.0,14.0
202510300600,202511040000,5.0,16.0
202510300600,202511050000,7.0,17.0
202510300600,202511060000,8.0,17.0
202510300600,202511070000,9.0,16.0
202510300600,202511080000,9.0,15.0
202510300600,202511090000,8.0,15.0
202510301800,202511040000,5.0,15.0
202510301800,202511050000,8.0,18.0
202510301800,202511060000,9.0,18.0
202510301800,202511070000,10.0,17.0
202510301800,202511080000,10.0,16.0
202510301800,202511090000,9.0,15.0
202510310600,202511040000,4.0,14.0
202510310600,202511050000,7.0,18.0
202510310600,202511060000,9.0,18.0
202510310600,202511070000,10.0,18.0
202510310600,202511080000,10.0,16.0
202510310600,202511090000,9.0,15.0
202510310600,202511100000,6.0,13.0
202510311800,202511050000,7.0,18.0
202510311800,202511060000,9.0,18.0
202510311800,202511070000,9.0,18.0
202510311800,202511080000,10.0,16.0
202510311800,202511090000,9.0,15.0
202510311800,202511100000,7.0,14.0
202511010600,202511050000,6.0,17.0
202511010600,202511060000,9.0,20.0
202511010600,202511070000,10.0,18.0
202511010600,202511080000,10.0,17.0
202511010600,202511090000,11.0,16.0
202511010600,202511100000,8.0,14.0
202511010600,202511110000,7.0,13.0
202511011800,202511060000,9.0,19.0
202511011800,202511070000,10.0,18.0
202511011800,202511080000,11.0,17.0
202511011800,202511090000,11.0,16.0
202511011800,202511100000,8.0,14.0
202511011800,202511110000,6.0,12.0
202511020600,202511060000,8.0,19.0
202511020600,202511070000,9.0,18.0
202511020600,202511080000,11.0,17.0
202511020600,202511090000,11.0,16.0
202511020600,202511100000,7.0,14.0
202511020600,202511110000,5.0,13.0
202511020600,202511120000,5.0,13.0
202511021800,202511070000,9.0,18.0
202511021800,202511080000,11.0,17.0
202511021800,202511090000,11.0,16.0
202511021800,202511100000,7.0,14.0
202511021800,202511110000,5.0,13.0
202511021800,202511120000,5.0,13.0
202511030600,202511070000,10.0,18.0
202511030600,202511080000,10.0,17.0
202511030600,202511090000,12.0,17.0
202511030600,202511100000,6.0,13.0
202511030600,202511110000,4.0,13.0
202511030600,202511120000,5.0,14.0
202511030600,202511130000,6.0,14.0
202511031800,202511080000,11.0,18.0
202511031800,202511090000,12.0,17.0
202511031800,202511100000,6.0,12.0
202511031800,202511110000,3.0,13.0
202511031800,202511120000,6.0,14.0
202511031800,202511130000,6.0,14.0
202511040600,202511080000,11.0,18.0
202511040600,202511090000,12.0,17.0
202511040600,202511100000,6.0,12.0
202511040600,202511110000,3.0,13.0
202511040600,202511120000,5.0,14.0
202511040600,202511130000,6.0,14.0
202511040600,202511140000,7.0,14.0
202511041800,202511090000,12.0,16.0
202511041800,202511100000,5.0,11.0
202511041800,202511110000,4.0,14.0
202511041800,202511120000,6.0,15.0
202511041800,202511130000,7.0,15.0
202511041800,202511140000,6.0,14.0
202511050600,202511090000,12.0,16.0
202511050600,202511100000,5.0,12.0
202511050600,202511110000,4.0,13.0
202511050600,202511120000,7.0,15.0
202511050600,202511130000,8.0,14.0
202511050600,202511140000,5.0,13.0
202511050600,202511150000,5.0,12.0
202511051800,202511100000,5.0,12.0
202511051800,202511110000,4.0,13.0
202511051800,202511120000,7.0,15.0
202511051800,202511130000,7.0,14.0
202511051800,202511140000,5.0,13.0
202511051800,202511150000,5.0,12.0
202511060600,202511100000,5.0,12.0
202511060600,202511110000,4.0,13.0
202511060600,202511120000,7.0,15.0
202511060600,202511130000,7.0,14.0
202511060600,202511140000,5.0,13.0
202511060600,202511150000,5.0,12.0
202511060600,202511160000,6.0,13.0
202511061800,202511110000,4.0,13.0
202511061800,202511120000,7.0,15.0
202511061800,202511130000,7.0,14.0
202511061800,202511140000,6.0,13.0
202511061800,202511150000,5.0,12.0
202511061800,202511160000,5.0,13.0
202511070600,202511110000,4.0,14.0
202511070600,202511120000,6.0,15.0
202511070600,202511130000,7.0,14.0
202511070600,202511140000,6.0,13.0
202511070600,202511150000,6.0,12.0
202511070600,202511160000,5.0,12.0
202511070600,202511170000,5.0,11.0
202511071800,202511120000,6.0,15.0
202511071800,202511130000,7.0,14.0
202511071800,202511140000,6.0,13.0
202511071800,202511150000,5.0,12.0
202511071800,202511160000,5.0,12.0
202511071800,202511170000,5.0,11.0
202511080600,202511120000,6.0,15.0
202511080600,202511130000,7.0,14.0
202511080600,202511140000,6.0,13.0
202511080600,202511150000,5.0,12.0
202511080600,202511160000,5.0,12.0
202511080600,202511170000,5.0,11.0
202511080600,202511180000,-1.0,8.0
202511081800,202511130000,7.0,15.0
202511081800,202511140000,5.0,13.0
202511081800,202511150000,5.0,13.0
202511081800,202511160000,7.0,12.0
202511081800,202511170000,3.0,9.0
202511081800,202511180000,0.0,8.0
202511090600,202511130000,8.0,16.0
202511090600,202511140000,5.0,13.0
202511090600,202511150000,6.0,14.0
202511090600,202511160000,8.0,13.0
202511090600,202511170000,2.0,7.0
202511090600,202511180000,-1.0,8.0
202511090600,202511190000,4.0,11.0
202511091800,202511140000,5.0,13.0
202511091800,202511150000,5.0,14.0
202511091800,202511160000,8.0,13.0
202511091800,202511170000,2.0,7.0
202511091800,202511180000,0.0,8.0
202511091800,202511190000,4.0,11.0
202511100600,202511140000,4.0,13.0
202511100600,202511150000,5.0,14.0
202511100600,202511160000,8.0,13.0
202511100600,202511170000,2.0,6.0
202511100600,202511180000,0.0,9.0
202511100600,202511190000,3.0,10.0
202511100600,202511200000,4.0,10.0
202511101800,202511150000,5.0,14.0
202511101800,202511160000,8.0,14.0
202511101800,202511170000,1.0,5.0
202511101800,202511180000,0.0,8.0
202511101800,202511190000,3.0,10.0
202511101800,202511200000,5.0,11.0
202511110600,202511150000,5.0,14.0
202511110600,202511160000,8.0,14.0
202511110600,202511170000,1.0,5.0
202511110600,202511180000,0.0,6.0
202511110600,202511190000,2.0,9.0
202511110600,202511200000,4.0,11.0
202511110600,202511210000,3.0,10.0
202511111800,202511160000,8.0,15.0
202511111800,202511170000,1.0,5.0
202511111800,202511180000,-2.0,5.0
202511111800,202511190000,-1.0,9.0
202511111800,202511200000,3.0,11.0
202511111800,202511210000,3.0,11.0
202511120600,202511160000,7.0,15.0
202511120600,202511170000,1.0,5.0
202511120600,202511180000,-3.0,4.0
202511120600,202511190000,-2.0,9.0
202511120600,202511200000,4.0,12.0
202511120600,202511210000,3.0,11.0
202511120600,202511220000,4.0,12.0
202511121800,202511170000,1.0,5.0
202511121800,202511180000,-3.0,5.0
202511121800,202511190000,-2.0,9.0
202511121800,202511200000,4.0,12.0
202511121800,202511210000,3.0,11.0
202511121800,202511220000,3.0,11.0
202511130600,202511170000,1.0,5.0
202511130600,202511180000,-3.0,5.0
202511130600,202511190000,-2.0,9.0
202511130600,202511200000,4.0,12.0
202511130600,202511210000,3.0,11.0
202511130600,202511220000,3.0,11.0
202511130600,202511230000,4.0,12.0
202511131800,202511180000,-3.0,5.0
202511131800,202511190000,-2.0,8.0
202511131800,202511200000,4.0,12.0
202511131800,202511210000,4.0,12.0
202511131800,202511220000,2.0,10.0
202511131800,202511230000,3.0,11.0
202511140600,202511180000,-3.0,5.0
202511140600,202511190000,-2.0,8.0
202511140600,202511200000,4.0,13.0
202511140600,202511210000,3.0,11.0
202511140600,202511220000,2.0,10.0
202511140600,202511230000,3.0,12.0
202511140600,202511240000,6.0,12.0
202511141800,202511190000,-2.0,8.0
202511141800,202511200000,3.0,12.0
202511141800,202511210000,1.0,10.0
202511141800,202511220000,2.0,10.0
202511141800,202511230000,4.0,13.0
202511141800,202511240000,6.0,11.0
202511150600,202511190000,-1.0,7.0
202511150600,202511200000,2.0,11.0
202511150600,202511210000,1.0,9.0
202511150600,202511220000,1.0,11.0
202511150600,202511230000,4.0,12.0
202511150600,202511240000,5.0,11.0
202511150600,202511250000,4.0,12.0
202511151800,202511200000,1.0,11.0
202511151800,202511210000,1.0,9.0
202511151800,202511220000,0.0,10.0
202511151800,202511230000,5.0,13.0
202511151800,202511240000,5.0,12.0
202511151800,202511250000,3.0,12.0
202511160600,202511200000,1.0,11.0
202511160600,202511210000,1.0,10.0
202511160600,202511220000,1.0,11.0
202511160600,202511230000,5.0,13.0
202511160600,202511240000,4.0,12.0
202511160600,202511250000,3.0,11.0
202511160600,202511260000,1.0,9.0
202511161800,202511210000,1.0,10.0
202511161800,202511220000,0.0,10.0
202511161800,202511230000,4.0,13.0
202511161800,202511240000,5.0,12.0
202511161800,202511250000,4.0,11.0
202511161800,202511260000,2.0,8.0
202511170600,202511210000,1.0,10.0
202511170600,202511220000,1.0,11.0
202511170600,202511230000,5.0,13.0
202511170600,202511240000,6.0,12.0
202511170600,202511250000,4.0,11.0
202511170600,202511260000,3.0,9.0
202511170600,202511270000,0.0,6.0
202511171800,202511220000,1.0,11.0
202511171800,202511230000,5.0,13.0
202511171800,202511240000,6.0,12.0
202511171800,202511250000,4.0,11.0
202511171800,202511260000,3.0,9.0
202511171800,202511270000,1.0,7.0
202511180600,202511220000,0.0,10.0
202511180600,202511230000,4.0,13.0
202511180600,202511240000,7.0,13.0
202511180600,202511250000,1.0,8.0
202511180600,202511260000,2.0,10.0
202511180600,202511270000,3.0,9.0
202511180600,202511280000,1.0,7.0
202511181800,202511230000,4.0,13.0
202511181800,202511240000,7.0,12.0
202511181800,202511250000,1.0,8.0
202511181800,202511260000,3.0,11.0
202511181800,202511270000,4.0,10.0
202511181800,202511280000,2.0,8.0
202511190600,202511230000,5.0,13.0
202511190600,202511240000,7.0,13.0
202511190600,202511250000,1.0,8.0
202511190600,202511260000,2.0,11.0
202511190600,202511270000,5.0,9.0
202511190600,202511280000,1.0,7.0
202511190600,202511290000,0.0,7.0
202511191800,202511240000,7.0,13.0
202511191800,202511250000,1.0,8.0
202511191800,202511260000,2.0,11.0
202511191800,202511270000,5.0,9.0
202511191800,202511280000,0.0,6.0
202511191800,202511290000,0.0,7.0
202511200600,202511240000,8.0,14.0
202511200600,202511250000,2.0,7.0
202511200600,202511260000,0.0,10.0
202511200600,202511270000,5.0,8.0
202511200600,202511280000,-1.0,6.0
202511200600,202511290000,0.0,7.0
202511200600,202511300000,-1.0,6.0
202511201800,202511250000,3.0,7.0
202511201800,202511260000,0.0,9.0
202511201800,202511270000,5.0,8.0
202511201800,202511280000,-1.0,6.0
202511201800,202511290000,1.0,7.0
202511201800,202511300000,-1.0,6.0
202511210600,202511250000,4.0,8.0
202511210600,202511260000,0.0,9.0
202511210600,202511270000,4.0,8.0
202511210600,202511280000,-1.0,7.0
202511210600,202511290000,1.0,7.0
202511210600,202511300000,0.0,7.0
202511210600,202512010000,1.0,8.0
202511211800,202511260000,0.0,9.0
202511211800,202511270000,4.0,8.0
202511211800,202511280000,-1.0,7.0
202511211800,202511290000,1.0,7.0
202511211800,202511300000,0.0,7.0
202511211800,202512010000,1.0,8.0
202511220600,202511260000,0.0,9.0
202511220600,202511270000,3.0,8.0
202511220600,202511280000,0.0,8.0
202511220600,202511290000,1.0,7.0
202511220600,202511300000,-1.0,7.0
202511220600,202512010000,0.0,8.0
202511220600,202512020000,1.0,7.0
202511221800,202511270000,4.0,9.0
202511221800,202511280000,0.0,9.0
202511221800,202511290000,2.0,8.0
202511221800,202511300000,0.0,7.0
202511221800,202512010000,-1.0,7.0
202511221800,202512020000,0.0,7.0
202511230600,202511270000,3.0,9.0
202511230600,202511280000,0.0,8.0
202511230600,202511290000,2.0,9.0
202511230600,202511300000,0.0,7.0
202511230600,202512010000,-1.0,7.0
202511230600,202512020000,1.0,8.0
202511230600,202512030000,1.0,7.0
202511231800,202511280000,0.0,8.0
202511231800,202511290000,2.0,9.0
202511231800,202511300000,0.0,7.0
202511231800,202512010000,-1.0,7.0
202511231800,202512020000,0.0,7.0
202511231800,202512030000,0.0,7.0
202511240600,202511280000,0.0,7.0
202511240600,202511290000,1.0,10.0
202511240600,202511300000,2.0,8.0
202511240600,202512010000,1.0,6.0
202511240600,202512020000,-1.0,6.0
202511240600,202512030000,0.0,7.0
202511240600,202512040000,-1.0,5.0
202511241800,202511290000,2.0,11.0
202511241800,202511300000,3.0,9.0
202511241800,202512010000,1.0,6.0
202511241800,202512020000,-1.0,7.0
202511241800,202512030000,1.0,6.0
202511241800,202512040000,-2.0,4.0
202511250600,202511290000,2.0,11.0
202511250600,202511300000,4.0,10.0
202511250600,202512010000,1.0,6.0
202511250600,202512020000,-1.0,7.0
202511250600,202512030000,1.0,5.0
202511250600,202512040000,-3.0,3.0
202511250600,202512050000,-5.0,1.0
202511251800,202511300000,5.0,11.0
202511251800,202512010000,2.0,6.0
202511251800,202512020000,-1.0,7.0
202511251800,202512030000,1.0,5.0
202511251800,202512040000,-4.0,3.0
202511251800,202512050000,-5.0,2.0
202511260600,202511300000,5.0,11.0
202511260600,202512010000,2.0,6.0
202511260600,202512020000,-1.0,7.0
202511260600,202512030000,1.0,5.0
202511260600,202512040000,-4.0,3.0
202511260600,202512050000,-5.0,2.0
202511260600,202512060000,-5.0,2.0
202511261800,202512010000,3.0,7.0
202511261800,202512020000,-1.0,6.0
202511261800,202512030000,-3.0,2.0
202511261800,202512040000,-5.0,3.0
202511261800,202512050000,-4.0,3.0
202511261800,202512060000,-3.0,3.0
202511270600,202512010000,2.0,7.0
202511270600,202512020000,-1.0,5.0
202511270600,202512030000,-5.0,0.0
202511270600,202512040000,-6.0,2.0
202511270600,202512050000,-4.0,4.0
202511270600,202512060000,-3.0,4.0
202511270600,202512070000,-1.0,4.0
202511271800,202512020000,-1.0,4.0
202511271800,202512030000,-6.0,0.0
202511271800,202512040000,-6.0,3.0
202511271800,202512050000,-4.0,4.0
202511271800,202512060000,-1.0,5.0
202511271800,202512070000,-1.0,5.0
202511280600,202512020000,-1.0,4.0
202511280600,202512030000,-6.0,0.0
202511280600,202512040000,-6.0,3.0
202511280600,202512050000,-4.0,4.0
202511280600,202512060000,-1.0,5.0
202511280600,202512070000,-1.0,5.0
202511280600,202512080000,-2.0,5.0
202511281800,202512030000,-7.0,-1.0
202511281800,202512040000,-7.0,2.0
202511281800,202512050000,-2.0,5.0
202511281800,202512060000,-2.0,6.0
202511281800,202512070000,-1.0,7.0
202511281800,202512080000,0.0,7.0
202511290600,202512030000,-7.0,-2.0
202511290600,202512040000,-6.0,4.0
202511290600,202512050000,-3.0,4.0
202511290600,202512060000,-2.0,7.0
202511290600,202512070000,1.0,8.0
202511290600,202512080000,0.0,7.0
202511290600,202512090000,-2.0,5.0
202511291800,202512040000,-6.0,5.0
202511291800,202512050000,-3.0,4.0
202511291800,202512060000,-2.0,8.0
202511291800,202512070000,1.0,8.0
202511291800,202512080000,-1.0,6.0
202511291800,202512090000,-1.0,5.0
202511300600,202512040000,-6.0,5.0
202511300600,202512050000,-4.0,4.0
202511300600,202512060000,-2.0,7.0
202511300600,202512070000,4.0,8.0
202511300600,202512080000,-1.0,6.0
202511300600,202512090000,-1.0,5.0
202511300600,202512100000,-3.0,3.0
202511301800,202512050000,-4.0,4.0
202511301800,202512060000,-2.0,7.0
202511301800,202512070000,3.0,7.0
202511301800,202512080000,-1.0,6.0
202511301800,202512090000,-1.0,6.0
202511301800,202512100000,-3.0,4.0
202512010600,202512050000,-4.0,4.0
202512010600,202512060000,-2.0,8.0
202512010600,202512070000,3.0,7.0
202512010600,202512080000,-1.0,6.0
202512010600,202512090000,-1.0,6.0
202512010600,202512100000,-3.0,5.0
202512010600,202512110000,-3.0,4.0
202512011800,202512060000,-2.0,8.0
202512011800,202512070000,3.0,8.0
202512011800,202512080000,-1.0,6.0
202512011800,202512090000,-1.0,5.0
202512011800,202512100000,-2.0,5.0
202512011800,202512110000,-2.0,4.0
202512020600,202512060000,-1.0,7.0
202512020600,202512070000,4.0,10.0
202512020600,202512080000,1.0,7.0
202512020600,202512090000,-1.0,6.0
202512020600,202512100000,0.0,7.0
202512020600,202512110000,1.0,7.0
202512020600,202512120000,-1.0,5.0
202512021800,202512070000,3.0,11.0
202512021800,202512080000,2.0,7.0
202512021800,202512090000,-2.0,6.0
202512021800,202512100000,-1.0,7.0
202512021800,202512110000,1.0,8.0
202512021800,202512120000,0.0,6.0
202512030600,202512070000,3.0,11.0
202512030600,202512080000,2.0,7.0
202512030600,202512090000,-2.0,6.0
202512030600,202512100000,0.0,8.0
202512030600,202512110000,2.0,9.0
202512030600,202512120000,1.0,7.0
202512030600,202512130000,-1.0,2.0
202512031800,202512080000,1.0,6.0
202512031800,202512090000,-2.0,7.0
202512031800,202512100000,1.0,8.0
202512031800,202512110000,2.0,9.0
202512031800,202512120000,2.0,8.0
202512031800,202512130000,-2.0,3.0
202512040600,202512080000,1.0,6.0
202512040600,202512090000,-1.0,7.0
202512040600,202512100000,1.0,9.0
202512040600,202512110000,2.0,10.0
202512040600,202512120000,3.0,8.0
202512040600,202512130000,-3.0,2.0
202512040600,202512140000,-4.0,3.0
202512041800,202512090000,-1.0,7.0
202512041800,202512100000,1.0,9.0
202512041800,202512110000,2.0,10.0
202512041800,202512120000,3.0,8.0
202512041800,202512130000,-3.0,2.0
202512041800,202512140000,-4.0,3.0
202512050600,202512090000,-1.0,7.0
202512050600,202512100000,1.0,9.0
202512050600,202512110000,2.0,10.0
202512050600,202512120000,2.0,8.0
202512050600,202512130000,-1.0,4.0
202512050600,202512140000,-3.0,2.0
202512050600,202512150000,-4.0,2.0
202512051800,202512100000,1.0,10.0
202512051800,202512110000,3.0,9.0
202512051800,202512120000,-1.0,6.0
202512051800,202512130000,-1.0,5.0
202512051800,202512140000,-2.0,3.0
202512051800,202512150000,-4.0,3.0
202512060600,202512100000,1.0,10.0
202512060600,202512110000,3.0,9.0
202512060600,202512120000,-1.0,6.0
202512060600,202512130000,1.0,5.0
202512060600,202512140000,-2.0,3.0
202512060600,202512150000,-4.0,3.0
202512060600,202512160000,-3.0,4.0
202512061800,202512110000,4.0,9.0
202512061800,202512120000,0.0,8.0
202512061800,202512130000,2.0,5.0
202512061800,202512140000,-4.0,2.0
202512061800,202512150000,-4.0,3.0
202512061800,202512160000,-3.0,4.0
202512070600,202512110000,5.0,9.0
202512070600,202512120000,-1.0,7.0
202512070600,202512130000,1.0,6.0
202512070600,202512140000,0.0,4.0
202512070600,202512150000,-3.0,3.0
202512070600,202512160000,-3.0,4.0
202512070600,202512170000,-2.0,5.0
202512071800,202512120000,-1.0,8.0
202512071800,202512130000,2.0,6.0
202512071800,202512140000,0.0,3.0
202512071800,202512150000,-4.0,2.0
202512071800,202512160000,-3.0,4.0
202512071800,202512170000,-1.0,5.0
202512080600,202512120000,-1.0,7.0
202512080600,202512130000,2.0,6.0
202512080600,202512140000,-1.0,3.0
202512080600,202512150000,-4.0,2.0
202512080600,202512160000,-3.0,4.0
202512080600,202512170000,-1.0,5.0
202512080600,202512180000,-2.0,4.0
202512081800,202512130000,1.0,5.0
202512081800,202512140000,-1.0,4.0
202512081800,202512150000,-3.0,4.0
202512081800,202512160000,-2.0,5.0
202512081800,202512170000,-1.0,5.0
202512081800,202512180000,-2.0,5.0
202512090600,202512130000,1.0,5.0
202512090600,202512140000,-1.0,4.0
202512090600,202512150000,-3.0,4.0
202512090600,202512160000,-3.0,5.0
202512090600,202512170000,0.0,5.0
202512090600,202512180000,-2.0,5.0
202512090600,202512190000,-2.0,5.0
202512091800,202512140000,-1.0,3.0
202512091800,202512150000,-4.0,4.0
202512091800,202512160000,-2.0,5.0
202512091800,202512170000,0.0,6.0
202512091800,202512180000,-1.0,6.0
202512091800,202512190000,-1.0,6.0
202512100600,202512140000,-1.0,3.0
202512100600,202512150000,-4.0,4.0
202512100600,202512160000,-1.0,6.0
202512100600,202512170000,0.0,6.0
202512100600,202512180000,-1.0,5.0
202512100600,202512190000,-1.0,6.0
202512100600,202512200000,0.0,6.0
202512101800,202512150000,-3.0,6.0
202512101800,202512160000,2.0,7.0
202512101800,202512170000,0.0,5.0
202512101800,202512180000,-1.0,6.0
202512101800,202512190000,-1.0,8.0
202512101800,202512200000,1.0,8.0
202512110600,202512150000,-2.0,6.0
202512110600,202512160000,2.0,8.0
202512110600,202512170000,1.0,6.0
202512110600,202512180000,-1.0,6.0
202512110600,202512190000,0.0,8.0
202512110600,202512200000,1.0,8.0
202512110600,202512210000,2.0,9.0
202512111800,202512160000,2.0,9.0
202512111800,202512170000,1.0,6.0
202512111800,202512180000,0.0,6.0
202512111800,202512190000,0.0,8.0
202512111800,202512200000,2.0,9.0
202512111800,202512210000,2.0,9.0
202512120600,202512160000,3.0,10.0
202512120600,202512170000,1.0,7.0
202512120600,202512180000,0.0,7.0
202512120600,202512190000,0.0,9.0
202512120600,202512200000,4.0,11.0
202512120600,202512210000,4.0,10.0
202512120600,202512220000,2.0,7.0
202512121800,202512170000,1.0,7.0
202512121800,202512180000,1.0,7.0
202512121800,202512190000,1.0,9.0
202512121800,202512200000,4.0,11.0
202512121800,202512210000,3.0,9.0
202512121800,202512220000,2.0,8.0
202512130600,202512170000,2.0,7.0
202512130600,202512180000,1.0,7.0
202512130600,202512190000,1.0,9.0
202512130600,202512200000,6.0,12.0
202512130600,202512210000,6.0,9.0
202512130600,202512220000,3.0,7.0
202512130600,202512230000,-1.0,6.0
202512131800,202512180000,1.0,7.0
202512131800,202512190000,1.0,9.0
202512131800,202512200000,6.0,12.0
202512131800,202512210000,6.0,9.0
202512131800,202512220000,3.0,7.0
202512131800,202512230000,-1.0,6.0
202512140600,202512180000,0.0,7.0
202512140600,202512190000,0.0,9.0
202512140600,202512200000,5.0,12.0
202512140600,202512210000,6.0,9.0
202512140600,202512220000,2.0,6.0
202512140600,202512230000,-1.0,5.0
202512140600,202512240000,-2.0,4.0
202512141800,202512190000,0.0,9.0
202512141800,202512200000,5.0,11.0
202512141800,202512210000,6.0,8.0
202512141800,202512220000,2.0,6.0
202512141800,202512230000,-1.0,5.0
202512141800,202512240000,-1.0,4.0
202512150600,202512190000,0.0,9.0
202512150600,202512200000,5.0,11.0
202512150600,202512210000,4.0,8.0
202512150600,202512220000,1.0,7.0
202512150600,202512230000,-1.0,5.0
202512150600,202512240000,-1.0,4.0
202512150600,202512250000,-2.0,3.0
202512151800,202512200000,5.0,11.0
202512151800,202512210000,3.0,7.0
202512151800,202512220000,0.0,6.0
202512151800,202512230000,-1.0,5.0
202512151800,202512240000,0.0,4.0
202512151800,202512250000,-1.0,4.0
202512160600,202512200000,7.0,11.0
202512160600,202512210000,1.0,5.0
202512160600,202512220000,-2.0,6.0
202512160600,202512230000,-1.0,6.0
202512160600,202512240000,1.0,6.0
202512160600,202512250000,-2.0,3.0
202512160600,202512260000,-3.0,3.0
202512161800,202512210000,-1.0,3.0
202512161800,202512220000,-3.0,7.0
202512161800,202512230000,0.0,7.0
202512161800,202512240000,1.0,7.0
202512161800,202512250000,-1.0,4.0
202512161800,202512260000,-3.0,3.0
202512170600,202512210000,-2.0,4.0
202512170600,202512220000,-3.0,7.0
202512170600,202512230000,0.0,7.0
202512170600,202512240000,1.0,7.0
202512170600,202512250000,-1.0,5.0
202512170600,202512260000,-3.0,3.0
202512170600,202512270000,-3.0,4.0
202512171800,202512220000,-3.0,6.0
202512171800,202512230000,1.0,7.0
202512171800,202512240000,2.0,6.0
202512171800,202512250000,-1.0,3.0
202512171800,202512260000,-4.0,4.0
202512171800,202512270000,-3.0,5.0
202512180600,202512220000,-4.0,6.0
202512180600,202512230000,2.0,6.0
202512180600,202512240000,1.0,5.0
202512180600,202512250000,-2.0,2.0
202512180600,202512260000,-4.0,3.0
202512180600,202512270000,-3.0,5.0
202512180600,202512280000,-1.0,4.0
202512181800,202512230000,1.0,6.0
202512181800,202512240000,2.0,5.0
202512181800,202512250000,-2.0,3.0
202512181800,202512260000,-3.0,4.0
202512181800,202512270000,-3.0,5.0
202512181800,202512280000,-1.0,4.0
202512190600,202512230000,1.0,8.0
202512190600,202512240000,3.0,6.0
202512190600,202512250000,-2.0,4.0
202512190600,202512260000,-3.0,4.0
202512190600,202512270000,-2.0,5.0
202512190600,202512280000,-1.0,5.0
202512190600,202512290000,-1.0,5.0
202512191800,202512240000,2.0,5.0
202512191800,202512250000,-3.0,3.0
202512191800,202512260000,-4.0,3.0
202512191800,202512270000,-3.0,4.0
202512191800,202512280000,-2.0,5.0
202512191800,202512290000,-1.0,5.0
202512200600,202512240000,2.0,5.0
202512200600,202512250000,-3.0,3.0
202512200600,202512260000,-4.0,3.0
202512200600,202512270000,-3.0,4.0
202512200600,202512280000,-2.0,5.0
202512200600,202512290000,-1.0,5.0
202512200600,202512300000,0.0,5.0
202512201800,202512250000,-4.0,2.0
202512201800,202512260000,-7.0,0.0
202512201800,202512270000,-5.0,2.0
202512201800,202512280000,-2.0,4.0
202512201800,202512290000,-1.0,5.0
202512201800,202512300000,-2.0,4.0
202512210600,202512250000,-4.0,1.0
202512210600,202512260000,-8.0,1.0
202512210600,202512270000,-4.0,3.0
202512210600,202512280000,-2.0,5.0
202512210600,202512290000,-1.0,6.0
202512210600,202512300000,-1.0,5.0
202512210600,202512310000,0.0,5.0
202512211800,202512260000,-9.0,-1.0
202512211800,202512270000,-4.0,4.0
202512211800,202512280000,0.0,5.0
202512211800,202512290000,0.0,6.0
202512211800,202512300000,0.0,4.0
202512211800,202512310000,-4.0,0.0
202512220600,202512260000,-9.0,-1.0
202512220600,202512270000,-5.0,3.0
202512220600,202512280000,-1.0,5.0
202512220600,202512290000,0.0,6.0
202512220600,202512300000,-1.0,3.0
202512220600,202512310000,-4.0,1.0
202512220600,202601010000,-5.0,0.0
202512221800,202512270000,-7.0,2.0
202512221800,202512280000,-2.0,5.0
202512221800,202512290000,0.0,6.0
202512221800,202512300000,-3.0,1.0
202512221800,202512310000,-5.0,1.0
202512221800,202601010000,-5.0,1.0
202512230600,202512270000,-7.0,2.0
202512230600,202512280000,-2.0,5.0
202512230600,202512290000,0.0,6.0
202512230600,202512300000,-3.0,1.0
202512230600,202512310000,-5.0,1.0
202512230600,202601010000,-5.0,2.0
202512230600,202601020000,-3.0,4.0
202512231800,202512280000,-2.0,5.0
202512231800,202512290000,0.0,6.0
202512231800,202512300000,-3.0,1.0
202512231800,202512310000,-5.0,1.0
202512231800,202601010000,-5.0,2.0
202512231800,202601020000,-3.0,3.0
202512240600,202512280000,-1.0,5.0
202512240600,202512290000,1.0,7.0
202512240600,202512300000,-4.0,2.0
202512240600,202512310000,-5.0,1.0
202512240600,202601010000,-4.0,2.0
202512240600,202601020000,-3.0,2.0
202512240600,202601030000,-4.0,2.0
202512241800,202512290000,1.0,7.0
202512241800,202512300000,-4.0,2.0
202512241800,202512310000,-5.0,1.0
202512241800,202601010000,-5.0,2.0
202512241800,202601020000,-4.0,2.0
202512241800,202601030000,-5.0,1.0
202512250600,202512290000,1.0,7.0
202512250600,202512300000,-4.0,2.0
202512250600,202512310000,-5.0,1.0
202512250600,202601010000,-5.0,2.0
202512250600,202601020000,-4.0,2.0
202512250600,202601030000,-5.0,1.0
202512250600,202601040000,-5.0,1.0
202512251800,202512300000,-4.0,3.0
202512251800,202512310000,-6.0,0.0
202512251800,202601010000,-6.0,0.0
202512251800,202601020000,-5.0,1.0
202512251800,202601030000,-5.0,1.0
202512251800,202601040000,-6.0,1.0
202512260600,202512300000,-4.0,3.0
202512260600,202512310000,-7.0,0.0
202512260600,202601010000,-6.0,1.0
202512260600,202601020000,-4.0,2.0
202512260600,202601030000,-4.0,2.0
202512260600,202601040000,-5.0,1.0
202512260600,202601050000,-6.0,0.0
202512261800,202512310000,-7.0,0.0
202512261800,202601010000,-6.0,1.0
202512261800,202601020000,-4.0,2.0
202512261800,202601030000,-4.0,2.0
202512261800,202601040000,-5.0,1.0
202512261800,202601050000,-6.0,0.0
202512270600,202512310000,-7.0,0.0
202512270600,202601010000,-6.0,1.0
202512270600,202601020000,-4.0,2.0
202512270600,202601030000,-4.0,2.0
202512270600,202601040000,-5.0,1.0
202512270600,202601050000,-6.0,0.0
202512270600,202601060000,-6.0,0.0
202512271800,202601010000,-7.0,0.0
202512271800,202601020000,-5.0,1.0
202512271800,202601030000,-5.0,2.0
202512271800,202601040000,-5.0,1.0
202512271800,202601050000,-6.0,0.0
202512271800,202601060000,-6.0,0.0
202512280600,202601010000,-8.0,-1.0
202512280600,202601020000,-7.0,0.0
202512280600,202601030000,-7.0,1.0
202512280600,202601040000,-6.0,1.0
202512280600,202601050000,-7.0,0.0
202512280600,202601060000,-7.0,1.0
202512280600,202601070000,-5.0,2.0
202512281800,202601020000,-10.0,-3.0
202512281800,202601030000,-8.0,0.0
202512281800,202601040000,-6.0,1.0
202512281800,202601050000,-6.0,0.0
202512281800,202601060000,-6.0,2.0
202512281800,202601070000,-5.0,1.0
202512290600,202601020000,-10.0,-3.0
202512290600,202601030000,-8.0,0.0
202512290600,202601040000,-6.0,1.0
202512290600,202601050000,-7.0,-1.0
202512290600,202601060000,-6.0,2.0
202512290600,202601070000,-5.0,1.0
202512290600,202601080000,-5.0,2.0
202512291800,202601030000,-8.0,2.0
202512291800,202601040000,-4.0,1.0
202512291800,202601050000,-7.0,-1.0
202512291800,202601060000,-6.0,2.0
202512291800,202601070000,-4.0,2.0
202512291800,202601080000,-4.0,2.0
202512300600,202601030000,-8.0,1.0
202512300600,202601040000,-4.0,1.0
202512300600,202601050000,-7.0,0.0
202512300600,202601060000,-6.0,2.0
202512300600,202601070000,-4.0,2.0
202512300600,202601080000,-5.0,2.0
202512300600,202601090000,-4.0,2.0
202512301800,202601040000,-3.0,2.0
202512301800,202601050000,-6.0,1.0
202512301800,202601060000,-5.0,3.0
202512301800,202601070000,-4.0,1.0
202512301800,202601080000,-5.0,2.0
202512301800,202601090000,-4.0,3.0
202512310600,202601040000,-3.0,3.0
202512310600,202601050000,-5.0,2.0
202512310600,202601060000,-4.0,3.0
202512310600,202601070000,-6.0,1.0
202512310600,202601080000,-6.0,0.0
202512310600,202601090000,-6.0,2.0
202512310600,202601100000,-3.0,3.0
202512311800,202601050000,-5.0,2.0
202512311800,202601060000,-3.0,3.0
202512311800,202601070000,-6.0,0.0
202512311800,202601080000,-6.0,1.0
202512311800,202601090000,-6.0,2.0
202512311800,202601100000,-4.0,3.0
202601010600,202601050000,-5.0,2.0
202601010600,202601060000,-3.0,3.0
202601010600,202601070000,-5.0,1.0
202601010600,202601080000,-6.0,1.0
202601010600,202601090000,-5.0,3.0
202601010600,202601100000,-3.0,2.0
202601010600,202601110000,-5.0,3.0
202601011800,202601060000,-3.0,4.0
202601011800,202601070000,-4.0,1.0
202601011800,202601080000,-6.0,1.0
202601011800,202601090000,-5.0,3.0
202601011800,202601100000,-4.0,2.0
202601011800,202601110000,-5.0,2.0
202601020600,202601060000,-5.0,4.0
202601020600,202601070000,-3.0,2.0
202601020600,202601080000,-7.0,1.0
202601020600,202601090000,-4.0,4.0
202601020600,202601100000,-3.0,2.0
202601020600,202601110000,-5.0,2.0
202601020600,202601120000,-5.0,2.0
202601021800,202601070000,-2.0,1.0
202601021800,202601080000,-8.0,0.0
202601021800,202601090000,-2.0,5.0
202601021800,202601100000,-3.0,0.0
202601021800,202601110000,-6.0,1.0
202601021800,202601120000,-6.0,1.0
202601030600,202601070000,-1.0,1.0
202601030600,202601080000,-8.0,-1.0
202601030600,202601090000,-2.0,4.0
202601030600,202601100000,-4.0,-1.0
202601030600,202601110000,-6.0,1.0
202601030600,202601120000,-5.0,2.0
202601030600,202601130000,-6.0,-1.0
202601031800,202601080000,-8.0,-1.0
202601031800,202601090000,-3.0,3.0
202601031800,202601100000,-5.0,0.0
202601031800,202601110000,-6.0,3.0
202601031800,202601120000,-4.0,4.0
202601031800,202601130000,-5.0,1.0
202601040600,202601080000,-8.0,-1.0
202601040600,202601090000,-4.0,4.0
202601040600,202601100000,-5.0,0.0
202601040600,202601110000,-7.0,2.0
202601040600,202601120000,-5.0,2.0
202601040600,202601130000,-4.0,2.0
202601040600,202601140000,-2.0,3.0
202601041800,202601090000,-4.0,4.0
202601041800,202601100000,-4.0,1.0
202601041800,202601110000,-7.0,0.0
202601041800,202601120000,-8.0,0.0
202601041800,202601130000,-5.0,2.0
202601041800,202601140000,-4.0,3.0
202601050600,202601090000,-4.0,5.0
202601050600,202601100000,-4.0,1.0
202601050600,202601110000,-7.0,0.0
202601050600,202601120000,-7.0,0.0
202601050600,202601130000,-6.0,-1.0
202601050600,202601140000,-6.0,1.0
202601050600,202601150000,-4.0,2.0
202601051800,202601100000,-2.0,2.0
202601051800,202601110000,-7.0,-1.0
202601051800,202601120000,-6.0,0.0
202601051800,202601130000,-7.0,-1.0
202601051800,202601140000,-6.0,1.0
202601051800,202601150000,-4.0,2.0
202601060600,202601100000,-2.0,2.0
202601060600,202601110000,-7.0,-2.0
202601060600,202601120000,-7.0,0.0
202601060600,202601130000,-8.0,-2.0
202601060600,202601140000,-6.0,1.0
202601060600,202601150000,-4.0,2.0
202601060600,202601160000,-5.0,2.0
202601061800,202601110000,-8.0,-2.0
202601061800,202601120000,-8.0,0.0
202601061800,202601130000,-8.0,-2.0
202601061800,202601140000,-7.0,0.0
202601061800,202601150000,-5.0,1.0
202601061800,202601160000,-5.0,2.0
202601070600,202601110000,-8.0,-2.0
202601070600,202601120000,-8.0,0.0
202601070600,202601130000,-8.0,-2.0
202601070600,202601140000,-7.0,0.0
202601070600,202601150000,-5.0,1.0
202601070600,202601160000,-5.0,2.0
202601070600,202601170000,-4.0,3.0
202601071800,202601120000,-8.0,4.0
202601071800,202601130000,-5.0,-2.0
202601071800,202601140000,-8.0,0.0
202601071800,202601150000,-4.0,3.0
202601071800,202601160000,-4.0,3.0
202601071800,202601170000,-6.0,0.0
202601080600,202601120000,-8.0,4.0
202601080600,202601130000,-5.0,-2.0
202601080600,202601140000,-8.0,0.0
202601080600,202601150000,-4.0,3.0
202601080600,202601160000,-4.0,3.0
202601080600,202601170000,-6.0,0.0
202601080600,202601180000,-7.0,-1.0
202601081800,202601130000,-6.0,-2.0
202601081800,202601140000,-9.0,1.0
202601081800,202601150000,-2.0,4.0
202601081800,202601160000,-4.0,3.0
202601081800,202601170000,-3.0,5.0
202601081800,202601180000,-3.0,3.0
202601090600,202601130000,-7.0,-3.0
202601090600,202601140000,-8.0,1.0
202601090600,202601150000,-2.0,4.0
202601090600,202601160000,-3.0,4.0
202601090600,202601170000,-2.0,5.0
202601090600,202601180000,-2.0,4.0
202601090600,202601190000,-1.0,5.0
202601091800,202601140000,-8.0,2.0
202601091800,202601150000,1.0,7.0
202601091800,202601160000,-2.0,5.0
202601091800,202601170000,-1.0,6.0
202601091800,202601180000,-1.0,4.0
202601091800,202601190000,-3.0,5.0
202601100600,202601140000,-8.0,2.0
202601100600,202601150000,1.0,7.0
202601100600,202601160000,-2.0,5.0
202601100600,202601170000,-1.0,6.0
202601100600,202601180000,-1.0,4.0
202601100600,202601190000,-3.0,5.0
202601100600,202601200000,-2.0,4.0
202601101800,202601150000,2.0,6.0
202601101800,202601160000,-3.0,5.0
202601101800,202601170000,-2.0,5.0
202601101800,202601180000,-1.0,5.0
202601101800,202601190000,-4.0,4.0
202601101800,202601200000,-5.0,3.0
202601110600,202601150000,3.0,6.0
202601110600,202601160000,-3.0,5.0
202601110600,202601170000,-3.0,5.0
202601110600,202601180000,-2.0,4.0
202601110600,202601190000,-4.0,2.0
202601110600,202601200000,-6.0,1.0
202601110600,202601210000,-7.0,0.0
202601111800,202601160000,-2.0,6.0
202601111800,202601170000,-3.0,5.0
202601111800,202601180000,-3.0,4.0
202601111800,202601190000,-3.0,3.0
202601111800,202601200000,-4.0,2.0
202601111800,202601210000,-6.0,1.0
202601120600,202601160000,-2.0,6.0
202601120600,202601170000,-2.0,5.0
202601120600,202601180000,-2.0,6.0
202601120600,202601190000,-2.0,2.0
202601120600,202601200000,-7.0,0.0
202601120600,202601210000,-8.0,-1.0
202601120600,202601220000,-8.0,-1.0
202601121800,202601170000,-2.0,5.0
202601121800,202601180000,-2.0,5.0
202601121800,202601190000,-3.0,2.0
202601121800,202601200000,-7.0,0.0
202601121800,202601210000,-8.0,-1.0
202601121800,202601220000,-8.0,-1.0
202601130600,202601170000,-2.0,4.0
202601130600,202601180000,-3.0,5.0
202601130600,202601190000,-5.0,-1.0
202601130600,202601200000,-10.0,-2.0
202601130600,202601210000,-9.0,-2.0
202601130600,202601220000,-9.0,-1.0
202601130600,202601230000,-7.0,0.0
202601131800,202601180000,-2.0,6.0
202601131800,202601190000,-4.0,-2.0
202601131800,202601200000,-12.0,-4.0
202601131800,202601210000,-11.0,-4.0
202601131800,202601220000,-11.0,-3.0
202601131800,202601230000,-10.0,-2.0
202601140600,202601180000,-2.0,7.0
202601140600,202601190000,-3.0,0.0
202601140600,202601200000,-12.0,-4.0
202601140600,202601210000,-12.0,-4.0
202601140600,202601220000,-11.0,-3.0
202601140600,202601230000,-10.0,-2.0
202601140600,202601240000,-10.0,-2.0
202601141800,202601190000,1.0,2.0
202601141800,202601200000,-11.0,-4.0
202601141800,202601210000,-13.0,-5.0
202601141800,202601220000,-12.0,-4.0
202601141800,202601230000,-11.0,-2.0
202601141800,202601240000,-10.0,-1.0
202601150600,202601190000,0.0,2.0
202601150600,202601200000,-11.0,-4.0
202601150600,202601210000,-13.0,-5.0
202601150600,202601220000,-12.0,-4.0
202601150600,202601230000,-11.0,-2.0
202601150600,202601240000,-10.0,-2.0
202601150600,202601250000,-9.0,-1.0
202601151800,202601200000,-10.0,-4.0
202601151800,202601210000,-13.0,-6.0
202601151800,202601220000,-12.0,-5.0
202601151800,202601230000,-11.0,-3.0
202601151800,202601240000,-9.0,-2.0
202601151800,202601250000,-10.0,-2.0
202601160600,202601200000,-10.0,-3.0
202601160600,202601210000,-12.0,-5.0
202601160600,202601220000,-12.0,-5.0
202601160600,202601230000,-11.0,-2.0
202601160600,202601240000,-9.0,-3.0
202601160600,202601250000,-10.0,-2.0
202601160600,202601260000,-8.0,0.0
202601161800,202601210000,-12.0,-5.0
202601161800,202601220000,-12.0,-5.0
202601161800,202601230000,-11.0,-2.0
202601161800,202601240000,-9.0,-2.0
202601161800,202601250000,-10.0,-3.0
202601161800,202601260000,-9.0,-1.0
202601170600,202601210000,-11.0,-5.0
202601170600,202601220000,-13.0,-5.0
202601170600,202601230000,-11.0,-2.0
202601170600,202601240000,-10.0,-2.0
202601170600,202601250000,-9.0,-2.0
202601170600,202601260000,-7.0,-1.0
202601170600,202601270000,-6.0,0.0
202601171800,202601220000,-13.0,-5.0
202601171800,202601230000,-11.0,-2.0
202601171800,202601240000,-10.0,-2.0
202601171800,202601250000,-9.0,-1.0
202601171800,202601260000,-7.0,-1.0
202601171800,202601270000,-6.0,0.0
202601180600,202601220000,-12.0,-4.0
202601180600,202601230000,-10.0,-1.0
202601180600,202601240000,-10.0,-2.0
202601180600,202601250000,-11.0,-3.0
202601180600,202601260000,-8.0,-1.0
202601180600,202601270000,-7.0,0.0
202601180600,202601280000,-7.0,0.0
202601181800,202601230000,-10.0,-1.0
202601181800,202601240000,-10.0,-2.0
202601181800,202601250000,-11.0,-3.0
202601181800,202601260000,-8.0,-1.0
202601181800,202601270000,-7.0,0.0
202601181800,202601280000,-7.0,0.0
202601190600,202601230000,-10.0,-1.0
202601190600,202601240000,-10.0,-2.0
202601190600,202601250000,-11.0,-3.0
202601190600,202601260000,-8.0,-1.0
202601190600,202601270000,-7.0,0.0
202601190600,202601280000,-7.0,0.0
202601190600,202601290000,-7.0,2.0
202601191800,202601240000,-10.0,-2.0
202601191800,202601250000,-11.0,-3.0
202601191800,202601260000,-8.0,-1.0
202601191800,202601270000,-7.0,0.0
202601191800,202601280000,-7.0,0.0
202601191800,202601290000,-7.0,2.0
202601200600,202601240000,-10.0,-2.0
202601200600,202601250000,-11.0,-3.0
202601200600,202601260000,-8.0,-1.0
202601200600,202601270000,-7.0,0.0
202601200600,202601280000,-7.0,0.0
202601200600,202601290000,-7.0,2.0
202601200600,202601300000,-5.0,2.0
202601201800,202601250000,-11.0,-3.0
202601201800,202601260000,-8.0,-1.0
202601201800,202601270000,-7.0,0.0
202601201800,202601280000,-7.0,0.0
202601201800,202601290000,-7.0,2.0
202601201800,202601300000,-5.0,2.0
202601210600,202601250000,-10.0,-2.0
202601210600,202601260000,-8.0,-1.0
202601210600,202601270000,-6.0,0.0
202601210600,202601280000,-8.0,-1.0
202601210600,202601290000,-8.0,0.0
202601210600,202601300000,-7.0,0.0
202601210600,202601310000,-6.0,1.0
202601211800,202601260000,-8.0,-1.0
202601211800,202601270000,-6.0,-1.0
202601211800,202601280000,-8.0,-1.0
202601211800,202601290000,-8.0,-2.0
202601211800,202601300000,-9.0,-2.0
202601211800,202601310000,-8.0,0.0
202601220600,202601260000,-8.0,-1.0
202601220600,202601270000,-6.0,0.0
202601220600,202601280000,-8.0,-1.0
202601220600,202601290000,-9.0,-2.0
202601220600,202601300000,-9.0,-2.0
202601220600,202601310000,-8.0,0.0
202601220600,202602010000,-7.0,1.0
202601221800,202601270000,-6.0,-1.0
202601221800,202601280000,-9.0,-2.0
202601221800,202601290000,-9.0,-2.0
202601221800,202601300000,-10.0,-2.0
202601221800,202601310000,-8.0,0.0
202601221800,202602010000,-6.0,2.0
202601230600,202601270000,-6.0,-1.0
202601230600,202601280000,-9.0,-2.0
202601230600,202601290000,-9.0,-2.0
202601230600,202601300000,-10.0,-2.0
202601230600,202601310000,-8.0,0.0
202601230600,202602010000,-6.0,2.0
202601230600,202602020000,-5.0,3.0
202601231800,202601280000,-10.0,-2.0
202601231800,202601290000,-8.0,-1.0
202601231800,202601300000,-10.0,-1.0
202601231800,202601310000,-7.0,0.0
202601231800,202602010000,-5.0,2.0
202601231800,202602020000,-5.0,2.0
202601240600,202601280000,-10.0,-2.0
202601240600,202601290000,-9.0,-2.0
202601240600,202601300000,-10.0,-2.0
202601240600,202601310000,-7.0,1.0
202601240600,202602010000,-6.0,2.0
202601240600,202602020000,-5.0,2.0
202601240600,202602030000,-4.0,2.0
202601241800,202601290000,-9.0,-1.0
202601241800,202601300000,-9.0,-1.0
202601241800,202601310000,-7.0,1.0
202601241800,202602010000,-7.0,1.0
202601241800,202602020000,-6.0,2.0
202601241800,202602030000,-5.0,3.0
202601250600,202601290000,-9.0,0.0
202601250600,202601300000,-9.0,-1.0
202601250600,202601310000,-7.0,2.0
202601250600,202602010000,-6.0,2.0
202601250600,202602020000,-5.0,3.0
202601250600,202602030000,-4.0,4.0
202601250600,202602040000,-2.0,5.0
202601251800,202601300000,-10.0,-1.0
202601251800,202601310000,-8.0,1.0
202601251800,202602010000,-5.0,3.0
202601251800,202602020000,-4.0,2.0
202601251800,202602030000,-4.0,4.0
202601251800,202602040000,-3.0,5.0
202601260600,202601300000,-11.0,-2.0
202601260600,202601310000,-9.0,1.0
202601260600,202602010000,-7.0,1.0
202601260600,202602020000,-5.0,4.0
202601260600,202602030000,-3.0,5.0
202601260600,202602040000,-2.0,4.0
202601260600,202602050000,-3.0,3.0
202601261800,202601310000,-9.0,2.0
202601261800,202602010000,-4.0,2.0
202601261800,202602020000,-3.0,4.0
202601261800,202602030000,-4.0,2.0
202601261800,202602040000,-6.0,3.0
202601261800,202602050000,-4.0,4.0
202601270600,202601310000,-9.0,2.0
202601270600,202602010000,-4.0,2.0
202601270600,202602020000,-2.0,4.0
202601270600,202602030000,-4.0,2.0
202601270600,202602040000,-5.0,3.0
202601270600,202602050000,-5.0,4.0
202601270600,202602060000,-3.0,5.0
202601271800,202602010000,-6.0,3.0
202601271800,202602020000,-2.0,3.0
202601271800,202602030000,-5.0,4.0
202601271800,202602040000,-2.0,4.0
202601271800,202602050000,-2.0,5.0
202601271800,202602060000,-3.0,6.0
202601280600,202602010000,-6.0,2.0
202601280600,202602020000,-3.0,2.0
202601280600,202602030000,-6.0,4.0
202601280600,202602040000,-2.0,5.0
202601280600,202602050000,-2.0,4.0
202601280600,202602060000,-3.0,5.0
202601280600,202602070000,-4.0,3.0
202601281800,202602020000,-3.0,2.0
202601281800,202602030000,-6.0,4.0
202601281800,202602040000,-2.0,5.0
202601281800,202602050000,-2.0,4.0
202601281800,202602060000,-3.0,5.0
202601281800,202602070000,-4.0,3.0
202601290600,202602020000,-3.0,2.0
202601290600,202602030000,-6.0,4.0
202601290600,202602040000,-2.0,5.0
202601290600,202602050000,-2.0,4.0
202601290600,202602060000,-3.0,5.0
202601290600,202602070000,-4.0,3.0
202601290600,202602080000,-7.0,0.0
202601291800,202602030000,-6.0,4.0
202601291800,202602040000,-2.0,5.0
202601291800,202602050000,-1.0,5.0
202601291800,202602060000,-3.0,4.0
202601291800,202602070000,-4.0,3.0
202601291800,202602080000,-7.0,0.0
202601300600,202602030000,-6.0,4.0
202601300600,202602040000,-2.0,5.0
202601300600,202602050000,-1.0,5.0
202601300600,202602060000,-3.0,4.0
202601300600,202602070000,-4.0,3.0
202601300600,202602080000,-7.0,0.0
202601300600,202602090000,-7.0,0.0
202601301800,202602040000,-3.0,5.0
202601301800,202602050000,0.0,6.0
202601301800,202602060000,-3.0,2.0
202601301800,202602070000,-6.0,1.0
202601301800,202602080000,-6.0,1.0
202601301800,202602090000,-6.0,2.0
202601310600,202602040000,-3.0,5.0
202601310600,202602050000,0.0,6.0
202601310600,202602060000,-3.0,2.0
202601310600,202602070000,-6.0,1.0
202601310600,202602080000,-6.0,1.0
202601310600,202602090000,-6.0,2.0
202601310600,202602100000,-4.0,4.0
202601311800,202602050000,1.0,6.0
202601311800,202602060000,-4.0,2.0
202601311800,202602070000,-8.0,-1.0
202601311800,202602080000,-9.0,-1.0
202601311800,202602090000,-8.0,1.0
202601311800,202602100000,-3.0,4.0
202602010600,202602050000,1.0,6.0
202602010600,202602060000,-4.0,2.0
202602010600,202602070000,-8.0,-1.0
202602010600,202602080000,-9.0,-1.0
202602010600,202602090000,-8.0,1.0
202602010600,202602100000,-3.0,4.0
202602010600,202602110000,-2.0,5.0
202602011800,202602060000,-7.0,-1.0
202602011800,202602070000,-10.0,-2.0
202602011800,202602080000,-9.0,-1.0
202602011800,202602090000,-7.0,4.0
202602011800,202602100000,-2.0,5.0
202602011800,202602110000,-1.0,5.0
202602020600,202602060000,-8.0,-3.0
202602020600,202602070000,-10.0,-2.0
202602020600,202602080000,-9.0,-1.0
202602020600,202602090000,-7.0,4.0
202602020600,202602100000,-2.0,5.0
202602020600,202602110000,-1.0,5.0
202602020600,202602120000,-2.0,6.0
202602021800,202602070000,-10.0,-3.0
202602021800,202602080000,-10.0,-1.0
202602021800,202602090000,-8.0,2.0
202602021800,202602100000,-5.0,4.0
202602021800,202602110000,-2.0,4.0
202602021800,202602120000,-5.0,4.0
202602030600,202602070000,-10.0,-3.0
202602030600,202602080000,-11.0,-1.0
202602030600,202602090000,-9.0,1.0
202602030600,202602100000,-5.0,4.0
202602030600,202602110000,-2.0,5.0
202602030600,202602120000,-4.0,4.0
202602030600,202602130000,-3.0,6.0
202602031800,202602080000,-11.0,-2.0
202602031800,202602090000,-9.0,1.0
202602031800,202602100000,-4.0,4.0
202602031800,202602110000,-1.0,5.0
202602031800,202602120000,-3.0,5.0
202602031800,202602130000,-2.0,7.0
202602040600,202602080000,-11.0,-2.0
202602040600,202602090000,-9.0,2.0
202602040600,202602100000,-3.0,5.0
202602040600,202602110000,0.0,6.0
202602040600,202602120000,-2.0,6.0
202602040600,202602130000,-2.0,7.0
202602040600,202602140000,-1.0,7.0
202602041800,202602090000,-8.0,2.0
202602041800,202602100000,-4.0,4.0
202602041800,202602110000,0.0,6.0
202602041800,202602120000,-2.0,6.0
202602041800,202602130000,-2.0,7.0
202602041800,202602140000,-1.0,6.0
202602050600,202602090000,-8.0,3.0
202602050600,202602100000,-3.0,5.0
202602050600,202602110000,0.0,6.0
202602050600,202602120000,-2.0,6.0
202602050600,202602130000,-2.0,8.0
202602050600,202602140000,-1.0,7.0
202602050600,202602150000,0.0,7.0
202602051800,202602100000,-2.0,5.0
202602051800,202602110000,0.0,6.0
202602051800,202602120000,-3.0,6.0
202602051800,202602130000,-1.0,8.0
202602051800,202602140000,0.0,8.0
202602051800,202602150000,0.0,8.0
202602060600,202602100000,-2.0,4.0
202602060600,202602110000,0.0,5.0
202602060600,202602120000,-3.0,6.0
202602060600,202602130000,-2.0,9.0
202602060600,202602140000,0.0,8.0
202602060600,202602150000,0.0,7.0
202602060600,202602160000,0.0,7.0
202602061800,202602110000,0.0,5.0
202602061800,202602120000,-4.0,6.0
202602061800,202602130000,-1.0,9.0
202602061800,202602140000,0.0,9.0
202602061800,202602150000,0.0,7.0
202602061800,202602160000,0.0,7.0
202602070600,202602110000,0.0,5.0
202602070600,202602120000,-4.0,7.0
202602070600,202602130000,0.0,8.0
202602070600,202602140000,1.0,10.0
202602070600,202602150000,1.0,8.0
202602070600,202602160000,-1.0,7.0
202602070600,202602170000,-1.0,6.0
202602071800,202602120000,-3.0,7.0
202602071800,202602130000,0.0,9.0
202602071800,202602140000,1.0,10.0
202602071800,202602150000,1.0,9.0
202602071800,202602160000,0.0,7.0
202602071800,202602170000,0.0,7.0
202602080600,202602120000,-3.0,8.0
202602080600,202602130000,0.0,9.0
202602080600,202602140000,1.0,10.0
202602080600,202602150000,2.0,10.0
202602080600,202602160000,1.0,7.0
202602080600,202602170000,0.0,7.0
202602080600,202602180000,-2.0,7.0
202602081800,202602130000,1.0,10.0
202602081800,202602140000,1.0,10.0
202602081800,202602150000,3.0,9.0
202602081800,202602160000,0.0,7.0
202602081800,202602170000,-1.0,8.0
202602081800,202602180000,0.0,7.0
202602090600,202602130000,0.0,9.0
202602090600,202602140000,2.0,10.0
202602090600,202602150000,3.0,9.0
202602090600,202602160000,0.0,8.0
202602090600,202602170000,0.0,8.0
202602090600,202602180000,0.0,6.0
202602090600,202602190000,-2.0,4.0
202602091800,202602140000,2.0,10.0
202602091800,202602150000,3.0,10.0
202602091800,202602160000,1.0,9.0
202602091800,202602170000,0.0,8.0
202602091800,202602180000,-1.0,6.0
202602091800,202602190000,-2.0,5.0
202602100600,202602140000,2.0,11.0
202602100600,202602150000,4.0,10.0
202602100600,202602160000,0.0,7.0
202602100600,202602170000,-1.0,7.0
202602100600,202602180000,-2.0,5.0
202602100600,202602190000,-3.0,6.0
202602100600,202602200000,-1.0,8.0
202602101800,202602150000,4.0,10.0
202602101800,202602160000,0.0,7.0
202602101800,202602170000,-1.0,7.0
202602101800,202602180000,-2.0,5.0
202602101800,202602190000,-3.0,6.0
202602101800,202602200000,-1.0,8.0
202602110600,202602150000,4.0,10.0
202602110600,202602160000,0.0,7.0
202602110600,202602170000,-1.0,7.0
202602110600,202602180000,-2.0,5.0
202602110600,202602190000,-3.0,6.0
202602110600,202602200000,-1.0,8.0
202602110600,202602210000,1.0,10.0
202602111800,202602160000,0.0,7.0
202602111800,202602170000,-1.0,7.0
202602111800,202602180000,-2.0,5.0
202602111800,202602190000,-3.0,6.0
202602111800,202602200000,-1.0,8.0
202602111800,202602210000,1.0,10.0
202602120600,202602160000,-2.0,8.0
202602120600,202602170000,-1.0,6.0
202602120600,202602180000,-2.0,5.0
202602120600,202602190000,-3.0,7.0
202602120600,202602200000,0.0,10.0
202602120600,202602210000,1.0,11.0
202602120600,202602220000,3.0,9.0
202602121800,202602170000,-1.0,6.0
202602121800,202602180000,-2.0,6.0
202602121800,202602190000,-2.0,8.0
202602121800,202602200000,0.0,11.0
202602121800,202602210000,2.0,11.0
202602121800,202602220000,3.0,10.0
202602130600,202602170000,-1.0,6.0
202602130600,202602180000,-2.0,6.0
202602130600,202602190000,-2.0,7.0
202602130600,202602200000,0.0,10.0
202602130600,202602210000,2.0,11.0
202602130600,202602220000,3.0,10.0
202602130600,202602230000,-1.0,5.0
202602131800,202602180000,-1.0,6.0
202602131800,202602190000,-3.0,7.0
202602131800,202602200000,0.0,11.0
202602131800,202602210000,2.0,13.0
202602131800,202602220000,4.0,8.0
202602131800,202602230000,-4.0,4.0
202602140600,202602180000,-2.0,7.0
202602140600,202602190000,-2.0,8.0
202602140600,202602200000,1.0,11.0
202602140600,202602210000,3.0,13.0
202602140600,202602220000,4.0,8.0
202602140600,202602230000,-3.0,5.0
202602140600,202602240000,-3.0,7.0
202602141800,202602190000,-2.0,8.0
202602141800,202602200000,1.0,11.0
202602141800,202602210000,3.0,13.0
202602141800,202602220000,4.0,8.0
202602141800,202602230000,-3.0,5.0
202602141800,202602240000,-3.0,7.0
202602150600,202602190000,-2.0,8.0
202602150600,202602200000,1.0,11.0
202602150600,202602210000,3.0,13.0
202602150600,202602220000,3.0,7.0
202602150600,202602230000,-3.0,5.0
202602150600,202602240000,-3.0,6.0
202602150600,202602250000,-3.0,5.0
202602151800,202602200000,-1.0,11.0
202602151800,202602210000,4.0,14.0
202602151800,202602220000,2.0,6.0
202602151800,202602230000,-3.0,4.0
202602151800,202602240000,-2.0,5.0
202602151800,202602250000,-2.0,6.0
202602160600,202602200000,-1.0,11.0
202602160600,202602210000,4.0,15.0
202602160600,202602220000,2.0,6.0
202602160600,202602230000,-3.0,5.0
202602160600,202602240000,-2.0,4.0
202602160600,202602250000,-3.0,5.0
202602160600,202602260000,-4.0,5.0
202602161800,202602210000,4.0,15.0
202602161800,202602220000,5.0,7.0
202602161800,202602230000,-3.0,5.0
202602161800,202602240000,-3.0,4.0
202602161800,202602250000,-3.0,3.0
202602161800,202602260000,-5.0,4.0
202602170600,202602210000,4.0,16.0
202602170600,202602220000,4.0,8.0
202602170600,202602230000,-3.0,5.0
202602170600,202602240000,-2.0,4.0
202602170600,202602250000,-3.0,4.0
202602170600,202602260000,-4.0,5.0
202602170600,202602270000,-4.0,5.0
202602171800,202602220000,7.0,9.0
202602171800,202602230000,-3.0,5.0
202602171800,202602240000,-3.0,3.0
202602171800,202602250000,-5.0,4.0
202602171800,202602260000,-4.0,6.0
202602171800,202602270000,-3.0,8.0
202602180600,202602220000,7.0,9.0
202602180600,202602230000,-3.0,5.0
202602180600,202602240000,-3.0,3.0
202602180600,202602250000,-3.0,5.0
202602180600,202602260000,-1.0,8.0
202602180600,202602270000,-1.0,8.0
202602180600,202602280000,1.0,10.0
202602181800,202602230000,-3.0,6.0
202602181800,202602240000,0.0,6.0
202602181800,202602250000,1.0,9.0
202602181800,202602260000,2.0,10.0
202602181800,202602270000,1.0,10.0
202602181800,202602280000,1.0,9.0
202602190600,202602230000,-3.0,7.0
202602190600,202602240000,1.0,6.0
202602190600,202602250000,1.0,9.0
202602190600,202602260000,2.0,11.0
202602190600,202602270000,3.0,11.0
202602190600,202602280000,2.0,10.0
202602190600,202603010000,2.0,9.0
202602191800,202602240000,0.0,6.0
202602191800,202602250000,0.0,10.0
202602191800,202602260000,2.0,11.0
202602191800,202602270000,3.0,12.0
202602191800,202602280000,2.0,11.0
202602191800,202603010000,2.0,9.0
202602200600,202602240000,0.0,6.0
202602200600,202602250000,1.0,11.0
202602200600,202602260000,2.0,11.0
202602200600,202602270000,3.0,12.0
202602200600,202602280000,2.0,11.0
202602200600,202603010000,2.0,10.0
202602200600,202603020000,2.0,9.0
202602201800,202602250000,2.0,12.0
202602201800,202602260000,3.0,12.0
202602201800,202602270000,4.0,11.0
202602201800,202602280000,4.0,11.0
202602201800,202603010000,3.0,11.0
202602201800,202603020000,1.0,8.0
202602210600,202602250000,0.0,12.0
202602210600,202602260000,2.0,13.0
202602210600,202602270000,4.0,11.0
202602210600,202602280000,4.0,12.0
202602210600,202603010000,2.0,10.0
202602210600,202603020000,2.0,9.0
202602210600,202603030000,1.0,9.0
202602211800,202602260000,3.0,14.0
202602211800,202602270000,5.0,12.0
202602211800,202602280000,4.0,12.0
202602211800,202603010000,2.0,11.0
202602211800,202603020000,1.0,10.0
202602211800,202603030000,1.0,9.0
202602220600,202602260000,2.0,14.0
202602220600,202602270000,4.0,13.0
202602220600,202602280000,4.0,13.0
202602220600,202603010000,3.0,12.0
202602220600,202603020000,3.0,9.0
202602220600,202603030000,1.0,8.0
202602220600,202603040000,1.0,8.0
202602221800,202602270000,4.0,13.0
202602221800,202602280000,3.0,14.0
202602221800,202603010000,3.0,13.0
202602221800,202603020000,2.0,10.0
202602221800,202603030000,1.0,9.0
202602221800,202603040000,1.0,8.0
202602230600,202602270000,4.0,14.0
202602230600,202602280000,3.0,15.0
202602230600,202603010000,3.0,13.0
202602230600,202603020000,2.0,11.0
202602230600,202603030000,2.0,12.0
202602230600,202603040000,3.0,12.0
202602230600,202603050000,2.0,10.0
202602231800,202602280000,2.0,15.0
202602231800,202603010000,3.0,13.0
202602231800,202603020000,3.0,11.0
202602231800,202603030000,2.0,12.0
202602231800,202603040000,2.0,12.0
202602231800,202603050000,2.0,10.0
202602240600,202602280000,1.0,14.0
202602240600,202603010000,3.0,13.0
202602240600,202603020000,4.0,12.0
202602240600,202603030000,2.0,13.0
202602240600,202603040000,2.0,12.0
202602240600,202603050000,3.0,10.0
202602240600,202603060000,3.0,10.0
202602241800,202603010000,3.0,12.0
202602241800,202603020000,5.0,11.0
202602241800,202603030000,3.0,13.0
202602241800,202603040000,1.0,13.0
202602241800,202603050000,2.0,10.0
202602241800,202603060000,2.0,10.0
202602250600,202603010000,3.0,13.0
202602250600,202603020000,5.0,11.0
202602250600,202603030000,3.0,12.0
202602250600,202603040000,1.0,13.0
202602250600,202603050000,2.0,11.0
202602250600,202603060000,2.0,10.0
202602250600,202603070000,1.0,7.0
202602251800,202603020000,5.0,10.0
202602251800,202603030000,3.0,12.0
202602251800,202603040000,1.0,12.0
202602251800,202603050000,2.0,12.0
202602251800,202603060000,3.0,9.0
202602251800,202603070000,1.0,8.0
202602260600,202603020000,4.0,9.0
202602260600,202603030000,2.0,12.0
202602260600,202603040000,1.0,12.0
202602260600,202603050000,2.0,12.0
202602260600,202603060000,2.0,9.0
202602260600,202603070000,0.0,8.0
202602260600,202603080000,0.0,8.0
202602261800,202603030000,2.0,12.0
202602261800,202603040000,1.0,12.0
202602261800,202603050000,2.0,12.0
202602261800,202603060000,2.0,9.0
202602261800,202603070000,0.0,8.0
202602261800,202603080000,0.0,8.0
202602270600,202603030000,2.0,12.0
202602270600,202603040000,1.0,12.0
202602270600,202603050000,2.0,13.0
202602270600,202603060000,3.0,10.0
202602270600,202603070000,1.0,9.0
202602270600,202603080000,1.0,9.0
202602270600,202603090000,2.0,12.0
202602271800,202603040000,0.0,12.0
202602271800,202603050000,1.0,12.0
202602271800,202603060000,3.0,10.0
202602271800,202603070000,1.0,8.0
202602271800,202603080000,0.0,9.0
202602271800,202603090000,1.0,11.0
202602280600,202603040000,1.0,11.0
202602280600,202603050000,2.0,12.0
202602280600,202603060000,3.0,9.0
202602280600,202603070000,1.0,9.0
202602280600,202603080000,1.0,10.0
202602280600,202603090000,1.0,11.0
202602280600,202603100000,2.0,11.0
202602281800,202603050000,2.0,14.0
202602281800,202603060000,3.0,9.0
202602281800,202603070000,1.0,10.0
202602281800,202603080000,1.0,10.0
202602281800,202603090000,1.0,11.0
202602281800,202603100000,2.0,11.0
202603010600,202603050000,3.0,14.0
202603010600,202603060000,4.0,9.0
202603010600,202603070000,-1.0,9.0
202603010600,202603080000,-1.0,10.0
202603010600,202603090000,1.0,10.0
202603010600,202603100000,2.0,10.0
202603010600,202603110000,2.0,11.0
202603011800,202603060000,4.0,8.0
202603011800,202603070000,-1.0,8.0
202603011800,202603080000,-1.0,10.0
202603011800,202603090000,1.0,11.0
202603011800,202603100000,2.0,11.0
202603011800,202603110000,2.0,11.0
202603020600,202603060000,3.0,8.0
202603020600,202603070000,-2.0,7.0
202603020600,202603080000,-1.0,10.0
202603020600,202603090000,1.0,10.0
202603020600,202603100000,1.0,11.0
202603020600,202603110000,2.0,11.0
202603020600,202603120000,3.0,11.0
202603021800,202603070000,-1.0,7.0
202603021800,202603080000,-1.0,8.0
202603021800,202603090000,0.0,9.0
202603021800,202603100000,1.0,11.0
202603021800,202603110000,1.0,11.0
202603021800,202603120000,3.0,11.0
202603030600,202603070000,-2.0,7.0
202603030600,202603080000,-1.0,8.0
202603030600,202603090000,-1.0,10.0
202603030600,202603100000,1.0,10.0
202603030600,202603110000,1.0,11.0
202603030600,202603120000,2.0,12.0
202603030600,202603130000,4.0,13.0
202603031800,202603080000,-2.0,7.0
202603031800,202603090000,0.0,9.0
202603031800,202603100000,0.0,10.0
202603031800,202603110000,1.0,10.0
202603031800,202603120000,2.0,12.0
202603031800,202603130000,4.0,13.0
202603040600,202603080000,-2.0,7.0
202603040600,202603090000,0.0,9.0
202603040600,202603100000,-1.0,10.0
202603040600,202603110000,1.0,10.0
202603040600,202603120000,2.0,11.0
202603040600,202603130000,3.0,12.0
202603040600,202603140000,3.0,12.0
202603041800,202603090000,0.0,8.0
202603041800,202603100000,-1.0,9.0
202603041800,202603110000,1.0,11.0
202603041800,202603120000,3.0,11.0
202603041800,202603130000,3.0,12.0
202603041800,202603140000,3.0,12.0
202603050600,202603090000,0.0,8.0
202603050600,202603100000,-1.0,9.0
202603050600,202603110000,1.0,11.0
202603050600,202603120000,2.0,12.0
202603050600,202603130000,3.0,12.0
202603050600,202603140000,4.0,12.0
202603050600,202603150000,4.0,13.0
202603051800,202603100000,-1.0,9.0
202603051800,202603110000,1.0,10.0
202603051800,202603120000,2.0,12.0
202603051800,202603130000,3.0,12.0
202603051800,202603140000,3.0,12.0
202603051800,202603150000,4.0,13.0
202603060600,202603100000,0.0,9.0
202603060600,202603110000,0.0,10.0
202603060600,202603120000,2.0,12.0
202603060600,202603130000,4.0,13.0
202603060600,202603140000,4.0,13.0
202603060600,202603150000,5.0,13.0
202603060600,202603160000,5.0,13.0
202603061800,202603110000,0.0,10.0
202603061800,202603120000,2.0,12.0
202603061800,202603130000,3.0,13.0
202603061800,202603140000,4.0,13.0
202603061800,202603150000,5.0,13.0
202603061800,202603160000,5.0,13.0
202603070600,202603110000,0.0,10.0
202603070600,202603120000,2.0,13.0
202603070600,202603130000,3.0,14.0
202603070600,202603140000,4.0,12.0
202603070600,202603150000,4.0,12.0
202603070600,202603160000,4.0,12.0
202603070600,202603170000,4.0,12.0
202603071800,202603120000,2.0,13.0
202603071800,202603130000,3.0,13.0
202603071800,202603140000,3.0,12.0
202603071800,202603150000,4.0,12.0
202603071800,202603160000,4.0,13.0
202603071800,202603170000,5.0,13.0
202603080600,202603120000,2.0,13.0
202603080600,202603130000,2.0,12.0
202603080600,202603140000,3.0,12.0
202603080600,202603150000,4.0,11.0
202603080600,202603160000,3.0,12.0
202603080600,202603170000,3.0,13.0
202603080600,202603180000,4.0,14.0
202603081800,202603130000,2.0,12.0
202603081800,202603140000,3.0,11.0
202603081800,202603150000,3.0,11.0
202603081800,202603160000,3.0,12.0
202603081800,202603170000,2.0,13.0
202603081800,202603180000,4.0,13.0
202603090600,202603130000,2.0,13.0
202603090600,202603140000,3.0,11.0
202603090600,202603150000,4.0,11.0
202603090600,202603160000,3.0,12.0
202603090600,202603170000,2.0,12.0
202603090600,202603180000,3.0,12.0
202603090600,202603190000,4.0,13.0
202603091800,202603140000,3.0,11.0
202603091800,202603150000,3.0,10.0
202603091800,202603160000,3.0,11.0
202603091800,202603170000,2.0,12.0
202603091800,202603180000,2.0,12.0
202603091800,202603190000,3.0,13.0
202603100600,202603140000,3.0,12.0
202603100600,202603150000,3.0,11.0
202603100600,202603160000,2.0,12.0
202603100600,202603170000,3.0,12.0
202603100600,202603180000,2.0,12.0
202603100600,202603190000,4.0,12.0
202603100600,202603200000,4.0,13.0
202603101800,202603150000,4.0,11.0
202603101800,202603160000,3.0,12.0
202603101800,202603170000,2.0,12.0
202603101800,202603180000,3.0,13.0
202603101800,202603190000,4.0,13.0
202603101800,202603200000,5.0,12.0
202603110600,202603150000,3.0,11.0
202603110600,202603160000,2.0,12.0
202603110600,202603170000,2.0,12.0
202603110600,202603180000,3.0,13.0
202603110600,202603190000,5.0,13.0
202603110600,202603200000,5.0,13.0
202603110600,202603210000,5.0,13.0
202603111800,202603160000,2.0,12.0
202603111800,202603170000,3.0,13.0
202603111800,202603180000,4.0,13.0
202603111800,202603190000,4.0,12.0
202603111800,202603200000,3.0,12.0
202603111800,202603210000,4.0,13.0
202603120600,202603160000,3.0,12.0
202603120600,202603170000,3.0,13.0
202603120600,202603180000,5.0,13.0
202603120600,202603190000,5.0,12.0
202603120600,202603200000,3.0,12.0
202603120600,202603210000,3.0,12.0
202603120600,202603220000,4.0,12.0
202603121800,202603170000,3.0,13.0
202603121800,202603180000,4.0,13.0
202603121800,202603190000,4.0,12.0
202603121800,202603200000,3.0,11.0
202603121800,202603210000,2.0,13.0
202603121800,202603220000,4.0,12.0
202603130600,202603170000,3.0,14.0
202603130600,202603180000,5.0,13.0
202603130600,202603190000,4.0,12.0
202603130600,202603200000,3.0,11.0
202603130600,202603210000,2.0,12.0
202603130600,202603220000,4.0,13.0
202603130600,202603230000,5.0,13.0
202603131800,202603180000,5.0,12.0
202603131800,202603190000,3.0,12.0
202603131800,202603200000,3.0,11.0
202603131800,202603210000,2.0,12.0
202603131800,202603220000,3.0,13.0
202603131800,202603230000,4.0,14.0
202603140600,202603180000,6.0,11.0
202603140600,202603190000,3.0,13.0
202603140600,202603200000,2.0,13.0
202603140600,202603210000,3.0,13.0
202603140600,202603220000,3.0,14.0
202603140600,202603230000,4.0,13.0
202603140600,202603240000,5.0,14.0
202603141800,202603190000,3.0,13.0
202603141800,202603200000,2.0,12.0
202603141800,202603210000,2.0,13.0
202603141800,202603220000,3.0,14.0
202603141800,202603230000,4.0,13.0
202603141800,202603240000,6.0,14.0
202603150600,202603190000,2.0,13.0
202603150600,202603200000,2.0,13.0
202603150600,202603210000,2.0,13.0
202603150600,202603220000,3.0,13.0
202603150600,202603230000,3.0,14.0
202603150600,202603240000,5.0,15.0
202603150600,202603250000,6.0,14.0
202603151800,202603200000,3.0,13.0
202603151800,202603210000,3.0,14.0
202603151800,202603220000,4.0,13.0
202603151800,202603230000,3.0,14.0
202603151800,202603240000,5.0,14.0
202603151800,202603250000,5.0,14.0
202603160600,202603200000,3.0,14.0
202603160600,202603210000,3.0,15.0
202603160600,202603220000,4.0,14.0
202603160600,202603230000,4.0,14.0
202603160600,202603240000,4.0,15.0
202603160600,202603250000,5.0,15.0
202603160600,202603260000,5.0,15.0
202603161800,202603210000,3.0,15.0
202603161800,202603220000,4.0,15.0
202603161800,202603230000,4.0,14.0
202603161800,202603240000,5.0,15.0
202603161800,202603250000,5.0,14.0
202603161800,202603260000,5.0,15.0
202603170600,202603210000,3.0,14.0
202603170600,202603220000,4.0,15.0
202603170600,202603230000,4.0,15.0
202603170600,202603240000,6.0,14.0
202603170600,202603250000,5.0,14.0
202603170600,202603260000,5.0,15.0
202603170600,202603270000,6.0,15.0
202603171800,202603220000,4.0,15.0
202603171800,202603230000,4.0,16.0
202603171800,202603240000,6.0,14.0
202603171800,202603250000,5.0,15.0
202603171800,202603260000,5.0,16.0
202603171800,202603270000,7.0,14.0
202603180600,202603220000,4.0,15.0
202603180600,202603230000,4.0,16.0
202603180600,202603240000,6.0,14.0
202603180600,202603250000,5.0,15.0
202603180600,202603260000,5.0,15.0
202603180600,202603270000,7.0,15.0
202603180600,202603280000,5.0,14.0
202603181800,202603230000,5.0,15.0
202603181800,202603240000,6.0,15.0
202603181800,202603250000,6.0,16.0
202603181800,202603260000,6.0,15.0
202603181800,202603270000,7.0,16.0
202603181800,202603280000,6.0,16.0
202603190600,202603230000,5.0,16.0
202603190600,202603240000,6.0,15.0
202603190600,202603250000,6.0,16.0
202603190600,202603260000,6.0,17.0
202603190600,202603270000,7.0,17.0
202603190600,202603280000,7.0,16.0
202603190600,202603290000,7.0,16.0
202603191800,202603240000,6.0,16.0
202603191800,202603250000,6.0,17.0
202603191800,202603260000,6.0,18.0
202603191800,202603270000,7.0,17.0
202603191800,202603280000,6.0,16.0
202603191800,202603290000,6.0,15.0
202603200600,202603240000,7.0,15.0
202603200600,202603250000,6.0,16.0
202603200600,202603260000,6.0,18.0
202603200600,202603270000,8.0,18.0
202603200600,202603280000,7.0,15.0
202603200600,202603290000,5.0,14.0
202603200600,202603300000,6.0,15.0
202603201800,202603250000,6.0,16.0
202603201800,202603260000,6.0,18.0
202603201800,202603270000,7.0,17.0
202603201800,202603280000,7.0,15.0
202603201800,202603290000,5.0,15.0
202603201800,202603300000,6.0,15.0
202603210600,202603250000,6.0,16.0
202603210600,202603260000,6.0,18.0
202603210600,202603270000,7.0,17.0
202603210600,202603280000,7.0,15.0
202603210600,202603290000,5.0,15.0
202603210600,202603300000,6.0,15.0
202603210600,202603310000,7.0,16.0
202603211800,202603260000,6.0,18.0
202603211800,202603270000,7.0,17.0
202603211800,202603280000,7.0,16.0
202603211800,202603290000,6.0,16.0
202603211800,202603300000,6.0,16.0
202603211800,202603310000,7.0,16.0
202603220600,202603260000,6.0,18.0
202603220600,202603270000,6.0,17.0
202603220600,202603280000,6.0,17.0
202603220600,202603290000,6.0,16.0
202603220600,202603300000,7.0,15.0
202603220600,202603310000,7.0,16.0
202603220600,202604010000,6.0,16.0
202603221800,202603270000,6.0,17.0
202603221800,202603280000,6.0,17.0
202603221800,202603290000,6.0,17.0
202603221800,202603300000,7.0,16.0
202603221800,202603310000,6.0,16.0
202603221800,202604010000,6.0,16.0
202603230600,202603270000,6.0,17.0
202603230600,202603280000,6.0,17.0
202603230600,202603290000,5.0,17.0
202603230600,202603300000,7.0,16.0
202603230600,202603310000,6.0,16.0
202603230600,202604010000,6.0,17.0
202603230600,202604020000,7.0,17.0
202603231800,202603280000,6.0,17.0
202603231800,202603290000,6.0,18.0
202603231800,202603300000,7.0,17.0
202603231800,202603310000,7.0,15.0
202603231800,202604010000,7.0,16.0
202603231800,202604020000,6.0,15.0
202603240600,202603280000,6.0,18.0
202603240600,202603290000,6.0,18.0
202603240600,202603300000,7.0,17.0
202603240600,202603310000,7.0,16.0
202603240600,202604010000,6.0,16.0
202603240600,202604020000,6.0,16.0
202603240600,202604030000,6.0,14.0
202603241800,202603290000,6.0,18.0
202603241800,202603300000,8.0,17.0
202603241800,202603310000,7.0,17.0
202603241800,202604010000,6.0,16.0
202603241800,202604020000,7.0,18.0
202603241800,202604030000,7.0,16.0
202603250600,202603290000,7.0,18.0
202603250600,202603300000,8.0,17.0
202603250600,202603310000,7.0,17.0
202603250600,202604010000,6.0,17.0
202603250600,202604020000,7.0,16.0
202603250600,202604030000,7.0,16.0
202603250600,202604040000,7.0,15.0
202603251800,202603300000,9.0,17.0
202603251800,202603310000,7.0,17.0
202603251800,202604010000,6.0,17.0
202603251800,202604020000,7.0,14.0
202603251800,202604030000,6.0,15.0
202603251800,202604040000,6.0,15.0
202603260600,202603300000,10.0,17.0
202603260600,202603310000,7.0,17.0
202603260600,202604010000,6.0,17.0
202603260600,202604020000,7.0,15.0
202603260600,202604030000,6.0,15.0
202603260600,202604040000,6.0,15.0
202603260600,202604050000,7.0,17.0
202603261800,202603310000,8.0,17.0
202603261800,202604010000,6.0,18.0
202603261800,202604020000,7.0,14.0
202603261800,202604030000,6.0,15.0
202603261800,202604040000,5.0,16.0
202603261800,202604050000,7.0,17.0
202603270600,202603310000,10.0,18.0
202603270600,202604010000,7.0,17.0
202603270600,202604020000,7.0,16.0
202603270600,202604030000,7.0,17.0
202603270600,202604040000,7.0,16.0
202603270600,202604050000,7.0,17.0
202603270600,202604060000,8.0,16.0
202603271800,202604010000,7.0,17.0
202603271800,202604020000,6.0,16.0
202603271800,202604030000,7.0,18.0
202603271800,202604040000,9.0,20.0
202603271800,202604050000,9.0,19.0
202603271800,202604060000,8.0,17.0
202603280600,202604010000,7.0,17.0
202603280600,202604020000,6.0,16.0
202603280600,202604030000,7.0,18.0
202603280600,202604040000,8.0,19.0
202603280600,202604050000,9.0,19.0
202603280600,202604060000,8.0,18.0
202603280600,202604070000,9.0,19.0
202603281800,202604020000,6.0,16.0
202603281800,202604030000,7.0,18.0
202603281800,202604040000,8.0,19.0
202603281800,202604050000,8.0,19.0
202603281800,202604060000,9.0,17.0
202603281800,202604070000,7.0,17.0
202603290600,202604020000,7.0,18.0
202603290600,202604030000,8.0,18.0
202603290600,202604040000,9.0,18.0
202603290600,202604050000,7.0,18.0
202603290600,202604060000,8.0,17.0
202603290600,202604070000,8.0,16.0
202603290600,202604080000,8.0,18.0
202603291800,202604030000,8.0,19.0
202603291800,202604040000,9.0,17.0
202603291800,202604050000,7.0,17.0
202603291800,202604060000,8.0,17.0
202603291800,202604070000,8.0,16.0
202603291800,202604080000,8.0,18.0
202603300600,202604030000,7.0,20.0
202603300600,202604040000,10.0,17.0
202603300600,202604050000,6.0,16.0
202603300600,202604060000,7.0,15.0
202603300600,202604070000,7.0,18.0
202603300600,202604080000,8.0,19.0
202603300600,202604090000,10.0,20.0
202603301800,202604040000,10.0,17.0
202603301800,202604050000,6.0,16.0
202603301800,202604060000,6.0,16.0
202603301800,202604070000,7.0,18.0
202603301800,202604080000,8.0,19.0
202603301800,202604090000,10.0,20.0
202603310600,202604040000,10.0,17.0
202603310600,202604050000,6.0,17.0
202603310600,202604060000,7.0,17.0
202603310600,202604070000,8.0,19.0
202603310600,202604080000,8.0,20.0
202603310600,202604090000,12.0,18.0
202603310600,202604100000,9.0,18.0
202603311800,202604050000,6.0,18.0
202603311800,202604060000,7.0,17.0
202603311800,202604070000,8.0,19.0
202603311800,202604080000,9.0,20.0
202603311800,202604090000,12.0,19.0
202603311800,202604100000,10.0,19.0
202604010600,202604050000,7.0,17.0
202604010600,202604060000,6.0,16.0
202604010600,202604070000,7.0,17.0
202604010600,202604080000,8.0,19.0
202604010600,202604090000,10.0,19.0
202604010600,202604100000,11.0,20.0
202604010600,202604110000,9.0,18.0
202604011800,202604060000,6.0,16.0
202604011800,202604070000,7.0,17.0
202604011800,202604080000,8.0,19.0
202604011800,202604090000,10.0,19.0
202604011800,202604100000,11.0,20.0
202604011800,202604110000,9.0,18.0
202604020600,202604060000,6.0,15.0
202604020600,202604070000,5.0,16.0
202604020600,202604080000,6.0,18.0
202604020600,202604090000,9.0,19.0
202604020600,202604100000,9.0,21.0
202604020600,202604110000,9.0,20.0
202604020600,202604120000,10.0,22.0
202604021800,202604070000,5.0,16.0
202604021800,202604080000,6.0,18.0
202604021800,202604090000,9.0,18.0
202604021800,202604100000,9.0,21.0
202604021800,202604110000,9.0,20.0
202604021800,202604120000,10.0,22.0
202604030600,202604070000,5.0,16.0
202604030600,202604080000,6.0,18.0
202604030600,202604090000,9.0,18.0
202604030600,202604100000,9.0,21.0
202604030600,202604110000,9.0,20.0
202604030600,202604120000,10.0,22.0
202604030600,202604130000,8.0,20.0
202604031800,202604080000,5.0,17.0
202604031800,202604090000,6.0,18.0
202604031800,202604100000,8.0,20.0
202604031800,202604110000,9.0,19.0
202604031800,202604120000,10.0,22.0
202604031800,202604130000,8.0,20.0
202604040600,202604080000,4.0,16.0
202604040600,202604090000,5.0,16.0
202604040600,202604100000,9.0,20.0
202604040600,202604110000,9.0,20.0
202604040600,202604120000,8.0,21.0
202604040600,202604130000,8.0,22.0
202604040600,202604140000,8.0,21.0
202604041800,202604090000,5.0,15.0
202604041800,202604100000,9.0,20.0
202604041800,202604110000,9.0,20.0
202604041800,202604120000,8.0,21.0
202604041800,202604130000,8.0,22.0
202604041800,202604140000,8.0,21.0
202604050600,202604090000,6.0,14.0
202604050600,202604100000,10.0,18.0
202604050600,202604110000,9.0,21.0
202604050600,202604120000,8.0,22.0
202604050600,202604130000,11.0,22.0
202604050600,202604140000,10.0,22.0
202604050600,202604150000,9.0,21.0
202604051800,202604100000,9.0,18.0
202604051800,202604110000,9.0,21.0
202604051800,202604120000,7.0,21.0
202604051800,202604130000,10.0,23.0
202604051800,202604140000,10.0,22.0
202604051800,202604150000,9.0,22.0
202604060600,202604100000,9.0,18.0
202604060600,202604110000,8.0,21.0
202604060600,202604120000,7.0,23.0
202604060600,202604130000,11.0,24.0
202604060600,202604140000,10.0,21.0
202604060600,202604150000,11.0,23.0
202604060600,202604160000,9.0,23.0
202604061800,202604110000,8.0,21.0
202604061800,202604120000,7.0,23.0
202604061800,202604130000,11.0,24.0
202604061800,202604140000,10.0,21.0
202604061800,202604150000,11.0,23.0
202604061800,202604160000,9.0,23.0
202604070600,202604110000,7.0,22.0
202604070600,202604120000,7.0,24.0
202604070600,202604130000,10.0,22.0
202604070600,202604140000,10.0,22.0
202604070600,202604150000,9.0,22.0
202604070600,202604160000,11.0,23.0
202604070600,202604170000,12.0,23.0
202604071800,202604120000,6.0,24.0
202604071800,202604130000,8.0,20.0
202604071800,202604140000,11.0,22.0
202604071800,202604150000,9.0,22.0
202604071800,202604160000,8.0,22.0
202604071800,202604170000,8.0,23.0
202604080600,202604120000,7.0,24.0
202604080600,202604130000,11.0,22.0
202604080600,202604140000,10.0,22.0
202604080600,202604150000,9.0,21.0
202604080600,202604160000,9.0,22.0
202604080600,202604170000,10.0,22.0
202604080600,202604180000,10.0,23.0
202604081800,202604130000,11.0,22.0
202604081800,202604140000,10.0,22.0
202604081800,202604150000,9.0,21.0
202604081800,202604160000,9.0,22.0
202604081800,202604170000,10.0,22.0
202604081800,202604180000,10.0,23.0
202604090600,202604130000,11.0,22.0
202604090600,202604140000,10.0,23.0
202604090600,202604150000,9.0,22.0
202604090600,202604160000,10.0,22.0
202604090600,202604170000,10.0,21.0
202604090600,202604180000,9.0,22.0
202604090600,202604190000,10.0,23.0
202604091800,202604140000,10.0,23.0
202604091800,202604150000,9.0,22.0
202604091800,202604160000,10.0,22.0
202604091800,202604170000,11.0,21.0
202604091800,202604180000,10.0,23.0
202604091800,202604190000,10.0,24.0
202604100600,202604140000,10.0,24.0
202604100600,202604150000,9.0,23.0
202604100600,202604160000,11.0,23.0
202604100600,202604170000,12.0,20.0
202604100600,202604180000,10.0,23.0
202604100600,202604190000,10.0,24.0
202604100600,202604200000,12.0,24.0
202604101800,202604150000,9.0,23.0
202604101800,202604160000,10.0,23.0
202604101800,202604170000,11.0,20.0
202604101800,202604180000,11.0,23.0
202604101800,202604190000,10.0,24.0
202604101800,202604200000,11.0,23.0
202604110600,202604150000,9.0,24.0
202604110600,202604160000,10.0,24.0
202604110600,202604170000,12.0,20.0
202604110600,202604180000,11.0,23.0
202604110600,202604190000,11.0,25.0
202604110600,202604200000,11.0,24.0
202604110600,202604210000,11.0,22.0
202604111800,202604160000,10.0,24.0
202604111800,202604170000,12.0,20.0
202604111800,202604180000,11.0,23.0
202604111800,202604190000,11.0,25.0
202604111800,202604200000,11.0,23.0
202604111800,202604210000,11.0,22.0
202604120600,202604160000,9.0,25.0
202604120600,202604170000,11.0,19.0
202604120600,202604180000,11.0,23.0
202604120600,202604190000,12.0,24.0
202604120600,202604200000,12.0,23.0
202604120600,202604210000,12.0,22.0
202604120600,202604220000,11.0,20.0
202604121800,202604170000,11.0,20.0
202604121800,202604180000,11.0,23.0
202604121800,202604190000,12.0,24.0
202604121800,202604200000,12.0,23.0
202604121800,202604210000,12.0,22.0
202604121800,202604220000,11.0,20.0
202604130600,202604170000,11.0,21.0
202604130600,202604180000,11.0,24.0
202604130600,202604190000,12.0,25.0
202604130600,202604200000,12.0,22.0
202604130600,202604210000,12.0,22.0
202604130600,202604220000,12.0,22.0
202604130600,202604230000,11.0,20.0
202604131800,202604180000,11.0,24.0
202604131800,202604190000,10.0,25.0
202604131800,202604200000,11.0,23.0
202604131800,202604210000,11.0,21.0
202604131800,202604220000,11.0,21.0
202604131800,202604230000,11.0,20.0
202604140600,202604180000,11.0,24.0
202604140600,202604190000,10.0,25.0
202604140600,202604200000,11.0,23.0
202604140600,202604210000,11.0,21.0
202604140600,202604220000,11.0,21.0
202604140600,202604230000,11.0,20.0
202604140600,202604240000,12.0,21.0
202604141800,202604190000,9.0,25.0
202604141800,202604200000,10.0,21.0
202604141800,202604210000,10.0,22.0
202604141800,202604220000,10.0,21.0
202604141800,202604230000,11.0,19.0
202604141800,202604240000,12.0,19.0
202604150600,202604190000,10.0,26.0
202604150600,202604200000,11.0,21.0
202604150600,202604210000,10.0,23.0
202604150600,202604220000,10.0,21.0
202604150600,202604230000,11.0,19.0
202604150600,202604240000,11.0,19.0
202604150600,202604250000,11.0,21.0
202604151800,202604200000,10.0,21.0
202604151800,202604210000,10.0,22.0
202604151800,202604220000,9.0,22.0
202604151800,202604230000,10.0,20.0
202604151800,202604240000,11.0,20.0
202604151800,202604250000,11.0,21.0
202604160600,202604200000,12.0,21.0
202604160600,202604210000,9.0,21.0
202604160600,202604220000,8.0,21.0
202604160600,202604230000,10.0,19.0
202604160600,202604240000,10.0,19.0
202604160600,202604250000,8.0,20.0
202604160600,202604260000,9.0,19.0
202604161800,202604210000,7.0,19.0
202604161800,202604220000,7.0,21.0
202604161800,202604230000,9.0,20.0
202604161800,202604240000,10.0,20.0
202604161800,202604250000,10.0,21.0
202604161800,202604260000,10.0,20.0
202604170600,202604210000,6.0,20.0
202604170600,202604220000,8.0,22.0
202604170600,202604230000,9.0,21.0
202604170600,202604240000,9.0,22.0
202604170600,202604250000,9.0,21.0
202604170600,202604260000,9.0,23.0
202604170600,202604270000,11.0,21.0
202604171800,202604220000,7.0,21.0
202604171800,202604230000,8.0,22.0
202604171800,202604240000,9.0,22.0
202604171800,202604250000,9.0,22.0
202604171800,202604260000,10.0,22.0
202604171800,202604270000,10.0,20.0
202604180600,202604220000,7.0,21.0
202604180600,202604230000,8.0,22.0
202604180600,202604240000,9.0,22.0
202604180600,202604250000,9.0,22.0
202604180600,202604260000,10.0,22.0
202604180600,202604270000,10.0,20.0
202604180600,202604280000,9.0,20.0
202604181800,202604230000,9.0,21.0
202604181800,202604240000,10.0,22.0
202604181800,202604250000,9.0,21.0
202604181800,202604260000,9.0,22.0
202604181800,202604270000,10.0,19.0
202604181800,202604280000,10.0,19.0
202604190600,202604230000,10.0,19.0
202604190600,202604240000,9.0,21.0
202604190600,202604250000,9.0,21.0
202604190600,202604260000,10.0,22.0
202604190600,202604270000,11.0,17.0
202604190600,202604280000,8.0,19.0
202604190600,202604290000,8.0,20.0
202604191800,202604240000,10.0,22.0
202604191800,202604250000,9.0,23.0
202604191800,202604260000,10.0,23.0
202604191800,202604270000,11.0,18.0
202604191800,202604280000,10.0,18.0
202604191800,202604290000,8.0,20.0
202604200600,202604240000,9.0,25.0
202604200600,202604250000,10.0,23.0
202604200600,202604260000,10.0,24.0
202604200600,202604270000,11.0,19.0
202604200600,202604280000,9.0,18.0
202604200600,202604290000,9.0,20.0
202604200600,202604300000,10.0,22.0
202604201800,202604250000,9.0,23.0
202604201800,202604260000,9.0,24.0
202604201800,202604270000,11.0,20.0
202604201800,202604280000,10.0,19.0
202604201800,202604290000,9.0,20.0
202604201800,202604300000,9.0,21.0
202604210600,202604250000,9.0,24.0
202604210600,202604260000,10.0,24.0
202604210600,202604270000,11.0,20.0
202604210600,202604280000,10.0,19.0
202604210600,202604290000,9.0,20.0
202604210600,202604300000,9.0,21.0
202604210600,202605010000,10.0,21.0
202604211800,202604260000,9.0,24.0
202604211800,202604270000,10.0,21.0
202604211800,202604280000,11.0,19.0
202604211800,202604290000,10.0,20.0
202604211800,202604300000,9.0,22.0
202604211800,202605010000,10.0,22.0
202604220600,202604260000,9.0,25.0
202604220600,202604270000,11.0,20.0
202604220600,202604280000,10.0,19.0
202604220600,202604290000,9.0,20.0
202604220600,202604300000,10.0,21.0
202604220600,202605010000,11.0,22.0
202604220600,202605020000,10.0,22.0
202604221800,202604270000,11.0,20.0
202604221800,202604280000,10.0,19.0
202604221800,202604290000,9.0,20.0
202604221800,202604300000,10.0,21.0
202604221800,202605010000,11.0,22.0
202604221800,202605020000,10.0,22.0
202604230600,202604270000,11.0,20.0
202604230600,202604280000,10.0,19.0
202604230600,202604290000,9.0,20.0
202604230600,202604300000,10.0,21.0
202604230600,202605010000,11.0,22.0
202604230600,202605020000,10.0,22.0
202604230600,202605030000,11.0,22.0
202604231800,202604280000,10.0,19.0
202604231800,202604290000,9.0,20.0
202604231800,202604300000,10.0,21.0
202604231800,202605010000,11.0,22.0
202604231800,202605020000,10.0,22.0
202604231800,202605030000,11.0,22.0
202604240600,202604280000,10.0,21.0
202604240600,202604290000,9.0,21.0
202604240600,202604300000,9.0,22.0
202604240600,202605010000,9.0,22.0
202604240600,202605020000,10.0,22.0
202604240600,202605030000,11.0,21.0
202604240600,202605040000,11.0,21.0
202604241800,202604290000,9.0,21.0
202604241800,202604300000,9.0,22.0
202604241800,202605010000,9.0,22.0
202604241800,202605020000,10.0,22.0
202604241800,202605030000,11.0,21.0
202604241800,202605040000,11.0,21.0
202604250600,202604290000,8.0,21.0
202604250600,202604300000,8.0,23.0
202604250600,202605010000,9.0,23.0
202604250600,202605020000,10.0,22.0
202604250600,202605030000,10.0,22.0
202604250600,202605040000,10.0,23.0
202604250600,202605050000,11.0,23.0
202604251800,202604300000,8.0,22.0
202604251800,202605010000,8.0,23.0
202604251800,202605020000,10.0,22.0
202604251800,202605030000,10.0,22.0
202604251800,202605040000,10.0,23.0
202604251800,202605050000,10.0,23.0
202604260600,202604300000,8.0,22.0
202604260600,202605010000,8.0,23.0
202604260600,202605020000,10.0,22.0
202604260600,202605030000,10.0,22.0
202604260600,202605040000,10.0,23.0
202604260600,202605050000,10.0,23.0
202604260600,202605060000,11.0,24.0
202604261800,202605010000,8.0,22.0
202604261800,202605020000,9.0,22.0
202604261800,202605030000,10.0,22.0
202604261800,202605040000,9.0,24.0
202604261800,202605050000,10.0,24.0
202604261800,202605060000,12.0,24.0
202604270600,202605010000,8.0,23.0
202604270600,202605020000,10.0,22.0
202604270600,202605030000,9.0,23.0
202604270600,202605040000,9.0,24.0
202604270600,202605050000,11.0,25.0
202604270600,202605060000,12.0,25.0
202604270600,202605070000,12.0,25.0
202604271800,202605020000,9.0,21.0
202604271800,202605030000,10.0,22.0
202604271800,202605040000,10.0,24.0
202604271800,202605050000,10.0,24.0
202604271800,202605060000,11.0,25.0
202604271800,202605070000,12.0,27.0
202604280600,202605020000,9.0,21.0
202604280600,202605030000,10.0,22.0
202604280600,202605040000,10.0,24.0
202604280600,202605050000,10.0,24.0
202604280600,202605060000,11.0,25.0
202604280600,202605070000,12.0,27.0
202604280600,202605080000,12.0,27.0
202604281800,202605030000,10.0,22.0
202604281800,202605040000,11.0,23.0
202604281800,202605050000,10.0,24.0
202604281800,202605060000,10.0,24.0
202604281800,202605070000,11.0,26.0
202604281800,202605080000,11.0,26.0
202604290600,202605030000,12.0,22.0
202604290600,202605040000,10.0,22.0
202604290600,202605050000,10.0,24.0
202604290600,202605060000,11.0,25.0
202604290600,202605070000,12.0,25.0
202604290600,202605080000,12.0,26.0
202604290600,202605090000,15.0,24.0
202604291800,202605040000,11.0,21.0
202604291800,202605050000,9.0,23.0
202604291800,202605060000,10.0,24.0
202604291800,202605070000,11.0,24.0
202604291800,202605080000,11.0,25.0
202604291800,202605090000,14.0,23.0
202604300600,202605040000,11.0,20.0
202604300600,202605050000,9.0,23.0
202604300600,202605060000,10.0,23.0
202604300600,202605070000,11.0,23.0
202604300600,202605080000,13.0,25.0
202604300600,202605090000,14.0,22.0
202604300600,202605100000,13.0,23.0
202604301800,202605050000,9.0,22.0
202604301800,202605060000,9.0,23.0
202604301800,202605070000,10.0,23.0
202604301800,202605080000,12.0,24.0
202604301800,202605090000,13.0,23.0
202604301800,202605100000,14.0,23.0
202605010600,202605050000,9.0,22.0
202605010600,202605060000,8.0,22.0
202605010600,202605070000,10.0,23.0
202605010600,202605080000,11.0,23.0
202605010600,202605090000,13.0,23.0
202605010600,202605100000,14.0,24.0
202605010600,202605110000,13.0,24.0
202605011800,202605060000,10.0,23.0
202605011800,202605070000,9.0,22.0
202605011800,202605080000,10.0,23.0
202605011800,202605090000,11.0,24.0
202605011800,202605100000,12.0,23.0
202605011800,202605110000,13.0,24.0
202605020600,202605060000,11.0,24.0
202605020600,202605070000,13.0,22.0
202605020600,202605080000,12.0,23.0
202605020600,202605090000,12.0,23.0
202605020600,202605100000,12.0,24.0
202605020600,202605110000,13.0,25.0
202605020600,202605120000,14.0,25.0
202605021800,202605070000,11.0,21.0
202605021800,202605080000,12.0,24.0
202605021800,202605090000,11.0,24.0
202605021800,202605100000,11.0,23.0
202605021800,202605110000,12.0,24.0
202605021800,202605120000,13.0,25.0
202605030600,202605070000,12.0,21.0
202605030600,202605080000,13.0,24.0
202605030600,202605090000,11.0,23.0
202605030600,202605100000,11.0,22.0
202605030600,202605110000,11.0,24.0
202605030600,202605120000,12.0,25.0
202605030600,202605130000,14.0,25.0
202605031800,202605080000,12.0,22.0
202605031800,202605090000,11.0,23.0
202605031800,202605100000,10.0,24.0
202605031800,202605110000,10.0,25.0
202605031800,202605120000,12.0,26.0
202605031800,202605130000,13.0,25.0
202605040600,202605080000,11.0,22.0
202605040600,202605090000,10.0,22.0
202605040600,202605100000,11.0,24.0
202605040600,202605110000,11.0,25.0
202605040600,202605120000,13.0,25.0
202605040600,202605130000,14.0,26.0
202605040600,202605140000,16.0,26.0
202605041800,202605090000,10.0,22.0
202605041800,202605100000,10.0,24.0
202605041800,202605110000,11.0,25.0
202605041800,202605120000,13.0,25.0
202605041800,202605130000,14.0,26.0
202605041800,202605140000,16.0,26.0
202605050600,202605090000,10.0,23.0
202605050600,202605100000,10.0,24.0
202605050600,202605110000,12.0,24.0
202605050600,202605120000,13.0,25.0
202605050600,202605130000,15.0,25.0
202605050600,202605140000,16.0,26.0
202605050600,202605150000,16.0,27.0
202605051800,202605100000,10.0,24.0
202605051800,202605110000,12.0,24.0
202605051800,202605120000,13.0,25.0
202605051800,202605130000,15.0,25.0
202605051800,202605140000,16.0,26.0
202605051800,202605150000,16.0,27.0
202605060600,202605100000,10.0,25.0
202605060600,202605110000,12.0,24.0
202605060600,202605120000,14.0,25.0
202605060600,202605130000,15.0,25.0
202605060600,202605140000,16.0,25.0
202605060600,202605150000,17.0,27.0
202605060600,202605160000,17.0,28.0
202605061800,202605110000,12.0,24.0
202605061800,202605120000,14.0,25.0
202605061800,202605130000,15.0,25.0
202605061800,202605140000,16.0,25.0
202605061800,202605150000,17.0,27.0
202605061800,202605160000,17.0,28.0
202605070600,202605110000,13.0,24.0
202605070600,202605120000,15.0,25.0
202605070600,202605130000,16.0,25.0
202605070600,202605140000,17.0,25.0
202605070600,202605150000,17.0,27.0
202605070600,202605160000,17.0,28.0
202605070600,202605170000,17.0,27.0
202605071800,202605120000,14.0,24.0
202605071800,202605130000,16.0,22.0
202605071800,202605140000,16.0,23.0
202605071800,202605150000,16.0,26.0
202605071800,202605160000,15.0,27.0
202605071800,202605170000,16.0,26.0
202605080600,202605120000,15.0,24.0
202605080600,202605130000,16.0,24.0
202605080600,202605140000,16.0,24.0
202605080600,202605150000,16.0,27.0
202605080600,202605160000,16.0,27.0
202605080600,202605170000,17.0,27.0
202605080600,202605180000,17.0,25.0
202605081800,202605130000,15.0,24.0
202605081800,202605140000,16.0,26.0
202605081800,202605150000,15.0,28.0
202605081800,202605160000,15.0,28.0
202605081800,202605170000,16.0,28.0
202605081800,202605180000,17.0,26.0
202605090600,202605130000,15.0,24.0
202605090600,202605140000,16.0,26.0
202605090600,202605150000,15.0,28.0
202605090600,202605160000,16.0,28.0
202605090600,202605170000,17.0,29.0
202605090600,202605180000,17.0,27.0
202605090600,202605190000,16.0,26.0
202605091800,202605140000,15.0,25.0
202605091800,202605150000,15.0,28.0
202605091800,202605160000,14.0,28.0
202605091800,202605170000,16.0,29.0
202605091800,202605180000,16.0,28.0
202605091800,202605190000,17.0,25.0
202605100600,202605140000,16.0,26.0
202605100600,202605150000,15.0,28.0
202605100600,202605160000,15.0,29.0
202605100600,202605170000,16.0,29.0
202605100600,202605180000,16.0,28.0
202605100600,202605190000,17.0,25.0
202605100600,202605200000,18.0,24.0
202605101800,202605150000,15.0,29.0
202605101800,202605160000,15.0,29.0
202605101800,202605170000,16.0,30.0
202605101800,202605180000,17.0,28.0
202605101800,202605190000,18.0,25.0
202605101800,202605200000,18.0,24.0
202605110600,202605150000,15.0,29.0
202605110600,202605160000,16.0,30.0
202605110600,202605170000,16.0,30.0
202605110600,202605180000,17.0,29.0
202605110600,202605190000,17.0,26.0
202605110600,202605200000,17.0,23.0
202605110600,202605210000,16.0,25.0
202605111800,202605160000,15.0,30.0
202605111800,202605170000,16.0,30.0
202605111800,202605180000,17.0,28.0
202605111800,202605190000,17.0,25.0
202605111800,202605200000,17.0,23.0
202605111800,202605210000,17.0,24.0
202605120600,202605160000,15.0,30.0
202605120600,202605170000,16.0,30.0
202605120600,202605180000,17.0,28.0
202605120600,202605190000,17.0,25.0
202605120600,202605200000,17.0,23.0
202605120600,202605210000,17.0,24.0
202605120600,202605220000,16.0,26.0
202605121800,202605170000,16.0,31.0
202605121800,202605180000,16.0,30.0
202605121800,202605190000,17.0,27.0
202605121800,202605200000,18.0,23.0
202605121800,202605210000,17.0,25.0
202605121800,202605220000,16.0,26.0
202605130600,202605170000,16.0,31.0
202605130600,202605180000,17.0,30.0
202605130600,202605190000,17.0,27.0
202605130600,202605200000,18.0,24.0
202605130600,202605210000,16.0,26.0
202605130600,202605220000,17.0,27.0
202605130600,202605230000,18.0,25.0
202605131800,202605180000,17.0,30.0
202605131800,202605190000,17.0,27.0
202605131800,202605200000,18.0,23.0
202605131800,202605210000,16.0,26.0
202605131800,202605220000,17.0,27.0
202605131800,202605230000,18.0,25.0
202605140600,202605180000,16.0,30.0
202605140600,202605190000,17.0,26.0
202605140600,202605200000,18.0,23.0
202605140600,202605210000,17.0,25.0
202605140600,202605220000,16.0,26.0
202605140600,202605230000,16.0,26.0
202605140600,202605240000,17.0,26.0
202605141800,202605190000,17.0,26.0
202605141800,202605200000,18.0,23.0
202605141800,202605210000,17.0,25.0
202605141800,202605220000,16.0,26.0
202605141800,202605230000,16.0,26.0
202605141800,202605240000,17.0,26.0
202605150600,202605190000,17.0,25.0
202605150600,202605200000,18.0,23.0
202605150600,202605210000,17.0,25.0
202605150600,202605220000,16.0,26.0
202605150600,202605230000,16.0,26.0
202605150600,202605240000,17.0,26.0
202605150600,202605250000,16.0,27.0
202605151800,202605200000,18.0,23.0
202605151800,202605210000,17.0,25.0
202605151800,202605220000,16.0,26.0
202605151800,202605230000,16.0,26.0
202605151800,202605240000,17.0,26.0
202605151800,202605250000,16.0,27.0
202605160600,202605200000,18.0,24.0
202605160600,202605210000,17.0,26.0
202605160600,202605220000,18.0,27.0
202605160600,202605230000,17.0,25.0
202605160600,202605240000,17.0,27.0
202605160600,202605250000,16.0,29.0
202605160600,202605260000,17.0,29.0
202605161800,202605210000,17.0,24.0
202605161800,202605220000,16.0,28.0
202605161800,202605230000,17.0,24.0
202605161800,202605240000,16.0,27.0
202605161800,202605250000,16.0,29.0
202605161800,202605260000,16.0,27.0
202605170600,202605210000,16.0,24.0
202605170600,202605220000,15.0,29.0
202605170600,202605230000,17.0,24.0
202605170600,202605240000,16.0,28.0
202605170600,202605250000,16.0,29.0
202605170600,202605260000,16.0,27.0
202605170600,202605270000,17.0,29.0
202605171800,202605220000,14.0,28.0
202605171800,202605230000,16.0,25.0
202605171800,202605240000,15.0,27.0
202605171800,202605250000,16.0,28.0
202605171800,202605260000,17.0,28.0
202605171800,202605270000,17.0,28.0
202605180600,202605220000,14.0,28.0
202605180600,202605230000,16.0,25.0
202605180600,202605240000,15.0,27.0
202605180600,202605250000,16.0,28.0
202605180600,202605260000,17.0,28.0
202605180600,202605270000,17.0,28.0
202605180600,202605280000,18.0,29.0
202605181800,202605230000,16.0,25.0
202605181800,202605240000,16.0,28.0
202605181800,202605250000,16.0,29.0
202605181800,202605260000,18.0,28.0
202605181800,202605270000,17.0,28.0
202605181800,202605280000,17.0,29.0
202605190600,202605230000,16.0,25.0
202605190600,202605240000,16.0,28.0
202605190600,202605250000,16.0,29.0
202605190600,202605260000,18.0,28.0
202605190600,202605270000,17.0,28.0
202605190600,202605280000,17.0,29.0
202605190600,202605290000,16.0,27.0
202605191800,202605240000,16.0,29.0
202605191800,202605250000,17.0,29.0
202605191800,202605260000,19.0,26.0
202605191800,202605270000,17.0,26.0
202605191800,202605280000,15.0,26.0
202605191800,202605290000,15.0,25.0
202605200600,202605240000,16.0,29.0
202605200600,202605250000,17.0,29.0
202605200600,202605260000,19.0,26.0
202605200600,202605270000,17.0,26.0
202605200600,202605280000,15.0,26.0
202605200600,202605290000,15.0,25.0
202605200600,202605300000,15.0,25.0
202605201800,202605250000,17.0,29.0
202605201800,202605260000,19.0,26.0
202605201800,202605270000,18.0,26.0
202605201800,202605280000,16.0,25.0
202605201800,202605290000,15.0,26.0
202605201800,202605300000,15.0,26.0
202605210600,202605250000,18.0,30.0
202605210600,202605260000,20.0,24.0
202605210600,202605270000,17.0,26.0
202605210600,202605280000,16.0,25.0
202605210600,202605290000,15.0,25.0
202605210600,202605300000,15.0,26.0
202605210600,202605310000,15.0,26.0
202605211800,202605260000,20.0,25.0
202605211800,202605270000,18.0,27.0
202605211800,202605280000,17.0,24.0
202605211800,202605290000,15.0,25.0
202605211800,202605300000,15.0,26.0
202605211800,202605310000,15.0,26.0
202605220600,202605260000,20.0,26.0
202605220600,202605270000,18.0,27.0
202605220600,202605280000,16.0,24.0
202605220600,202605290000,15.0,25.0
202605220600,202605300000,15.0,26.0
202605220600,202605310000,15.0,26.0
202605220600,202606010000,16.0,27.0
202605221800,202605270000,19.0,27.0
202605221800,202605280000,17.0,24.0
202605221800,202605290000,16.0,24.0
202605221800,202605300000,15.0,26.0
202605221800,202605310000,16.0,27.0
202605221800,202606010000,16.0,27.0
202605230600,202605270000,19.0,27.0
202605230600,202605280000,17.0,24.0
202605230600,202605290000,16.0,24.0
202605230600,202605300000,15.0,26.0
202605230600,202605310000,16.0,27.0
202605230600,202606010000,16.0,27.0
202605230600,202606020000,17.0,27.0
202605231800,202605280000,18.0,25.0
202605231800,202605290000,16.0,25.0
202605231800,202605300000,15.0,26.0
202605231800,202605310000,15.0,26.0
202605231800,202606010000,16.0,27.0
202605231800,202606020000,16.0,27.0
202605240600,202605280000,18.0,25.0
202605240600,202605290000,17.0,26.0
202605240600,202605300000,16.0,27.0
202605240600,202605310000,15.0,27.0
202605240600,202606010000,16.0,28.0
202605240600,202606020000,16.0,27.0
202605240600,202606030000,16.0,26.0
202605241800,202605290000,17.0,26.0
202605241800,202605300000,16.0,28.0
202605241800,202605310000,15.0,27.0
202605241800,202606010000,16.0,28.0
202605241800,202606020000,17.0,27.0
202605241800,202606030000,16.0,26.0
202605250600,202605290000,16.0,27.0
202605250600,202605300000,16.0,28.0
202605250600,202605310000,16.0,28.0
202605250600,202606010000,17.0,28.0
202605250600,202606020000,17.0,28.0
202605250600,202606030000,16.0,26.0
202605250600,202606040000,16.0,25.0
202605251800,202605300000,16.0,29.0
202605251800,202605310000,16.0,29.0
202605251800,202606010000,17.0,29.0
202605251800,202606020000,18.0,28.0
202605251800,202606030000,17.0,26.0
202605251800,202606040000,16.0,25.0
202605260600,202605300000,16.0,29.0
202605260600,202605310000,17.0,30.0
202605260600,202606010000,17.0,29.0
202605260600,202606020000,18.0,28.0
202605260600,202606030000,17.0,27.0
202605260600,202606040000,16.0,26.0
202605260600,202606050000,16.0,26.0
202605261800,202605310000,17.0,31.0
202605261800,202606010000,17.0,30.0
202605261800,202606020000,17.0,27.0
202605261800,202606030000,17.0,28.0
202605261800,202606040000,18.0,27.0
202605261800,202606050000,16.0,26.0
202605270600,202605310000,17.0,30.0
202605270600,202606010000,18.0,30.0
202605270600,202606020000,18.0,29.0
202605270600,202606030000,18.0,28.0
202605270600,202606040000,17.0,27.0
202605270600,202606050000,17.0,27.0
202605270600,202606060000,16.0,27.0
202605271800,202606010000,18.0,30.0
202605271800,202606020000,18.0,29.0
202605271800,202606030000,18.0,28.0
202605271800,202606040000,17.0,27.0
202605271800,202606050000,17.0,27.0
202605271800,202606060000,16.0,27.0
202605280600,202606010000,18.0,30.0
202605280600,202606020000,18.0,29.0
202605280600,202606030000,18.0,28.0
202605280600,202606040000,17.0,27.0
202605280600,202606050000,17.0,27.0
202605280600,202606060000,16.0,27.0
202605280600,202606070000,16.0,27.0
202605281800,202606020000,18.0,30.0
202605281800,202606030000,18.0,29.0
202605281800,202606040000,18.0,28.0
202605281800,202606050000,18.0,28.0
202605281800,202606060000,18.0,27.0
202605281800,202606070000,16.0,27.0
202605290600,202606020000,18.0,30.0
202605290600,202606030000,18.0,29.0
202605290600,202606040000,18.0,28.0
202605290600,202606050000,18.0,28.0
202605290600,202606060000,18.0,27.0
202605290600,202606070000,16.0,27.0
202605290600,202606080000,16.0,26.0
202605291800,202606030000,19.0,30.0
202605291800,202606040000,19.0,28.0
202605291800,202606050000,18.0,28.0
202605291800,202606060000,18.0,27.0
202605291800,202606070000,17.0,26.0
202605291800,202606080000,16.0,26.0
202605300600,202606030000,19.0,30.0
202605300600,202606040000,19.0,29.0
202605300600,202606050000,18.0,28.0
202605300600,202606060000,18.0,27.0
202605300600,202606070000,17.0,25.0
202605300600,202606080000,16.0,25.0
202605300600,202606090000,16.0,24.0
202605301800,202606040000,19.0,29.0
202605301800,202606050000,19.0,29.0
202605301800,202606060000,18.0,28.0
202605301800,202606070000,18.0,26.0
202605301800,202606080000,17.0,25.0
202605301800,202606090000,16.0,25.0
202605310600,202606040000,19.0,29.0
202605310600,202606050000,18.0,29.0
202605310600,202606060000,18.0,28.0
202605310600,202606070000,18.0,27.0
202605310600,202606080000,17.0,26.0
202605310600,202606090000,17.0,25.0
202605310600,202606100000,16.0,26.0
202605311800,202606050000,19.0,29.0
202605311800,202606060000,18.0,28.0
202605311800,202606070000,18.0,26.0
202605311800,202606080000,17.0,25.0
202605311800,202606090000,16.0,26.0
202605311800,202606100000,16.0,27.0
202606010600,202606050000,19.0,29.0
202606010600,202606060000,18.0,28.0
202606010600,202606070000,18.0,26.0
202606010600,202606080000,17.0,25.0
202606010600,202606090000,16.0,26.0
202606010600,202606100000,16.0,27.0
202606010600,202606110000,17.0,28.0
202606011800,202606060000,18.0,28.0
202606011800,202606070000,16.0,27.0
202606011800,202606080000,16.0,25.0
202606011800,202606090000,16.0,25.0
202606011800,202606100000,16.0,26.0
202606011800,202606110000,16.0,27.0
202606020600,202606060000,18.0,27.0
202606020600,202606070000,17.0,26.0
202606020600,202606080000,16.0,25.0
202606020600,202606090000,16.0,25.0
202606020600,202606100000,16.0,26.0
202606020600,202606110000,17.0,27.0
202606020600,202606120000,17.0,28.0
202606021800,202606070000,16.0,26.0
202606021800,202606080000,16.0,26.0
202606021800,202606090000,15.0,26.0
202606021800,202606100000,15.0,27.0
202606021800,202606110000,15.0,27.0
202606021800,202606120000,17.0,29.0
202606030600,202606070000,17.0,27.0
202606030600,202606080000,17.0,26.0
202606030600,202606090000,16.0,26.0
202606030600,202606100000,16.0,27.0
202606030600,202606110000,16.0,27.0
202606030600,202606120000,18.0,29.0
202606030600,202606130000,18.0,29.0
202606031800,202606080000,17.0,26.0
202606031800,202606090000,16.0,25.0
202606031800,202606100000,16.0,27.0
202606031800,202606110000,17.0,28.0
202606031800,202606120000,17.0,28.0
202606031800,202606130000,18.0,29.0
202606040600,202606080000,17.0,26.0
202606040600,202606090000,16.0,26.0
202606040600,202606100000,16.0,26.0
202606040600,202606110000,17.0,28.0
202606040600,202606120000,17.0,28.0
202606040600,202606130000,18.0,30.0
202606040600,202606140000,19.0,30.0
202606041800,202606090000,16.0,26.0
202606041800,202606100000,16.0,26.0
202606041800,202606110000,17.0,28.0
202606041800,202606120000,17.0,28.0
202606041800,202606130000,18.0,30.0
202606041800,202606140000,19.0,30.0
202606050600,202606090000,16.0,26.0
202606050600,202606100000,16.0,26.0
202606050600,202606110000,16.0,27.0
202606050600,202606120000,17.0,29.0
202606050600,202606130000,18.0,29.0
202606050600,202606140000,18.0,30.0
202606050600,202606150000,19.0,28.0
202606051800,202606100000,16.0,26.0
202606051800,202606110000,16.0,28.0
202606051800,202606120000,16.0,30.0
202606051800,202606130000,17.0,29.0
202606051800,202606140000,18.0,29.0
202606051800,202606150000,19.0,28.0
202606060600,202606100000,16.0,26.0
202606060600,202606110000,17.0,27.0
202606060600,202606120000,17.0,28.0
202606060600,202606130000,18.0,30.0
202606060600,202606140000,19.0,30.0
202606060600,202606150000,19.0,30.0
202606060600,202606160000,20.0,30.0
202606061800,202606110000,16.0,27.0
202606061800,202606120000,16.0,28.0
202606061800,202606130000,17.0,30.0
202606061800,202606140000,18.0,30.0
202606061800,202606150000,19.0,29.0
202606061800,202606160000,20.0,30.0
202606070600,202606110000,17.0,26.0
202606070600,202606120000,17.0,28.0
202606070600,202606130000,17.0,30.0
202606070600,202606140000,19.0,30.0
202606070600,202606150000,19.0,29.0
202606070600,202606160000,19.0,30.0
202606070600,202606170000,20.0,30.0
202606071800,202606120000,16.0,28.0
202606071800,202606130000,17.0,29.0
202606071800,202606140000,18.0,30.0
202606071800,202606150000,19.0,28.0
202606071800,202606160000,19.0,29.0
202606071800,202606170000,20.0,29.0
202606080600,202606120000,17.0,28.0
202606080600,202606130000,18.0,30.0
202606080600,202606140000,18.0,29.0
202606080600,202606150000,18.0,29.0
202606080600,202606160000,19.0,29.0
202606080600,202606170000,20.0,30.0
202606080600,202606180000,20.0,30.0
202606081800,202606130000,18.0,30.0
202606081800,202606140000,18.0,29.0
202606081800,202606150000,18.0,29.0
202606081800,202606160000,19.0,29.0
202606081800,202606170000,20.0,30.0
202606081800,202606180000,20.0,30.0
202606090600,202606130000,18.0,29.0
202606090600,202606140000,19.0,28.0
202606090600,202606150000,19.0,28.0
202606090600,202606160000,18.0,28.0
202606090600,202606170000,19.0,29.0
202606090600,202606180000,20.0,31.0
202606090600,202606190000,21.0,30.0
202606091800,202606140000,19.0,29.0
202606091800,202606150000,19.0,28.0
202606091800,202606160000,18.0,29.0
202606091800,202606170000,19.0,29.0
202606091800,202606180000,20.0,30.0
202606091800,202606190000,20.0,30.0
202606100600,202606140000,19.0,29.0
202606100600,202606150000,19.0,28.0
202606100600,202606160000,18.0,29.0
202606100600,202606170000,19.0,29.0
202606100600,202606180000,20.0,30.0
202606100600,202606190000,20.0,30.0
202606100600,202606200000,20.0,30.0
202606101800,202606150000,19.0,29.0
202606101800,202606160000,19.0,29.0
202606101800,202606170000,19.0,30.0
202606101800,202606180000,20.0,29.0
202606101800,202606190000,20.0,30.0
202606101800,202606200000,21.0,30.0
202606110600,202606150000,20.0,30.0
202606110600,202606160000,19.0,30.0
202606110600,202606170000,19.0,30.0
202606110600,202606180000,20.0,30.0
202606110600,202606190000,21.0,29.0
202606110600,202606200000,21.0,31.0
202606110600,202606210000,22.0,32.0
202606111800,202606160000,20.0,31.0
202606111800,202606170000,20.0,31.0
202606111800,202606180000,20.0,30.0
202606111800,202606190000,21.0,29.0
202606111800,202606200000,21.0,30.0
202606111800,202606210000,22.0,32.0
202606120600,202606160000,20.0,31.0
202606120600,202606170000,20.0,32.0
202606120600,202606180000,21.0,31.0
202606120600,202606190000,21.0,30.0
202606120600,202606200000,21.0,31.0
202606120600,202606210000,21.0,31.0
202606120600,202606220000,22.0,31.0
202606121800,202606170000,20.0,32.0
202606121800,202606180000,21.0,31.0
202606121800,202606190000,21.0,32.0
202606121800,202606200000,21.0,31.0
202606121800,202606210000,21.0,30.0
202606121800,202606220000,22.0,31.0
202606130600,202606170000,21.0,32.0
202606130600,202606180000,21.0,31.0
202606130600,202606190000,22.0,32.0
202606130600,202606200000,22.0,32.0
202606130600,202606210000,22.0,30.0
202606130600,202606220000,21.0,30.0
202606130600,202606230000,21.0,30.0
202606131800,202606180000,21.0,32.0
202606131800,202606190000,21.0,32.0
202606131800,202606200000,21.0,32.0
202606131800,202606210000,22.0,31.0
202606131800,202606220000,21.0,30.0
202606131800,202606230000,22.0,31.0
202606140600,202606180000,22.0,32.0
202606140600,202606190000,22.0,32.0
202606140600,202606200000,22.0,33.0
202606140600,202606210000,23.0,32.0
202606140600,202606220000,22.0,30.0
202606140600,202606230000,21.0,31.0
202606140600,202606240000,22.0,30.0
202606141800,202606190000,21.0,32.0
202606141800,202606200000,21.0,32.0
202606141800,202606210000,22.0,33.0
202606141800,202606220000,22.0,30.0
202606141800,202606230000,21.0,28.0
202606141800,202606240000,22.0,29.0
202606150600,202606190000,21.0,32.0
202606150600,202606200000,21.0,32.0
202606150600,202606210000,22.0,32.0
202606150600,202606220000,21.0,30.0
202606150600,202606230000,20.0,29.0
202606150600,202606240000,21.0,29.0
202606150600,202606250000,21.0,29.0
202606151800,202606200000,22.0,31.0
202606151800,202606210000,22.0,31.0
202606151800,202606220000,21.0,30.0
202606151800,202606230000,20.0,29.0
202606151800,202606240000,20.0,28.0
202606151800,202606250000,20.0,28.0
202606160600,202606200000,22.0,31.0
202606160600,202606210000,22.0,31.0
202606160600,202606220000,21.0,30.0
202606160600,202606230000,20.0,29.0
202606160600,202606240000,20.0,28.0
202606160600,202606250000,20.0,28.0
202606160600,202606260000,19.0,29.0
202606161800,202606210000,21.0,30.0
202606161800,202606220000,20.0,29.0
202606161800,202606230000,19.0,30.0
202606161800,202606240000,19.0,29.0
202606161800,202606250000,19.0,28.0
202606161800,202606260000,19.0,30.0
202606170600,202606210000,21.0,30.0
202606170600,202606220000,19.0,29.0
202606170600,202606230000,18.0,30.0
202606170600,202606240000,18.0,29.0
202606170600,202606250000,18.0,29.0
202606170600,202606260000,19.0,30.0
202606170600,202606270000,19.0,28.0
202606171800,202606220000,20.0,28.0
202606171800,202606230000,19.0,29.0
202606171800,202606240000,18.0,29.0
202606171800,202606250000,18.0,30.0
202606171800,202606260000,19.0,29.0
202606171800,202606270000,19.0,28.0
202606180600,202606220000,19.0,27.0
202606180600,202606230000,19.0,28.0
202606180600,202606240000,18.0,29.0
202606180600,202606250000,18.0,29.0
202606180600,202606260000,19.0,29.0
202606180600,202606270000,20.0,29.0
202606180600,202606280000,20.0,28.0
202606181800,202606230000,19.0,29.0
202606181800,202606240000,19.0,28.0
202606181800,202606250000,19.0,29.0
202606181800,202606260000,19.0,28.0
202606181800,202606270000,20.0,28.0
202606181800,202606280000,20.0,29.0
202606190600,202606230000,19.0,29.0
202606190600,202606240000,19.0,29.0
202606190600,202606250000,19.0,29.0
202606190600,202606260000,19.0,29.0
202606190600,202606270000,20.0,29.0
202606190600,202606280000,20.0,29.0
202606190600,202606290000,21.0,29.0
202606191800,202606240000,19.0,29.0
202606191800,202606250000,19.0,29.0
202606191800,202606260000,19.0,29.0
202606191800,202606270000,19.0,29.0
202606191800,202606280000,20.0,29.0
202606191800,202606290000,21.0,30.0
202606200600,202606240000,19.0,29.0
202606200600,202606250000,19.0,29.0
202606200600,202606260000,19.0,29.0
202606200600,202606270000,19.0,29.0
202606200600,202606280000,20.0,29.0
202606200600,202606290000,21.0,30.0
202606200600,202606300000,21.0,30.0
202606201800,202606250000,19.0,29.0
202606201800,202606260000,19.0,29.0
202606201800,202606270000,20.0,29.0
202606201800,202606280000,20.0,28.0
202606201800,202606290000,21.0,29.0
202606201800,202606300000,21.0,31.0
202606210600,202606250000,19.0,30.0
202606210600,202606260000,19.0,30.0
202606210600,202606270000,20.0,29.0
202606210600,202606280000,20.0,29.0
202606210600,202606290000,21.0,29.0
202606210600,202606300000,22.0,30.0
202606210600,202607010000,22.0,28.0
202606211800,202606260000,20.0,30.0
202606211800,202606270000,20.0,29.0
202606211800,202606280000,20.0,30.0
202606211800,202606290000,21.0,29.0
202606211800,202606300000,21.0,30.0
202606211800,202607010000,22.0,30.0
202606220600,202606260000,19.0,29.0
202606220600,202606270000,19.0,29.0
202606220600,202606280000,20.0,29.0
202606220600,202606290000,20.0,29.0
202606220600,202606300000,21.0,29.0
202606220600,202607010000,22.0,30.0
202606220600,202607020000,22.0,29.0
202606221800,202606270000,19.0,30.0
202606221800,202606280000,20.0,29.0
202606221800,202606290000,21.0,29.0
202606221800,202606300000,21.0,29.0
202606221800,202607010000,22.0,28.0
202606221800,202607020000,22.0,29.0
202606230600,202606270000,19.0,29.0
202606230600,202606280000,20.0,29.0
202606230600,202606290000,20.0,30.0
202606230600,202606300000,21.0,30.0
202606230600,202607010000,22.0,30.0
202606230600,202607020000,23.0,30.0
202606230600,202607030000,23.0,28.0
202606231800,202606280000,20.0,30.0
202606231800,202606290000,21.0,31.0
202606231800,202606300000,21.0,31.0
202606231800,202607010000,22.0,30.0
202606231800,202607020000,22.0,30.0
202606231800,202607030000,22.0,28.0
202606240600,202606280000,20.0,31.0
202606240600,202606290000,20.0,31.0
202606240600,202606300000,21.0,31.0
202606240600,202607010000,21.0,31.0
202606240600,202607020000,22.0,29.0
202606240600,202607030000,23.0,28.0
202606240600,202607040000,23.0,29.0
202606241800,202606290000,20.0,31.0
202606241800,202606300000,20.0,31.0
202606241800,202607010000,21.0,31.0
202606241800,202607020000,22.0,28.0
202606241800,202607030000,22.0,28.0
202606241800,202607040000,23.0,28.0
202606250600,202606290000,20.0,31.0
202606250600,202606300000,20.0,31.0
202606250600,202607010000,21.0,31.0
202606250600,202607020000,22.0,28.0
202606250600,202607030000,22.0,28.0
202606250600,202607040000,23.0,28.0
202606250600,202607050000,22.0,28.0
202606251800,202606300000,20.0,31.0
202606251800,202607010000,21.0,30.0
202606251800,202607020000,21.0,31.0
202606251800,202607030000,22.0,28.0
202606251800,202607040000,22.0,29.0
202606251800,202607050000,22.0,30.0
202606260600,202606300000,20.0,31.0
202606260600,202607010000,21.0,30.0
202606260600,202607020000,21.0,31.0
202606260600,202607030000,22.0,29.0
202606260600,202607040000,21.0,28.0
202606260600,202607050000,22.0,29.0
202606260600,202607060000,22.0,29.0
202606261800,202607010000,21.0,31.0
202606261800,202607020000,21.0,31.0
202606261800,202607030000,21.0,30.0
202606261800,202607040000,22.0,29.0
202606261800,202607050000,22.0,29.0
202606261800,202607060000,22.0,28.0
202606270600,202607010000,21.0,31.0
202606270600,202607020000,21.0,31.0
202606270600,202607030000,21.0,30.0
202606270600,202607040000,22.0,29.0
202606270600,202607050000,22.0,29.0
202606270600,202607060000,22.0,28.0
202606270600,202607070000,23.0,29.0
202606271800,202607020000,21.0,30.0
202606271800,202607030000,22.0,29.0
202606271800,202607040000,21.0,29.0
202606271800,202607050000,22.0,28.0
202606271800,202607060000,22.0,28.0
202606271800,202607070000,23.0,28.0
202606280600,202607020000,22.0,31.0
202606280600,202607030000,22.0,30.0
202606280600,202607040000,22.0,30.0
202606280600,202607050000,22.0,29.0
202606280600,202607060000,22.0,28.0
202606280600,202607070000,23.0,27.0
202606280600,202607080000,23.0,29.0
202606281800,202607030000,22.0,30.0
202606281800,202607040000,22.0,29.0
202606281800,202607050000,22.0,30.0
202606281800,202607060000,23.0,28.0
202606281800,202607070000,22.0,28.0
202606281800,202607080000,22.0,28.0
202606290600,202607030000,22.0,30.0
202606290600,202607040000,22.0,29.0
202606290600,202607050000,22.0,30.0
202606290600,202607060000,23.0,28.0
202606290600,202607070000,22.0,28.0
202606290600,202607080000,22.0,28.0
202606290600,202607090000,23.0,29.0
202606291800,202607040000,22.0,30.0
202606291800,202607050000,22.0,30.0
202606291800,202607060000,22.0,28.0
202606291800,202607070000,22.0,28.0
202606291800,202607080000,22.0,29.0
202606291800,202607090000,22.0,29.0
202606300600,202607040000,23.0,30.0
202606300600,202607050000,23.0,30.0
202606300600,202607060000,23.0,28.0
202606300600,202607070000,22.0,28.0
202606300600,202607080000,23.0,29.0
202606300600,202607090000,23.0,29.0
202606300600,202607100000,24.0,29.0
202606301800,202607050000,23.0,30.0
202606301800,202607060000,23.0,29.0
202606301800,202607070000,22.0,28.0
202606301800,202607080000,23.0,29.0
202606301800,202607090000,23.0,30.0
202606301800,202607100000,24.0,29.0
202607010600,202607050000,23.0,30.0
202607010600,202607060000,23.0,28.0
202607010600,202607070000,22.0,28.0
202607010600,202607080000,23.0,29.0
202607010600,202607090000,23.0,29.0
202607010600,202607100000,24.0,30.0
202607010600,202607110000,24.0,30.0
202607011800,202607060000,23.0,28.0
202607011800,202607070000,23.0,29.0
202607011800,202607080000,22.0,29.0
202607011800,202607090000,23.0,30.0
202607011800,202607100000,23.0,31.0
202607011800,202607110000,24.0,31.0
202607020600,202607060000,23.0,28.0
202607020600,202607070000,23.0,29.0
202607020600,202607080000,23.0,29.0
202607020600,202607090000,23.0,30.0
202607020600,202607100000,23.0,31.0
202607020600,202607110000,24.0,31.0
202607020600,202607120000,24.0,31.0
202607021800,202607070000,23.0,28.0
202607021800,202607080000,23.0,28.0
202607021800,202607090000,23.0,29.0
202607021800,202607100000,23.0,30.0
202607021800,202607110000,23.0,32.0
202607021800,202607120000,24.0,31.0
202607030600,202607070000,23.0,27.0
202607030600,202607080000,23.0,28.0
202607030600,202607090000,23.0,28.0
202607030600,202607100000,23.0,31.0
202607030600,202607110000,24.0,32.0
202607030600,202607120000,25.0,31.0
202607030600,202607130000,24.0,29.0
202607031800,202607080000,23.0,29.0
202607031800,202607090000,23.0,28.0
202607031800,202607100000,23.0,30.0
202607031800,202607110000,24.0,32.0
202607031800,202607120000,25.0,32.0
202607031800,202607130000,24.0,29.0
202607040600,202607080000,24.0,28.0
202607040600,202607090000,23.0,27.0
202607040600,202607100000,23.0,30.0
202607040600,202607110000,24.0,32.0
202607040600,202607120000,24.0,32.0
202607040600,202607130000,24.0,30.0
202607040600,202607140000,24.0,29.0
202607041800,202607090000,23.0,27.0
202607041800,202607100000,23.0,30.0
202607041800,202607110000,24.0,32.0
202607041800,202607120000,24.0,32.0
202607041800,202607130000,24.0,30.0
202607041800,202607140000,24.0,30.0
202607050600,202607090000,23.0,27.0
202607050600,202607100000,23.0,29.0
202607050600,202607110000,25.0,31.0
202607050600,202607120000,25.0,32.0
202607050600,202607130000,25.0,32.0
202607050600,202607140000,24.0,31.0
202607050600,202607150000,24.0,29.0
202607051800,202607100000,23.0,29.0
202607051800,202607110000,24.0,31.0
202607051800,202607120000,25.0,32.0
202607051800,202607130000,25.0,32.0
202607051800,202607140000,24.0,32.0
202607051800,202607150000,24.0,32.0
202607060600,202607100000,23.0,29.0
202607060600,202607110000,25.0,32.0
202607060600,202607120000,25.0,33.0
202607060600,202607130000,25.0,32.0
202607060600,202607140000,25.0,32.0
202607060600,202607150000,24.0,32.0
202607060600,202607160000,23.0,31.0
202607061800,202607110000,24.0,31.0
202607061800,202607120000,24.0,32.0
202607061800,202607130000,25.0,32.0
202607061800,202607140000,25.0,31.0
202607061800,202607150000,24.0,31.0
202607061800,202607160000,24.0,30.0
202607070600,202607110000,24.0,32.0
202607070600,202607120000,25.0,33.0
202607070600,202607130000,25.0,33.0
202607070600,202607140000,25.0,31.0
202607070600,202607150000,24.0,31.0
202607070600,202607160000,24.0,30.0
202607070600,202607170000,23.0,30.0
202607071800,202607120000,25.0,32.0
202607071800,202607130000,25.0,31.0
202607071800,202607140000,25.0,30.0
202607071800,202607150000,24.0,29.0
202607071800,202607160000,23.0,30.0
202607071800,202607170000,23.0,31.0
202607080600,202607120000,25.0,32.0
202607080600,202607130000,25.0,31.0
202607080600,202607140000,25.0,30.0
202607080600,202607150000,24.0,29.0
202607080600,202607160000,24.0,29.0
202607080600,202607170000,23.0,30.0
202607080600,202607180000,23.0,30.0
202607081800,202607130000,25.0,31.0
202607081800,202607140000,25.0,30.0
202607081800,202607150000,25.0,29.0
202607081800,202607160000,24.0,30.0
202607081800,202607170000,23.0,30.0
202607081800,202607180000,23.0,30.0
202607090600,202607130000,25.0,33.0
202607090600,202607140000,25.0,32.0
202607090600,202607150000,25.0,29.0
202607090600,202607160000,23.0,30.0
202607090600,202607170000,23.0,31.0
202607090600,202607180000,23.0,31.0
202607090600,202607190000,23.0,30.0
202607091800,202607140000,25.0,32.0
202607091800,202607150000,25.0,28.0
202607091800,202607160000,23.0,31.0
202607091800,202607170000,23.0,31.0
202607091800,202607180000,23.0,30.0
202607091800,202607190000,24.0,30.0
202607100600,202607140000,26.0,31.0
202607100600,202607150000,25.0,27.0
202607100600,202607160000,23.0,31.0
202607100600,202607170000,22.0,32.0
202607100600,202607180000,23.0,30.0
202607100600,202607190000,23.0,29.0
202607100600,202607200000,23.0,30.0
202607101800,202607150000,25.0,28.0
202607101800,202607160000,23.0,31.0
202607101800,202607170000,23.0,32.0
202607101800,202607180000,24.0,30.0
202607101800,202607190000,24.0,29.0
202607101800,202607200000,24.0,30.0
202607110600,202607150000,24.0,28.0
202607110600,202607160000,23.0,31.0
202607110600,202607170000,23.0,33.0
202607110600,202607180000,23.0,31.0
202607110600,202607190000,24.0,28.0
202607110600,202607200000,24.0,29.0
202607110600,202607210000,23.0,31.0
202607111800,202607160000,23.0,32.0
202607111800,202607170000,23.0,31.0
202607111800,202607180000,24.0,30.0
202607111800,202607190000,24.0,28.0
202607111800,202607200000,24.0,30.0
202607111800,202607210000,23.0,31.0
202607120600,202607160000,22.0,32.0
202607120600,202607170000,22.0,33.0
202607120600,202607180000,24.0,31.0
202607120600,202607190000,24.0,29.0
202607120600,202607200000,24.0,31.0
202607120600,202607210000,24.0,31.0
202607120600,202607220000,24.0,31.0
202607121800,202607170000,23.0,32.0
202607121800,202607180000,23.0,31.0
202607121800,202607190000,24.0,29.0
202607121800,202607200000,24.0,31.0
202607121800,202607210000,24.0,31.0
202607121800,202607220000,24.0,31.0
202607130600,202607170000,23.0,30.0
202607130600,202607180000,23.0,30.0
202607130600,202607190000,24.0,28.0
202607130600,202607200000,24.0,30.0
202607130600,202607210000,24.0,31.0
202607130600,202607220000,24.0,31.0
202607130600,202607230000,24.0,31.0
202607131800,202607180000,24.0,30.0
202607131800,202607190000,23.0,28.0
202607131800,202607200000,24.0,30.0
202607131800,202607210000,24.0,32.0
202607131800,202607220000,24.0,31.0
202607131800,202607230000,24.0,30.0
202607140600,202607180000,24.0,30.0
202607140600,202607190000,23.0,30.0
202607140600,202607200000,24.0,31.0
202607140600,202607210000,24.0,32.0
202607140600,202607220000,24.0,32.0
202607140600,202607230000,24.0,32.0
202607140600,202607240000,24.0,32.0
202607141800,202607190000,23.0,30.0
202607141800,202607200000,24.0,31.0
202607141800,202607210000,24.0,32.0
202607141800,202607220000,24.0,32.0
202607141800,202607230000,23.0,31.0
202607141800,202607240000,24.0,32.0
202607150600,202607190000,24.0,28.0
202607150600,202607200000,24.0,30.0
202607150600,202607210000,24.0,32.0
202607150600,202607220000,24.0,32.0
202607150600,202607230000,24.0,31.0
202607150600,202607240000,24.0,31.0
202607150600,202607250000,24.0,30.0
202607151800,202607200000,24.0,30.0
202607151800,202607210000,24.0,32.0
202607151800,202607220000,24.0,32.0
202607151800,202607230000,24.0,31.0
202607151800,202607240000,24.0,30.0
202607151800,202607250000,24.0,31.0
202607160600,202607200000,24.0,30.0
202607160600,202607210000,24.0,32.0
202607160600,202607220000,24.0,32.0
202607160600,202607230000,24.0,30.0
202607160600,202607240000,24.0,30.0
202607160600,202607250000,24.0,31.0
202607160600,202607260000,24.0,32.0
202607161800,202607210000,24.0,31.0
202607161800,202607220000,25.0,32.0
202607161800,202607230000,25.0,30.0
202607161800,202607240000,24.0,30.0
202607161800,202607250000,24.0,31.0
202607161800,202607260000,24.0,32.0
202607170600,202607210000,23.0,31.0
202607170600,202607220000,24.0,31.0
202607170600,202607230000,24.0,30.0
202607170600,202607240000,24.0,30.0
202607170600,202607250000,24.0,31.0
202607170600,202607260000,25.0,32.0
202607170600,202607270000,24.0,32.0
202607171800,202607220000,24.0,31.0
202607171800,202607230000,24.0,30.0
202607171800,202607240000,24.0,30.0
202607171800,202607250000,24.0,31.0
202607171800,202607260000,25.0,32.0
202607171800,202607270000,24.0,32.0
202607180600,202607220000,24.0,31.0
202607180600,202607230000,24.0,30.0
202607180600,202607240000,24.0,29.0
202607180600,202607250000,24.0,30.0
202607180600,202607260000,25.0,31.0
202607180600,202607270000,24.0,32.0
202607180600,202607280000,24.0,33.0
202607181800,202607230000,24.0,29.0
202607181800,202607240000,24.0,30.0
202607181800,202607250000,24.0,30.0
202607181800,202607260000,24.0,31.0
202607181800,202607270000,24.0,32.0
202607181800,202607280000,24.0,32.0
202607190600,202607230000,24.0,29.0
202607190600,202607240000,24.0,30.0
202607190600,202607250000,24.0,30.0
202607190600,202607260000,24.0,31.0
202607190600,202607270000,24.0,32.0
202607190600,202607280000,25.0,32.0
202607190600,202607290000,25.0,33.0
202607191800,202607240000,24.0,28.0
202607191800,202607250000,24.0,30.0
202607191800,202607260000,24.0,31.0
202607191800,202607270000,24.0,32.0
202607191800,202607280000,25.0,32.0
202607191800,202607290000,25.0,32.0
202607200600,202607240000,24.0,28.0
202607200600,202607250000,24.0,29.0
202607200600,202607260000,24.0,30.0
202607200600,202607270000,24.0,31.0
202607200600,202607280000,25.0,32.0
202607200600,202607290000,25.0,32.0
202607200600,202607300000,24.0,33.0
202607201800,202607250000,24.0,29.0
202607201800,202607260000,24.0,30.0
202607201800,202607270000,24.0,31.0
202607201800,202607280000,24.0,32.0
202607201800,202607290000,24.0,32.0
202607201800,202607300000,25.0,32.0
202607210600,202607250000,24.0,29.0
202607210600,202607260000,24.0,30.0
202607210600,202607270000,24.0,31.0
202607210600,202607280000,24.0,32.0
202607210600,202607290000,24.0,32.0
202607210600,202607300000,25.0,32.0
202607210600,202607310000,25.0,33.0
202607211800,202607260000,24.0,29.0
202607211800,202607270000,23.0,30.0
202607211800,202607280000,24.0,31.0
202607211800,202607290000,24.0,31.0
202607211800,202607300000,24.0,31.0
202607211800,202607310000,24.0,32.0
202607220600,202607260000,24.0,28.0
202607220600,202607270000,24.0,29.0
202607220600,202607280000,24.0,31.0
202607220600,202607290000,24.0,31.0
202607220600,202607300000,24.0,32.0
202607220600,202607310000,25.0,32.0
202607220600,202608010000,25.0,32.0
202607221800,202607270000,24.0,29.0
202607221800,202607280000,24.0,30.0
202607221800,202607290000,24.0,31.0
202607221800,202607300000,24.0,32.0
202607221800,202607310000,24.0,32.0
202607221800,202608010000,24.0,32.0
202607230600,202607270000,24.0,29.0
202607230600,202607280000,24.0,30.0
202607230600,202607290000,24.0,31.0
202607230600,202607300000,24.0,32.0
202607230600,202607310000,24.0,32.0
202607230600,202608010000,24.0,32.0
202607230600,202608020000,24.0,33.0
202607231800,202607280000,25.0,31.0
202607231800,202607290000,25.0,32.0
202607231800,202607300000,25.0,32.0
202607231800,202607310000,25.0,32.0
202607231800,202608010000,24.0,32.0
202607231800,202608020000,24.0,33.0
202607240600,202607280000,25.0,31.0
202607240600,202607290000,25.0,32.0
202607240600,202607300000,25.0,32.0
202607240600,202607310000,25.0,33.0
202607240600,202608010000,25.0,33.0
202607240600,202608020000,25.0,33.0
202607240600,202608030000,25.0,34.0
202607241800,202607290000,25.0,33.0
202607241800,202607300000,25.0,33.0
202607241800,202607310000,25.0,33.0
202607241800,202608010000,25.0,33.0
202607241800,202608020000,25.0,34.0
202607241800,202608030000,26.0,34.0
202607250600,202607290000,25.0,33.0
202607250600,202607300000,25.0,33.0
202607250600,202607310000,25.0,33.0
202607250600,202608010000,25.0,33.0
202607250600,202608020000,25.0,34.0
202607250600,202608030000,26.0,34.0
202607250600,202608040000,25.0,34.0
202607251800,202607300000,25.0,33.0
202607251800,202607310000,25.0,33.0
202607251800,202608010000,25.0,33.0
202607251800,202608020000,25.0,34.0
202607251800,202608030000,26.0,34.0
202607251800,202608040000,25.0,34.0
202607260600,202607300000,25.0,33.0
202607260600,202607310000,25.0,33.0
202607260600,202608010000,25.0,33.0
202607260600,202608020000,25.0,34.0
202607260600,202608030000,26.0,34.0
202607260600,202608040000,25.0,34.0
202607260600,202608050000,25.0,34.0
202607261800,202607310000,25.0,33.0
202607261800,202608010000,25.0,33.0
202607261800,202608020000,25.0,34.0
202607261800,202608030000,26.0,34.0
202607261800,202608040000,25.0,34.0
202607261800,202608050000,25.0,34.0
202607270600,202607310000,25.0,33.0
202607270600,202608010000,25.0,33.0
202607270600,202608020000,25.0,34.0
202607270600,202608030000,25.0,34.0
202607270600,202608040000,25.0,35.0
202607270600,202608050000,25.0,34.0
202607270600,202608060000,25.0,34.0
202607271800,202608010000,26.0,33.0
202607271800,202608020000,25.0,34.0
202607271800,202608030000,25.0,34.0
202607271800,202608040000,26.0,35.0
202607271800,202608050000,26.0,35.0
202607271800,202608060000,25.0,35.0
202607280600,202608010000,26.0,33.0
202607280600,202608020000,25.0,34.0
202607280600,202608030000,25.0,35.0
202607280600,202608040000,26.0,35.0
202607280600,202608050000,26.0,35.0
202607280600,202608060000,25.0,35.0
202607280600,202608070000,25.0,35.0
202607281800,202608020000,25.0,34.0
202607281800,202608030000,25.0,35.0
202607281800,202608040000,26.0,35.0
202607281800,202608050000,26.0,36.0
202607281800,202608060000,26.0,36.0
202607281800,202608070000,25.0,35.0
202607290600,202608020000,25.0,34.0
202607290600,202608030000,25.0,35.0
202607290600,202608040000,25.0,36.0
202607290600,202608050000,25.0,36.0
202607290600,202608060000,25.0,36.0
202607290600,202608070000,25.0,35.0
202607290600,202608080000,25.0,35.0
202607291800,202608030000,25.0,35.0
202607291800,202608040000,26.0,36.0
202607291800,202608050000,27.0,37.0
202607291800,202608060000,26.0,36.0
202607291800,202608070000,26.0,36.0
202607291800,202608080000,26.0,36.0
202607300600,202608030000,26.0,35.0
202607300600,202608040000,26.0,36.0
202607300600,202608050000,27.0,37.0
202607300600,202608060000,26.0,36.0
202607300600,202608070000,26.0,36.0
202607300600,202608080000,26.0,36.0
202607300600,202608090000,26.0,36.0
202607301800,202608040000,27.0,37.0
202607301800,202608050000,27.0,37.0
202607301800,202608060000,26.0,37.0
202607301800,202608070000,27.0,36.0
202607301800,202608080000,27.0,36.0
202607301800,202608090000,26.0,36.0
202607310600,202608040000,27.0,37.0
202607310600,202608050000,27.0,37.0
202607310600,202608060000,26.0,37.0
202607310600,202608070000,27.0,36.0
202607310600,202608080000,27.0,36.0
202607310600,202608090000,26.0,36.0
202607310600,202608100000,26.0,36.0
202607311800,202608050000,27.0,37.0
202607311800,202608060000,26.0,37.0
202607311800,202608070000,27.0,36.0
202607311800,202608080000,27.0,36.0
202607311800,202608090000,26.0,36.0
202607311800,202608100000,26.0,36.0
202608010600,202608050000,27.0,37.0
202608010600,202608060000,26.0,37.0
202608010600,202608070000,27.0,36.0
202608010600,202608080000,27.0,36.0
202608010600,202608090000,26.0,36.0
202608010600,202608100000,26.0,36.0
202608010600,202608110000,26.0,35.0
202608011800,202608060000,26.0,37.0
202608011800,202608070000,27.0,36.0
202608011800,202608080000,27.0,36.0
202608011800,202608090000,26.0,36.0
202608011800,202608100000,26.0,36.0
202608011800,202608110000,26.0,35.0
202608020600,202608060000,26.0,37.0
202608020600,202608070000,27.0,36.0
202608020600,202608080000,27.0,36.0
202608020600,202608090000,26.0,36.0
202608020600,202608100000,26.0,36.0
202608020600,202608110000,26.0,35.0
202608020600,202608120000,26.0,35.0
202608021800,202608070000,27.0,37.0
202608021800,202608080000,27.0,36.0
202608021800,202608090000,26.0,36.0
202608021800,202608100000,26.0,36.0
202608021800,202608110000,26.0,35.0
202608021800,202608120000,26.0,35.0
202608030600,202608070000,27.0,37.0
202608030600,202608080000,27.0,36.0
202608030600,202608090000,26.0,36.0
202608030600,202608100000,26.0,36.0
202608030600,202608110000,26.0,35.0
202608030600,202608120000,26.0,35.0
202608030600,202608130000,26.0,35.0
202608031800,202608080000,27.0,36.0
202608031800,202608090000,26.0,36.0
202608031800,202608100000,26.0,36.0
202608031800,202608110000,26.0,35.0
202608031800,202608120000,26.0,35.0
202608031800,202608130000,26.0,35.0
202608040600,202608080000,27.0,36.0
202608040600,202608090000,26.0,36.0
202608040600,202608100000,26.0,36.0
202608040600,202608110000,26.0,35.0
202608040600,202608120000,26.0,35.0
202608040600,202608130000,26.0,35.0
202608040600,202608140000,26.0,35.0
202608041800,202608090000,26.0,36.0
202608041800,202608100000,26.0,36.0
202608041800,202608110000,26.0,35.0
202608041800,202608120000,26.0,35.0
202608041800,202608130000,26.0,35.0
202608041800,202608140000,26.0,35.0
202608050600,202608090000,26.0,36.0
202608050600,202608100000,26.0,36.0
202608050600,202608110000,26.0,35.0
202608050600,202608120000,26.0,35.0
202608050600,202608130000,26.0,35.0
202608050600,202608140000,26.0,35.0
202608050600,202608150000,25.0,34.0
202608051800,202608100000,26.0,36.0
202608051800,202608110000,26.0,35.0
202608051800,202608120000,26.0,35.0
202608051800,202608130000,26.0,35.0
202608051800,202608140000,26.0,35.0
202608051800,202608150000,25.0,34.0
202608060600,202608100000,26.0,36.0
202608060600,202608110000,26.0,35.0
202608060600,202608120000,26.0,35.0
202608060600,202608130000,26.0,35.0
202608060600,202608140000,26.0,35.0
202608060600,202608150000,25.0,34.0
202608060600,202608160000,25.0,34.0
202608061800,202608110000,26.0,35.0
202608061800,202608120000,26.0,35.0
202608061800,202608130000,26.0,35.0
202608061800,202608140000,26.0,35.0
202608061800,202608150000,25.0,34.0
202608061800,202608160000,25.0,34.0
202608070600,202608110000,25.0,34.0
202608070600,202608120000,25.0,34.0
202608070600,202608130000,25.0,34.0
202608070600,202608140000,25.0,34.0
202608070600,202608150000,26.0,35.0
202608070600,202608160000,26.0,35.0
202608070600,202608170000,25.0,34.0
202608071800,202608120000,25.0,34.0
202608071800,202608130000,25.0,34.0
202608071800,202608140000,25.0,34.0
202608071800,202608150000,26.0,35.0
202608071800,202608160000,26.0,35.0
202608071800,202608170000,25.0,34.0
202608080600,202608120000,25.0,34.0
202608080600,202608130000,25.0,34.0
202608080600,202608140000,25.0,34.0
202608080600,202608150000,26.0,35.0
202608080600,202608160000,26.0,35.0
202608080600,202608170000,25.0,34.0
202608080600,202608180000,25.0,34.0
202608081800,202608130000,25.0,34.0
202608081800,202608140000,25.0,34.0
202608081800,202608150000,26.0,35.0
202608081800,202608160000,26.0,35.0
202608081800,202608170000,25.0,34.0
202608081800,202608180000,25.0,34.0
202608090600,202608130000,25.0,34.0
202608090600,202608140000,25.0,34.0
202608090600,202608150000,26.0,35.0
202608090600,202608160000,26.0,35.0
202608090600,202608170000,25.0,34.0
202608090600,202608180000,25.0,34.0
202608090600,202608190000,25.0,34.0
202608091800,202608140000,25.0,34.0
202608091800,202608150000,26.0,35.0
202608091800,202608160000,26.0,35.0
202608091800,202608170000,25.0,34.0
202608091800,202608180000,25.0,34.0
202608091800,202608190000,25.0,34.0
202608100600,202608140000,25.0,34.0
202608100600,202608150000,26.0,34.0
202608100600,202608160000,26.0,34.0
202608100600,202608170000,25.0,34.0
202608100600,202608180000,25.0,34.0
202608100600,202608190000,25.0,34.0
202608100600,202608200000,25.0,32.0
202608101800,202608150000,26.0,34.0
202608101800,202608160000,26.0,34.0
202608101800,202608170000,25.0,34.0
202608101800,202608180000,25.0,34.0
202608101800,202608190000,25.0,34.0
202608101800,202608200000,25.0,33.0
202608110600,202608150000,26.0,34.0
202608110600,202608160000,26.0,34.0
202608110600,202608170000,25.0,34.0
202608110600,202608180000,25.0,34.0
202608110600,202608190000,25.0,34.0
202608110600,202608200000,25.0,33.0
202608110600,202608210000,25.0,33.0
202608111800,202608160000,26.0,34.0
202608111800,202608170000,25.0,34.0
202608111800,202608180000,25.0,34.0
202608111800,202608190000,25.0,34.0
202608111800,202608200000,25.0,33.0
202608111800,202608210000,25.0,33.0
202608120600,202608160000,25.0,33.0
202608120600,202608170000,24.0,32.0
202608120600,202608180000,25.0,33.0
202608120600,202608190000,25.0,34.0
202608120600,202608200000,25.0,33.0
202608120600,202608210000,24.0,33.0
202608120600,202608220000,24.0,33.0
202608121800,202608170000,24.0,30.0
202608121800,202608180000,24.0,32.0
202608121800,202608190000,24.0,33.0
202608121800,202608200000,25.0,33.0
202608121800,202608210000,24.0,33.0
202608121800,202608220000,24.0,33.0
202608130600,202608170000,24.0,30.0
202608130600,202608180000,24.0,32.0
202608130600,202608190000,24.0,33.0
202608130600,202608200000,25.0,33.0
202608130600,202608210000,24.0,33.0
202608130600,202608220000,24.0,33.0
202608130600,202608230000,24.0,33.0
202608131800,202608180000,24.0,33.0
202608131800,202608190000,25.0,34.0
202608131800,202608200000,25.0,33.0
202608131800,202608210000,24.0,33.0
202608131800,202608220000,24.0,34.0
202608131800,202608230000,24.0,33.0
202608140600,202608180000,24.0,33.0
202608140600,202608190000,25.0,34.0
202608140600,202608200000,24.0,32.0
202608140600,202608210000,24.0,33.0
202608140600,202608220000,24.0,34.0
202608140600,202608230000,24.0,33.0
202608140600,202608240000,23.0,33.0
202608141800,202608190000,25.0,34.0
202608141800,202608200000,24.0,32.0
202608141800,202608210000,24.0,33.0
202608141800,202608220000,24.0,34.0
202608141800,202608230000,24.0,33.0
202608141800,202608240000,23.0,33.0
202608150600,202608190000,24.0,33.0
202608150600,202608200000,25.0,33.0
202608150600,202608210000,25.0,33.0
202608150600,202608220000,25.0,33.0
202608150600,202608230000,24.0,33.0
202608150600,202608240000,24.0,33.0
202608150600,202608250000,24.0,31.0
202608151800,202608200000,25.0,33.0
202608151800,202608210000,25.0,33.0
202608151800,202608220000,25.0,33.0
202608151800,202608230000,24.0,33.0
202608151800,202608240000,24.0,33.0
202608151800,202608250000,24.0,31.0
202608160600,202608200000,25.0,33.0
202608160600,202608210000,25.0,33.0
202608160600,202608220000,25.0,33.0
202608160600,202608230000,24.0,33.0
202608160600,202608240000,24.0,33.0
202608160600,202608250000,24.0,32.0
202608160600,202608260000,24.0,32.0
202608161800,202608210000,25.0,33.0
202608161800,202608220000,25.0,33.0
202608161800,202608230000,24.0,33.0
202608161800,202608240000,24.0,33.0
202608161800,202608250000,24.0,32.0
202608161800,202608260000,24.0,32.0
202608170600,202608210000,25.0,33.0
202608170600,202608220000,25.0,33.0
202608170600,202608230000,24.0,33.0
202608170600,202608240000,24.0,33.0
202608170600,202608250000,24.0,32.0
202608170600,202608260000,24.0,32.0
202608170600,202608270000,23.0,31.0
202608171800,202608220000,23.0,31.0
202608171800,202608230000,23.0,31.0
202608171800,202608240000,24.0,33.0
202608171800,202608250000,24.0,32.0
202608171800,202608260000,24.0,32.0
202608171800,202608270000,23.0,32.0
202608180600,202608220000,23.0,31.0
202608180600,202608230000,23.0,31.0
202608180600,202608240000,24.0,33.0
202608180600,202608250000,24.0,32.0
202608180600,202608260000,24.0,32.0
202608180600,202608270000,23.0,32.0
202608180600,202608280000,22.0,31.0
202608181800,202608230000,23.0,31.0
202608181800,202608240000,24.0,33.0
202608181800,202608250000,24.0,32.0
202608181800,202608260000,24.0,32.0
202608181800,202608270000,23.0,32.0
202608181800,202608280000,22.0,31.0
