0,1,2,3,4,5,6,7,8,9,10,11,12,13,14,15,16,17,18,19,20,21,22,23,24,25,26,27,28,29,30,31,32,33,34,35,36,37,38,39,40,41,42,43,44,45,46,47,48,49,50,51,52,53,54,55
20230101,108,2.7,2314,32,5.3,2135,29,8.1,1406,-0.2,3.8,1343,-4.3,2350,-8.7,-1.4,-8.1,54.5,28.0,1656,3.3,2.3,1.6,-9.0,1019.8,1030.8,1033.2,2253,1028.6,137,1.3,9.0,9.6,-9.0,10.81,1.87,1200,-9.0,-9.0,-9.0,-9.0,-9,-9.0,-9,-9.0,-9,-9.0,-9,-9.0,-9,2.8,6.3,10.1,15.9,18.0
20230102,108,2.5,2176,29,4.4,1307,25,7.4,1501,-4.5,-0.4,1525,-7.4,804,-14.6,-4.2,-13.4,45.9,32.0,1543,2.0,1.9,1.3,-9.0,1021.0,1032.2,1034.0,1005,1030.3,1521,0.0,9.1,9.6,-9.0,11.63,1.99,1200,-9.0,-9.0,-9.0,-9.0,-9,-9.0,-9,-9.0,-9,-9.0,-9,-9.0,-9,2.7,6.2,9.9,15.8,17.9
20230103,108,1.8,1542,32,3.9,1304,29,6.7,1459,-5.0,0.6,1555,-9.0,551,-14.6,-4.8,-16.4,49.0,27.0,1416,2.0,1.9,1.3,-9.0,1019.5,1030.7,1032.1,306,1028.7,1500,0.0,9.1,9.7,-9.0,11.77,2.0,1200,-9.0,-9.0,-9.0,-9.0,-9,-9.0,-9,-9.0,-9,-9.0,-9,-9.0,-9,2.6,6.1,9.8,15.7,17.9
20230104,108,1.9,1644,29,4.2,1238,32,7.2,1256,-1.8,3.3,1510,-5.7,229,-10.7,-2.9,-13.9,51.4,34.0,1517,2.7,2.1,1.5,-9.0,1019.5,1030.5,1031.5,1014,1029.5,1459,1.9,8.7,9.7,-9.0,10.89,1.91,1200,-9.0,-9.0,-9.0,-9.0,-9,-9.0,-9,-9.0,-9,-9.0,-9,-9.0,-9,2.5,6.0,9.7,15.6,17.9
20230105,108,1.6,1386,20,3.2,1558,23,5.6,1553,-1.6,3.6,1536,-5.6,749,-8.9,-3.3,-12.5,58.1,39.0,1554,3.1,1.2,0.9,-9.0,1019.6,1030.6,1032.3,945,1029.2,2059,3.6,4.7,9.7,-9.0,6.09,1.06,1100,-9.0,-9.0,-9.0,-9.0,-9,-9.0,-9,-9.0,-9,-9.0,-9,-9.0,-9,2.4,5.9,9.5,15.5,17.8
20230106,108,2.2,1884,5,4.1,1923,7,6.9,1918,0.6,5.7,1414,-4.7,816,-4.1,-1.7,-11.0,71.9,48.0,1406,4.6,1.4,1.0,-9.0,1011.1,1021.9,1029.6,1,1014.3,2327,5.8,7.1,9.7,-9.0,8.78,1.66,1100,3.9,4.0,4.78,-9.0,-9,-9.0,-9,-9.0,-9,3.6,2320,3.6,2320,2.3,5.7,9.4,15.4,17.8
20230107,108,2.2,1885,27,4.4,644,27,8.3,727,1.5,3.8,1336,-1.4,2354,-1.5,0.5,-7.9,80.9,64.0,1617,5.5,0.9,0.6,2.48,1008.7,1019.5,1023.8,2220,1013.6,105,5.6,1.0,9.7,-9.0,4.78,1.16,1300,0.1,-9.0,1.42,-9.0,-9,-9.0,-9,-9.0,-9,-9.0,-9,3.6,1,2.3,5.6,9.3,15.3,17.7
20230108,108,1.7,1481,5,3.0,1909,5,4.8,1924,1.3,6.3,1522,-3.7,800,-4.0,-0.2,-9.5,69.3,46.0,1536,4.6,1.8,1.2,-9.0,1013.9,1024.7,1026.6,941,1023.2,1522,3.0,7.1,9.7,-9.0,9.37,1.71,1200,-9.0,-9.0,-9.0,-9.0,-9,-9.0,-9,-9.0,-9,-9.0,-9,-9.0,-9,2.3,5.5,9.2,15.2,17.7
20230109,108,2.3,1994,25,4.7,1358,20,8.6,1357,3.1,7.0,1238,-1.3,2400,-3.9,1.4,-7.7,60.1,43.0,1243,4.7,2.2,1.5,-9.0,1013.8,1024.6,1028.6,2334,1022.2,413,3.3,7.8,9.7,-9.0,10.53,1.89,1200,-9.0,-9.0,-9.0,-9.0,-9,-9.0,-9,-9.0,-9,-9.0,-9,-9.0,-9,2.3,5.5,9.1,15.1,17.7
20230110,108,1.5,1333,2,2.7,521,5,4.4,1103,1.6,9.1,1530,-3.9,724,-5.7,0.2,-9.3,59.9,39.0,1505,4.0,2.1,1.5,-9.0,1017.6,1028.4,1030.6,947,1026.6,1654,1.4,8.8,9.8,-9.0,11.33,1.95,1200,-9.0,-9.0,-9.0,-9.0,-9,-9.0,-9,-9.0,-9,-9.0,-9,-9.0,-9,2.3,5.4,9.0,15.0,17.6
20230111,108,1.6,1347,27,3.3,1441,27,5.6,1436,2.6,9.2,1410,-2.0,802,-4.5,0.5,-8.3,61.9,30.0,1521,4.4,2.3,1.6,-9.0,1015.0,1025.8,1028.2,936,1023.9,2023,1.4,8.8,9.8,-9.0,10.86,1.88,1200,-9.0,-9.0,-9.0,-9.0,-9,-9.0,-9,-9.0,-9,-9.0,-9,-9.0,-9,2.3,5.3,8.9,14.9,17.6
20230112,108,2.2,1902,5,3.4,2030,7,5.7,2352,5.9,12.5,1600,-0.6,645,-5.4,1.1,-5.2,46.6,25.0,1524,4.1,3.0,2.1,-9.0,1011.3,1021.9,1025.0,202,1017.7,2358,1.8,9.0,9.8,-9.0,10.88,1.86,1200,0.0,35.6,0.92,-9.0,-9,-9.0,-9,-9.0,-9,-9.0,-9,-9.0,-9,2.3,5.3,8.8,14.8,17.5
20230113,108,2.5,2117,5,6.3,529,7,9.8,529,8.3,10.1,1628,5.1,225,8.1,3.2,3.4,99.1,47.0,1,10.8,0.4,0.3,6.17,1000.5,1010.9,1017.7,1,1007.7,1333,10.0,0.0,9.8,-9.0,1.11,0.19,1400,37.3,1.9,23.08,-9.0,-9,-9.0,-9,-9.0,-9,-9.0,-9,-9.0,-9,1.3,5.2,8.7,14.7,17.5
20230114,108,2.5,2131,5,5.7,2304,5,9.9,2301,6.6,8.4,1,3.8,2328,5.5,3.3,2.7,92.9,82.0,1823,9.1,0.6,0.4,6.35,1003.2,1013.7,1016.9,2120,1011.0,527,9.8,0.0,9.8,-9.0,1.84,0.47,1400,1.6,4.1,16.33,-9.0,-9,-9.0,-9,-9.0,-9,-9.0,-9,-9.0,-9,1.8,4.6,8.4,14.6,17.4
20230115,108,2.8,2399,5,4.3,43,27,7.6,2029,-0.2,3.8,1,-3.5,2338,-1.1,0.3,-3.4,93.9,84.0,16,5.7,0.5,0.3,-9.0,1007.3,1018.1,1021.4,2347,1015.9,56,10.0,0.0,9.9,-9.0,1.32,0.34,1100,3.2,0.5,23.17,-9.0,-9,-9.0,-9,-9.0,-9,0.6,1055,0.6,1055,1.9,4.6,8.2,14.5,17.4
20230116,108,2.7,2299,32,4.3,650,32,7.2,1034,-4.6,-1.2,1432,-6.8,849,-10.7,-0.2,-11.3,63.1,42.0,1448,2.8,1.7,1.2,-9.0,1014.4,1025.5,1027.5,2352,1021.4,1,2.8,8.8,9.9,-9.0,12.95,2.16,1200,0.0,-9.0,8.5,-9.0,-9,-9.0,-9,-9.0,-9,-9.0,-9,0.3,1,2.1,4.6,8.0,14.4,17.4
20230117,108,1.8,1553,5,3.0,754,27,4.9,1404,-3.7,-0.4,1402,-7.0,311,-9.4,-1.2,-11.2,65.1,46.0,1339,3.1,0.9,0.6,-9.0,1015.7,1026.8,1028.6,339,1025.0,1624,8.8,0.2,9.9,-9.0,5.27,1.26,1300,0.0,0.0,2.92,-9.0,-9,-9.0,-9,-9.0,-9,-9.0,-9,-9.0,-9,2.2,4.6,7.9,14.3,17.3
20230118,108,2.0,1754,32,4.4,1338,29,7.6,1531,-1.9,2.2,1452,-4.6,815,-9.3,-0.4,-11.8,60.5,27.0,1702,3.1,2.1,1.5,-9.0,1015.3,1026.3,1027.9,902,1024.8,1446,1.1,8.9,9.9,-9.0,12.71,2.12,1200,0.0,-9.0,1.5,-9.0,-9,-9.0,-9,-9.0,-9,-9.0,-9,-9.0,-9,2.3,4.6,7.9,14.2,17.3
20230119,108,2.5,2154,18,5.2,2155,18,9.8,2152,-0.4,4.3,1419,-6.0,601,-5.5,-0.9,-12.2,69.3,47.0,1623,4.2,1.6,1.1,-9.0,1012.1,1023.0,1027.3,214,1019.2,2248,6.3,3.1,9.9,-9.0,7.63,1.64,1300,1.0,1.0,4.0,-9.0,-9,-9.0,-9,-9.0,-9,-9.0,-9,-9.0,-9,2.3,4.7,7.8,14.1,17.2
20230120,108,3.7,3233,29,6.9,936,34,13.0,915,-3.3,2.0,222,-7.7,2353,-12.0,-0.5,-11.3,52.4,30.0,1505,2.7,2.1,1.5,-9.0,1016.5,1027.6,1031.7,2355,1019.8,41,0.3,8.7,10.0,-9.0,13.49,2.24,1200,-9.0,-9.0,-9.0,-9.0,-9,-9.0,-9,-9.0,-9,-9.0,-9,-9.0,-9,2.3,4.7,7.8,14.0,17.2
20230121,108,1.8,1580,5,3.5,2357,7,5.2,2400,-4.5,1.5,1522,-10.5,713,-12.3,-1.8,-14.9,55.4,36.0,1222,2.4,2.0,1.4,-9.0,1019.4,1030.6,1032.6,238,1028.7,2400,2.0,8.5,10.0,-9.0,12.37,2.14,1200,-9.0,-9.0,-9.0,-9.0,-9,-9.0,-9,-9.0,-9,-9.0,-9,-9.0,-9,2.3,4.7,7.8,13.9,17.1
20230122,108,2.6,2212,5,4.8,747,5,7.4,742,-0.6,2.6,1533,-2.8,117,-6.9,-0.8,-5.7,62.8,53.0,154,3.7,1.0,0.7,-9.0,1015.4,1026.3,1029.9,259,1023.9,1730,7.5,0.3,10.0,-9.0,4.41,0.77,1400,0.0,0.0,2.0,-9.0,-9,-9.0,-9,-9.0,-9,-9.0,-9,-9.0,-9,2.3,4.7,7.8,13.8,17.1
20230123,108,2.7,2325,29,6.0,2128,29,9.6,2128,-0.8,4.6,1345,-6.9,2354,-6.3,-0.2,-7.9,66.6,46.0,2355,4.0,1.9,1.3,-9.0,1012.7,1023.6,1026.2,2400,1020.8,1432,5.3,7.3,10.0,-9.0,10.15,1.84,1200,-9.0,0.0,-9.0,-9.0,-9,-9.0,-9,-9.0,-9,-9.0,-9,-9.0,-9,2.3,4.7,7.7,13.7,17.0
20230124,108,4.6,3950,29,7.0,805,29,12.3,953,-14.7,-6.9,1,-17.0,2354,-22.5,-6.6,-18.3,51.9,39.0,1011,1.0,1.1,0.8,-9.0,1018.4,1029.9,1034.0,2348,1026.1,5,1.0,9.4,10.1,-9.0,14.08,2.3,1200,0.0,-9.0,0.92,-9.0,-9,-9.0,-9,-9.0,-9,-9.0,-9,-9.0,-9,2.2,4.6,7.7,13.6,17.0
20230125,108,2.1,1805,32,3.8,558,2,5.9,513,-11.3,-5.4,1620,-17.3,144,-21.2,-6.0,-19.4,45.1,27.0,1428,1.1,1.6,1.1,-9.0,1019.1,1030.5,1034.4,217,1026.1,2210,1.6,9.4,10.1,-9.0,14.08,2.3,1200,0.0,0.8,0.17,-9.0,-9,-9.0,-9,-9.0,-9,-9.0,-9,-9.0,-9,2.0,4.6,7.7,13.5,17.0
20230126,108,2.5,2161,5,4.1,519,5,5.9,516,-6.0,-3.5,1559,-9.0,502,-8.9,-3.0,-10.6,80.1,52.0,1,3.2,0.7,0.5,-9.0,1013.0,1024.1,1026.4,1,1022.6,1625,8.5,0.0,10.1,-9.0,4.51,0.84,1100,0.8,0.0,14.92,-9.0,-9,-9.0,-9,-9.0,-9,4.5,1055,4.5,1055,1.9,4.5,7.6,13.5,16.9
20230127,108,3.5,3010,29,7.5,1414,27,13.9,1255,-7.3,-3.8,1548,-9.6,2333,-14.8,-3.1,-16.1,56.5,35.0,1408,2.0,1.9,1.3,-9.0,1012.0,1023.2,1024.9,2212,1021.1,1441,0.0,9.4,10.2,-9.0,14.1,2.3,1200,-9.0,-9.0,-9.0,-9.0,-9,-9.0,-9,-9.0,-9,-9.0,-9,1.7,1,1.8,4.5,7.6,13.4,16.9
20230128,108,2.4,2102,25,5.1,1732,29,9.4,1450,-6.0,-0.6,1554,-11.2,813,-13.7,-3.5,-17.3,54.9,39.0,1438,2.2,1.8,1.3,-9.0,1011.3,1022.4,1024.4,5,1019.7,1428,1.0,9.0,10.2,-9.0,12.58,2.11,1200,0.0,0.0,0.17,-9.0,-9,-9.0,-9,-9.0,-9,-9.0,-9,-9.0,-9,1.6,4.4,7.5,13.3,16.8
20230129,108,2.6,2281,20,5.9,1606,25,11.0,2128,-1.8,4.9,1426,-8.0,607,-9.0,-2.3,-15.3,58.3,49.0,1210,3.2,1.8,1.3,-9.0,1008.2,1019.1,1022.3,1,1014.5,1608,2.5,5.2,10.2,-9.0,9.79,2.01,1300,-9.0,-9.0,-9.0,-9.0,-9,-9.0,-9,-9.0,-9,-9.0,-9,-9.0,-9,1.5,4.3,7.5,13.2,16.8
20230130,108,2.1,1852,27,4.3,1600,29,8.7,1314,-0.9,4.2,1515,-4.4,449,-9.1,-0.5,-12.1,55.9,31.0,1331,3.1,2.5,1.8,-9.0,1012.2,1023.1,1025.4,1020,1020.6,1,0.0,9.5,10.3,-9.0,14.17,2.28,1200,-9.0,-9.0,-9.0,-9.0,-9,-9.0,-9,-9.0,-9,-9.0,-9,-9.0,-9,1.5,4.2,7.4,13.1,16.7
20230131,108,2.7,2343,23,5.3,1641,23,10.8,1623,2.4,7.8,1530,-3.5,402,-2.8,-0.4,-8.8,69.1,48.0,1416,5.2,1.4,1.0,-9.0,1006.8,1017.5,1022.6,6,1014.3,2050,5.4,3.0,10.3,-9.0,6.5,1.17,1000,-9.0,-9.0,-9.0,-9.0,-9,-9.0,-9,-9.0,-9,-9.0,-9,-9.0,-9,1.5,4.2,7.3,13.1,16.7
20230201,108,3.2,2774,27,6.2,1312,32,10.8,1355,0.9,6.0,1,-3.0,2400,-4.9,1.5,-7.8,68.4,37.0,1357,4.5,2.5,1.7,1.25,1009.0,1019.7,1026.1,2356,1014.4,1,2.5,8.9,10.3,-9.0,13.24,2.22,1300,-9.0,-9.0,-9.0,-9.0,-9,-9.0,-9,-9.0,-9,-9.0,-9,-9.0,-9,1.5,4.1,7.3,13.0,16.6
20230202,108,2.5,2138,29,4.3,1224,34,7.3,158,-2.4,1.4,1606,-5.1,719,-11.5,-1.1,-11.3,50.3,36.0,1524,2.6,2.0,1.4,-9.0,1015.9,1026.8,1029.6,951,1025.2,1556,5.5,7.6,10.3,-9.0,10.94,1.74,1300,-9.0,-9.0,-9.0,-9.0,-9,-9.0,-9,-9.0,-9,-9.0,-9,-9.0,-9,1.5,4.1,7.2,12.9,16.6
20230203,108,2.2,1860,32,3.8,1315,32,6.2,1307,-1.6,3.4,1540,-3.9,118,-11.8,0.4,-11.1,47.4,22.0,1457,2.5,2.6,1.8,-9.0,1012.5,1023.4,1025.4,13,1021.6,1504,3.0,8.6,10.4,-9.0,13.54,2.28,1200,-9.0,-9.0,-9.0,-9.0,-9,-9.0,-9,-9.0,-9,-9.0,-9,-9.0,-9,1.5,4.0,7.1,12.8,16.5
20230204,108,2.0,1742,27,4.6,1702,25,8.0,1401,-0.2,6.0,1528,-5.2,535,-9.5,0.4,-12.2,49.8,33.0,1657,3.1,2.5,1.7,-9.0,1013.9,1024.8,1026.3,2236,1023.3,1442,0.9,8.2,10.4,-9.0,13.23,2.21,1200,-9.0,-9.0,-9.0,-9.0,-9,-9.0,-9,-9.0,-9,-9.0,-9,-9.0,-9,1.5,4.0,7.1,12.8,16.5
20230205,108,1.8,1557,25,4.0,1608,20,6.3,1618,1.7,7.1,1338,-3.3,726,-3.2,0.4,-11.2,71.0,49.0,1522,4.9,1.9,1.3,-9.0,1014.0,1024.8,1026.5,931,1022.9,1656,2.3,7.0,10.5,-9.0,11.35,2.1,1200,-9.0,-9.0,-9.0,-9.0,-9,-9.0,-9,-9.0,-9,-9.0,-9,-9.0,-9,1.5,3.9,7.0,12.7,16.4
20230206,108,1.6,1419,34,3.4,1811,32,5.1,1754,3.0,8.8,1458,-1.7,716,-1.9,1.2,-9.6,72.3,50.0,1506,5.3,1.8,1.3,-9.0,1011.6,1022.4,1024.8,818,1020.2,1549,3.6,7.1,10.5,-9.0,10.69,1.92,1200,-9.0,-9.0,-9.0,-9.0,-9,-9.0,-9,-9.0,-9,-9.0,-9,-9.0,-9,1.5,3.9,6.9,12.6,16.4
20230207,108,1.5,1279,29,3.2,2019,23,5.0,1754,3.5,9.5,1546,-0.6,727,-1.1,1.7,-9.7,72.9,50.0,1557,5.6,1.8,1.3,-9.0,1010.7,1021.4,1022.7,2326,1019.4,1541,3.4,6.4,10.5,-9.0,10.12,1.6,1200,-9.0,-9.0,-9.0,-9.0,-9,-9.0,-9,-9.0,-9,-9.0,-9,-9.0,-9,1.5,3.9,6.9,12.5,16.3
20230208,108,2.5,2164,25,4.3,1540,25,7.7,1532,2.1,7.8,1505,-1.3,645,-5.0,2.2,-9.6,62.1,31.0,1642,4.3,3.0,2.1,-9.0,1015.7,1026.5,1028.9,2357,1022.7,1,0.3,9.5,10.6,-9.0,14.82,2.38,1200,-9.0,-9.0,-9.0,-9.0,-9,-9.0,-9,-9.0,-9,-9.0,-9,-9.0,-9,1.5,3.8,6.8,12.5,16.3
20230209,108,2.5,2145,5,4.4,2231,11,9.5,2324,4.0,9.9,1537,-2.8,509,-5.9,1.0,-11.3,49.9,32.0,1355,4.0,-9.0,-9.0,-9.0,1015.9,1026.6,1030.4,906,1022.9,2303,6.5,6.7,10.6,-9.0,12.36,2.32,1200,0.0,0.6,0.67,-9.0,-9,-9.0,-9,-9.0,-9,-9.0,-9,-9.0,-9,1.5,3.8,6.8,12.4,16.2
20230210,108,2.2,1905,29,4.3,1224,18,7.2,3,3.8,6.2,1610,1.1,2356,0.5,2.0,-6.2,79.6,69.0,5,6.4,1.3,0.9,-9.0,1010.1,1020.8,1023.4,2354,1019.4,1438,6.1,2.0,10.6,-9.0,7.07,1.34,1100,0.6,0.0,9.92,-9.0,-9,-9.0,-9,-9.0,-9,-9.0,-9,-9.0,-9,1.5,3.8,6.7,12.3,16.2
20230211,108,1.8,1531,2,2.9,157,16,4.7,1337,2.8,8.5,1417,-1.2,703,-1.8,1.8,-8.0,73.0,50.0,1414,5.4,1.8,1.3,-9.0,1012.7,1023.5,1025.1,2356,1021.6,121,3.4,5.5,10.7,-9.0,10.9,1.96,1300,-9.0,-9.0,-9.0,-9.0,-9,-9.0,-9,-9.0,-9,-9.0,-9,-9.0,-9,1.5,3.7,6.7,12.3,16.1
20230212,108,1.8,1577,5,4.1,1011,32,5.9,1417,3.7,7.6,1351,-0.9,624,-1.4,1.5,-9.0,70.0,54.0,1347,5.5,1.8,1.3,-9.0,1010.8,1021.6,1025.7,906,1017.4,2356,6.9,2.0,10.7,-9.0,8.48,1.7,1300,-9.0,-9.0,-9.0,-9.0,-9,-9.0,-9,-9.0,-9,-9.0,-9,-9.0,-9,1.5,3.7,6.7,12.2,16.1
20230213,108,2.3,2015,5,4.2,124,5,7.4,124,5.9,8.4,1219,2.7,2351,0.0,1.8,-3.1,66.5,56.0,1219,6.1,1.7,1.2,-9.0,1007.8,1018.4,1019.9,2252,1016.3,1525,7.3,0.8,10.7,-9.0,5.44,1.05,1100,-9.0,-9.0,-9.0,-9.0,-9,-9.0,-9,-9.0,-9,-9.0,-9,-9.0,-9,1.5,3.7,6.6,12.1,16.0
20230214,108,2.7,2361,25,4.8,1613,25,8.2,1605,1.7,6.6,1521,-2.5,730,-6.7,2.6,-5.9,54.9,38.0,1710,3.7,3.2,2.3,-9.0,1012.1,1022.9,1026.1,2353,1019.9,1,1.6,9.5,10.8,-9.0,15.95,2.47,1200,-9.0,-9.0,-9.0,-9.0,-9,-9.0,-9,-9.0,-9,-9.0,-9,-9.0,-9,1.5,3.7,6.6,12.1,16.0
20230215,108,2.5,2182,5,4.5,302,7,7.6,258,3.2,8.9,1558,-1.2,706,-7.3,2.5,-6.8,46.4,33.0,1551,3.6,3.1,2.2,-9.0,1017.9,1028.7,1030.6,2254,1026.0,132,3.9,9.4,10.8,-9.0,15.24,2.25,1100,-9.0,-9.0,-9.0,-9.0,-9,-9.0,-9,-9.0,-9,-9.0,-9,-9.0,-9,1.6,3.7,6.6,12.0,15.9
20230216,108,2.7,2306,23,5.0,1334,20,8.7,1452,2.3,4.5,1459,-0.7,2353,-3.0,1.8,-8.6,68.3,51.0,1704,4.9,1.4,1.0,-9.0,1019.3,1030.1,1031.4,1026,1029.2,1718,5.4,1.9,10.9,-9.0,6.45,0.94,1200,0.0,0.0,0.42,-9.0,-9,-9.0,-9,-9.0,-9,-9.0,-9,-9.0,-9,1.7,3.7,6.5,12.0,15.9
20230217,108,1.8,1550,2,3.0,844,25,5.1,1437,3.4,9.8,1542,-1.5,543,-2.4,2.3,-8.4,67.8,40.0,1602,5.1,2.6,1.8,-9.0,1016.5,1027.2,1029.8,214,1024.7,1707,5.0,7.5,10.9,-9.0,13.67,2.32,1200,-9.0,-9.0,-9.0,-9.0,-9,-9.0,-9,-9.0,-9,-9.0,-9,-9.0,-9,1.9,3.7,6.5,11.9,15.8
20230218,108,1.5,1253,2,2.6,49,7,3.9,300,5.7,8.1,1529,3.0,6,-1.9,2.3,-0.5,58.3,45.0,1558,5.3,1.4,1.0,-9.0,1009.0,1019.6,1025.2,1,1016.2,2358,9.9,0.0,10.9,-9.0,2.91,0.59,1200,-9.0,0.4,-9.0,-9.0,-9,-9.0,-9,-9.0,-9,-9.0,-9,-9.0,-9,2.3,3.8,6.5,11.8,15.8
20230219,108,3.3,2884,29,6.8,1130,29,11.6,1342,3.5,6.1,1457,0.2,2341,-5.0,4.3,-4.4,56.1,29.0,1717,4.4,3.2,2.3,-9.0,1008.5,1019.1,1023.5,2253,1015.4,442,3.9,7.0,11.0,-9.0,14.47,2.67,1200,0.4,-9.0,2.92,-9.0,-9,-9.0,-9,-9.0,-9,-9.0,-9,-9.0,-9,2.8,3.9,6.5,11.8,15.8
20230220,108,3.3,2888,32,6.4,1038,29,11.0,1245,-0.5,2.4,1419,-3.5,2357,-11.1,1.9,-8.5,46.4,27.0,1456,2.7,3.4,2.4,-9.0,1015.7,1026.7,1031.8,2349,1023.3,352,0.0,9.5,11.0,-9.0,18.16,2.73,1200,-9.0,-9.0,-9.0,-9.0,-9,-9.0,-9,-9.0,-9,-9.0,-9,-9.0,-9,3.2,4.0,6.5,11.7,15.7
20230221,108,2.1,1803,34,4.7,501,34,6.8,452,-1.3,4.8,1618,-5.3,759,-12.9,1.7,-10.3,42.4,23.0,1450,2.3,3.2,2.2,-9.0,1023.4,1034.4,1036.2,1023,1031.8,1,0.1,10.0,11.0,-9.0,18.25,2.73,1200,-9.0,-9.0,-9.0,-9.0,-9,-9.0,-9,-9.0,-9,-9.0,-9,-9.0,-9,3.0,4.2,6.6,11.7,15.7
20230222,108,2.2,1865,18,3.7,1520,18,7.0,1358,1.2,8.4,1452,-4.5,712,-8.8,2.2,-11.0,50.6,21.0,1500,3.2,3.4,2.4,-9.0,1019.0,1029.9,1034.7,1,1026.3,2217,5.5,9.2,11.1,-9.0,17.0,2.67,1300,-9.0,-9.0,-9.0,-9.0,-9,-9.0,-9,-9.0,-9,-9.0,-9,-9.0,-9,2.8,4.2,6.6,11.6,15.6
20230223,108,1.9,1638,32,4.0,1549,27,6.7,1731,2.9,9.2,1531,-1.8,629,-3.4,3.1,-7.5,65.5,36.0,1443,4.8,2.9,2.0,-9.0,1013.3,1024.1,1026.5,1,1021.4,1538,2.5,10.0,11.1,-9.0,15.87,2.45,1200,-9.0,-9.0,-9.0,-9.0,-9,-9.0,-9,-9.0,-9,-9.0,-9,-9.0,-9,2.9,4.3,6.6,11.6,15.6
20230224,108,3.0,2625,29,6.5,1352,29,11.6,1532,3.5,8.5,1501,-0.4,2400,-5.1,3.7,-4.7,57.9,25.0,1534,4.4,3.9,2.7,-9.0,1013.7,1024.4,1027.6,2359,1022.1,301,1.8,9.8,11.2,-9.0,17.42,2.68,1300,-9.0,-9.0,-9.0,-9.0,-9,-9.0,-9,-9.0,-9,-9.0,-9,-9.0,-9,3.3,4.3,6.7,11.5,15.5
20230225,108,2.9,2493,29,4.9,1539,32,8.5,1648,0.7,5.7,1527,-2.9,727,-10.5,2.7,-8.1,44.0,27.0,1725,2.8,3.5,2.4,-9.0,1020.9,1031.8,1035.5,2249,1027.6,1,0.0,10.2,11.2,-9.0,18.6,2.77,1200,-9.0,-9.0,-9.0,-9.0,-9,-9.0,-9,-9.0,-9,-9.0,-9,-9.0,-9,3.7,4.4,6.7,11.5,15.5
20230226,108,2.1,1810,25,4.4,1623,18,7.2,1427,2.2,9.4,1534,-3.4,729,-8.7,3.3,-10.8,46.6,25.0,1441,3.3,3.9,2.7,-9.0,1025.4,1036.3,1038.1,936,1034.5,1535,0.0,10.4,11.2,-9.0,18.83,2.79,1200,-9.0,-9.0,-9.0,-9.0,-9,-9.0,-9,-9.0,-9,-9.0,-9,-9.0,-9,3.6,4.5,6.7,11.4,15.4
20230227,108,1.9,1632,25,4.1,1701,20,7.0,1539,4.4,12.4,1501,-1.8,646,-6.6,4.0,-9.1,47.4,24.0,1629,3.8,4.2,2.9,-9.0,1022.9,1033.6,1036.7,804,1030.9,2359,0.0,10.5,11.3,-9.0,18.65,2.8,1200,-9.0,-9.0,-9.0,-9.0,-9,-9.0,-9,-9.0,-9,-9.0,-9,-9.0,-9,3.6,4.6,6.8,11.4,15.4
20230228,108,2.0,1713,27,4.5,1833,18,7.3,1529,4.3,8.7,1553,-0.7,719,-2.1,3.7,-9.1,63.4,44.0,5,5.4,2.0,1.4,-9.0,1016.3,1027.1,1031.0,3,1024.1,2233,5.5,3.0,11.3,-9.0,10.26,1.86,1500,-9.0,-9.0,-9.0,-9.0,-9,-9.0,-9,-9.0,-9,-9.0,-9,-9.0,-9,3.9,4.7,6.8,11.3,15.3
20230301,108,3.1,2636,29,7.0,1717,29,12.3,1714,6.0,9.0,1525,2.9,2355,-3.2,5.0,0.4,54.4,27.0,1658,5.1,3.3,2.3,-9.0,1011.3,1021.9,1024.2,1,1019.3,1453,5.4,4.1,11.3,-9.0,10.19,1.79,1500,-9.0,-9.0,-9.0,-9.0,-9,-9.0,-9,-9.0,-9,-9.0,-9,-9.0,-9,4.2,4.8,6.8,11.3,15.3
20230302,108,2.8,2384,29,5.5,1410,32,9.6,1409,2.2,6.6,1541,-1.8,736,-11.2,3.7,-8.0,37.8,22.0,1301,2.7,4.0,2.8,-9.0,1016.6,1027.4,1029.1,949,1024.1,1,0.0,10.5,11.4,-9.0,19.45,2.86,1200,-9.0,-9.0,-9.0,-9.0,-9,-9.0,-9,-9.0,-9,-9.0,-9,-9.0,-9,4.5,4.9,6.9,11.3,15.3
20230303,108,2.1,1779,20,5.0,1256,25,8.9,1248,4.6,10.4,1445,-1.9,708,-1.5,3.6,-9.4,65.0,48.0,1225,5.7,2.7,1.9,-9.0,1016.7,1027.4,1029.0,52,1025.3,1540,3.8,7.5,11.4,-9.0,15.67,2.62,1200,-9.0,-9.0,-9.0,-9.0,-9,-9.0,-9,-9.0,-9,-9.0,-9,-9.0,-9,4.4,5.0,6.9,11.2,15.2
20230304,108,1.9,1633,25,3.5,1712,27,5.5,1712,7.7,14.1,1513,3.7,800,1.8,7.0,-3.6,68.4,35.0,1549,7.0,2.9,2.0,-9.0,1017.8,1028.4,1029.7,941,1026.5,1611,4.8,8.7,11.5,-9.0,14.91,2.31,1200,-9.0,-9.0,-9.0,-9.0,-9,-9.0,-9,-9.0,-9,-9.0,-9,-9.0,-9,4.7,5.1,7.0,11.2,15.2
20230305,108,1.7,1480,25,4.1,1543,25,6.9,1453,8.0,15.4,1415,2.5,702,-1.7,6.6,-6.1,54.0,24.0,1656,5.5,4.5,3.1,-9.0,1016.2,1026.8,1029.6,920,1024.4,1733,0.0,10.1,11.5,-9.0,17.21,2.6,1200,-9.0,-9.0,-9.0,-9.0,-9,-9.0,-9,-9.0,-9,-9.0,-9,-9.0,-9,5.3,5.3,7.1,11.1,15.1
20230306,108,2.1,1800,23,4.7,1258,18,7.8,1333,9.2,16.5,1455,2.2,701,-3.9,7.0,-6.2,41.9,18.0,1407,4.7,5.3,3.7,-9.0,1012.3,1022.8,1025.6,901,1020.2,1900,1.1,10.0,11.5,-9.0,18.63,2.81,1200,-9.0,-9.0,-9.0,-9.0,-9,-9.0,-9,-9.0,-9,-9.0,-9,-9.0,-9,5.7,5.5,7.1,11.1,15.1
20230307,108,2.3,1998,23,4.1,1757,25,7.2,1725,11.7,19.4,1443,6.3,645,4.0,10.4,-0.2,60.9,40.0,1147,8.4,4.0,2.8,-9.0,1009.1,1019.4,1021.5,1,1017.0,1618,2.1,7.0,11.6,-9.0,15.35,2.59,1200,-9.0,-9.0,-9.0,-9.0,-9,-9.0,-9,-9.0,-9,-9.0,-9,-9.0,-9,6.1,5.7,7.2,11.1,15.0
20230308,108,2.0,1753,27,4.6,1414,29,7.8,1405,12.5,17.7,1237,7.4,559,5.8,9.3,-0.5,66.3,41.0,1354,9.3,2.7,1.9,-9.0,1008.1,1018.4,1020.5,925,1015.7,2210,7.0,1.8,11.6,-9.0,8.39,1.7,1200,1.2,4.8,1.08,-9.0,-9,-9.0,-9,-9.0,-9,-9.0,-9,-9.0,-9,6.8,5.9,7.3,11.1,15.0
20230309,108,2.3,1999,18,5.0,520,20,9.0,512,10.3,13.1,1,7.4,2316,8.0,10.2,-0.5,85.9,71.0,1546,10.7,1.4,1.0,-9.0,1004.8,1015.1,1017.8,2349,1013.0,437,5.1,2.0,11.7,-9.0,6.52,1.53,1500,3.7,0.1,4.83,-9.0,-9,-9.0,-9,-9.0,-9,-9.0,-9,-9.0,-9,7.4,6.2,7.4,11.0,14.9
20230310,108,2.1,1846,7,3.4,756,18,6.7,1555,13.5,22.2,1528,6.2,456,5.1,11.0,-1.1,62.1,27.0,1433,8.8,4.7,3.3,-9.0,1008.0,1018.2,1019.7,832,1016.0,1558,0.0,9.6,11.7,-9.0,17.03,2.5,1200,-9.0,-9.0,-9.0,-9.0,-9,-9.0,-9,-9.0,-9,-9.0,-9,-9.0,-9,7.6,6.5,7.6,11.0,14.9
20230311,108,2.4,2085,20,5.6,1321,18,11.0,1509,15.2,22.8,1428,10.2,659,4.1,11.9,3.3,52.0,20.0,1316,8.3,6.2,4.3,-9.0,1010.8,1021.0,1022.5,928,1019.5,1,5.9,7.6,11.8,-9.0,16.95,2.73,1200,-9.0,1.4,-9.0,-9.0,-9,-9.0,-9,-9.0,-9,-9.0,-9,-9.0,-9,8.2,6.8,7.7,11.0,14.9
20230312,108,3.7,3230,27,7.3,1758,29,13.6,2111,5.9,12.6,1,0.6,2355,-0.1,5.8,-1.2,68.0,40.0,2357,6.7,2.2,1.5,-9.0,1009.2,1019.7,1023.3,2331,1017.4,1627,5.9,0.8,11.8,-9.0,3.68,1.03,1500,5.6,4.2,6.33,-9.0,-9,-9.0,-9,-9.0,-9,-9.0,-9,-9.0,-9,8.9,7.1,7.9,11.0,14.8
20230313,108,3.2,2751,27,6.5,39,29,12.0,42,2.9,7.6,1444,-1.9,651,-10.1,4.1,-4.3,38.9,22.0,1224,3.0,4.3,3.0,-9.0,1011.5,1022.2,1025.5,705,1019.6,2349,3.1,9.8,11.8,-9.0,20.79,3.04,1200,-9.0,-9.0,-9.0,-9.0,-9,-9.0,-9,-9.0,-9,-9.0,-9,-9.0,-9,7.9,7.4,8.0,10.9,14.8
20230314,108,2.9,2470,20,6.5,1450,23,11.7,1410,9.2,15.4,1533,3.3,331,-2.4,8.4,-0.8,45.9,23.0,1325,5.3,5.4,3.8,-9.0,1007.2,1017.6,1019.6,1,1015.4,1652,3.4,9.1,11.9,-9.0,19.73,3.11,1300,-9.0,-9.0,-9.0,-9.0,-9,-9.0,-9,-9.0,-9,-9.0,-9,-9.0,-9,7.5,7.4,8.2,10.9,14.8
20230315,108,3.0,2555,23,6.9,1208,23,12.8,1208,8.6,14.4,1215,3.5,2400,2.4,6.8,-2.5,66.6,33.0,2223,7.7,2.3,1.6,-9.0,1009.7,1020.1,1025.7,2349,1017.4,420,6.4,1.2,11.9,-9.0,5.62,1.47,1200,-9.0,-9.0,-9.0,-9.0,-9,-9.0,-9,-9.0,-9,-9.0,-9,-9.0,-9,7.8,7.4,8.4,10.9,14.7
20230316,108,2.4,2103,29,4.5,1455,29,8.4,1100,4.6,9.0,1349,0.4,509,-9.4,4.4,-8.2,36.8,19.0,1135,3.1,4.4,3.0,-9.0,1017.9,1028.6,1030.8,915,1025.7,1,5.5,6.7,12.0,-9.0,18.09,2.97,1100,-9.0,-9.0,-9.0,-9.0,-9,-9.0,-9,-9.0,-9,-9.0,-9,-9.0,-9,7.7,7.5,8.5,10.9,14.7
20230317,108,1.7,1465,25,3.1,1721,32,5.5,4,7.2,12.7,1543,0.7,652,-7.9,5.4,-5.7,34.3,20.0,1320,3.4,3.9,2.8,-9.0,1013.0,1023.6,1028.7,11,1019.8,1700,8.0,4.4,12.0,-9.0,13.94,2.23,1100,-9.0,-9.0,-9.0,-9.0,-9,-9.0,-9,-9.0,-9,-9.0,-9,-9.0,-9,7.4,7.6,8.6,10.9,14.6
20230318,108,2.6,2260,27,5.8,1617,27,9.6,1657,7.7,14.0,1532,2.5,629,-3.8,8.9,-4.5,46.4,22.0,1424,4.7,4.8,3.3,-9.0,1008.4,1018.9,1020.3,851,1016.6,1559,1.9,9.9,12.0,-9.0,19.07,2.94,1300,-9.0,-9.0,-9.0,-9.0,-9,-9.0,-9,-9.0,-9,-9.0,-9,-9.0,-9,7.5,7.6,8.6,10.9,14.6
20230319,108,2.1,1850,20,4.3,1423,20,7.5,1423,8.3,15.2,1539,2.3,707,0.2,10.1,-6.3,59.6,29.0,1542,6.3,4.8,3.3,-9.0,1009.2,1019.7,1022.2,840,1017.5,1705,0.4,11.1,12.1,-9.0,21.25,3.01,1200,-9.0,-9.0,-9.0,-9.0,-9,-9.0,-9,-9.0,-9,-9.0,-9,-9.0,-9,7.7,7.6,8.7,10.9,14.6
20230320,108,1.6,1416,27,3.7,1353,27,5.9,1608,9.5,17.1,1443,2.6,704,-1.6,10.9,-5.9,50.4,23.0,1404,5.5,5.5,3.9,-9.0,1005.2,1015.5,1018.4,1,1013.0,1939,2.8,10.0,12.1,-9.0,20.06,3.0,1200,-9.0,-9.0,-9.0,-9.0,-9,-9.0,-9,-9.0,-9,-9.0,-9,-9.0,-9,8.1,7.7,8.8,10.9,14.5
20230321,108,1.7,1483,25,3.4,1743,25,5.1,1734,13.0,22.2,1627,5.0,646,-2.9,13.1,-3.8,35.1,13.0,1428,5.0,6.6,4.6,-9.0,1001.3,1011.6,1015.0,33,1008.4,1643,1.1,10.8,12.2,-9.0,21.6,3.04,1200,-9.0,-9.0,-9.0,-9.0,-9,-9.0,-9,-9.0,-9,-9.0,-9,-9.0,-9,8.4,7.8,8.8,10.9,14.5
20230322,108,1.8,1513,32,4.6,1703,32,8.1,1655,17.0,25.1,1425,9.2,532,4.4,15.5,0.5,44.8,28.0,1137,8.6,5.4,3.8,-9.0,999.1,1009.1,1011.9,903,1007.0,1729,6.4,6.2,12.2,-9.0,16.64,2.98,1200,-9.0,0.0,-9.0,-9.0,-9,-9.0,-9,-9.0,-9,-9.0,-9,-9.0,-9,9.0,8.0,8.9,10.9,14.5
20230323,108,2.5,2153,25,5.7,1624,27,8.8,1635,17.4,23.3,1537,12.3,2358,6.0,16.7,9.0,48.9,31.0,2005,9.7,5.9,4.1,-9.0,996.2,1006.2,1010.5,2347,1003.6,1448,5.6,5.3,12.2,-9.0,14.5,2.49,1300,0.0,-9.0,2.92,-9.0,-9,-9.0,-9,-9.0,-9,-9.0,-9,-9.0,-9,10.0,8.2,9.0,10.9,14.4
20230324,108,2.3,1997,29,3.8,154,27,6.4,2028,12.5,18.3,1517,7.6,633,-2.1,13.1,0.7,36.8,27.0,1131,5.3,5.0,3.5,-9.0,1004.4,1014.7,1018.0,2319,1010.6,1,8.0,6.6,12.3,-9.0,16.13,2.44,1200,-9.0,-9.0,-9.0,-9.0,-9,-9.0,-9,-9.0,-9,-9.0,-9,-9.0,-9,10.8,8.6,9.1,10.9,14.4
20230325,108,2.3,1974,25,4.5,1612,20,7.3,1622,12.5,18.7,1511,8.0,635,4.6,15.3,2.5,59.9,41.0,1509,8.5,4.5,3.1,-9.0,1007.2,1017.5,1019.5,929,1015.3,1633,4.1,5.7,12.3,-9.0,15.13,2.3,1300,-9.0,-9.0,-9.0,-9.0,-9,-9.0,-9,-9.0,-9,-9.0,-9,-9.0,-9,10.8,8.9,9.2,10.9,14.4
20230326,108,3.6,3138,29,5.9,1535,32,11.5,1336,9.4,14.0,1507,4.7,2356,-6.8,13.6,0.7,34.0,16.0,1350,3.9,7.8,5.4,-9.0,1006.8,1017.2,1020.3,2312,1015.4,1535,0.8,11.1,12.4,-9.0,24.36,3.33,1200,-9.0,-9.0,-9.0,-9.0,-9,-9.0,-9,-9.0,-9,-9.0,-9,-9.0,-9,10.9,9.2,9.4,10.9,14.3
20230327,108,2.3,1985,27,5.6,1725,27,10.8,1649,7.3,14.5,1503,1.9,615,-4.8,11.8,-8.3,44.8,21.0,1400,4.4,5.3,3.7,-9.0,1011.2,1021.7,1023.6,2318,1019.5,1443,1.1,11.1,12.4,-9.0,22.88,3.24,1200,-9.0,-9.0,-9.0,-9.0,-9,-9.0,-9,-9.0,-9,-9.0,-9,-9.0,-9,10.7,9.4,9.6,10.9,14.3
20230328,108,2.1,1792,27,4.6,1446,27,7.4,1440,9.2,15.7,1527,2.8,624,-0.8,11.6,-5.1,53.3,22.0,1257,5.8,4.8,3.3,-9.0,1013.1,1023.6,1025.5,952,1021.9,1719,2.9,7.4,12.4,-9.0,18.44,2.59,1200,-9.0,-9.0,-9.0,-9.0,-9,-9.0,-9,-9.0,-9,-9.0,-9,-9.0,-9,10.4,9.5,9.8,11.0,14.3
20230329,108,1.9,1683,25,4.6,1447,23,7.7,1543,11.8,19.7,1508,5.1,549,0.8,13.8,-4.4,50.3,20.0,1553,6.5,6.3,4.4,-9.0,1011.6,1022.0,1024.5,759,1019.9,1620,0.3,11.0,12.5,-9.0,21.79,2.96,1200,-9.0,-9.0,-9.0,-9.0,-9,-9.0,-9,-9.0,-9,-9.0,-9,-9.0,-9,10.4,9.6,9.9,11.0,14.2
20230330,108,2.2,1931,25,4.4,1314,27,7.8,1447,13.3,21.2,1604,6.4,644,0.0,15.3,-3.0,42.5,21.0,1353,6.2,7.3,5.1,-9.0,1008.9,1019.2,1021.2,1,1016.6,1718,1.1,11.5,12.5,-9.0,23.58,3.22,1200,-9.0,-9.0,-9.0,-9.0,-9,-9.0,-9,-9.0,-9,-9.0,-9,-9.0,-9,10.7,9.7,10.0,11.0,14.2
20230331,108,2.1,1819,29,4.6,1930,25,6.4,1844,15.0,23.9,1537,7.5,655,1.6,16.9,-2.1,42.5,23.0,1444,6.9,7.4,5.2,-9.0,1007.6,1017.8,1020.0,828,1015.3,1646,0.0,11.2,12.6,-9.0,22.99,3.14,1200,-9.0,-9.0,-9.0,-9.0,-9,-9.0,-9,-9.0,-9,-9.0,-9,-9.0,-9,11.1,9.8,10.1,11.0,14.2
20230401,108,1.8,1592,27,4.5,1711,25,7.2,1716,17.5,25.6,1525,9.4,646,2.8,17.9,0.2,40.4,19.0,1528,7.5,7.8,5.5,-9.0,1005.5,1015.5,1017.4,153,1012.5,1646,1.8,10.8,12.6,-9.0,21.48,3.05,1200,-9.0,-9.0,-9.0,-9.0,-9,-9.0,-9,-9.0,-9,-9.0,-9,-9.0,-9,11.6,10.0,10.3,11.0,14.2
20230402,108,2.4,2063,7,5.9,854,7,9.4,847,18.8,25.2,1505,11.9,617,-0.3,19.7,2.2,29.6,16.0,1253,6.0,9.3,6.5,-9.0,1008.4,1018.4,1020.7,2308,1015.8,10,0.4,11.7,12.6,-9.0,24.08,3.36,1200,-9.0,-9.0,-9.0,-9.0,-9,-9.0,-9,-9.0,-9,-9.0,-9,-9.0,-9,12.2,10.2,10.4,11.0,14.1
20230403,108,2.3,2022,16,4.3,1742,16,7.8,1645,19.0,25.9,1608,11.3,636,-0.1,20.1,0.8,29.4,16.0,1720,6.1,9.4,6.6,-9.0,1011.3,1021.3,1023.4,818,1019.0,1601,4.1,11.0,12.7,-9.0,22.95,3.17,1300,-9.0,-9.0,-9.0,-9.0,-9,-9.0,-9,-9.0,-9,-9.0,-9,-9.0,-9,12.6,10.5,10.5,11.1,14.1
20230404,108,2.6,2217,20,6.1,1922,14,10.9,2206,17.6,21.7,1402,12.7,2352,1.3,18.5,7.9,40.4,16.0,1047,7.5,4.0,2.8,-9.0,1007.7,1017.8,1021.1,9,1014.6,2357,9.1,1.6,12.7,-9.0,10.78,1.77,1100,6.9,34.3,5.08,3.1,2138,0.9,2220,-9.0,-9,-9.0,-9,-9.0,-9,13.1,10.7,10.7,11.1,14.1
20230405,108,3.4,2975,5,5.8,107,7,10.5,110,11.9,14.9,1301,8.7,2218,11.5,12.5,8.1,97.8,90.0,2338,13.7,0.6,0.4,-9.0,998.2,1008.4,1014.5,1,1005.2,1444,10.0,0.0,12.8,-9.0,1.56,0.22,1000,50.3,23.3,22.5,9.0,1210,2.4,1300,-9.0,-9,-9.0,-9,-9.0,-9,13.2,11.0,10.8,11.1,14.1
20230406,108,2.5,2174,25,4.6,1813,18,7.5,5,8.8,9.7,1312,7.4,2355,7.9,10.0,5.3,94.6,84.0,1812,10.7,0.8,0.6,-9.0,1000.0,1010.3,1012.5,2358,1008.8,353,9.8,0.0,12.8,-9.0,2.15,0.45,1300,2.7,2.3,19.17,1.5,1902,0.4,1924,-9.0,-9,-9.0,-9,-9.0,-9,12.8,11.3,11.0,11.1,14.0
20230407,108,2.9,2472,23,7.0,1610,20,13.8,1614,8.9,15.7,1404,4.6,2339,2.0,11.9,-0.8,65.0,36.0,1836,7.3,5.2,3.7,-9.0,1003.6,1014.0,1017.9,2339,1011.5,1612,1.5,10.4,12.8,-9.0,23.34,3.21,1300,-9.0,-9.0,-9.0,-9.0,-9,-9.0,-9,-9.0,-9,-9.0,-9,-9.0,-9,12.1,11.4,11.2,11.2,14.0
20230408,108,3.2,2733,29,7.0,1159,27,11.9,1546,8.8,14.9,1515,3.1,518,-1.4,11.7,-3.9,51.1,25.0,1230,5.6,6.3,4.4,-9.0,1008.1,1018.5,1020.5,2355,1016.8,529,0.4,11.9,12.9,-9.0,25.74,3.44,1200,-9.0,-9.0,-9.0,-9.0,-9,-9.0,-9,-9.0,-9,-9.0,-9,-9.0,-9,12.1,11.4,11.4,11.2,14.0
20230409,108,2.5,2183,27,6.0,1546,27,9.8,1538,10.8,17.8,1431,3.5,624,1.9,13.1,-3.6,56.8,33.0,1434,7.0,6.2,4.3,-9.0,1008.3,1018.7,1021.0,52,1016.5,1747,0.0,12.0,12.9,-9.0,25.54,3.36,1200,-9.0,-9.0,-9.0,-9.0,-9,-9.0,-9,-9.0,-9,-9.0,-9,-9.0,-9,11.9,11.4,11.5,11.2,14.0
20230410,108,2.7,2302,20,6.3,1541,18,10.4,1617,13.2,19.1,1402,6.2,526,2.5,14.1,-2.1,50.8,31.0,1009,7.4,6.7,4.7,-9.0,1004.3,1014.5,1018.0,138,1011.6,2200,2.6,10.1,12.9,-9.0,22.29,3.14,1200,-9.0,-9.0,-9.0,-9.0,-9,-9.0,-9,-9.0,-9,-9.0,-9,-9.0,-9,12.2,11.4,11.6,11.3,14.0
20230411,108,3.6,3101,18,9.3,933,18,18.9,932,13.1,17.4,928,9.2,2356,7.9,11.0,3.6,73.4,43.0,2350,11.1,1.5,1.1,-9.0,1000.2,1010.4,1015.1,2355,1007.0,930,6.5,0.0,13.0,-9.0,2.01,0.45,800,2.9,2.9,6.92,2.6,1254,2.2,1336,-9.0,-9,-9.0,-9,-9.0,-9,12.5,11.4,11.7,11.3,13.9
20230412,108,2.7,2351,27,7.2,1346,25,13.0,1339,10.1,15.3,1520,4.8,624,-2.5,11.9,-2.3,45.1,17.0,1258,5.3,7.0,4.9,-9.0,1007.0,1017.4,1019.5,2330,1015.2,1,0.8,10.7,13.0,-9.0,24.87,3.42,1200,-9.0,-9.0,-9.0,-9.0,-9,-9.0,-9,-9.0,-9,-9.0,-9,-9.0,-9,12.1,11.5,11.7,11.3,13.9
20230413,108,1.8,1559,23,3.5,1258,25,6.8,1310,11.9,17.2,1512,5.1,611,-1.3,11.9,-1.9,45.0,18.0,1431,5.7,4.4,3.0,-9.0,1006.9,1017.2,1019.8,826,1014.2,1654,5.1,4.4,13.1,-9.0,16.17,2.23,1000,0.0,0.0,0.25,0.0,-9,0.0,-9,-9.0,-9,-9.0,-9,-9.0,-9,12.1,11.5,11.8,11.4,13.9
20230414,108,1.6,1407,29,4.5,1643,29,7.3,1638,16.2,21.3,1515,11.9,30,7.8,15.1,4.9,58.6,39.0,1,10.7,4.0,2.8,-9.0,1002.5,1012.5,1016.3,819,1009.2,2352,8.1,3.3,13.1,-9.0,14.25,2.33,1100,-9.0,-9.0,-9.0,-9.0,-9,-9.0,-9,-9.0,-9,-9.0,-9,-9.0,-9,12.2,11.5,11.8,11.4,13.9
20230415,108,2.2,1883,25,4.4,1356,27,7.7,1726,13.5,16.6,1537,9.3,2359,10.4,15.8,7.3,81.8,63.0,1709,12.6,2.2,1.5,-9.0,994.3,1004.4,1009.3,6,1001.8,1631,7.4,2.3,13.2,-9.0,9.5,2.08,1400,4.6,4.6,3.0,3.6,1037,1.8,1044,-9.0,-9,-9.0,-9,-9.0,-9,12.9,11.6,11.9,11.5,13.9
20230416,108,2.5,2128,29,6.6,1748,29,11.9,1742,10.8,16.1,1621,7.5,529,5.4,12.4,3.5,71.4,38.0,1623,9.0,3.6,2.5,-9.0,995.2,1005.4,1010.8,2357,1002.2,207,6.9,3.2,13.2,-9.0,14.45,2.12,1400,0.0,0.0,0.48,0.0,-9,0.0,-9,-9.0,-9,-9.0,-9,-9.0,-9,13.0,11.7,12.0,11.5,13.9
20230417,108,2.0,1725,5,4.2,2335,27,6.5,1356,13.1,18.1,1551,6.8,541,4.6,14.6,-0.5,59.0,36.0,1610,8.5,4.9,3.4,-9.0,1004.2,1014.5,1016.7,1038,1010.8,1,6.1,6.1,13.2,-9.0,17.76,2.59,1000,-9.0,0.9,-9.0,-9.0,-9,-9.0,-9,-9.0,-9,-9.0,-9,-9.0,-9,12.9,11.9,12.0,11.5,13.8
20230418,108,2.7,2313,7,5.3,805,5,7.9,840,14.0,18.4,1726,10.7,803,9.9,15.7,5.2,78.6,46.0,132,12.4,2.6,1.8,-9.0,1001.0,1011.2,1013.7,1,1009.9,346,6.4,3.6,13.3,-9.0,10.85,2.74,1400,1.5,0.6,8.42,0.6,920,0.2,-9,-9.0,-9,-9.0,-9,-9.0,-9,13.2,11.9,12.1,11.6,13.8
20230419,108,2.4,2097,27,4.6,1815,7,7.2,1006,19.1,28.4,1628,11.5,552,11.5,21.3,5.1,66.1,25.0,1635,13.7,7.4,5.2,-9.0,999.0,1009.0,1012.6,17,1005.3,1629,2.3,12.3,13.3,-9.0,27.82,3.6,1200,-9.0,0.5,-9.0,-9.0,-9,-9.0,-9,-9.0,-9,-9.0,-9,-9.0,-9,13.4,12.0,12.2,11.6,13.8
20230420,108,2.4,2083,25,4.6,243,25,8.7,235,15.8,18.9,1,14.5,2256,14.4,16.1,11.0,92.1,81.0,1,16.5,1.4,1.0,-9.0,999.8,1009.9,1012.0,2254,1008.1,1614,9.5,0.0,13.3,-9.0,4.12,0.66,1000,0.5,0.0,9.17,0.5,359,0.2,-9,-9.0,-9,-9.0,-9,-9.0,-9,14.5,12.2,12.3,11.6,13.8
20230421,108,2.5,2192,32,4.9,1846,29,8.3,1606,16.7,22.8,1506,11.4,621,3.9,19.1,6.2,50.4,18.0,1834,8.9,8.0,5.6,-9.0,1002.0,1012.0,1015.5,2349,1010.1,1700,3.8,7.8,13.4,-9.0,21.05,3.47,1200,-9.0,-9.0,-9.0,-9.0,-9,-9.0,-9,-9.0,-9,-9.0,-9,-9.0,-9,14.6,12.5,12.4,11.7,13.8
20230422,108,2.6,2287,5,5.0,1248,11,9.5,1129,16.9,22.5,1529,12.2,559,-4.7,18.3,4.3,22.9,14.0,1306,4.3,8.1,5.7,-9.0,1009.0,1019.1,1021.0,2312,1015.5,1,7.6,5.6,13.4,-9.0,21.2,2.89,1200,-9.0,-9.0,-9.0,-9.0,-9,-9.0,-9,-9.0,-9,-9.0,-9,-9.0,-9,14.9,12.7,12.5,11.7,13.8
20230423,108,2.1,1856,25,4.8,1748,27,8.0,1709,16.1,22.1,1347,10.7,557,-0.1,16.9,1.7,34.1,19.0,1322,6.1,7.3,5.1,-9.0,1012.0,1022.2,1024.4,828,1020.2,1641,8.0,4.4,13.4,-9.0,19.47,3.32,1200,-9.0,-9.0,-9.0,-9.0,-9,-9.0,-9,-9.0,-9,-9.0,-9,-9.0,-9,14.9,12.9,12.6,11.8,13.8
20230424,108,2.7,2367,7,5.1,818,5,8.8,802,15.8,21.3,1431,11.5,2349,2.3,18.8,2.8,40.5,30.0,1557,7.3,5.8,4.1,-9.0,1011.8,1022.0,1023.9,914,1019.9,1637,5.8,7.8,13.5,-9.0,20.31,2.52,1100,-9.0,0.0,-9.0,-9.0,-9,-9.0,-9,-9.0,-9,-9.0,-9,-9.0,-9,15.0,13.1,12.8,11.8,13.8
20230425,108,1.9,1623,14,4.3,1115,11,7.5,1109,10.9,13.2,1007,9.0,2244,5.0,12.0,2.1,68.6,45.0,13,8.9,1.8,1.3,-9.0,1004.9,1015.3,1021.6,16,1011.6,1840,9.4,0.0,13.5,-9.0,5.22,0.76,1300,0.4,0.4,13.25,0.4,1218,0.2,-9,-9.0,-9,-9.0,-9,-9.0,-9,15.1,13.2,12.9,11.8,13.8
20230426,108,3.1,2676,27,5.7,841,25,10.3,916,10.2,13.5,1508,7.4,2350,4.7,16.6,0.0,69.9,47.0,1514,8.6,3.5,2.4,-9.0,1003.2,1013.5,1018.5,2314,1009.6,710,4.5,4.1,13.6,-9.0,15.52,3.07,1400,0.0,-9.0,0.58,0.0,-9,0.0,-9,-9.0,-9,-9.0,-9,-9.0,-9,14.4,13.4,13.0,11.9,13.7
20230427,108,1.9,1674,25,4.2,1521,27,6.8,1557,12.9,20.0,1526,5.1,610,4.7,18.3,-1.9,61.6,26.0,1750,8.6,6.4,4.5,-9.0,1009.3,1019.6,1021.3,1047,1018.2,1608,0.5,12.2,13.6,-9.0,26.55,3.4,1200,-9.0,-9.0,-9.0,-9.0,-9,-9.0,-9,-9.0,-9,-9.0,-9,-9.0,-9,14.1,13.3,13.1,11.9,13.7
20230428,108,2.1,1827,23,5.4,1515,23,9.1,1510,15.7,21.3,1444,9.0,613,7.7,19.9,0.5,62.0,26.0,1253,10.7,5.0,3.5,-9.0,1005.5,1015.6,1019.5,111,1011.7,2358,6.4,8.4,13.6,-9.0,21.25,3.28,1100,1.9,19.7,2.83,1.7,2251,0.6,2302,-9.0,-9,-9.0,-9,-9.0,-9,14.5,13.3,13.2,11.9,13.7
20230429,108,2.9,2464,27,6.4,1739,23,11.8,1658,13.2,15.8,755,9.9,2144,11.2,15.3,9.5,88.1,68.0,1658,13.6,1.8,1.3,-9.0,996.2,1006.3,1011.7,1,1004.1,1409,9.6,0.8,13.7,-9.0,6.04,1.75,1400,25.1,7.3,13.83,4.9,303,1.6,346,-9.0,-9,-9.0,-9,-9.0,-9,15.0,13.4,13.3,12.0,13.7
20230430,108,3.3,2821,23,5.9,1459,25,11.2,1452,12.7,17.9,1507,7.9,430,7.4,16.4,2.6,72.9,39.0,1318,10.4,4.5,3.2,-9.0,999.6,1009.8,1011.5,2344,1007.7,1635,6.1,5.8,13.7,-9.0,19.71,2.69,1000,0.1,0.1,2.92,0.1,-9,0.1,-9,-9.0,-9,-9.0,-9,-9.0,-9,14.8,13.5,13.4,12.0,13.7
20230501,108,2.5,2184,27,5.2,1338,25,9.9,1224,14.6,20.8,1623,9.8,558,4.8,18.2,3.2,57.0,27.0,1652,8.8,7.4,5.2,-9.0,1006.7,1016.8,1021.0,2354,1011.5,1,3.0,11.4,13.7,-9.0,26.8,3.45,1100,-9.0,-9.0,-9.0,-9.0,-9,-9.0,-9,-9.0,-9,-9.0,-9,-9.0,-9,14.9,13.6,13.5,12.1,13.7
20230502,108,2.1,1787,23,3.8,1628,32,6.5,2024,16.7,23.7,1552,9.1,523,2.4,16.8,2.7,40.5,21.0,1402,7.3,6.7,4.7,-9.0,1011.7,1021.8,1023.8,943,1020.1,1934,6.6,8.2,13.8,-9.0,21.58,3.16,1200,-9.0,-9.0,-9.0,-9.0,-9,-9.0,-9,-9.0,-9,-9.0,-9,-9.0,-9,15.3,13.7,13.5,12.1,13.7
20230503,108,2.1,1797,29,4.9,1719,25,9.0,1429,19.5,26.2,1509,12.4,626,8.6,22.6,5.7,52.5,23.0,1407,11.6,7.3,5.1,-9.0,1010.1,1020.1,1022.2,1,1017.7,1630,4.5,10.4,13.8,-9.0,26.2,3.45,1200,-9.0,-9.0,-9.0,-9.0,-9,-9.0,-9,-9.0,-9,-9.0,-9,-9.0,-9,15.6,13.8,13.6,12.1,13.7
20230504,108,2.1,1797,14,4.2,2216,11,7.5,2157,21.4,25.8,1435,15.6,547,14.3,22.2,10.2,65.5,50.0,1419,16.3,4.5,3.2,-9.0,1002.5,1012.4,1019.4,2,1007.4,2339,7.9,2.5,13.8,-9.0,16.89,2.87,1200,-9.0,5.3,-9.0,-9.0,-9,-9.0,-9,-9.0,-9,-9.0,-9,-9.0,-9,16.4,14.0,13.7,12.2,13.7
20230505,108,2.5,2186,5,5.5,2329,18,10.4,1502,18.4,21.6,1,15.5,2358,17.6,18.5,15.3,95.3,61.0,4,20.2,0.7,0.5,-9.0,992.0,1001.8,1007.5,1,999.5,1540,10.0,0.0,13.9,-9.0,1.74,0.24,1300,30.2,58.0,22.67,9.3,1538,3.7,1539,-9.0,-9,-9.0,-9,-9.0,-9,17.1,14.3,13.8,12.2,13.7
20230506,108,5.4,4679,5,8.6,745,5,15.9,737,12.6,15.5,1,11.7,838,10.0,13.2,10.2,85.6,56.0,2337,12.5,2.4,1.7,-9.0,996.3,1006.5,1011.0,2151,1000.7,317,9.3,0.0,13.9,-9.0,5.42,0.88,1600,47.5,14.4,16.42,9.3,230,2.4,251,-9.0,-9,-9.0,-9,-9.0,-9,17.2,14.6,13.9,12.3,13.7
20230507,108,2.6,2252,5,4.8,12,11,9.1,111,14.4,18.6,1635,11.1,2327,3.0,13.9,3.5,47.1,36.0,1658,7.6,4.2,2.9,-9.0,1002.3,1012.5,1014.9,2352,1010.9,1,7.1,2.2,13.9,-9.0,12.18,1.56,1600,-9.0,-9.0,-9.0,-9.0,-9,-9.0,-9,-9.0,-9,-9.0,-9,-9.0,-9,16.2,15.1,14.6,12.4,13.7
20230508,108,2.2,1934,27,4.8,1639,25,8.1,1636,15.3,22.0,1340,7.9,547,5.7,18.1,2.5,55.3,31.0,1342,9.2,7.7,5.4,-9.0,1006.0,1016.2,1017.5,2308,1014.9,1,2.4,12.7,14.0,-9.0,28.55,3.62,1200,-9.0,-9.0,-9.0,-9.0,-9,-9.0,-9,-9.0,-9,-9.0,-9,-9.0,-9,15.8,15.0,14.7,12.5,13.7
20230509,108,2.3,1974,25,5.1,1639,25,9.8,1631,17.0,24.4,1500,10.0,550,7.3,20.5,4.0,55.4,31.0,1433,10.2,8.0,5.6,-9.0,1005.8,1015.9,1018.0,651,1013.3,1617,0.9,12.8,14.0,-9.0,28.29,3.48,1200,-9.0,-9.0,-9.0,-9.0,-9,-9.0,-9,-9.0,-9,-9.0,-9,-9.0,-9,16.1,14.9,14.7,12.5,13.7
20230510,108,1.8,1512,27,3.7,1439,25,5.8,1426,18.4,26.0,1546,10.7,551,7.8,21.3,4.0,53.3,25.0,1647,10.6,7.6,5.3,-9.0,1006.2,1016.3,1017.9,816,1014.3,1622,2.5,12.7,14.0,-9.0,25.58,3.23,1200,-9.0,-9.0,-9.0,-9.0,-9,-9.0,-9,-9.0,-9,-9.0,-9,-9.0,-9,16.6,14.9,14.7,12.5,13.7
20230511,108,2.3,1946,27,4.6,1633,32,8.1,1417,19.5,26.7,1423,12.8,545,8.0,23.7,6.9,50.1,26.0,1606,10.8,8.3,5.8,-9.0,1007.2,1017.2,1018.9,751,1015.3,1748,2.9,12.9,14.1,-9.0,27.64,3.39,1200,-9.0,-9.0,-9.0,-9.0,-9,-9.0,-9,-9.0,-9,-9.0,-9,-9.0,-9,17.0,15.0,14.7,12.6,13.7
20230512,108,1.8,1558,25,3.6,1443,27,6.4,1437,18.4,24.7,1426,13.1,551,7.0,21.7,5.8,50.9,24.0,1417,10.1,6.4,4.5,-9.0,1006.2,1016.2,1018.1,738,1013.4,1800,5.0,6.7,14.1,-9.0,19.9,2.59,1300,-9.0,-9.0,-9.0,-9.0,-9,-9.0,-9,-9.0,-9,-9.0,-9,-9.0,-9,17.5,15.2,14.8,12.6,13.7
20230513,108,2.0,1701,29,4.7,1740,29,9.2,1731,17.8,23.9,1417,12.6,608,10.0,24.2,5.5,62.0,35.0,1344,12.3,6.3,4.4,-9.0,1002.5,1012.5,1016.4,1,1010.0,1857,3.6,8.8,14.1,-9.0,23.86,3.54,1200,0.0,0.0,0.17,0.0,-9,0.0,-9,-9.0,-9,-9.0,-9,-9.0,-9,17.6,15.4,14.9,12.6,13.7
20230514,108,2.0,1705,18,4.7,1210,18,8.0,1208,18.1,23.8,1400,12.9,520,8.7,24.3,5.7,56.5,35.0,1310,11.3,7.0,4.9,-9.0,999.0,1009.0,1011.0,1,1007.2,1745,1.6,9.6,14.2,-9.0,25.41,3.52,1300,-9.0,-9.0,-9.0,-9.0,-9,-9.0,-9,-9.0,-9,-9.0,-9,-9.0,-9,17.9,15.6,15.0,12.7,13.7
20230515,108,2.4,2042,23,4.6,1801,20,7.6,1604,20.6,27.9,1546,12.8,520,10.4,25.0,6.4,54.6,32.0,1307,12.6,8.4,5.9,-9.0,997.9,1007.8,1009.7,2357,1005.6,1650,2.0,11.6,14.2,-9.0,26.49,3.44,1200,-9.0,-9.0,-9.0,-9.0,-9,-9.0,-9,-9.0,-9,-9.0,-9,-9.0,-9,18.2,15.8,15.1,12.7,13.7
20230516,108,2.5,2175,18,5.0,1635,18,9.2,1547,24.0,31.2,1436,17.2,515,12.9,30.3,11.6,51.9,33.0,1453,14.9,9.4,6.6,-9.0,999.9,1009.7,1012.3,2331,1007.9,1630,2.1,12.1,14.2,-9.0,27.62,3.43,1200,-9.0,-9.0,-9.0,-9.0,-9,-9.0,-9,-9.0,-9,-9.0,-9,-9.0,-9,18.7,16.0,15.2,12.8,13.7
20230517,108,3.4,2952,23,7.2,1405,23,13.1,1455,23.5,28.7,1310,18.6,442,15.5,30.7,12.0,63.6,34.0,1209,17.9,8.7,6.1,-9.0,1002.5,1012.3,1013.6,2153,1011.1,1545,4.6,11.4,14.2,-9.0,27.59,3.43,1300,-9.0,-9.0,-9.0,-9.0,-9,-9.0,-9,-9.0,-9,-9.0,-9,-9.0,-9,19.5,16.2,15.4,12.8,13.7
20230518,108,2.1,1841,18,4.6,1414,20,11.9,1409,21.2,27.6,1326,18.8,2358,16.3,21.6,14.0,74.8,48.0,1331,18.6,4.7,3.3,-9.0,1000.3,1010.2,1012.6,3,1008.1,1755,7.1,1.4,14.3,-9.0,13.7,3.44,1200,1.3,1.3,0.83,1.3,1405,0.7,1415,-9.0,-9,-9.0,-9,-9.0,-9,20.2,16.6,15.5,12.9,13.7
20230519,108,2.3,2024,5,4.5,941,9,8.5,1101,22.3,27.8,1409,16.7,531,14.1,27.2,12.5,61.4,41.0,1424,16.1,7.0,4.9,-9.0,998.9,1008.7,1010.0,2134,1006.9,1637,2.4,9.4,14.3,-9.0,25.57,3.67,1300,-9.0,-9.0,-9.0,-9.0,-9,-9.0,-9,-9.0,-9,-9.0,-9,-9.0,-9,20.1,16.9,15.7,12.9,13.7
20230520,108,3.0,2571,23,6.7,1557,27,12.7,1609,21.2,26.7,1200,16.6,2313,14.4,28.7,12.5,66.9,51.0,1300,16.5,6.8,4.8,-9.0,999.7,1009.6,1011.2,741,1007.5,1752,5.0,9.7,14.3,-9.0,25.72,3.11,1300,-9.0,0.2,-9.0,-9.0,-9,-9.0,-9,-9.0,-9,-9.0,-9,-9.0,-9,20.4,17.2,15.9,13.0,13.7
20230521,108,3.0,2571,20,4.8,1210,20,9.5,1538,17.8,21.9,1608,15.3,603,12.7,24.5,14.3,74.0,46.0,1419,14.7,5.4,3.8,-9.0,999.1,1009.1,1010.0,117,1008.3,1615,9.0,5.8,14.3,-9.0,20.72,3.22,1200,0.2,-9.0,5.58,0.2,-9,0.2,-9,-9.0,-9,-9.0,-9,-9.0,-9,20.7,17.4,16.1,13.0,13.7
20230522,108,1.9,1658,25,4.2,1834,27,6.9,1904,20.3,26.8,1622,15.9,412,12.0,25.9,13.1,61.3,31.0,1528,14.0,7.3,5.1,-9.0,997.7,1007.5,1009.3,1,1005.4,1629,6.3,7.9,14.4,-9.0,23.93,3.4,1300,0.0,0.0,0.33,0.0,-9,0.0,-9,-9.0,-9,-9.0,-9,-9.0,-9,20.7,17.7,16.3,13.1,13.7
20230523,108,2.2,1935,34,4.4,1633,25,10.0,1434,20.5,26.9,1650,14.1,534,8.6,28.6,6.6,48.0,27.0,1607,11.2,8.5,6.0,-9.0,999.8,1009.6,1012.2,2309,1008.0,1536,0.6,13.2,14.4,-9.0,29.85,3.68,1200,-9.0,-9.0,-9.0,-9.0,-9,-9.0,-9,-9.0,-9,-9.0,-9,-9.0,-9,20.9,17.9,16.5,13.1,13.7
20230524,108,2.0,1734,20,3.8,1407,20,7.7,1403,20.6,25.9,1329,14.8,535,9.3,25.1,7.3,49.8,34.0,1422,11.7,6.4,4.5,-9.0,1003.8,1013.7,1015.5,2336,1012.0,13,7.0,6.2,14.4,-9.0,19.16,2.65,1200,-9.0,-9.0,-9.0,-9.0,-9,-9.0,-9,-9.0,-9,-9.0,-9,-9.0,-9,21.1,18.0,16.7,13.2,13.7
20230525,108,2.4,2064,27,5.6,1556,29,9.0,1610,21.2,27.4,1403,15.7,534,8.5,29.0,8.4,46.6,27.0,1343,11.1,9.1,6.4,-9.0,1005.6,1015.5,1017.3,743,1013.5,1749,5.4,10.4,14.4,-9.0,27.9,3.62,1200,0.0,0.5,0.17,0.0,-9,0.0,-9,-9.0,-9,-9.0,-9,-9.0,-9,20.9,18.2,16.9,13.3,13.7
20230526,108,2.1,1823,32,4.9,30,34,7.9,26,21.4,27.3,1522,15.8,544,12.2,29.7,11.5,57.4,38.0,1357,14.2,7.0,4.9,-9.0,1007.5,1017.4,1018.3,733,1016.4,1,7.0,10.7,14.5,-9.0,26.25,3.53,1200,0.5,0.0,2.0,0.5,-2345,0.4,35,-9.0,-9,-9.0,-9,-9.0,-9,21.2,18.4,17.0,13.3,13.8
20230527,108,1.7,1457,25,3.3,1212,27,5.9,1206,19.3,20.7,851,18.6,431,16.9,19.6,13.6,87.4,65.0,3,19.4,0.9,0.7,-9.0,1006.8,1016.8,1018.9,1127,1014.7,2358,9.6,0.0,14.5,-9.0,3.13,0.39,800,31.8,46.5,15.5,5.8,1810,2.0,1900,-9.0,-9,-9.0,-9,-9.0,-9,21.5,18.5,17.2,13.4,13.8
20230528,108,1.8,1565,18,5.3,420,18,10.3,416,19.2,20.2,1315,18.4,649,18.9,19.6,18.0,98.9,83.0,1307,21.9,0.8,0.6,-9.0,1001.9,1011.8,1014.7,1,1010.6,1642,10.0,0.0,14.5,-9.0,2.46,0.44,1300,41.8,29.4,24.0,4.9,56,1.6,133,-9.0,-9,-9.0,-9,-9.0,-9,20.7,18.7,17.3,13.5,13.8
20230529,108,1.6,1355,27,3.0,1927,2,4.9,1250,23.2,28.5,1646,19.0,1,19.9,24.2,18.3,83.4,58.0,1632,23.2,4.2,3.0,-9.0,999.9,1009.7,1011.2,1,1008.4,1527,6.8,4.1,14.5,-9.0,15.87,2.21,1500,2.3,-9.0,7.5,1.4,35,0.4,102,-9.0,-9,-9.0,-9,-9.0,-9,20.4,18.8,17.5,13.5,13.8
20230530,108,2.2,1913,2,4.9,1656,2,8.5,1051,24.0,28.9,1454,20.5,543,17.6,25.6,15.7,69.5,48.0,1502,20.2,6.1,4.3,-9.0,999.7,1009.4,1011.0,1,1007.7,1823,6.5,3.7,14.5,-9.0,18.2,3.48,1200,-9.0,-9.0,-9.0,-9.0,-9,-9.0,-9,-9.0,-9,-9.0,-9,-9.0,-9,21.1,18.8,17.8,13.6,13.8
20230531,108,2.5,2186,11,4.3,1016,11,8.4,956,22.8,28.2,1625,18.8,506,14.5,25.8,14.8,60.8,45.0,1126,16.6,6.8,4.8,-9.0,1000.0,1009.8,1012.3,812,1007.6,1711,6.5,7.1,14.6,-9.0,23.98,3.41,1100,-9.0,-9.0,-9.0,-9.0,-9,-9.0,-9,-9.0,-9,-9.0,-9,-9.0,-9,21.5,18.9,17.9,13.7,13.8
20230601,108,1.9,1612,27,3.4,2152,34,5.7,1634,22.8,26.3,1707,19.7,528,16.1,24.3,17.1,66.9,56.0,1833,18.3,4.3,3.0,-9.0,995.6,1005.3,1009.3,1,1002.1,1742,8.3,2.2,14.6,-9.0,15.18,2.32,1100,-9.0,-9.0,-9.0,-9.0,-9,-9.0,-9,-9.0,-9,-9.0,-9,-9.0,-9,21.9,19.1,18.0,13.8,13.8
20230602,108,2.3,2019,25,4.7,1853,25,7.0,1712,20.4,25.0,1648,17.9,601,16.1,23.3,13.9,77.4,59.0,1636,18.3,4.3,3.0,-9.0,992.5,1002.3,1005.1,2356,1000.7,1621,3.5,5.2,14.6,-9.0,14.24,2.85,1400,0.0,0.0,0.17,0.0,-9,0.0,-9,-9.0,-9,-9.0,-9,-9.0,-9,21.8,19.2,18.1,13.9,13.8
20230603,108,2.7,2315,29,6.0,1315,20,10.6,1648,22.0,27.8,1423,16.6,607,13.0,28.3,10.9,60.1,31.0,1359,15.1,9.7,6.8,-9.0,997.8,1007.6,1009.5,2336,1005.1,1,2.1,13.3,14.6,-9.0,31.19,3.7,1200,-9.0,-9.0,-9.0,-9.0,-9,-9.0,-9,-9.0,-9,-9.0,-9,-9.0,-9,21.5,19.3,18.2,14.0,13.8
20230604,108,2.4,2060,25,5.7,1301,23,9.1,1245,22.1,28.0,1627,16.9,537,13.3,29.1,11.5,61.0,28.0,1729,15.4,8.7,6.1,-9.0,1000.1,1009.9,1011.0,825,1007.8,1613,3.3,11.1,14.6,-9.0,28.74,3.46,1200,-9.0,-9.0,-9.0,-9.0,-9,-9.0,-9,-9.0,-9,-9.0,-9,-9.0,-9,21.8,19.4,18.3,14.1,13.9
20230605,108,2.6,2273,25,5.5,1729,20,10.8,1549,21.5,26.3,1532,17.6,532,14.7,29.1,11.8,66.9,47.0,1502,16.8,7.1,4.9,-9.0,1000.3,1010.2,1011.0,2230,1008.9,1634,4.4,10.9,14.6,-9.0,26.6,3.2,1200,-9.0,-9.0,-9.0,-9.0,-9,-9.0,-9,-9.0,-9,-9.0,-9,-9.0,-9,22.1,19.5,18.4,14.1,13.9
20230606,108,2.6,2248,29,5.5,1426,27,9.8,1458,20.3,25.2,1335,17.3,537,15.1,24.5,12.9,72.9,50.0,1342,17.1,5.5,3.8,-9.0,997.3,1007.1,1010.7,1,1004.8,1657,6.1,7.9,14.7,-9.0,21.98,3.12,1300,0.0,0.0,0.92,0.0,-9,0.0,-9,-9.0,-9,-9.0,-9,-9.0,-9,22.3,19.6,18.5,14.2,13.9
20230607,108,2.1,1809,18,3.6,1716,14,6.5,1457,21.4,25.7,1723,18.9,332,16.8,24.1,16.8,75.3,63.0,1600,19.1,3.1,2.2,-9.0,998.0,1007.9,1009.5,903,1006.2,1720,8.9,1.0,14.7,-9.0,10.07,1.82,1400,0.0,0.0,1.17,0.0,-9,0.0,-9,-9.0,-9,-9.0,-9,-9.0,-9,22.3,19.8,18.6,14.3,13.9
20230608,108,2.4,2077,25,4.9,1830,23,8.4,1136,20.4,23.9,1613,18.3,2339,16.8,23.5,14.4,80.5,65.0,1616,19.2,3.2,2.2,-9.0,994.3,1004.1,1007.8,428,1001.3,2249,8.4,0.9,14.7,-9.0,10.19,1.47,1500,1.9,3.1,5.33,1.5,2251,0.7,2300,-9.0,-9,-9.0,-9,-9.0,-9,22.1,19.9,18.7,14.3,13.9
20230609,108,2.0,1689,20,4.4,27,27,7.7,113,23.3,28.4,1646,18.3,524,15.1,30.3,15.2,64.0,32.0,1551,17.4,7.6,5.3,-9.0,993.1,1002.8,1003.8,806,1001.1,141,4.6,11.8,14.7,-9.0,28.15,3.54,1100,1.2,-9.0,3.42,0.6,113,0.5,20,-9.0,-9,-9.0,-9,-9.0,-9,21.9,19.9,18.8,14.4,13.9
20230610,108,2.3,2002,29,7.5,1618,29,12.6,1617,23.2,28.5,1248,19.6,2332,17.1,26.6,14.8,70.0,48.0,1251,19.5,5.1,3.5,-9.0,994.4,1004.2,1006.3,2348,1002.9,1534,6.9,5.6,14.7,-9.0,18.18,2.89,1100,0.8,33.0,1.83,1.7,2331,0.6,2258,-9.0,-9,-9.0,-9,-9.0,-9,22.4,19.9,18.9,14.5,14.0
20230611,108,2.2,1863,32,3.9,1238,27,5.9,1912,22.1,27.3,1710,17.9,422,17.3,23.6,16.0,76.1,53.0,1625,19.8,5.6,3.9,-9.0,995.0,1004.8,1006.2,42,1003.1,1712,6.1,6.4,14.7,-9.0,21.1,2.99,1100,32.2,0.0,5.42,16.1,312,9.5,355,-9.0,-9,-9.0,-9,-9.0,-9,22.5,20.1,19.0,14.5,14.0
20230612,108,1.7,1505,29,4.5,1616,27,7.6,1432,22.2,27.5,1353,18.4,610,16.3,24.3,14.1,70.5,47.0,1345,18.5,5.5,3.9,-9.0,995.3,1005.0,1006.6,802,1003.4,1859,6.6,6.7,14.7,-9.0,19.9,2.86,1300,0.0,0.0,1.92,0.0,-9,0.0,-9,-9.0,-9,-9.0,-9,-9.0,-9,22.6,20.2,19.0,14.6,14.0
20230613,108,2.2,1917,29,5.0,1644,27,9.0,1417,22.0,26.0,1313,19.2,556,16.1,28.2,14.1,70.0,50.0,1447,18.3,6.3,4.4,-9.0,994.1,1003.9,1004.8,1,1002.6,1538,3.9,9.9,14.7,-9.0,25.43,3.25,1300,0.0,-9.0,0.5,0.0,-9,0.0,-9,-9.0,-9,-9.0,-9,-9.0,-9,22.6,20.3,19.1,14.7,14.0
20230614,108,1.5,1293,18,3.6,1425,34,6.7,1413,20.6,25.0,1258,17.5,508,16.9,20.3,13.6,80.3,53.0,1306,19.3,3.5,2.5,-9.0,995.6,1005.5,1006.9,2255,1003.8,37,4.1,4.2,14.8,-9.0,13.12,1.89,900,30.6,30.6,2.25,30.6,1355,12.7,1412,-9.0,-9,-9.0,-9,-9.0,-9,22.8,20.4,19.2,14.7,14.0
20230615,108,2.1,1837,27,4.7,1642,27,8.2,1635,22.7,28.3,1516,17.7,545,16.7,26.5,14.4,70.8,50.0,1517,19.1,6.8,4.7,-9.0,998.1,1007.9,1010.3,2357,1006.3,1552,2.9,8.8,14.8,-9.0,25.05,3.43,1100,-9.0,-9.0,-9.0,-9.0,-9,-9.0,-9,-9.0,-9,-9.0,-9,-9.0,-9,22.3,20.6,19.3,14.8,14.1
20230616,108,2.1,1827,25,4.2,1952,27,6.8,1711,23.7,28.9,1535,19.1,501,16.0,27.8,15.1,64.4,45.0,1634,18.3,8.8,6.2,-9.0,1002.7,1012.5,1013.8,1025,1010.3,1,0.9,12.5,14.8,-9.0,29.89,3.59,1200,-9.0,-9.0,-9.0,-9.0,-9,-9.0,-9,-9.0,-9,-9.0,-9,-9.0,-9,22.7,20.6,19.6,14.9,14.1
20230617,108,2.0,1757,29,4.1,1813,29,6.3,1809,24.2,30.2,1515,18.9,540,14.7,28.7,13.3,57.1,39.0,1319,16.8,8.0,5.6,-9.0,1002.5,1012.3,1014.4,345,1010.4,1749,4.4,10.8,14.8,-9.0,27.4,3.39,1100,-9.0,-9.0,-9.0,-9.0,-9,-9.0,-9,-9.0,-9,-9.0,-9,-9.0,-9,23.2,20.7,19.7,15.0,14.1
20230618,108,2.0,1758,29,4.1,1740,25,6.6,1643,25.9,32.6,1636,20.8,518,17.4,31.6,17.6,60.5,43.0,1601,19.8,9.1,6.4,-9.0,997.2,1006.9,1010.7,1,1004.2,1632,3.4,12.3,14.8,-9.0,28.79,3.48,1200,-9.0,-9.0,-9.0,-9.0,-9,-9.0,-9,-9.0,-9,-9.0,-9,-9.0,-9,23.6,20.8,19.7,15.1,14.1
20230619,108,2.2,1903,25,4.3,2015,27,7.3,122,28.5,34.0,1455,23.3,353,19.0,32.8,18.6,57.8,42.0,1328,22.0,7.6,5.3,-9.0,995.7,1005.3,1006.9,831,1003.1,1627,3.3,11.0,14.8,-9.0,25.29,3.23,1200,-9.0,-9.0,-9.0,-9.0,-9,-9.0,-9,-9.0,-9,-9.0,-9,-9.0,-9,24.1,21.0,19.8,15.2,14.2
20230620,108,1.9,1646,5,5.3,1317,5,9.7,1308,24.7,26.4,1040,21.4,2356,17.3,23.7,19.0,64.5,51.0,1211,19.8,2.4,1.7,-9.0,994.1,1003.8,1005.9,1215,1001.6,1526,8.8,0.0,14.8,-9.0,5.89,0.69,1000,6.4,30.4,6.83,6.4,2331,2.3,2352,-9.0,-9,-9.0,-9,-9.0,-9,24.7,21.3,19.9,15.2,14.2
20230621,108,2.1,1855,7,3.5,326,5,6.0,150,20.5,22.1,1522,19.2,344,19.2,21.9,17.9,92.6,83.0,2122,22.3,2.0,1.4,-9.0,991.2,1001.0,1003.4,1,999.8,1643,9.4,0.0,14.8,-9.0,4.79,0.81,1200,24.9,0.9,14.67,8.4,302,3.3,339,-9.0,-9,-9.0,-9,-9.0,-9,24.0,21.5,20.1,15.3,14.2
20230622,108,2.2,1938,27,4.9,1446,25,8.4,1454,22.5,26.4,1529,18.9,524,18.1,26.2,17.8,77.1,61.0,1332,20.9,4.9,3.5,-9.0,993.6,1003.3,1005.7,2335,1001.8,1540,6.3,6.9,14.8,-9.0,21.48,2.74,1000,0.0,0.0,0.25,0.0,-9,0.0,-9,-9.0,-9,-9.0,-9,-9.0,-9,23.2,21.5,20.2,15.4,14.2
20230623,108,1.5,1255,29,3.2,1815,36,4.9,1547,24.4,29.9,1650,20.0,309,19.8,26.2,17.6,76.6,50.0,1653,23.1,5.6,3.9,-9.0,999.1,1008.8,1011.7,2337,1005.5,14,5.0,5.3,14.8,-9.0,18.74,3.15,1400,-9.0,-9.0,-9.0,-9.0,-9,-9.0,-9,-9.0,-9,-9.0,-9,-9.0,-9,23.5,21.5,20.3,15.4,14.3
20230624,108,2.0,1746,32,4.0,2035,32,6.8,2034,26.4,31.1,1540,21.9,514,20.4,27.4,19.3,70.5,55.0,1408,24.0,6.2,4.3,-9.0,1003.4,1013.1,1014.2,813,1011.7,1,1.5,9.7,14.8,-9.0,21.93,2.81,1100,-9.0,-9.0,-9.0,-9.0,-9,-9.0,-9,-9.0,-9,-9.0,-9,-9.0,-9,23.8,21.5,20.4,15.5,14.3
20230625,108,2.1,1795,16,4.0,1632,11,6.5,2136,28.2,33.1,1529,22.8,545,20.5,30.8,19.7,64.9,47.0,1557,24.2,6.9,4.8,-9.0,1001.2,1010.8,1013.8,1,1008.2,1835,5.8,8.7,14.8,-9.0,23.62,3.29,1100,-9.0,14.9,-9.0,-9.0,-9,-9.0,-9,-9.0,-9,-9.0,-9,-9.0,-9,24.3,21.6,20.5,15.5,14.3
20230626,108,2.9,2529,18,6.0,1739,23,10.2,1701,24.2,27.5,1,22.3,606,22.0,24.0,20.9,88.6,59.0,39,26.4,1.7,1.2,-9.0,995.8,1005.5,1008.5,1,1004.2,1914,10.0,0.0,14.8,-9.0,3.39,0.59,1500,30.3,17.9,13.25,11.1,517,4.2,554,-9.0,-9,-9.0,-9,-9.0,-9,24.9,21.8,20.6,15.6,14.3
20230627,108,3.2,2731,20,6.1,24,27,11.0,159,25.3,29.1,1657,21.4,525,19.8,27.6,20.6,73.1,51.0,1816,23.1,5.9,4.1,-9.0,998.0,1007.7,1009.1,2243,1003.9,100,6.5,6.8,14.8,-9.0,20.95,3.08,1200,2.5,0.0,2.5,2.5,113,1.0,153,-9.0,-9,-9.0,-9,-9.0,-9,24.4,22.0,20.7,15.7,14.4
20230628,108,2.5,2146,20,4.1,1411,18,6.8,1536,26.5,30.1,1453,24.2,447,22.0,28.5,23.3,77.4,60.0,1457,26.5,5.1,3.6,-9.0,997.2,1006.8,1008.9,133,1005.5,1445,8.1,3.8,14.8,-9.0,18.56,2.79,1400,0.0,3.9,0.5,0.0,-9,0.0,-9,-9.0,-9,-9.0,-9,-9.0,-9,24.7,22.2,20.9,15.8,14.4
20230629,108,2.3,1958,20,4.9,1127,23,10.3,1122,24.2,25.9,7,23.2,2343,23.4,24.6,22.8,95.4,85.0,2,28.8,0.9,0.6,0.5,990.8,1000.5,1005.7,1,996.8,1742,10.0,0.0,14.8,-9.0,2.31,0.58,1200,63.8,60.5,17.83,33.8,1042,11.2,1115,-9.0,-9,-9.0,-9,-9.0,-9,25.2,22.3,21.1,16.0,14.4
20230630,108,1.8,1595,25,3.3,1753,20,5.9,143,25.3,29.1,1603,23.2,1,23.3,26.5,22.2,89.8,72.0,1616,28.6,3.3,2.3,2.2,990.2,999.8,1002.6,2332,997.9,329,7.4,1.4,14.7,-9.0,10.02,2.1,1500,1.0,0.4,11.92,0.4,7,0.2,-9,-9.0,-9,-9.0,-9,-9.0,-9,25.0,23.0,22.0,17.2,14.5
20230701,108,2.0,1741,27,4.5,1736,27,7.1,1729,27.7,32.9,1459,23.3,321,23.0,31.2,20.3,76.9,58.0,1412,28.1,8.1,5.7,-9.0,995.5,1005.0,1007.4,2336,1002.5,6,1.4,12.4,14.7,-9.0,29.21,3.6,1300,-9.0,-9.0,-9.0,-9.0,-9,-9.0,-9,-9.0,-9,-9.0,-9,-9.0,-9,25.0,22.9,22.0,17.2,14.5
20230702,108,1.9,1651,25,3.3,907,27,5.7,919,26.7,30.6,1617,23.5,543,22.7,28.4,20.3,79.5,64.0,1629,27.6,5.1,3.6,-9.0,998.3,1008.0,1009.9,901,1006.0,1612,6.6,4.3,14.7,-9.0,19.16,2.36,1300,-9.0,-9.0,-9.0,-9.0,-9,-9.0,-9,-9.0,-9,-9.0,-9,-9.0,-9,25.7,23.0,22.0,17.0,14.5
20230703,108,1.8,1565,27,4.1,1816,16,6.0,1635,29.1,34.9,1616,24.1,524,23.0,31.8,20.6,72.0,40.0,1644,28.2,7.7,5.4,-9.0,995.2,1004.7,1008.1,118,1002.2,1750,4.9,8.8,14.7,-9.0,25.34,3.38,1300,-9.0,-9.0,-9.0,-9.0,-9,-9.0,-9,-9.0,-9,-9.0,-9,-9.0,-9,25.9,23.1,21.9,16.9,14.6
20230704,108,2.3,1946,16,4.9,1313,16,9.6,1305,26.1,29.2,1239,24.5,2004,23.5,26.4,22.6,86.8,68.0,1244,29.1,2.0,1.4,-9.0,989.3,998.9,1003.7,1,992.5,2359,9.8,0.0,14.7,-9.0,6.08,1.23,1000,61.8,77.1,10.5,28.5,1921,11.1,1954,-9.0,-9,-9.0,-9,-9.0,-9,26.4,23.2,22.0,16.8,14.6
20230705,108,3.7,3221,23,7.0,250,23,14.5,445,24.5,27.1,1308,22.1,648,21.2,27.3,20.4,82.6,68.0,1300,25.1,5.7,4.0,-9.0,985.1,994.7,998.4,2337,990.9,348,5.9,4.5,14.7,-9.0,19.96,3.15,1200,15.3,-9.0,6.08,13.8,24,6.9,30,-9.0,-9,-9.0,-9,-9.0,-9,26.2,24.0,22.9,17.6,14.7
20230706,108,2.7,2347,20,5.9,1551,18,11.6,1533,27.3,31.8,1435,22.4,545,21.3,29.6,19.7,70.9,56.0,1430,25.3,7.6,5.3,-9.0,991.3,1000.9,1002.7,2220,998.3,1,6.3,8.8,14.7,-9.0,25.47,3.4,1200,-9.0,-9.0,-9.0,-9.0,-9,-9.0,-9,-9.0,-9,-9.0,-9,-9.0,-9,26.1,24.0,23.0,18.1,14.7
20230707,108,2.3,2003,14,5.7,1738,14,11.9,1721,26.7,31.4,1447,23.3,2345,19.3,29.3,19.7,64.9,46.0,1710,22.4,7.6,5.3,-9.0,991.8,1001.4,1003.1,729,999.3,1624,4.1,8.7,14.7,-9.0,23.96,3.28,1100,-9.0,-9.0,-9.0,-9.0,-9,-9.0,-9,-9.0,-9,-9.0,-9,-9.0,-9,26.4,24.0,22.9,17.8,14.8
20230708,108,2.2,1918,23,3.9,1906,16,6.9,1302,25.6,29.7,1541,22.4,346,21.1,27.1,19.1,76.5,64.0,1513,25.1,4.3,3.0,-9.0,992.1,1001.8,1003.3,2308,1000.4,1459,7.6,1.6,14.6,-9.0,13.93,3.34,1300,-9.0,0.0,-9.0,-9.0,-9,-9.0,-9,-9.0,-9,-9.0,-9,-9.0,-9,26.5,24.0,22.9,17.6,14.8
20230709,108,2.0,1710,5,6.1,1056,2,12.6,1051,24.7,27.0,849,21.6,1208,22.2,27.1,20.4,86.4,78.0,1034,26.7,2.0,1.4,-9.0,992.5,1002.2,1003.6,2153,1000.6,1529,8.8,1.1,14.6,-9.0,8.07,2.17,1500,47.5,59.0,7.17,24.6,1027,18.1,1044,-9.0,-9,-9.0,-9,-9.0,-9,26.3,24.0,22.9,17.5,14.9
20230710,108,2.3,1961,23,5.8,551,20,16.8,546,26.3,30.9,1518,22.9,626,22.4,27.8,21.1,80.4,58.0,1442,27.2,5.3,3.7,-9.0,993.5,1003.2,1005.8,2314,1001.2,524,7.3,5.9,14.6,-9.0,18.41,3.23,1300,11.5,2.2,0.67,11.5,530,10.8,540,-9.0,-9,-9.0,-9,-9.0,-9,25.8,24.3,23.3,17.9,14.9
20230711,108,1.9,1656,7,5.2,1451,7,8.6,1449,23.5,25.9,807,21.6,1733,22.0,23.7,20.7,92.4,79.0,26,26.5,0.9,0.7,-9.0,995.3,1005.1,1006.5,1038,1003.9,1741,9.4,0.0,14.6,-9.0,2.21,0.43,1200,58.3,56.8,11.83,15.4,952,6.1,1014,-9.0,-9,-9.0,-9,-9.0,-9,26.1,24.2,23.5,18.3,14.9
20230712,108,1.5,1279,29,3.4,1649,29,5.3,1647,25.8,29.1,1552,22.0,1,23.2,27.1,22.0,86.4,72.0,1602,28.4,3.2,2.3,-9.0,995.3,1004.9,1005.9,2356,1003.6,209,9.4,1.2,14.6,-9.0,12.34,2.05,1300,0.7,0.1,5.17,0.5,325,0.4,355,-9.0,-9,-9.0,-9,-9.0,-9,25.5,24.5,24.1,19.6,15.0
20230713,108,1.6,1364,18,3.5,1105,11,7.2,2209,25.2,26.5,943,24.7,1215,24.3,25.2,24.1,95.0,84.0,4,30.3,0.8,0.6,-9.0,993.6,1003.3,1006.1,15,999.1,2350,10.0,0.0,14.6,-9.0,2.63,0.35,800,91.6,152.3,20.67,35.0,1359,11.9,1441,-9.0,-9,-9.0,-9,-9.0,-9,25.7,24.3,24.0,19.4,15.2
20230714,108,2.9,2543,23,4.8,612,14,11.0,26,24.6,25.1,1026,23.9,206,24.4,24.4,23.4,99.1,96.0,105,30.6,0.6,0.4,-9.0,987.7,997.3,999.6,1,996.0,432,10.0,0.0,14.5,-9.0,1.52,0.27,1200,72.7,13.4,24.0,20.3,-2335,5.5,11,-9.0,-9,-9.0,-9,-9.0,-9,25.5,24.9,24.9,22.3,15.4
20230715,108,3.0,2587,20,5.8,1617,18,11.8,1609,24.5,25.7,1211,23.7,2358,23.4,24.6,22.6,93.5,85.0,2252,28.8,1.4,1.0,1.92,990.4,1000.1,1004.1,2331,997.4,304,9.9,0.0,14.5,-9.0,3.16,0.84,1100,2.3,0.9,14.25,0.6,203,0.4,240,-9.0,-9,-9.0,-9,-9.0,-9,25.3,24.7,24.8,21.5,16.1
20230716,108,2.3,1978,18,5.0,1251,18,9.2,1248,24.6,25.4,1745,23.7,1,22.7,24.9,22.5,89.5,80.0,1614,27.5,1.7,1.2,-9.0,997.1,1006.8,1009.8,2219,1004.0,5,9.3,0.0,14.5,-9.0,5.31,0.7,1300,9.7,9.6,2.92,9.6,1155,9.3,1229,-9.0,-9,-9.0,-9,-9.0,-9,25.2,24.5,24.5,20.6,16.3
20230717,108,1.7,1468,20,4.2,1154,18,7.5,1147,25.5,27.8,1437,23.7,446,22.9,27.2,22.6,86.1,76.0,1318,28.0,2.9,2.0,-9.0,1001.5,1011.2,1012.6,2345,1009.3,237,9.0,0.4,14.5,-9.0,10.78,1.84,1400,1.4,2.0,3.75,1.5,2330,0.8,2340,-9.0,-9,-9.0,-9,-9.0,-9,25.2,24.4,24.3,20.0,16.2
20230718,108,1.4,1228,11,3.1,1505,2,5.1,1624,25.2,27.7,1721,24.1,527,22.9,26.1,21.2,87.9,75.0,1756,27.9,2.7,1.9,-9.0,1000.5,1010.2,1012.7,10,1007.4,1900,8.0,2.0,14.5,-9.0,7.94,1.21,1700,2.3,1.7,12.67,0.8,1046,0.5,115,-9.0,-9,-9.0,-9,-9.0,-9,25.5,24.3,24.2,19.7,16.1
20230719,108,1.7,1439,25,4.7,1759,27,6.7,1822,27.2,32.4,1629,22.5,527,22.9,29.6,19.3,78.8,55.0,1559,27.9,7.0,4.9,-9.0,997.3,1006.9,1008.1,751,1005.2,1713,2.3,11.5,14.4,-9.0,26.41,3.46,1300,-9.0,-9.0,-9.0,-9.0,-9,-9.0,-9,-9.0,-9,-9.0,-9,-9.0,-9,25.5,24.2,24.1,19.5,16.0
20230720,108,1.8,1574,25,3.9,2003,25,5.6,1513,27.9,32.8,1547,24.0,549,22.5,30.2,20.3,74.0,51.0,1558,27.3,7.1,4.9,-9.0,998.8,1008.4,1010.0,2330,1007.1,1710,2.9,9.9,14.4,-9.0,24.17,3.15,1300,-9.0,-9.0,-9.0,-9.0,-9,-9.0,-9,-9.0,-9,-9.0,-9,-9.0,-9,26.1,24.3,24.0,19.4,16.0
20230721,108,1.8,1532,32,3.5,1907,29,6.3,1718,29.5,34.3,1628,24.6,554,23.0,30.9,21.4,69.6,48.0,1419,28.1,7.3,5.1,-9.0,1001.4,1011.0,1012.4,2254,1009.6,1638,2.3,10.2,14.4,-9.0,23.64,3.26,1100,-9.0,-9.0,-9.0,-9.0,-9,-9.0,-9,-9.0,-9,-9.0,-9,-9.0,-9,26.6,24.4,23.9,19.3,15.9
20230722,108,2.6,2289,14,5.2,1523,16,11.5,1403,27.7,32.5,1227,24.6,2142,22.3,29.2,22.8,73.9,51.0,1234,26.9,4.9,3.4,-9.0,1001.1,1010.8,1012.5,648,1008.7,1720,6.6,6.4,14.4,-9.0,17.66,3.37,1100,12.3,37.2,7.08,10.1,1823,6.2,1843,-9.0,-9,-9.0,-9,-9.0,-9,27.1,24.6,23.9,19.2,15.9
20230723,108,2.1,1840,16,4.4,851,11,9.6,916,25.2,25.8,1515,24.5,752,24.2,25.3,23.8,94.3,87.0,3,30.2,1.1,0.8,-9.0,997.4,1007.1,1010.1,1,1005.7,1831,10.0,0.0,14.4,-9.0,2.37,0.37,1200,40.2,15.7,19.0,9.1,657,2.1,729,-9.0,-9,-9.0,-9,-9.0,-9,27.0,24.7,23.9,19.2,16.0
20230724,108,2.0,1714,23,3.5,1726,27,6.4,1617,26.9,30.0,1527,24.6,521,23.7,29.0,23.7,83.1,69.0,1535,29.2,4.0,2.8,-9.0,998.5,1008.2,1010.1,2330,1006.7,148,7.3,3.2,14.3,-9.0,14.08,2.48,1200,0.4,0.1,2.08,0.4,30,0.3,52,-9.0,-9,-9.0,-9,-9.0,-9,26.6,25.1,24.3,19.6,16.0
20230725,108,2.7,2306,25,5.6,1413,18,10.1,1333,27.8,30.5,1432,25.8,428,24.0,28.9,23.7,80.5,68.0,1437,29.9,4.9,3.5,-9.0,1002.2,1011.9,1013.7,2208,1010.0,11,7.1,3.5,14.3,-9.0,16.84,2.57,1100,5.6,5.5,1.75,5.5,-9,5.2,2127,-9.0,-9,-9.0,-9,-9.0,-9,26.8,25.0,24.4,19.8,16.0
20230726,108,2.2,1869,23,4.9,1209,27,8.4,1216,27.6,31.1,1539,24.9,606,23.9,28.7,24.0,80.9,69.0,1206,29.7,4.7,3.3,-9.0,1004.3,1014.0,1015.6,817,1012.8,1608,7.6,3.0,14.3,-9.0,15.79,2.59,1100,1.0,1.0,2.67,1.0,915,0.8,950,-9.0,-9,-9.0,-9,-9.0,-9,27.0,25.0,24.4,19.7,16.0
20230727,108,1.9,1604,29,3.5,1737,32,5.7,1744,28.4,32.2,1300,24.4,539,24.0,29.0,23.0,78.1,59.0,1306,29.8,5.4,3.8,-9.0,1004.1,1013.7,1015.0,755,1011.7,1706,5.9,6.8,14.3,-9.0,18.25,3.0,1100,0.0,0.0,0.25,0.0,-9,0.0,-9,-9.0,-9,-9.0,-9,-9.0,-9,27.2,25.1,24.3,19.6,16.1
20230728,108,2.1,1796,18,4.3,1254,18,7.7,1412,29.5,34.1,1416,25.4,536,23.7,31.2,22.5,72.4,52.0,1414,29.3,7.0,4.9,-9.0,1003.8,1013.5,1014.6,2315,1011.9,1708,3.3,9.5,14.2,-9.0,23.36,3.04,1300,-9.0,-9.0,-9.0,-9.0,-9,-9.0,-9,-9.0,-9,-9.0,-9,-9.0,-9,27.4,25.2,24.4,19.5,16.1
20230729,108,2.0,1714,34,4.8,1939,34,8.3,1933,29.1,33.3,1527,26.1,442,23.5,31.3,22.6,72.1,52.0,1706,28.9,6.0,4.2,-9.0,1004.2,1013.9,1014.7,11,1012.7,1519,4.4,6.8,14.2,-9.0,18.5,2.22,1400,-9.0,-9.0,-9.0,-9.0,-9,-9.0,-9,-9.0,-9,-9.0,-9,-9.0,-9,27.7,25.3,24.4,19.4,16.1
20230730,108,1.9,1646,20,4.8,1807,20,9.0,1801,28.8,34.9,1555,24.9,550,23.0,32.0,21.4,72.5,49.0,1335,28.1,6.3,4.4,-9.0,1002.9,1012.5,1014.1,831,1010.1,1636,4.8,9.1,14.2,-9.0,21.99,3.28,1200,25.0,25.0,3.17,20.0,1801,6.1,1815,-9.0,-9,-9.0,-9,-9.0,-9,27.7,25.4,24.4,19.4,16.2
20230731,108,1.7,1481,29,4.0,1741,29,6.4,1749,28.7,33.4,1440,25.6,3,23.9,30.1,23.7,76.3,60.0,1428,29.6,6.0,4.2,-9.0,1002.4,1012.1,1014.0,652,1010.3,1630,6.4,6.5,14.1,-9.0,20.26,2.99,1100,0.3,0.3,0.67,0.3,1455,0.3,1513,-9.0,-9,-9.0,-9,-9.0,-9,27.8,25.5,24.5,19.4,16.2
20230801,108,1.9,1629,27,3.1,1640,9,5.5,952,29.9,34.2,1646,25.5,536,24.0,30.8,23.0,71.6,55.0,1348,29.9,6.2,4.3,-9.0,1000.3,1009.9,1011.7,747,1007.8,1908,4.1,10.3,14.1,-9.0,21.25,3.44,1200,-9.0,-9.0,-9.0,-9.0,-9,-9.0,-9,-9.0,-9,-9.0,-9,-9.0,-9,27.9,25.6,24.6,19.5,16.2
20230802,108,2.1,1803,27,4.8,1513,27,7.9,1507,29.7,33.7,1436,26.8,519,22.7,32.6,22.8,67.8,48.0,1741,27.8,7.7,5.4,-9.0,997.5,1007.1,1009.0,1,1005.2,1826,4.0,11.2,14.1,-9.0,24.81,3.19,1200,-9.0,-9.0,-9.0,-9.0,-9,-9.0,-9,-9.0,-9,-9.0,-9,-9.0,-9,28.2,25.8,24.6,19.5,16.3
20230803,108,2.1,1790,25,4.0,1327,29,6.5,1431,29.5,33.8,1446,25.8,615,22.5,33.5,22.3,67.0,54.0,1557,27.2,7.7,5.4,-9.0,995.9,1005.5,1007.2,800,1003.9,1748,3.9,11.0,14.0,-9.0,25.4,3.19,1200,-9.0,-9.0,-9.0,-9.0,-9,-9.0,-9,-9.0,-9,-9.0,-9,-9.0,-9,28.3,25.9,24.7,19.5,16.3
20230804,108,1.9,1658,27,3.9,1732,34,7.3,1413,30.0,34.4,1634,26.5,520,23.1,34.8,23.0,67.6,53.0,1539,28.3,7.5,5.2,-9.0,994.2,1003.7,1005.6,5,1002.1,1740,4.3,9.6,14.0,-9.0,23.13,2.92,1000,-9.0,-9.0,-9.0,-9.0,-9,-9.0,-9,-9.0,-9,-9.0,-9,-9.0,-9,28.3,26.0,24.8,19.5,16.3
20230805,108,2.0,1753,32,4.7,2042,34,7.0,2035,30.3,34.9,1548,26.4,611,23.7,36.7,22.6,69.0,50.0,1530,29.4,8.0,5.6,-9.0,990.6,1000.1,1002.3,1,997.5,1758,2.8,12.7,14.0,-9.0,27.31,3.49,1200,-9.0,-9.0,-9.0,-9.0,-9,-9.0,-9,-9.0,-9,-9.0,-9,-9.0,-9,28.5,26.1,24.9,19.6,16.4
20230806,108,1.7,1450,29,7.7,1606,18,11.9,1554,29.8,33.0,1403,27.0,1606,25.1,31.9,24.1,76.5,63.0,1431,31.9,4.4,3.1,-9.0,988.3,997.7,999.2,1,996.0,1531,5.8,3.8,13.9,-9.0,12.95,1.64,1300,4.9,4.9,1.58,4.9,1511,3.7,1556,-9.0,-9,-9.0,-9,-9.0,-9,28.7,26.2,25.0,19.6,16.4
20230807,108,2.7,2310,5,4.5,1850,7,8.1,2230,30.4,34.6,1546,27.3,540,23.8,30.4,24.9,68.4,56.0,1556,29.5,6.0,4.2,-9.0,989.5,999.0,1000.5,2349,997.1,1539,4.4,5.8,13.9,-9.0,15.83,2.37,900,-9.0,-9.0,-9.0,-9.0,-9,-9.0,-9,-9.0,-9,-9.0,-9,-9.0,-9,28.6,26.3,25.1,19.6,16.5
20230808,108,2.9,2496,5,4.3,2214,5,7.8,844,30.9,35.8,1600,26.4,553,22.2,35.3,23.2,60.5,47.0,1505,26.7,8.3,5.8,-9.0,992.2,1001.7,1003.2,2333,1000.3,1531,2.4,11.0,13.9,-9.0,23.96,3.2,1200,-9.0,-9.0,-9.0,-9.0,-9,-9.0,-9,-9.0,-9,-9.0,-9,-9.0,-9,28.6,26.4,25.2,19.7,16.5
20230809,108,3.2,2776,7,5.9,2114,7,10.6,2244,28.3,31.6,1102,25.1,2358,21.7,30.8,23.0,67.6,57.0,1106,25.9,4.6,3.2,-9.0,993.7,1003.3,1004.3,805,1001.9,1749,8.0,3.3,13.9,-9.0,13.66,2.26,1000,0.2,5.2,1.58,0.2,-9,0.2,-9,-9.0,-9,-9.0,-9,-9.0,-9,28.8,26.5,25.3,19.7,16.5
20230810,108,3.7,3183,34,8.9,1536,34,18.1,1616,22.2,25.1,1,20.9,1954,20.8,22.8,20.6,91.9,80.0,50,24.5,1.0,0.7,-9.0,986.1,995.8,1003.1,1,991.6,1731,10.0,0.0,13.8,-9.0,2.42,0.36,900,86.1,100.2,24.0,13.6,1618,3.7,1635,-9.0,-9,-9.0,-9,-9.0,-9,28.4,26.5,25.3,19.8,16.6
20230811,108,2.3,1983,20,6.2,521,20,13.0,701,23.5,24.9,1703,21.6,1,22.2,23.5,21.7,93.1,83.0,2210,26.8,1.3,0.9,-9.0,988.9,998.6,1002.1,2158,992.9,1,10.0,0.0,13.8,-9.0,3.94,0.61,1400,46.7,27.8,21.5,13.6,1035,3.4,1116,-9.0,-9,-9.0,-9,-9.0,-9,26.5,26.7,26.0,20.2,16.6
20230812,108,1.9,1611,16,3.2,841,11,5.4,749,23.3,24.1,1,22.5,2247,21.7,23.9,20.9,91.0,82.0,1044,25.9,1.6,1.1,-9.0,993.8,1003.5,1004.8,2247,1001.7,215,8.9,0.1,13.7,-9.0,4.19,0.67,1700,1.5,1.3,14.42,1.2,1438,0.5,1524,-9.0,-9,-9.0,-9,-9.0,-9,26.0,26.3,26.6,22.1,16.7
20230813,108,1.7,1460,14,2.8,1209,11,5.6,1249,27.0,31.1,1745,22.6,1,22.3,27.4,21.8,76.9,58.0,1641,26.9,4.8,3.4,-9.0,994.5,1004.1,1005.1,2339,1002.9,1743,8.3,2.7,13.7,-9.0,17.49,2.8,1200,-9.0,-9.0,-9.0,-9.0,-9,-9.0,-9,-9.0,-9,-9.0,-9,-9.0,-9,25.9,26.0,26.3,21.8,16.8
20230814,108,1.6,1408,27,3.9,1822,25,6.4,1633,28.1,31.9,1425,24.8,602,23.1,28.2,21.9,75.4,60.0,1445,28.3,4.5,3.1,-9.0,995.6,1005.2,1006.4,919,1004.0,1733,4.0,3.9,13.7,-9.0,13.71,2.23,1200,-9.0,-9.0,-9.0,-9.0,-9,-9.0,-9,-9.0,-9,-9.0,-9,-9.0,-9,26.5,25.8,26.0,21.4,16.9
20230815,108,2.3,1956,32,4.7,1654,29,7.1,1538,28.6,32.7,1503,24.7,612,22.7,30.9,22.1,71.4,58.0,1512,27.7,6.3,4.4,-9.0,994.6,1004.2,1006.4,747,1002.2,1748,6.5,7.7,13.7,-9.0,21.84,3.05,1400,-9.0,-9.0,-9.0,-9.0,-9,-9.0,-9,-9.0,-9,-9.0,-9,-9.0,-9,26.8,25.7,25.8,21.1,16.9
20230816,108,2.1,1834,27,3.8,1714,25,6.5,1714,27.3,31.6,1352,24.7,540,21.7,28.1,21.9,72.0,58.0,1253,26.0,4.8,3.3,-9.0,993.7,1003.3,1004.6,2319,1001.6,1622,4.5,3.7,13.6,-9.0,15.46,3.37,1200,0.3,0.3,0.92,0.3,1710,0.3,1715,-9.0,-9,-9.0,-9,-9.0,-9,27.2,25.8,25.6,21.0,17.0
20230817,108,1.7,1426,14,3.2,1323,14,6.4,1118,28.2,32.4,1349,24.5,615,22.6,29.8,21.2,73.0,52.0,1416,27.4,5.5,3.8,-9.0,994.6,1004.2,1005.5,2252,1002.9,1727,4.6,6.2,13.6,-9.0,18.24,3.06,1100,-9.0,-9.0,-9.0,-9.0,-9,-9.0,-9,-9.0,-9,-9.0,-9,-9.0,-9,27.3,25.8,25.6,20.9,17.0
20230818,108,1.9,1677,27,3.9,1558,27,6.6,1550,29.1,33.3,1413,25.5,547,23.3,32.1,22.9,72.1,56.0,1423,28.7,5.8,4.1,-9.0,996.3,1005.9,1007.7,2356,1004.6,1514,3.1,7.3,13.5,-9.0,19.56,3.01,1100,0.1,0.1,0.67,0.1,-9,0.1,-9,-9.0,-9,-9.0,-9,-9.0,-9,27.5,25.9,25.5,20.8,17.0
20230819,108,1.9,1681,27,4.1,1718,25,7.0,1745,29.1,33.6,1528,26.4,620,22.5,32.8,23.0,68.9,54.0,1521,27.3,6.2,4.4,-9.0,999.5,1009.1,1010.9,2349,1007.7,1,3.9,9.1,13.5,-9.0,21.24,2.96,1100,-9.0,-9.0,-9.0,-9.0,-9,-9.0,-9,-9.0,-9,-9.0,-9,-9.0,-9,27.8,26.0,25.5,20.8,17.1
20230820,108,1.6,1341,18,3.1,1342,16,6.1,1335,28.3,31.8,1348,25.5,459,22.5,31.3,22.3,71.8,56.0,1521,27.3,5.1,3.6,-9.0,1000.8,1010.5,1011.8,850,1009.1,1753,7.3,3.6,13.5,-9.0,15.87,2.92,1300,0.0,0.0,1.83,0.0,-9,0.0,-9,-9.0,-9,-9.0,-9,-9.0,-9,27.9,26.1,25.5,20.8,17.1
20230821,108,2.4,2053,20,5.4,1533,20,10.1,1526,29.5,33.6,1402,26.0,614,23.2,32.6,22.8,69.8,55.0,1253,28.5,6.0,4.2,-9.0,997.1,1006.7,1010.3,1,1004.6,1721,6.6,6.4,13.4,-9.0,19.04,2.75,1100,0.0,0.3,1.17,0.0,-9,0.0,-9,-9.0,-9,-9.0,-9,-9.0,-9,27.9,26.1,25.5,20.8,17.1
20230822,108,2.4,2092,16,7.2,1458,14,11.7,1454,27.6,32.2,1356,25.8,2220,23.8,28.1,24.2,80.3,61.0,1343,29.4,3.4,2.4,-9.0,993.8,1003.3,1005.5,1,1001.3,1438,9.0,1.3,13.4,-9.0,10.5,2.58,1300,42.6,42.4,7.75,29.0,1703,21.5,1703,-9.0,-9,-9.0,-9,-9.0,-9,28.1,26.2,25.5,20.8,17.2
20230823,108,2.2,1912,25,4.4,1111,25,7.6,1227,24.8,27.2,932,23.2,2400,23.2,25.8,23.0,91.3,80.0,954,28.5,1.4,1.0,-9.0,995.2,1004.9,1006.7,2140,1003.3,143,9.6,0.1,13.4,-9.0,3.33,0.61,900,41.8,46.9,17.58,15.6,1154,9.7,1200,-9.0,-9,-9.0,-9,-9.0,-9,27.9,26.3,25.6,20.8,17.2
20230824,108,2.8,2431,5,4.1,1505,5,7.5,1501,25.1,27.8,1419,22.3,434,22.2,27.4,22.3,84.8,75.0,1413,26.8,3.5,2.4,-9.0,996.0,1005.6,1006.7,1024,1004.6,1640,9.0,1.5,13.3,-9.0,12.56,2.32,1300,5.2,0.0,4.33,4.3,336,1.2,346,-9.0,-9,-9.0,-9,-9.0,-9,27.3,26.5,26.1,21.5,17.2
20230825,108,2.6,2245,27,4.7,1440,27,8.3,1407,26.5,30.0,1618,24.0,555,22.1,29.3,21.3,77.9,60.0,1621,26.6,6.0,4.2,-9.0,997.2,1006.9,1009.0,2357,1004.9,116,5.0,8.3,13.3,-9.0,20.42,2.92,1300,0.0,-9.0,0.17,0.0,-9,0.0,-9,-9.0,-9,-9.0,-9,-9.0,-9,27.3,26.4,26.2,21.7,17.3
20230826,108,1.8,1579,27,4.0,1605,29,6.8,1616,26.4,30.3,1545,23.3,636,20.7,29.3,19.5,72.3,49.0,1317,24.4,5.7,4.0,-9.0,999.3,1009.0,1010.1,623,1007.6,1625,6.4,7.3,13.2,-9.0,19.84,2.73,1200,-9.0,-9.0,-9.0,-9.0,-9,-9.0,-9,-9.0,-9,-9.0,-9,-9.0,-9,27.4,26.3,26.1,21.6,17.3
20230827,108,1.8,1573,5,3.2,2342,5,5.4,2342,26.1,29.6,1613,22.7,505,21.2,27.0,19.4,75.0,62.0,1620,25.2,3.4,2.4,-9.0,998.4,1008.1,1009.2,810,1006.8,1440,8.9,1.2,13.2,-9.0,12.0,1.47,1000,0.0,6.1,5.67,0.0,-9,0.0,-9,-9.0,-9,-9.0,-9,-9.0,-9,27.4,26.3,26.0,21.4,17.4
20230828,108,3.3,2892,5,5.1,1832,5,9.4,1830,22.7,25.6,1,20.8,853,20.5,23.1,20.8,87.5,73.0,35,24.1,1.7,1.2,-9.0,997.0,1006.8,1009.4,950,1004.4,1824,10.0,0.0,13.2,-9.0,3.99,0.61,1200,10.4,7.0,20.67,2.9,722,0.7,801,-9.0,-9,-9.0,-9,-9.0,-9,27.2,26.2,25.9,21.3,17.4
20230829,108,2.1,1855,11,3.9,902,11,9.6,901,23.9,25.5,1029,22.5,2034,22.0,24.3,21.6,89.6,80.0,624,26.5,1.1,0.7,-9.0,995.2,1004.9,1008.2,2337,1002.9,1235,9.4,0.0,13.1,-9.0,2.87,0.55,1500,54.8,52.4,16.92,27.2,1058,7.0,1131,-9.0,-9,-9.0,-9,-9.0,-9,26.6,26.1,25.9,21.3,17.5
20230830,108,1.1,978,18,2.4,2307,16,3.5,2106,22.8,24.5,1230,21.5,2353,20.7,23.5,20.6,88.0,75.0,1220,24.4,1.5,1.0,-9.0,999.0,1008.8,1009.9,2347,1007.8,1453,9.8,0.0,13.1,-9.0,4.42,1.09,1100,3.5,3.2,10.42,2.3,1616,1.4,1618,-9.0,-9,-9.0,-9,-9.0,-9,26.1,26.1,26.2,22.3,17.5
20230831,108,1.3,1142,29,3.5,1651,29,5.8,1642,23.9,28.9,1534,21.0,547,19.2,26.0,17.6,76.9,48.0,1522,22.3,5.4,3.8,-9.0,1000.4,1010.2,1011.5,2221,1009.1,1508,6.0,7.0,13.1,-9.0,18.53,3.23,1300,-9.0,-9.0,-9.0,-9.0,-9,-9.0,-9,-9.0,-9,-9.0,-9,-9.0,-9,25.9,25.9,26.1,22.2,17.6
20230901,108,2.0,1705,27,3.7,1158,34,6.4,1340,24.5,29.6,1543,19.7,610,18.3,26.8,15.2,70.6,42.0,1403,21.0,7.2,5.1,-9.0,1001.8,1011.6,1012.6,926,1010.1,1551,0.5,12.1,13.0,-9.0,24.59,3.17,1300,-9.0,-9.0,-9.0,-9.0,-9,-9.0,-9,-9.0,-9,-9.0,-9,-9.0,-9,25.9,25.7,25.9,22.0,17.6
20230902,108,1.6,1425,2,3.7,1522,32,5.6,1514,25.4,30.8,1536,19.7,639,17.5,28.1,14.3,63.9,39.0,1557,20.0,6.7,4.7,-9.0,1001.5,1011.2,1012.5,701,1009.6,1503,4.6,11.3,13.0,-9.0,23.72,3.39,1200,-9.0,0.1,-9.0,-9.0,-9,-9.0,-9,-9.0,-9,-9.0,-9,-9.0,-9,25.9,25.6,25.8,21.8,17.7
20230903,108,2.2,1888,5,3.3,1445,36,5.9,1331,25.8,28.8,1414,23.1,749,21.5,26.3,20.3,77.8,67.0,1,25.7,3.6,2.5,-9.0,1002.1,1011.8,1013.0,941,1010.6,1546,8.1,1.9,12.9,-9.0,12.19,2.91,1200,0.1,0.3,2.75,0.1,-9,0.1,-9,-9.0,-9,-9.0,-9,-9.0,-9,26.0,25.5,25.7,21.7,17.7
20230904,108,1.8,1538,29,3.5,1829,29,5.5,1828,27.0,30.2,1607,24.3,625,23.1,27.5,22.5,79.9,65.0,1616,28.3,3.2,2.2,-9.0,1001.9,1011.6,1012.9,949,1010.5,1751,9.1,0.7,12.9,-9.0,10.24,1.67,1200,0.3,0.0,2.5,0.2,-9,0.1,-9,-9.0,-9,-9.0,-9,-9.0,-9,26.2,25.5,25.6,21.6,17.8
20230905,108,1.8,1515,32,3.9,1833,7,6.3,1057,28.5,32.8,1440,25.0,707,22.1,30.1,22.4,69.5,54.0,1450,26.6,5.8,4.1,-9.0,1001.2,1010.9,1012.6,929,1009.0,1634,6.4,7.0,12.9,-9.0,19.14,2.98,1100,0.0,-9.0,0.17,0.0,-9,0.0,-9,-9.0,-9,-9.0,-9,-9.0,-9,26.5,25.5,25.5,21.6,17.8
20230906,108,2.4,2087,5,4.4,2033,7,8.2,2012,27.9,32.1,1550,24.0,635,20.3,31.7,20.0,65.1,45.0,1607,23.9,7.4,5.1,-9.0,1001.7,1011.4,1013.8,2358,1009.8,1612,1.1,11.3,12.8,-9.0,22.64,3.13,1300,-9.0,-9.0,-9.0,-9.0,-9,-9.0,-9,-9.0,-9,-9.0,-9,-9.0,-9,26.8,25.5,25.5,21.6,17.8
20230907,108,2.5,2151,5,4.4,12,7,8.0,1541,26.3,31.6,1501,20.9,643,15.9,30.5,14.9,54.8,37.0,1425,18.1,8.5,6.0,-9.0,1004.4,1014.1,1015.7,953,1012.7,1741,0.0,12.1,12.8,-9.0,24.56,3.27,1200,-9.0,-9.0,-9.0,-9.0,-9,-9.0,-9,-9.0,-9,-9.0,-9,-9.0,-9,26.8,25.6,25.4,21.5,17.9
20230908,108,2.3,2017,34,4.5,1651,34,7.1,1519,25.3,30.5,1432,19.6,622,16.7,30.1,12.8,60.3,42.0,1434,19.1,7.5,5.3,-9.0,1002.8,1012.6,1015.0,710,1010.3,1717,0.4,12.0,12.7,-9.0,24.13,3.22,1200,-9.0,-9.0,-9.0,-9.0,-9,-9.0,-9,-9.0,-9,-9.0,-9,-9.0,-9,26.6,25.6,25.4,21.5,17.9
20230909,108,1.8,1515,27,4.1,1810,27,6.3,1805,25.8,31.2,1555,20.8,627,18.6,30.5,15.1,66.3,45.0,1604,21.5,6.4,4.5,-9.0,1000.6,1010.3,1011.6,906,1008.3,1604,3.3,10.9,12.7,-9.0,22.64,3.13,1200,-9.0,-9.0,-9.0,-9.0,-9,-9.0,-9,-9.0,-9,-9.0,-9,-9.0,-9,26.4,25.6,25.4,21.5,17.9
20230910,108,1.6,1373,29,3.4,1704,29,6.2,1700,25.7,29.6,1445,22.0,616,19.2,29.6,16.7,68.1,53.0,1547,22.2,4.3,3.0,-9.0,999.8,1009.4,1010.8,847,1007.9,1559,6.1,5.7,12.7,-9.0,14.57,2.27,1000,-9.0,-9.0,-9.0,-9.0,-9,-9.0,-9,-9.0,-9,-9.0,-9,-9.0,-9,26.4,25.6,25.4,21.5,18.0
20230911,108,1.9,1606,27,3.8,1450,25,5.8,1806,25.5,29.8,1533,23.1,617,18.7,28.7,18.9,67.3,50.0,1606,21.6,4.8,3.4,-9.0,999.2,1008.8,1010.6,2345,1007.0,1537,6.5,5.1,12.6,-9.0,14.79,2.41,1000,-9.0,-9.0,-9.0,-9.0,-9,-9.0,-9,-9.0,-9,-9.0,-9,-9.0,-9,26.3,25.5,25.4,21.5,18.0
20230912,108,1.5,1254,32,3.4,2101,32,5.4,2058,25.7,29.8,1419,21.7,642,19.5,28.9,15.3,69.8,55.0,1153,22.6,3.7,2.6,-9.0,1000.3,1010.0,1011.3,635,1008.4,1552,7.4,3.5,12.6,-9.0,12.52,1.99,1300,-9.0,0.0,-9.0,-9.0,-9,-9.0,-9,-9.0,-9,-9.0,-9,-9.0,-9,26.2,25.5,25.4,21.5,18.0
20230913,108,1.8,1554,5,4.2,2021,5,7.7,2012,22.1,24.6,1,19.6,2112,19.3,22.7,18.7,84.5,70.0,1152,22.3,1.5,1.0,-9.0,1001.6,1011.4,1012.8,1115,1010.4,119,9.9,0.0,12.5,-9.0,3.35,0.5,1300,15.9,15.9,15.75,2.9,1556,0.8,1635,-9.0,-9,-9.0,-9,-9.0,-9,26.1,25.4,25.4,21.5,18.1
20230914,108,2.4,2084,5,4.1,1215,5,9.3,1206,23.4,27.2,1148,19.2,610,17.9,24.0,16.1,72.4,60.0,1201,20.5,4.3,3.0,-9.0,1002.8,1012.6,1014.7,2351,1010.4,354,7.6,4.2,12.5,-9.0,13.7,2.76,1100,-9.0,1.9,-9.0,-9.0,-9,-9.0,-9,-9.0,-9,-9.0,-9,-9.0,-9,25.6,25.4,25.4,21.5,18.1
20230915,108,2.6,2242,5,3.9,18,5,7.6,921,22.3,24.3,1544,20.3,709,19.0,22.6,18.9,82.3,67.0,125,22.1,1.9,1.3,-9.0,1003.5,1013.3,1015.0,1017,1011.8,1838,9.8,0.1,12.5,-9.0,5.35,0.82,1400,2.1,0.5,12.17,0.9,705,0.4,543,-9.0,-9,-9.0,-9,-9.0,-9,25.4,25.3,25.3,21.5,18.1
20230916,108,1.7,1462,5,2.6,1223,5,4.5,1331,23.9,26.6,1442,22.0,233,21.7,24.7,21.1,87.8,76.0,1449,25.9,1.8,1.3,-9.0,1001.6,1011.4,1012.9,1,1009.1,1901,9.9,0.1,12.4,-9.0,6.3,1.12,1200,38.7,41.4,9.75,28.0,2101,8.1,2131,-9.0,-9,-9.0,-9,-9.0,-9,25.3,25.1,25.3,21.5,18.2
20230917,108,1.4,1225,29,3.3,1438,32,5.5,1515,24.7,28.0,1524,22.0,416,21.8,26.3,20.0,84.8,68.0,1643,26.1,3.4,2.4,-9.0,1000.1,1009.8,1011.0,1040,1008.3,1543,8.0,3.3,12.4,-9.0,12.49,1.92,1400,3.0,-9.0,2.08,11.4,-2331,1.8,1,-9.0,-9,-9.0,-9,-9.0,-9,25.2,25.0,25.2,21.5,18.2
20230918,108,1.9,1667,29,5.0,1747,29,7.7,1328,24.7,28.9,1238,22.1,616,20.6,25.0,18.0,79.1,58.0,1632,24.3,4.0,2.8,-9.0,1002.0,1011.7,1013.2,2357,1010.4,1522,3.8,4.9,12.4,-9.0,13.83,2.97,1100,-9.0,-9.0,-9.0,-9.0,-9,-9.0,-9,-9.0,-9,-9.0,-9,-9.0,-9,25.4,25.0,25.2,21.5,18.2
20230919,108,1.6,1415,27,3.6,1606,27,5.5,1624,24.1,27.2,1317,21.6,555,20.5,24.5,16.3,81.1,62.0,1347,24.2,2.7,1.9,-9.0,1003.6,1013.4,1014.5,803,1012.2,1443,8.6,1.3,12.3,-9.0,8.98,1.73,1200,-9.0,2.6,-9.0,-9.0,-9,-9.0,-9,-9.0,-9,-9.0,-9,-9.0,-9,25.5,24.9,25.1,21.5,18.3
20230920,108,2.7,2356,5,5.1,1705,2,9.9,1606,20.6,23.9,1,18.8,2351,18.8,21.6,17.2,90.4,80.0,2356,21.8,1.6,1.1,-9.0,1000.5,1010.4,1014.0,1,1007.4,1951,9.4,0.0,12.3,-9.0,2.53,0.44,1100,35.8,33.2,18.83,9.6,1536,2.4,1540,-9.0,-9,-9.0,-9,-9.0,-9,25.4,24.9,25.1,21.6,18.3
20230921,108,2.3,1994,5,5.2,112,2,10.6,111,20.1,23.6,1442,17.5,2349,14.5,21.6,10.9,70.9,53.0,1223,16.5,3.4,2.4,-9.0,1001.5,1011.4,1014.3,2355,1008.0,116,7.1,2.4,12.2,-9.0,13.28,2.41,1100,0.0,-9.0,0.83,0.0,-9,0.0,-9,-9.0,-9,-9.0,-9,-9.0,-9,24.7,24.9,25.1,21.6,18.3
20230922,108,1.7,1471,29,3.3,1549,32,5.6,1601,20.5,26.7,1511,15.2,626,13.7,21.8,9.9,68.4,37.0,1708,15.8,5.7,4.0,-9.0,1005.6,1015.5,1017.4,2257,1013.7,1503,2.0,10.4,12.2,-9.0,20.37,2.91,1300,-9.0,-9.0,-9.0,-9.0,-9,-9.0,-9,-9.0,-9,-9.0,-9,-9.0,-9,24.2,24.7,25.1,21.8,18.4
20230923,108,2.5,2150,5,4.6,1932,2,9.4,1936,21.8,27.6,1418,16.3,643,14.1,22.5,12.0,63.9,38.0,1351,16.1,6.5,4.6,-9.0,1009.4,1019.4,1021.5,2244,1017.0,1,4.6,10.9,12.2,-9.0,19.69,2.9,1200,-9.0,-9.0,-9.0,-9.0,-9,-9.0,-9,-9.0,-9,-9.0,-9,-9.0,-9,23.9,24.5,25.0,21.8,18.4
20230924,108,2.9,2535,5,4.7,907,7,8.4,1013,21.8,26.2,1440,17.9,635,12.3,23.2,13.9,56.4,37.0,1420,14.3,6.1,4.3,-9.0,1009.5,1019.4,1021.7,809,1017.3,1645,5.4,9.0,12.1,-9.0,19.16,3.03,1200,-9.0,0.3,-9.0,-9.0,-9,-9.0,-9,-9.0,-9,-9.0,-9,-9.0,-9,23.8,24.3,24.9,21.8,18.4
20230925,108,2.3,1992,7,3.4,836,5,6.2,825,21.6,26.0,1327,17.9,450,14.8,22.1,15.6,66.4,49.0,1330,16.9,3.2,2.2,-9.0,1006.0,1015.9,1018.3,36,1013.8,1802,9.6,1.3,12.1,-9.0,11.15,2.34,1200,1.9,17.7,8.08,1.0,2222,0.3,2041,-9.0,-9,-9.0,-9,-9.0,-9,23.7,24.1,24.8,21.7,18.4
20230926,108,2.4,2054,9,3.5,51,9,5.7,46,19.9,20.8,1355,18.6,510,19.2,20.3,18.3,95.8,87.0,1,22.3,0.9,0.6,-9.0,1002.4,1012.3,1015.0,1,1010.8,1528,10.0,0.0,12.0,-9.0,2.33,0.41,1300,27.8,15.8,24.0,6.1,204,1.8,208,-9.0,-9,-9.0,-9,-9.0,-9,23.6,24.0,24.7,21.7,18.5
20230927,108,1.8,1548,25,3.1,1902,25,5.6,1905,21.5,23.7,1433,20.0,632,19.8,22.6,18.4,90.1,81.0,1428,23.1,2.0,1.4,-9.0,1000.7,1010.6,1011.8,2120,1009.4,1425,9.1,0.1,12.0,-9.0,6.65,1.17,1200,4.4,0.3,11.75,1.4,344,0.4,424,-9.0,-9,-9.0,-9,-9.0,-9,23.3,23.8,24.6,21.7,18.5
20230928,108,2.0,1724,25,3.7,1600,29,7.2,1405,22.7,27.3,1422,19.6,634,18.4,24.3,15.9,78.3,54.0,1536,21.2,4.5,3.2,-9.0,1003.2,1013.1,1014.5,2140,1011.2,113,5.0,8.4,12.0,-9.0,17.06,2.51,1300,-9.0,-9.0,-9.0,-9.0,-9,-9.0,-9,-9.0,-9,-9.0,-9,-9.0,-9,23.4,23.7,24.5,21.7,18.5
20230929,108,1.4,1214,25,3.9,1741,20,6.4,1512,21.1,26.9,1444,17.4,634,12.9,22.3,14.4,61.5,33.0,1516,14.9,5.2,3.7,-9.0,1003.7,1013.6,1016.2,947,1011.4,2352,7.1,5.5,11.9,-9.0,16.39,2.91,1200,-9.0,0.3,-9.0,-9.0,-9,-9.0,-9,-9.0,-9,-9.0,-9,-9.0,-9,23.6,23.6,24.3,21.8,18.6
20230930,108,2.2,1910,20,5.1,1557,25,9.9,1707,19.7,22.2,1659,17.1,2359,15.5,21.0,10.8,77.0,64.0,353,17.7,2.5,1.7,-9.0,1000.5,1010.4,1012.1,112,1008.0,1616,6.1,1.6,11.9,-9.0,7.45,1.31,1500,4.5,4.2,6.83,4.2,1333,2.9,1400,-9.0,-9,-9.0,-9,-9.0,-9,23.5,23.5,24.3,21.8,18.6
20231001,108,2.4,2063,29,4.3,1525,25,8.5,1648,18.4,23.7,1511,14.4,652,9.8,19.3,8.5,59.5,34.0,1515,12.2,5.8,4.1,-9.0,1004.2,1014.2,1016.8,2357,1010.8,1,0.1,10.4,11.8,-9.0,20.05,2.98,1200,-9.0,-9.0,-9.0,-9.0,-9,-9.0,-9,-9.0,-9,-9.0,-9,-9.0,-9,23.0,23.5,24.2,21.7,18.6
20231002,108,1.7,1435,34,5.1,1311,34,8.5,1306,18.2,24.6,1538,12.9,657,7.9,19.0,6.9,53.8,27.0,1435,10.7,6.0,4.2,-9.0,1007.6,1017.6,1019.5,931,1016.0,1538,2.0,10.3,11.8,-9.0,19.93,2.87,1100,-9.0,-9.0,-9.0,-9.0,-9,-9.0,-9,-9.0,-9,-9.0,-9,-9.0,-9,22.4,23.3,24.1,21.7,18.6
20231003,108,1.7,1435,5,3.0,553,5,5.0,611,17.5,22.5,1521,14.4,250,10.9,18.4,8.6,66.3,47.0,1533,13.0,2.9,2.0,-9.0,1007.0,1017.0,1019.0,149,1015.6,1617,4.9,3.0,11.7,-9.0,9.4,2.03,1400,-9.0,-9.0,-9.0,-9.0,-9,-9.0,-9,-9.0,-9,-9.0,-9,-9.0,-9,21.9,23.1,24.0,21.7,18.7
20231004,108,2.1,1773,34,6.4,1542,36,11.3,1534,17.3,23.2,1257,14.2,647,12.6,17.9,9.1,75.5,53.0,1301,14.8,3.6,2.5,-9.0,1003.6,1013.7,1016.3,1,1010.7,1750,5.8,5.3,11.7,-9.0,12.11,2.3,1100,14.7,14.7,2.83,11.7,1607,2.8,1634,-9.0,-9,-9.0,-9,-9.0,-9,21.5,22.8,23.9,21.6,18.7
20231005,108,2.6,2217,32,4.4,1022,27,7.8,1235,14.2,19.2,1556,9.9,640,2.6,15.5,2.9,46.1,34.0,1405,7.4,5.7,4.0,-9.0,1006.2,1016.4,1017.8,2145,1014.6,1,2.3,10.6,11.7,-9.0,19.99,2.88,1100,-9.0,-9.0,-9.0,-9.0,-9,-9.0,-9,-9.0,-9,-9.0,-9,-9.0,-9,21.1,22.6,23.7,21.6,18.7
20231006,108,1.6,1393,29,3.3,1415,29,6.1,1529,15.5,21.5,1447,9.6,641,6.1,16.4,3.3,55.3,33.0,1449,9.5,4.9,3.4,-9.0,1008.5,1018.6,1020.1,828,1016.8,1639,5.6,8.8,11.6,-9.0,17.92,3.01,1300,-9.0,-9.0,-9.0,-9.0,-9,-9.0,-9,-9.0,-9,-9.0,-9,-9.0,-9,20.5,22.3,23.6,21.6,18.7
20231007,108,2.1,1813,7,3.6,958,5,6.0,919,16.8,21.2,1543,11.7,630,9.2,16.0,6.4,62.6,42.0,1331,11.7,3.8,2.7,-9.0,1011.5,1021.7,1023.6,2257,1019.7,1,7.8,5.2,11.6,-9.0,13.16,2.02,1000,-9.0,-9.0,-9.0,-9.0,-9,-9.0,-9,-9.0,-9,-9.0,-9,-9.0,-9,20.2,22.0,23.4,21.5,18.8
20231008,108,2.5,2157,5,3.5,1233,5,6.6,1833,17.1,19.5,1555,15.2,531,10.9,16.1,12.3,67.1,61.0,1718,13.0,2.5,1.7,-9.0,1012.4,1022.5,1023.7,931,1021.2,1739,8.4,0.0,11.6,-9.0,5.92,0.84,1000,0.0,0.4,2.08,0.0,-9,0.0,-9,-9.0,-9,-9.0,-9,-9.0,-9,20.2,21.7,23.2,21.5,18.8
20231009,108,1.9,1684,32,4.5,2112,32,7.7,2111,17.4,22.4,1526,14.1,2359,11.2,18.3,8.5,68.1,51.0,1521,13.3,3.3,2.3,-9.0,1009.1,1019.2,1021.9,22,1017.0,1706,6.0,4.2,11.5,-9.0,11.77,2.16,1100,1.2,0.8,4.92,0.7,2055,0.7,2106,-9.0,-9,-9.0,-9,-9.0,-9,20.0,21.5,23.1,21.5,18.8
20231010,108,1.6,1421,29,3.3,358,36,6.3,1310,17.1,23.5,1523,11.9,617,10.2,18.3,6.6,67.1,36.0,1631,12.5,4.7,3.3,-9.0,1010.4,1020.5,1022.4,2330,1019.0,1,0.0,10.6,11.5,-9.0,18.62,2.75,1200,-9.0,-9.0,-9.0,-9.0,-9,-9.0,-9,-9.0,-9,-9.0,-9,-9.0,-9,20.0,21.3,22.9,21.5,18.8
20231011,108,1.7,1468,5,2.9,511,7,6.1,1231,17.6,24.0,1529,12.9,719,8.4,17.7,8.1,57.5,33.0,1414,11.1,5.0,3.5,-9.0,1013.8,1023.9,1025.6,927,1022.4,1,0.5,10.0,11.4,-9.0,17.49,2.73,1200,-9.0,-9.0,-9.0,-9.0,-9,-9.0,-9,-9.0,-9,-9.0,-9,-9.0,-9,19.9,21.2,22.7,21.4,18.8
20231012,108,1.5,1316,29,2.9,1954,29,4.6,2001,17.5,24.1,1325,12.0,642,9.8,16.9,6.5,62.4,40.0,1331,12.2,3.7,2.6,-9.0,1013.5,1023.7,1026.5,907,1021.6,1609,4.1,7.3,11.4,-9.0,14.4,2.62,1200,-9.0,-9.0,-9.0,-9.0,-9,-9.0,-9,-9.0,-9,-9.0,-9,-9.0,-9,19.8,21.1,22.6,21.4,18.9
20231013,108,1.5,1274,5,3.2,1125,2,4.8,1122,17.5,21.5,1236,14.3,613,11.6,16.5,8.4,69.6,50.0,1309,13.7,2.5,1.7,-9.0,1007.1,1017.1,1022.1,1,1013.5,2357,7.6,2.5,11.4,-9.0,9.14,1.7,1100,-9.0,1.5,-9.0,-9.0,-9,-9.0,-9,-9.0,-9,-9.0,-9,-9.0,-9,19.8,20.9,22.4,21.4,18.9
20231014,108,1.4,1219,36,3.0,1643,2,4.8,955,14.7,18.2,1537,12.9,2356,12.1,16.3,6.7,84.9,68.0,1550,14.1,1.6,1.1,-9.0,999.8,1009.9,1013.5,1,1007.6,1533,5.5,2.5,11.3,-9.0,6.54,1.64,1300,5.8,4.3,6.25,2.2,1111,1.0,1246,-9.0,-9,-9.0,-9,-9.0,-9,19.7,20.8,22.3,21.3,18.9
20231015,108,2.0,1689,25,4.3,1616,23,8.2,1613,16.1,21.2,1533,10.9,636,12.3,16.1,5.2,80.0,52.0,1404,14.3,3.7,2.6,-9.0,1000.1,1010.2,1011.3,2123,1008.9,318,2.0,6.1,11.3,-9.0,13.73,2.3,1300,-9.0,-9.0,-9.0,-9.0,-9,-9.0,-9,-9.0,-9,-9.0,-9,-9.0,-9,19.2,20.7,22.2,21.3,18.9
20231016,108,2.4,2060,32,3.8,1040,27,6.3,1421,14.7,19.6,1403,10.7,2354,5.7,15.9,3.2,57.0,33.0,1244,9.3,5.0,3.5,-9.0,1004.6,1014.8,1017.0,2250,1011.2,1,0.0,10.4,11.2,-9.0,18.0,2.74,1200,-9.0,-9.0,-9.0,-9.0,-9,-9.0,-9,-9.0,-9,-9.0,-9,-9.0,-9,19.1,20.5,22.1,21.3,18.9
20231017,108,1.6,1400,29,2.9,1320,23,5.1,1320,13.8,20.9,1533,7.5,652,4.4,14.6,0.2,55.6,26.0,1436,8.4,4.9,3.4,-9.0,1008.7,1018.9,1020.4,2243,1017.0,1,0.0,10.4,11.2,-9.0,17.85,2.68,1200,-9.0,-9.0,-9.0,-9.0,-9,-9.0,-9,-9.0,-9,-9.0,-9,-9.0,-9,18.8,20.4,22.0,21.2,19.0
20231018,108,2.1,1778,27,4.7,1608,25,8.1,1505,15.7,21.6,1457,9.2,706,9.3,15.8,3.0,67.0,39.0,1449,11.9,3.7,2.6,-9.0,1008.6,1018.8,1021.3,815,1016.8,1636,4.0,8.3,11.2,-9.0,14.37,2.25,1200,-9.0,8.0,-9.0,-9.0,-9,-9.0,-9,-9.0,-9,-9.0,-9,-9.0,-9,18.3,20.2,21.8,21.2,19.0
20231019,108,1.5,1322,32,3.9,2320,16,6.4,411,17.0,18.9,1450,14.9,2354,13.9,16.6,13.0,82.5,65.0,2248,16.1,1.7,1.2,-9.0,1004.4,1014.5,1017.4,1,1012.8,1536,9.5,0.0,11.1,-9.0,2.88,0.57,1400,8.2,0.2,4.5,7.5,712,4.1,729,-9.0,-9,-9.0,-9,-9.0,-9,18.4,19.9,21.7,21.1,19.0
20231020,108,3.2,2736,27,6.4,1350,29,12.1,1341,11.6,15.1,1357,7.2,2352,0.4,13.4,0.9,46.9,32.0,1330,6.4,5.0,3.5,-9.0,1006.6,1016.9,1020.3,2215,1013.9,35,1.3,10.1,11.1,-9.0,17.9,2.7,1200,-9.0,1.1,-9.0,-9.0,-9,-9.0,-9,-9.0,-9,-9.0,-9,-9.0,-9,18.5,19.8,21.5,21.1,19.0
20231021,108,2.3,1996,29,5.6,1409,29,9.9,1406,10.4,16.6,1446,5.9,409,1.1,11.1,-1.4,54.8,31.0,1650,6.7,4.6,3.2,-9.0,1009.6,1020.0,1022.4,2151,1017.8,647,1.1,8.6,11.1,-9.0,16.7,2.64,1200,1.1,-9.0,1.17,1.1,740,0.7,801,-9.0,-9,-9.0,-9,-9.0,-9,17.8,19.7,21.4,21.0,19.0
20231022,108,1.7,1497,23,4.6,1637,25,6.9,1459,12.5,18.7,1451,5.4,712,6.2,12.5,-0.6,67.3,42.0,1207,9.8,3.3,2.3,-9.0,1012.2,1022.5,1024.2,810,1020.8,1455,4.3,8.6,11.0,-9.0,14.58,2.34,1100,-9.0,-9.0,-9.0,-9.0,-9,-9.0,-9,-9.0,-9,-9.0,-9,-9.0,-9,17.1,19.4,21.3,21.0,19.0
20231023,108,1.7,1434,29,3.4,1703,29,5.9,1700,15.2,21.4,1437,11.1,701,10.2,14.3,5.7,73.8,47.0,1450,12.4,3.1,2.2,-9.0,1011.7,1021.9,1024.2,832,1020.1,1632,3.8,6.5,11.0,-9.0,12.64,2.06,1100,-9.0,-9.0,-9.0,-9.0,-9,-9.0,-9,-9.0,-9,-9.0,-9,-9.0,-9,16.9,19.1,21.1,20.9,19.0
20231024,108,1.7,1504,18,3.4,1512,18,5.8,1506,15.6,19.3,1156,11.2,557,11.7,14.9,5.5,78.5,62.0,1356,13.8,2.3,1.6,-9.0,1009.4,1019.5,1021.4,903,1017.4,1633,5.0,3.7,10.9,-9.0,9.34,2.12,1100,-9.0,-9.0,-9.0,-9.0,-9,-9.0,-9,-9.0,-9,-9.0,-9,-9.0,-9,17.1,18.9,21.0,20.9,19.0
20231025,108,1.4,1211,18,3.0,1354,18,4.4,1352,16.6,21.9,1436,12.7,709,12.6,16.2,6.5,78.6,53.0,1512,14.6,2.8,2.0,-9.0,1007.3,1017.4,1019.2,59,1015.6,1520,4.0,6.0,10.9,-9.0,11.4,2.06,1300,-9.0,-9.0,-9.0,-9.0,-9,-9.0,-9,-9.0,-9,-9.0,-9,-9.0,-9,17.2,18.8,20.8,20.9,19.0
20231026,108,2.1,1772,5,4.8,2028,23,8.7,1954,17.2,21.1,1346,14.6,2337,13.5,16.8,12.2,79.4,67.0,1339,15.5,2.0,1.4,-9.0,1003.8,1013.8,1016.9,1,1010.9,1937,8.9,0.8,10.9,-9.0,5.79,1.24,1200,0.0,0.0,2.75,0.0,-9,0.0,-9,-9.0,-9,-9.0,-9,-9.0,-9,17.5,18.7,20.7,20.8,19.0
20231027,108,1.9,1684,29,3.6,617,2,6.1,1102,15.7,20.2,1457,12.6,2357,10.1,16.5,6.0,71.1,49.0,1530,12.4,2.8,2.0,-9.0,1004.0,1014.1,1016.8,2357,1011.3,337,3.8,4.6,10.8,-9.0,10.07,1.87,1300,-9.0,-9.0,-9.0,-9.0,-9,-9.0,-9,-9.0,-9,-9.0,-9,-9.0,-9,17.9,18.7,20.5,20.8,19.0
20231028,108,1.4,1245,20,2.8,1422,20,5.0,1333,14.2,20.7,1417,9.4,717,6.3,14.6,3.0,62.9,27.0,1444,9.7,3.8,2.7,-9.0,1007.8,1018.0,1020.2,2353,1016.5,1427,0.0,9.7,10.8,-9.0,15.3,2.36,1200,-9.0,-9.0,-9.0,-9.0,-9,-9.0,-9,-9.0,-9,-9.0,-9,-9.0,-9,17.7,18.7,20.4,20.7,19.1
20231029,108,1.7,1487,11,2.8,1125,14,5.8,1145,14.9,21.8,1407,9.8,656,7.0,14.9,3.9,61.6,34.0,1522,10.0,4.0,2.8,-9.0,1010.8,1021.0,1022.3,837,1019.3,1537,0.0,9.7,10.8,-9.0,15.3,2.4,1200,-9.0,-9.0,-9.0,-9.0,-9,-9.0,-9,-9.0,-9,-9.0,-9,-9.0,-9,17.3,18.7,20.3,20.7,19.1
20231030,108,1.7,1471,27,3.1,1616,20,5.3,1252,15.1,21.9,1442,9.7,657,9.7,14.8,3.5,72.0,44.0,1434,12.1,3.4,2.4,-9.0,1011.6,1021.9,1023.1,815,1020.2,1454,1.1,9.3,10.7,-9.0,13.71,2.28,1200,-9.0,-9.0,-9.0,-9.0,-9,-9.0,-9,-9.0,-9,-9.0,-9,-9.0,-9,17.1,18.5,20.3,20.6,19.1
20231031,108,1.8,1595,20,3.9,1515,23,7.2,1514,16.5,20.8,1427,12.7,204,12.0,16.4,6.3,76.0,54.0,1435,14.0,2.9,2.0,-9.0,1010.9,1021.0,1023.2,817,1019.0,2258,5.8,5.2,10.7,-9.0,10.57,1.85,1300,-9.0,0.0,-9.0,-9.0,-9,-9.0,-9,-9.0,-9,-9.0,-9,-9.0,-9,17.0,18.4,20.2,20.5,19.1
20231101,108,2.4,2093,20,4.4,1458,23,8.0,1758,19.0,20.6,1504,17.2,452,15.8,17.3,16.2,81.8,77.0,1457,17.9,1.4,1.0,-9.0,1006.7,1016.7,1019.3,56,1014.9,1728,9.0,0.0,10.7,-9.0,2.23,0.42,1200,0.0,-9.0,0.83,-9.0,-9,-9.0,-9,-9.0,-9,-9.0,-9,-9.0,-9,17.3,18.3,20.1,20.5,19.1
20231102,108,2.9,2518,23,5.7,1414,18,11.0,1402,20.8,25.9,1442,18.7,2305,14.9,20.5,15.1,70.9,38.0,1600,17.0,4.6,3.3,-9.0,1005.6,1015.5,1017.3,910,1013.8,1622,4.6,8.0,10.6,-9.0,12.86,2.22,1200,-9.0,-9.0,-9.0,-9.0,-9,-9.0,-9,-9.0,-9,-9.0,-9,-9.0,-9,17.7,18.3,20.0,20.4,19.1
20231103,108,2.8,2437,20,5.1,1308,20,9.0,15,19.5,22.4,1225,17.7,2341,16.5,18.7,15.0,83.3,70.0,1227,18.7,1.9,1.3,-9.0,1004.5,1014.5,1016.4,2350,1012.8,1356,7.9,1.2,10.6,-9.0,6.1,1.45,1200,8.5,8.5,2.75,-9.0,-9,-9.0,-9,-9.0,-9,-9.0,-9,-9.0,-9,18.3,18.4,19.9,20.4,19.1
20231104,108,2.6,2233,5,4.4,1133,7,7.1,2138,17.4,20.9,1459,14.1,724,12.9,17.2,9.8,75.5,64.0,1437,14.9,2.8,1.9,-9.0,1009.7,1019.8,1022.2,2316,1016.3,11,5.6,2.8,10.5,-9.0,8.32,1.35,1300,-9.0,4.7,-9.0,-9.0,-9,-9.0,-9,-9.0,-9,-9.0,-9,-9.0,-9,18.5,18.5,19.9,20.3,19.1
20231105,108,3.3,2823,5,5.1,812,16,10.6,1904,17.3,20.4,1917,15.1,738,15.1,16.5,13.7,87.0,71.0,28,17.2,1.2,0.9,-9.0,1005.1,1015.2,1022.0,1,1004.7,2346,9.1,0.0,10.5,-9.0,3.75,0.86,1100,10.4,46.5,13.17,-9.0,-9,-9.0,-9,-9.0,-9,-9.0,-9,-9.0,-9,18.4,18.6,19.9,20.3,19.1
20231106,108,4.9,4192,23,9.1,1452,23,16.9,1538,13.3,19.3,352,6.6,2333,10.7,14.0,5.1,84.9,56.0,1708,13.5,2.1,1.5,-9.0,995.9,1006.0,1013.2,2325,998.5,646,9.4,0.8,10.5,-9.0,4.42,0.89,1300,45.8,5.0,20.25,-9.0,-9,-9.0,-9,-9.0,-9,-9.0,-9,-9.0,-9,18.2,18.6,19.9,20.2,19.1
20231107,108,3.2,2793,27,8.5,153,29,16.5,106,5.8,9.9,1504,3.6,810,-0.9,8.6,-1.7,62.5,44.0,1355,5.7,2.8,2.0,-9.0,1010.9,1021.5,1024.6,2203,1013.2,1,1.6,8.4,10.4,-9.0,14.34,2.38,1200,0.0,-9.0,0.25,-9.0,-9,-9.0,-9,-9.0,-9,-9.0,-9,-9.0,-9,17.4,18.5,19.8,20.2,19.1
20231108,108,1.7,1451,9,3.0,843,7,5.1,839,8.4,16.1,1503,1.8,709,-0.9,9.1,-3.3,55.1,23.0,1507,5.7,3.3,2.3,-9.0,1011.6,1022.1,1024.4,615,1020.4,1752,2.6,9.4,10.4,-9.0,13.65,2.35,1200,-9.0,-9.0,-9.0,-9.0,-9,-9.0,-9,-9.0,-9,-9.0,-9,-9.0,-9,16.0,18.3,19.7,20.1,19.1
20231109,108,2.1,1815,25,5.3,1638,27,10.4,1637,11.4,18.4,1445,5.9,642,6.6,10.5,0.3,73.1,54.0,1145,10.1,2.1,1.5,-9.0,1008.9,1019.2,1021.4,3,1015.4,1534,5.6,2.1,10.4,-9.0,6.78,1.38,1200,5.1,5.1,2.08,-9.0,-9,-9.0,-9,-9.0,-9,-9.0,-9,-9.0,-9,15.1,17.9,19.6,20.1,19.1
20231110,108,3.9,3388,29,7.7,135,29,12.7,132,3.4,9.1,1,0.5,2356,-5.7,6.1,-3.8,53.1,31.0,1521,4.1,3.3,2.3,-9.0,1015.4,1026.2,1029.4,2249,1020.7,1,1.1,9.0,10.3,-9.0,14.52,2.36,1200,-9.0,-9.0,-9.0,-9.0,-9,-9.0,-9,-9.0,-9,-9.0,-9,-9.0,-9,14.9,17.5,19.5,20.0,19.1
20231111,108,2.2,1911,27,3.8,1222,29,6.7,1237,1.7,6.7,1517,-1.9,709,-8.6,3.4,-7.5,47.9,26.0,1521,3.2,2.6,1.8,-9.0,1017.8,1028.7,1030.5,1007,1026.7,1443,1.9,7.0,10.3,-9.0,10.9,1.97,1300,-9.0,-9.0,-9.0,-9.0,-9,-9.0,-9,-9.0,-9,-9.0,-9,-9.0,-9,13.8,17.1,19.3,20.1,19.1
20231112,108,2.2,1862,29,4.5,914,34,9.1,856,1.2,5.7,1515,-2.0,730,-7.3,3.0,-8.8,53.8,37.0,1309,3.5,2.6,1.8,-9.0,1016.6,1027.5,1029.1,220,1025.5,1522,0.0,9.5,10.3,-9.0,14.17,2.3,1200,-9.0,-9.0,-9.0,-9.0,-9,-9.0,-9,-9.0,-9,-9.0,-9,-9.0,-9,12.6,16.7,19.1,20.1,19.2
20231113,108,2.3,1986,32,4.1,857,32,7.3,851,2.0,6.7,1446,-2.2,708,-6.8,3.4,-8.5,54.0,32.0,1427,3.7,2.7,1.9,-9.0,1017.3,1028.1,1029.7,938,1026.6,1559,0.0,9.5,10.2,-9.0,14.18,2.3,1200,-9.0,-9.0,-9.0,-9.0,-9,-9.0,-9,-9.0,-9,-9.0,-9,-9.0,-9,11.6,16.1,18.9,20.0,19.2
20231114,108,1.7,1473,32,4.1,1329,32,6.6,1328,5.0,10.8,1520,-0.8,732,-1.1,4.3,-7.5,66.1,47.0,1405,5.7,2.5,1.7,-9.0,1015.9,1026.5,1028.3,1,1024.5,1608,2.3,9.3,10.2,-9.0,12.94,2.14,1200,-9.0,-9.0,-9.0,-9.0,-9,-9.0,-9,-9.0,-9,-9.0,-9,-9.0,-9,11.0,15.6,18.6,20.0,19.2
20231115,108,1.5,1301,25,4.5,1444,25,7.1,1444,7.0,12.5,1326,2.0,706,1.8,6.0,-5.0,71.4,48.0,1331,7.0,2.3,1.6,-9.0,1016.9,1027.5,1029.1,839,1026.0,2115,4.0,6.9,10.2,-9.0,10.47,1.98,1200,-9.0,-9.0,-9.0,-9.0,-9,-9.0,-9,-9.0,-9,-9.0,-9,-9.0,-9,10.8,15.1,18.3,19.9,19.2
20231116,108,1.9,1663,25,4.7,1645,20,8.3,1554,6.6,7.4,1525,5.7,2342,4.1,5.6,-0.4,85.0,69.0,656,8.2,0.7,0.5,-9.0,1008.4,1018.9,1026.5,1,1015.0,2336,9.0,0.0,10.2,-9.0,1.09,0.18,1100,8.4,8.4,11.25,-9.0,-9,-9.0,-9,-9.0,-9,-9.0,-9,-9.0,-9,11.0,14.7,18.0,19.9,19.2
20231117,108,2.9,2463,29,6.5,133,25,11.7,1523,1.6,5.9,45,-1.9,2359,-5.5,3.2,-6.3,59.3,37.0,1044,4.1,2.0,1.4,-9.0,1003.1,1013.8,1015.8,303,1011.6,1353,4.3,5.0,10.1,-9.0,7.42,1.28,900,0.0,0.0,1.92,-9.0,-9,-9.0,-9,-9.0,-9,-9.0,-9,-9.0,-9,10.9,14.4,17.7,19.8,19.1
20231118,108,3.5,3019,32,6.0,217,29,13.2,200,0.6,5.7,1505,-3.8,720,-6.6,1.8,-7.1,58.9,48.0,104,3.8,2.2,1.6,-9.0,1007.3,1018.1,1020.5,2219,1013.1,39,0.0,9.3,10.1,-9.0,12.88,2.15,1200,-9.0,-9.0,-9.0,-9.0,-9,-9.0,-9,-9.0,-9,-9.0,-9,-9.0,-9,10.2,14.2,17.4,19.8,19.1
20231119,108,2.4,2064,27,5.0,1640,23,10.0,1428,5.9,13.4,1424,-0.3,154,0.3,4.0,-7.0,68.3,45.0,1447,6.4,2.0,1.4,-9.0,1006.7,1017.2,1020.3,19,1013.2,1403,2.6,5.4,10.1,-9.0,7.79,1.36,1400,-9.0,-9.0,-9.0,-9.0,-9,-9.0,-9,-9.0,-9,-9.0,-9,-9.0,-9,9.5,13.8,17.2,19.7,19.1
20231120,108,1.5,1307,18,3.3,1333,23,5.1,1341,6.2,12.8,1511,1.8,710,-1.9,4.5,-6.6,58.4,30.0,1612,5.3,3.0,2.1,-9.0,1012.6,1023.2,1024.5,1102,1020.1,1,0.0,9.3,10.1,-9.0,12.93,2.15,1200,-9.0,-9.0,-9.0,-9.0,-9,-9.0,-9,-9.0,-9,-9.0,-9,-9.0,-9,9.5,13.5,16.9,19.6,19.1
20231121,108,1.7,1507,23,3.1,1426,27,4.7,1541,7.4,14.8,1521,1.4,714,-0.5,5.1,-5.2,59.6,27.0,1504,5.9,3.0,2.1,-9.0,1010.9,1021.5,1024.0,1,1018.9,1506,0.0,9.3,10.0,-9.0,12.57,2.12,1200,-9.0,-9.0,-9.0,-9.0,-9,-9.0,-9,-9.0,-9,-9.0,-9,-9.0,-9,9.4,13.2,16.6,19.6,19.1
20231122,108,1.8,1547,20,2.8,1422,20,5.8,1420,9.5,15.1,1458,2.9,704,3.6,7.4,-4.7,68.1,48.0,1131,8.0,2.3,1.6,-9.0,1005.7,1016.1,1020.1,1,1011.7,2313,4.0,6.5,10.0,-9.0,10.28,1.9,1100,-9.0,0.1,-9.0,-9.0,-9,-9.0,-9,-9.0,-9,-9.0,-9,-9.0,-9,9.4,12.9,16.4,19.5,19.1
20231123,108,3.3,2887,32,7.2,1802,32,12.5,1753,9.9,14.6,1349,1.9,2358,4.7,9.8,-0.7,71.1,50.0,1436,9.0,2.5,1.7,-9.0,1003.2,1013.6,1020.3,2400,1010.1,1329,4.4,5.0,10.0,-9.0,8.41,1.71,1200,0.1,-9.0,2.75,-9.0,-9,-9.0,-9,-9.0,-9,-9.0,-9,-9.0,-9,9.9,12.8,16.1,19.4,19.1
20231124,108,3.8,3278,27,6.0,1148,25,10.4,251,-1.5,2.2,1353,-4.4,2356,-10.4,1.7,-8.2,51.8,32.0,1715,2.8,2.4,1.7,-9.0,1017.8,1028.8,1033.5,2350,1020.3,1,0.3,8.6,9.9,-9.0,12.67,2.14,1200,-9.0,-9.0,-9.0,-9.0,-9,-9.0,-9,-9.0,-9,-9.0,-9,-9.0,-9,10.3,12.7,15.9,19.3,19.1
20231125,108,1.8,1539,34,3.7,19,36,6.4,5,-1.3,4.0,1440,-5.9,723,-13.1,0.6,-11.7,42.8,22.0,1437,2.3,2.6,1.8,-9.0,1021.5,1032.5,1035.3,734,1030.3,2155,1.8,9.1,9.9,-9.0,12.67,2.12,1200,-9.0,-9.0,-9.0,-9.0,-9,-9.0,-9,-9.0,-9,-9.0,-9,-9.0,-9,9.3,12.7,15.8,19.2,19.1
20231126,108,1.4,1246,7,2.8,1035,7,4.4,1029,4.0,7.2,1449,-0.1,32,-7.3,3.3,-1.8,43.6,35.0,320,3.7,1.6,1.2,-9.0,1013.6,1024.4,1030.7,1,1018.5,2353,8.9,1.4,9.9,-9.0,6.39,1.33,1000,0.0,2.1,1.67,-9.0,-9,-9.0,-9,-9.0,-9,-9.0,-9,-9.0,-9,8.5,12.4,15.6,19.1,19.1
20231127,108,2.4,2033,27,4.8,1954,29,11.0,1948,6.2,9.3,1553,4.4,419,3.4,5.7,1.6,82.9,55.0,2,7.8,1.1,0.8,-9.0,1003.4,1013.9,1018.8,1,1011.4,1457,6.8,0.9,9.9,-9.0,2.35,0.56,1500,3.6,1.5,12.83,-9.0,-9,-9.0,-9,-9.0,-9,-9.0,-9,-9.0,-9,8.6,12.1,15.4,19.0,19.0
20231128,108,3.2,2748,27,5.5,1506,27,9.5,148,1.3,5.2,1,-1.2,2354,-6.3,1.9,-4.9,57.5,36.0,1212,3.9,2.1,1.5,-9.0,1010.4,1021.2,1024.8,2320,1015.1,1,2.3,6.3,9.8,-9.0,9.85,1.97,1200,0.0,0.0,0.33,-9.0,-9,-9.0,-9,-9.0,-9,-9.0,-9,-9.0,-9,8.8,11.9,15.2,19.0,19.0
20231129,108,2.5,2171,27,5.5,1921,29,10.7,2037,-1.4,3.0,1422,-4.0,2354,-8.5,-1.1,-9.3,58.9,46.0,1013,3.3,1.4,1.0,-9.0,1014.2,1025.2,1029.0,2355,1021.9,1420,4.4,2.7,9.8,-9.0,4.75,0.9,1000,0.0,0.0,2.33,-9.0,-9,-9.0,-9,-9.0,-9,-9.0,-9,-9.0,-9,8.3,11.8,15.1,18.9,19.0
20231130,108,2.8,2435,29,4.4,1156,36,8.3,56,-4.3,-0.5,1444,-7.3,721,-13.7,-1.8,-10.8,48.5,35.0,1139,2.1,2.0,1.4,-9.0,1017.6,1028.7,1030.9,835,1027.0,1443,0.0,9.2,9.8,-9.0,12.44,2.1,1200,-9.0,-9.0,-9.0,-9.0,-9,-9.0,-9,-9.0,-9,-9.0,-9,-9.0,-9,7.5,11.5,14.9,18.8,19.0
20231201,108,2.0,1766,29,4.5,1054,32,7.5,1207,-3.2,0.7,1544,-6.8,646,-11.2,-1.8,-12.3,55.3,36.0,1400,2.6,1.9,1.3,-9.0,1015.4,1026.4,1027.5,42,1025.2,1436,0.1,9.2,9.8,-9.0,12.2,2.07,1200,-9.0,-9.0,-9.0,-9.0,-9,-9.0,-9,-9.0,-9,-9.0,-9,-9.0,-9,6.8,11.2,14.7,18.7,19.0
20231202,108,2.4,2076,23,6.1,1501,25,11.0,1459,2.0,8.0,1516,-4.4,327,-4.9,0.4,-11.5,60.8,48.0,1525,4.3,1.9,1.3,-9.0,1013.6,1024.4,1026.9,33,1021.7,1829,4.0,4.0,9.8,-9.0,8.25,1.7,1100,0.0,0.0,1.47,-9.0,-9,-9.0,-9,-9.0,-9,-9.0,-9,-9.0,-9,6.2,10.9,14.5,18.6,19.0
20231203,108,1.7,1427,20,3.2,1416,25,5.0,1442,0.8,6.0,1430,-2.8,700,-7.3,0.7,-11.0,56.3,30.0,1506,3.5,2.2,1.5,-9.0,1015.6,1026.4,1028.0,1017,1024.6,17,0.0,9.1,9.8,-9.0,11.62,1.98,1200,-9.0,-9.0,-9.0,-9.0,-9,-9.0,-9,-9.0,-9,-9.0,-9,-9.0,-9,6.0,10.5,14.3,18.5,19.0
20231204,108,1.6,1425,5,2.8,2232,5,4.3,2228,2.7,9.4,1532,-3.0,750,-4.6,0.8,-9.6,59.5,35.0,1338,4.4,2.3,1.6,-9.0,1011.1,1021.8,1026.3,5,1018.9,1601,2.5,8.2,9.7,-9.0,10.39,1.92,1200,-9.0,-9.0,-9.0,-9.0,-9,-9.0,-9,-9.0,-9,-9.0,-9,-9.0,-9,5.9,10.2,14.0,18.4,18.9
20231205,108,2.0,1757,5,4.0,931,5,5.9,931,6.8,12.6,1518,3.8,1,-1.6,3.2,-2.6,55.4,43.0,1523,5.5,2.0,1.4,-9.0,1006.6,1017.1,1019.9,1,1014.9,1449,3.8,6.8,9.7,-9.0,8.09,1.71,1200,-9.0,-9.0,-9.0,-9.0,-9,-9.0,-9,-9.0,-9,-9.0,-9,-9.0,-9,5.8,9.9,13.8,18.3,18.9
20231206,108,2.3,1981,27,4.8,1850,29,9.0,1846,6.1,8.7,1848,3.9,358,2.1,3.6,-3.6,76.1,65.0,1225,7.2,1.1,0.8,-9.0,999.2,1009.7,1015.6,1,1004.2,1722,6.3,0.0,9.7,-9.0,1.87,0.41,1000,3.8,3.8,2.33,-9.0,-9,-9.0,-9,-9.0,-9,-9.0,-9,-9.0,-9,6.2,9.7,13.5,18.2,18.9
20231207,108,2.6,2259,23,6.1,1501,25,12.6,1336,6.6,11.4,1408,0.8,709,0.2,3.0,-7.0,64.0,48.0,1335,6.4,2.3,1.6,-9.0,1003.8,1014.3,1015.6,2233,1010.0,1,1.9,6.7,9.7,-9.0,9.35,1.74,1200,-9.0,-9.0,-9.0,-9.0,-9,-9.0,-9,-9.0,-9,-9.0,-9,-9.0,-9,6.6,9.6,13.3,18.1,18.9
20231208,108,3.0,2555,18,7.6,1359,18,13.5,1358,11.2,16.8,1434,5.1,333,6.5,6.7,-0.8,73.4,57.0,1233,10.0,2.1,1.5,-9.0,1002.5,1012.8,1015.3,38,1010.1,1453,1.4,5.3,9.7,-9.0,7.54,1.57,1200,-9.0,-9.0,-9.0,-9.0,-9,-9.0,-9,-9.0,-9,-9.0,-9,-9.0,-9,6.8,9.6,13.1,18.0,18.8
20231209,108,2.0,1709,20,3.8,132,18,7.3,142,13.7,16.2,1413,11.7,2346,10.8,11.3,4.0,82.9,70.0,1441,12.9,1.0,0.7,-9.0,1006.8,1017.1,1020.6,2346,1012.9,50,8.3,0.8,9.7,-9.0,4.05,0.84,1300,-9.0,-9.0,-9.0,-9.0,-9,-9.0,-9,-9.0,-9,-9.0,-9,-9.0,-9,7.6,9.6,13.0,17.9,18.8
20231210,108,-9.0,-9,-9,-9.0,-9,-9,-9.0,-9,11.4,15.5,1448,6.7,801,5.3,8.8,-2.0,67.9,46.0,1252,8.9,-9.0,-9.0,-9.0,1012.0,1022.4,1024.7,1015,1020.6,1,5.6,-9.0,9.7,-9.0,-9.0,-9.0,-9,0.0,1.2,0.08,-9.0,-9,-9.0,-9,-9.0,-9,-9.0,-9,-9.0,-9,8.6,9.7,12.9,17.8,18.8
20231211,108,-9.0,-9,-9,-9.0,-9,-9,-9.0,-9,8.9,12.3,4,5.0,2314,6.1,8.0,3.8,82.9,66.0,1,9.5,0.8,0.5,-9.0,1006.7,1017.1,1022.3,1,1012.0,1655,10.0,0.0,9.6,-9.0,1.54,0.27,1000,11.4,10.6,24.0,-9.0,-9,-9.0,-9,-9.0,-9,-9.0,-9,-9.0,-9,9.0,9.9,12.8,17.7,18.8
20231212,108,2.7,2373,5,7.7,12,5,13.3,5,5.4,9.3,1536,3.5,2334,1.3,5.1,-3.2,75.6,58.0,1551,6.7,1.4,1.0,-9.0,1010.5,1021.1,1026.2,2323,1014.9,7,4.9,3.5,9.6,-9.0,6.08,1.42,1400,0.4,-9.0,4.75,-9.0,-9,-9.0,-9,-9.0,-9,-9.0,-9,-9.0,-9,9.1,10.2,12.8,17.6,18.7
20231213,108,2.4,2066,5,4.3,1818,5,7.0,1813,6.8,10.3,1459,2.6,419,2.3,5.0,-3.9,74.1,61.0,1427,7.2,1.9,1.3,-9.0,1016.9,1027.5,1028.8,1052,1026.1,1,6.3,2.3,9.6,-9.0,6.06,1.27,1200,-9.0,0.0,-9.0,-9.0,-9,-9.0,-9,-9.0,-9,-9.0,-9,-9.0,-9,8.7,10.3,12.8,17.5,18.7
20231214,108,4.5,3917,5,7.2,2334,5,11.7,2023,7.6,9.1,127,6.2,2315,5.2,6.8,5.7,85.8,66.0,2,8.9,0.5,0.4,-9.0,1011.7,1022.2,1027.1,229,1015.4,2347,10.0,0.0,9.6,-9.0,1.46,0.32,1300,17.0,39.9,17.17,-9.0,-9,-9.0,-9,-9.0,-9,-9.0,-9,-9.0,-9,8.6,10.3,12.8,17.4,18.7
20231215,108,3.6,3131,5,6.7,52,5,11.9,242,4.9,6.2,1,3.7,2359,4.2,5.7,3.5,95.4,88.0,1738,8.3,0.5,0.4,-9.0,1001.7,1012.2,1015.8,2302,1009.7,834,10.0,0.0,9.6,-9.0,1.48,0.34,1400,31.1,9.7,21.0,-9.0,-9,-9.0,-9,-9.0,-9,-9.0,-9,-9.0,-9,8.5,10.2,12.8,17.3,18.7
20231216,108,5.2,4506,27,9.0,1417,27,17.9,1411,-4.1,3.8,1,-9.9,2400,-9.1,0.8,-11.1,68.9,46.0,1412,3.4,1.5,1.0,-9.0,1011.2,1022.2,1030.0,2354,1014.4,53,5.6,4.6,9.6,-9.0,8.49,1.86,1300,1.5,0.0,13.08,-9.0,-9,-9.0,-9,-9.0,-9,1.0,850,1.0,850,8.2,9.9,12.3,17.2,18.6
20231217,108,3.2,2800,29,5.7,54,29,10.2,1529,-9.8,-6.4,1452,-12.4,758,-18.6,-5.3,-14.4,48.9,36.0,1646,1.4,1.4,1.0,-9.0,1022.8,1034.1,1036.7,2323,1030.0,1,0.0,9.0,9.6,-9.0,11.81,2.01,1200,-9.0,-9.0,-9.0,-9.0,-9,-9.0,-9,-9.0,-9,-9.0,-9,-9.0,-9,7.1,9.8,12.2,16.8,18.6
20231218,108,2.2,1871,29,4.0,1519,29,7.7,1528,-7.7,-3.6,1358,-12.2,511,-17.7,-4.6,-15.0,45.1,33.0,1646,1.5,1.3,0.9,-9.0,1023.6,1034.9,1038.1,1008,1032.6,1651,6.9,4.1,9.6,-9.0,7.01,1.5,1200,-9.0,-9.0,-9.0,-9.0,-9,-9.0,-9,-9.0,-9,-9.0,-9,-9.0,-9,5.9,9.6,12.2,16.7,18.6
20231219,108,1.9,1680,5,3.8,719,7,6.0,931,-3.7,0.2,1402,-8.2,548,-9.9,-2.4,-12.4,63.1,41.0,1250,3.1,1.0,0.7,-9.0,1017.4,1028.5,1033.0,3,1025.8,2353,6.9,0.8,9.6,-9.0,5.77,1.16,1200,0.3,1.1,10.08,-9.0,-9,-9.0,-9,-9.0,-9,0.9,2355,0.9,2355,5.1,9.2,12.1,16.6,18.5
20231220,108,3.4,2946,32,5.4,940,32,9.0,936,-7.4,-2.1,1,-11.9,2359,-13.1,-2.9,-14.5,64.1,50.0,1434,2.3,1.2,0.8,-9.0,1016.3,1027.5,1028.9,2339,1025.8,1,2.6,6.0,9.6,-9.0,9.07,2.0,1300,0.8,0.0,2.5,-9.0,-9,-9.0,-9,-9.0,-9,1.2,145,2.1,145,4.7,8.8,12.0,16.6,18.5
20231221,108,3.0,2611,29,5.0,947,29,9.0,941,-11.7,-8.0,1515,-14.4,705,-18.5,-6.4,-17.3,57.4,44.0,1459,1.4,1.2,0.8,-9.0,1019.2,1030.6,1033.3,2354,1028.1,56,0.0,9.0,9.6,-9.0,11.49,1.98,1200,-9.0,-9.0,-9.0,-9.0,-9,-9.0,-9,-9.0,-9,-9.0,-9,0.5,1,4.3,8.5,11.8,16.6,18.5
20231222,108,2.7,2315,25,4.3,213,29,8.2,157,-11.6,-8.0,1425,-14.7,732,-19.6,-7.2,-17.4,51.8,39.0,1454,1.3,1.2,0.8,-9.0,1025.0,1036.5,1038.8,2315,1033.2,1,0.0,9.1,9.6,-9.0,11.56,1.97,1200,-9.0,-9.0,-9.0,-9.0,-9,-9.0,-9,-9.0,-9,-9.0,-9,0.4,1,4.0,8.2,11.7,16.5,18.4
20231223,108,1.8,1518,5,2.7,1004,5,4.1,1003,-6.8,-0.9,1547,-12.7,511,-15.0,-5.1,-18.0,53.4,37.0,1500,1.9,1.5,1.0,-9.0,1025.5,1036.7,1039.0,131,1034.1,2347,1.4,8.9,9.6,-9.0,10.84,1.89,1200,-9.0,1.1,-9.0,-9.0,-9,-9.0,-9,-9.0,-9,-9.0,-9,0.2,1,3.7,7.9,11.5,16.4,18.4
20231224,108,1.6,1373,20,3.1,1501,11,4.6,450,-2.2,3.0,1440,-5.6,622,-6.4,-1.3,-9.8,73.4,53.0,1,3.8,1.4,0.9,-9.0,1019.6,1030.6,1034.3,1,1028.4,2354,5.0,6.9,9.6,-9.0,10.09,1.95,1200,1.1,0.5,7.42,-9.0,-9,-9.0,-9,-9.0,-9,1.5,750,1.5,750,3.5,7.6,11.3,16.4,18.4
20231225,108,1.5,1270,25,3.8,1349,27,6.1,1341,-0.7,2.1,1604,-2.7,2315,-3.7,-1.2,-10.1,80.8,58.0,1659,4.7,0.8,0.6,-9.0,1017.4,1028.4,1029.8,1958,1026.9,511,6.5,1.7,9.6,-9.0,4.14,0.81,1200,0.7,0.2,11.33,-9.0,-9,-9.0,-9,-9.0,-9,3.0,1120,3.0,1120,3.4,7.4,11.1,16.3,18.3
20231226,108,1.8,1582,27,5.0,1325,27,9.4,1306,1.9,7.2,1452,-2.6,1,-2.7,-0.1,-8.4,72.9,51.0,1416,5.0,1.6,1.1,-9.0,1018.0,1028.9,1031.0,2246,1027.0,1441,2.9,7.5,9.6,-9.0,9.17,1.88,1200,-9.0,-9.0,-9.0,-9.0,-9,-9.0,-9,-9.0,-9,-9.0,-9,-9.0,-9,3.3,7.2,10.9,16.2,18.3
20231227,108,1.4,1203,5,3.0,1237,11,4.7,1235,1.5,6.8,1549,-2.8,813,-2.3,-0.1,-10.6,76.6,56.0,1520,5.2,1.4,1.0,-9.0,1019.4,1030.3,1032.4,1032,1029.0,2017,0.5,8.2,9.6,-9.0,9.47,1.69,1200,-9.0,-9.0,-9.0,-9.0,-9,-9.0,-9,-9.0,-9,-9.0,-9,-9.0,-9,3.2,7.0,10.7,16.1,18.3
20231228,108,1.6,1342,29,4.7,1350,29,8.0,1456,1.2,4.4,1453,-1.7,620,-3.9,0.0,-10.3,69.5,53.0,1639,4.6,1.6,1.1,-9.0,1017.7,1028.5,1029.4,2245,1027.5,1358,3.1,8.1,9.6,-9.0,9.25,1.67,1200,-9.0,-9.0,-9.0,-9.0,-9,-9.0,-9,-9.0,-9,-9.0,-9,-9.0,-9,3.1,6.8,10.5,16.1,18.2
20231229,108,1.7,1481,27,3.3,1455,25,5.7,1448,1.3,4.6,1438,-1.5,725,-3.4,0.0,-8.6,71.0,60.0,1436,4.8,1.1,0.8,-9.0,1016.2,1027.0,1029.6,244,1024.9,2356,4.8,1.8,9.6,-9.0,5.43,0.84,1400,-9.0,0.3,-9.0,-9.0,-9,-9.0,-9,-9.0,-9,-9.0,-9,-9.0,-9,3.1,6.7,10.3,16.0,18.2
20231230,108,2.6,2276,5,4.6,1739,5,6.9,2013,0.6,2.1,2354,-0.9,237,-0.6,-0.6,-8.2,92.0,76.0,714,5.9,0.3,0.2,-9.0,1006.9,1017.7,1025.1,32,1011.4,2359,9.5,0.0,9.6,-9.0,0.69,0.14,1000,13.1,17.5,16.67,-9.0,-9,-9.0,-9,-9.0,-9,12.2,1500,12.2,1500,3.0,6.5,10.2,15.9,18.1
20231231,108,2.0,1762,32,5.0,718,34,8.3,711,2.1,4.3,1550,0.6,2343,1.4,-0.1,-4.2,95.5,84.0,1630,6.8,0.5,0.4,1.18,1006.8,1017.5,1026.3,2359,1008.9,537,5.8,0.6,9.6,-9.0,3.06,0.69,1200,4.7,0.0,9.83,-9.0,-9,-9.0,-9,-9.0,-9,-9.0,-9,8.8,1,3.0,6.4,10.0,15.8,18.1
20240101,108,1.7,1435,18,3.2,1525,18,4.5,1518,3.3,7.3,1255,-0.3,402,0.5,-0.2,-4.7,83.4,65.0,1312,6.3,1.3,0.9,-9.0,1016.1,1026.9,1029.4,934,1024.8,2351,6.4,4.3,9.6,-9.0,7.44,1.87,1200,0.0,0.0,2.92,-9.0,-9,-9.0,-9,-9.0,-9,-9.0,-9,2.4,1,2.8,6.3,9.9,15.7,18.1
20240102,108,1.6,1360,27,3.1,1409,25,5.3,1407,2.9,4.3,1409,2.2,622,-1.6,0.3,-3.3,72.6,59.0,1552,5.5,1.0,0.7,-9.0,1011.4,1022.1,1024.9,1,1020.3,2354,8.9,0.3,9.6,-9.0,3.87,0.63,1200,0.0,0.1,1.58,-9.0,-9,-9.0,-9,-9.0,-9,-9.0,-9,-9.0,-9,2.8,6.1,9.7,15.6,18.0
20240103,108,1.6,1367,32,4.2,1435,32,7.6,1433,1.8,4.0,1320,-1.1,2350,-1.2,0.6,-8.1,80.4,72.0,2036,5.6,0.7,0.5,-9.0,1008.6,1019.4,1022.3,2349,1017.0,1315,6.0,1.2,9.7,-9.0,3.32,0.58,1500,0.6,0.5,6.25,-9.0,-9,-9.0,-9,-9.0,-9,-9.0,-9,-9.0,-9,2.8,6.0,9.6,15.5,18.0
20240104,108,1.9,1640,5,3.4,1105,18,6.1,1752,1.4,4.7,1556,-3.3,715,-2.7,-0.2,-10.7,74.3,64.0,1427,5.0,1.1,0.7,-9.0,1010.9,1021.6,1024.4,1012,1019.3,2334,6.1,0.5,9.7,-9.0,5.22,0.96,1200,-9.0,0.0,-9.0,-9.0,-9,-9.0,-9,-9.0,-9,-9.0,-9,-9.0,-9,2.8,5.9,9.5,15.4,17.9
20240105,108,2.3,1947,25,4.8,1253,18,10.3,1423,5.0,9.1,1439,1.4,2356,1.2,2.0,-6.2,77.1,59.0,1426,6.7,1.7,1.2,-9.0,1009.1,1019.7,1020.9,2323,1018.3,1419,4.1,5.7,9.7,-9.0,7.77,1.52,1300,0.0,-9.0,0.42,-9.0,-9,-9.0,-9,-9.0,-9,-9.0,-9,-9.0,-9,2.8,5.8,9.3,15.3,17.9
20240106,108,2.2,1928,25,4.0,1504,32,7.7,1822,0.7,5.2,1444,-2.7,819,-6.0,1.0,-9.4,63.9,34.0,1511,4.0,2.0,1.4,-9.0,1011.1,1021.9,1023.3,923,1020.5,1549,2.3,8.7,9.7,-9.0,11.42,1.97,1200,2.4,2.4,3.08,-9.0,-9,-9.0,-9,-9.0,-9,6.0,2055,6.0,2055,3.0,5.7,9.2,15.2,17.9
20240107,108,3.1,2645,29,6.9,1310,29,11.7,1256,-4.4,-0.9,1,-8.3,2312,-11.9,-0.2,-10.1,57.4,34.0,1550,2.5,1.9,1.3,-9.0,1015.4,1026.5,1029.1,2307,1022.9,5,0.1,9.1,9.7,-9.0,12.13,2.09,1200,-9.0,-9.0,-9.0,-9.0,-9,-9.0,-9,-9.0,-9,-9.0,-9,5.6,1,3.0,5.6,9.1,15.1,17.8
20240108,108,1.8,1533,32,4.0,107,34,5.7,58,-4.7,0.0,1441,-10.3,619,-12.1,-1.1,-11.2,57.8,29.0,1431,2.5,1.8,1.2,-9.0,1015.7,1026.8,1029.3,913,1024.0,2323,3.8,8.3,9.7,-9.0,11.65,2.06,1200,-9.0,0.4,-9.0,-9.0,-9,-9.0,-9,-9.0,-9,-9.0,-9,1.5,1,2.9,5.6,9.0,15.0,17.8
20240109,108,2.0,1686,5,3.0,937,5,4.6,548,-0.6,0.4,2239,-1.9,1,-3.0,-0.5,-3.0,84.0,62.0,226,5.0,0.4,0.3,-9.0,1008.9,1019.7,1024.2,2,1017.7,1420,8.5,0.0,9.7,-9.0,1.48,0.31,1000,1.6,1.2,13.17,-9.0,-9,-9.0,-9,-9.0,-9,2.8,1650,3.1,1650,2.8,5.5,8.9,14.9,17.7
20240110,108,1.7,1476,29,3.0,1322,29,4.7,1328,-1.0,3.3,1542,-4.1,632,-3.1,-0.7,-6.5,85.9,69.0,1546,4.9,1.1,0.7,-9.0,1009.9,1020.8,1022.1,1031,1018.9,114,3.1,5.0,9.8,-9.0,7.81,1.36,1400,-9.0,-9.0,-9.0,-9.0,-9,-9.0,-9,-9.0,-9,-9.0,-9,3.0,1,2.8,5.4,8.8,14.8,17.7
20240111,108,1.9,1675,20,3.9,1340,18,7.4,1335,1.7,4.5,1607,-2.4,618,-1.4,-0.4,-6.4,80.6,69.0,1535,5.6,0.9,0.7,-9.0,1007.0,1017.8,1021.6,23,1015.4,1713,7.0,0.4,9.8,-9.0,4.58,1.14,1100,-9.0,-9.0,-9.0,-9.0,-9,-9.0,-9,-9.0,-9,-9.0,-9,2.0,1,2.8,5.4,8.7,14.7,17.6
20240112,108,2.3,2003,29,4.3,1447,34,6.9,330,0.9,4.2,1546,-1.4,2351,-6.2,0.4,-9.3,61.6,28.0,1526,4.0,2.3,1.6,-9.0,1008.4,1019.1,1021.8,2340,1015.8,3,0.0,8.9,9.8,-9.0,11.77,2.02,1200,-9.0,-9.0,-9.0,-9.0,-9,-9.0,-9,-9.0,-9,-9.0,-9,-9.0,-9,2.8,5.3,8.6,14.6,17.6
20240113,108,1.4,1233,32,3.8,1003,29,7.0,1015,0.4,6.4,1519,-3.8,800,-10.7,0.1,-11.1,44.3,23.0,1556,2.7,2.4,1.7,-9.0,1013.7,1024.5,1026.2,1009,1021.6,52,0.3,9.1,9.8,-9.0,12.05,2.03,1200,-9.0,-9.0,-9.0,-9.0,-9,-9.0,-9,-9.0,-9,-9.0,-9,-9.0,-9,2.8,5.3,8.5,14.5,17.6
20240114,108,2.1,1811,32,4.2,1925,29,7.2,1922,-0.6,2.4,1613,-3.3,2400,-4.6,-0.8,-8.0,74.5,53.0,1,4.4,0.7,0.5,-9.0,1011.0,1021.8,1024.7,8,1018.2,1501,5.8,0.7,9.8,-9.0,1.28,0.32,1500,3.1,3.1,3.67,-9.0,-9,-9.0,-9,-9.0,-9,-9.0,-9,-9.0,-9,2.7,5.2,8.4,14.5,17.5
20240115,108,2.5,2195,29,4.9,1354,29,7.5,1403,-3.7,0.9,1547,-6.9,735,-12.6,-1.0,-9.7,51.3,34.0,1443,2.3,2.0,1.4,-9.0,1017.4,1028.4,1031.3,2310,1024.1,1,0.0,9.2,9.9,-9.0,12.82,2.12,1200,-9.0,-9.0,-9.0,-9.0,-9,-9.0,-9,-9.0,-9,-9.0,-9,-9.0,-9,2.6,5.2,8.3,14.4,17.5
20240116,108,1.5,1297,5,3.4,1037,5,5.2,1122,-2.1,4.3,1516,-7.2,814,-11.5,-0.9,-12.8,49.8,32.0,1522,2.6,2.0,1.4,-9.0,1021.2,1032.3,1034.1,945,1030.8,111,2.3,8.3,9.9,-9.0,11.86,2.01,1200,-9.0,-9.0,-9.0,-9.0,-9,-9.0,-9,-9.0,-9,-9.0,-9,-9.0,-9,2.6,5.1,8.3,14.3,17.4
20240117,108,2.0,1713,5,3.4,2101,5,5.7,1638,0.6,1.9,2140,-2.3,103,-3.0,-0.5,-7.7,78.5,54.0,1007,5.1,0.5,0.4,0.92,1014.8,1025.7,1031.2,7,1021.1,2342,9.4,0.0,9.9,-9.0,1.9,0.32,900,9.7,10.2,13.17,-9.0,-9,-9.0,-9,-9.0,-9,2.3,1550,2.3,1550,2.5,5.0,8.2,14.2,17.4
20240118,108,2.4,2100,5,5.5,2038,5,8.9,2130,4.5,9.4,1606,1.4,751,1.4,1.9,0.2,81.5,63.0,1626,6.8,2.3,1.6,-9.0,1012.3,1023.0,1026.8,2343,1020.2,412,4.5,6.3,9.9,-9.0,9.86,2.02,1200,0.5,-9.0,2.58,-9.0,-9,-9.0,-9,-9.0,-9,-9.0,-9,1.1,1,2.4,5.0,8.1,14.1,17.3
20240119,108,4.5,3882,5,7.1,1736,5,11.2,1002,5.4,9.0,1436,4.0,2051,-0.7,2.1,1.8,65.4,52.0,1543,5.8,2.9,2.1,-9.0,1017.0,1027.6,1028.8,1019,1025.9,1454,7.0,7.1,9.9,-9.0,10.29,1.69,1100,-9.0,-9.0,-9.0,-9.0,-9,-9.0,-9,-9.0,-9,-9.0,-9,-9.0,-9,2.2,4.8,8.0,14.0,17.3
20240120,108,5.3,4618,5,7.2,600,5,12.4,554,3.4,4.9,1306,1.9,1914,-1.7,1.0,0.5,69.5,57.0,1143,5.4,1.3,0.9,-9.0,1014.6,1025.4,1028.3,11,1023.6,1439,8.9,0.0,10.0,-9.0,2.74,0.59,1300,0.4,0.4,11.17,-9.0,-9,-9.0,-9,-9.0,-9,-9.0,-9,-9.0,-9,2.3,4.7,7.9,13.9,17.2
20240121,108,2.5,2179,27,5.3,2145,27,8.6,2145,1.7,4.3,1206,-2.4,2352,-2.2,1.0,-3.0,75.8,65.0,1147,5.3,0.9,0.6,-9.0,1014.5,1025.3,1026.9,2254,1023.7,336,9.1,0.0,10.0,-9.0,3.57,0.64,1100,0.4,0.6,8.58,-9.0,-9,-9.0,-9,-9.0,-9,-9.0,-9,-9.0,-9,2.5,4.7,7.8,13.9,17.2
20240122,108,4.1,3518,27,6.3,404,32,10.4,629,-8.7,-2.4,1,-11.9,2349,-14.0,-1.1,-13.0,65.6,55.0,1414,2.2,1.1,0.8,-9.0,1017.0,1028.3,1029.9,2048,1026.5,11,5.0,3.6,10.0,-9.0,8.49,1.86,1400,0.2,-9.0,8.83,-9.0,-9,-9.0,-9,-9.0,-9,2.3,655,2.3,655,2.7,4.7,7.8,13.8,17.1
20240123,108,3.9,3355,25,6.6,1244,27,10.5,1802,-11.7,-8.2,1525,-14.0,729,-19.2,-5.0,-15.2,53.6,44.0,1327,1.4,1.4,1.0,-9.0,1014.9,1026.3,1028.7,225,1023.7,1550,0.5,9.1,10.0,-9.0,13.53,2.26,1200,-9.0,-9.0,-9.0,-9.0,-9,-9.0,-9,-9.0,-9,-9.0,-9,-9.0,-9,2.4,4.7,7.7,13.7,17.1
20240124,108,3.3,2815,27,5.9,836,29,11.0,917,-8.0,-3.7,1600,-11.2,36,-16.2,-4.1,-14.9,52.0,39.0,1427,1.7,1.7,1.2,-9.0,1015.1,1026.4,1028.2,2333,1024.7,1504,0.0,9.3,10.1,-9.0,13.63,2.24,1200,-9.0,-9.0,-9.0,-9.0,-9,-9.0,-9,-9.0,-9,-9.0,-9,-9.0,-9,2.3,4.7,7.6,13.6,17.1
20240125,108,2.1,1777,27,3.7,1319,27,7.2,1526,-5.3,-0.5,1532,-9.7,640,-14.8,-2.3,-16.2,47.8,30.0,1611,2.0,2.0,1.4,-9.0,1017.5,1028.7,1029.9,1025,1027.3,1433,0.0,9.4,10.1,-9.0,13.57,2.22,1200,-9.0,-9.0,-9.0,-9.0,-9,-9.0,-9,-9.0,-9,-9.0,-9,-9.0,-9,2.2,4.6,7.6,13.5,17.0
20240126,108,1.9,1609,25,3.9,1443,20,6.7,1424,-1.7,4.0,1544,-6.9,725,-8.1,-1.1,-13.8,62.5,39.0,1253,3.4,1.9,1.4,-9.0,1017.9,1028.9,1030.5,1053,1027.4,1359,0.8,9.4,10.1,-9.0,12.68,2.17,1200,-9.0,-9.0,-9.0,-9.0,-9,-9.0,-9,-9.0,-9,-9.0,-9,-9.0,-9,2.1,4.5,7.5,13.5,17.0
20240127,108,1.8,1597,25,4.8,1824,25,7.8,1815,-0.5,4.6,1503,-4.6,801,-5.7,0.3,-12.9,70.0,41.0,1203,4.0,2.1,1.4,-9.0,1016.1,1027.0,1029.1,922,1025.6,1629,2.9,8.0,10.2,-9.0,12.43,2.11,1200,-9.0,-9.0,-9.0,-9.0,-9,-9.0,-9,-9.0,-9,-9.0,-9,-9.0,-9,2.0,4.5,7.5,13.4,16.9
20240128,108,1.9,1663,29,3.6,1249,29,6.5,1240,-1.5,3.8,1524,-5.0,753,-7.9,0.5,-12.4,62.3,44.0,1533,3.4,1.9,1.3,-9.0,1017.6,1028.6,1030.8,2359,1026.0,1,2.0,8.0,10.2,-9.0,12.52,2.16,1300,-9.0,-9.0,-9.0,-9.0,-9,-9.0,-9,-9.0,-9,-9.0,-9,-9.0,-9,1.9,4.4,7.4,13.3,16.9
20240129,108,1.7,1466,27,3.7,1254,27,6.1,1246,-0.4,4.6,1440,-4.8,718,-6.2,0.3,-13.1,66.6,42.0,1546,3.8,2.0,1.4,-9.0,1020.0,1031.0,1032.4,1048,1029.6,1553,2.0,9.2,10.2,-9.0,12.65,2.01,1300,-9.0,-9.0,-9.0,-9.0,-9,-9.0,-9,-9.0,-9,-9.0,-9,-9.0,-9,1.9,4.3,7.3,13.2,16.8
20240130,108,1.4,1218,5,2.9,1216,5,4.3,1213,1.4,8.1,1559,-4.0,738,-6.5,1.0,-12.2,59.3,28.0,1518,3.8,2.5,1.7,-9.0,1017.7,1028.5,1031.6,914,1025.4,2350,2.3,9.4,10.3,-9.0,12.73,2.2,1200,-9.0,-9.0,-9.0,-9.0,-9,-9.0,-9,-9.0,-9,-9.0,-9,-9.0,-9,1.9,4.3,7.3,13.1,16.8
20240131,108,1.9,1660,32,4.3,1914,32,7.0,1906,4.7,10.6,1447,0.7,1,-4.2,2.7,-5.7,54.1,28.0,1338,4.5,2.9,2.0,-9.0,1013.3,1024.0,1026.3,159,1021.7,1456,2.6,8.9,10.3,-9.0,12.65,2.05,1200,-9.0,-9.0,-9.0,-9.0,-9,-9.0,-9,-9.0,-9,-9.0,-9,-9.0,-9,1.9,4.2,7.2,13.1,16.7
20240201,108,2.1,1833,29,4.4,1831,29,7.3,1818,2.4,8.2,1543,-1.3,717,-3.8,1.6,-7.3,64.9,42.0,1516,4.6,2.3,1.6,-9.0,1014.3,1025.0,1026.6,850,1023.2,1433,6.4,6.8,10.3,-9.0,10.12,1.8,1300,-9.0,-9.0,-9.0,-9.0,-9,-9.0,-9,-9.0,-9,-9.0,-9,-9.0,-9,1.8,4.2,7.1,13.0,16.7
20240202,108,2.1,1847,5,4.1,14,5,6.6,13,3.1,7.9,1352,0.7,2355,-2.9,2.6,-8.3,65.5,48.0,1325,5.0,2.2,1.5,-9.0,1016.1,1026.8,1029.0,2355,1025.3,330,5.4,4.4,10.3,-9.0,10.3,2.11,1300,-9.0,-9.0,-9.0,-9.0,-9,-9.0,-9,-9.0,-9,-9.0,-9,-9.0,-9,1.8,4.1,7.1,12.9,16.6
20240203,108,2.2,1882,5,4.4,818,5,7.1,837,4.7,8.3,1430,-0.2,208,-1.7,1.6,-8.2,63.9,50.0,1324,5.4,1.6,1.1,-9.0,1016.4,1027.1,1029.1,7,1025.1,1628,8.4,1.0,10.4,-9.0,6.77,1.37,1200,0.0,0.0,1.83,-9.0,-9,-9.0,-9,-9.0,-9,-9.0,-9,-9.0,-9,1.8,4.1,7.0,12.8,16.6
20240204,108,1.8,1593,5,4.7,2304,5,10.2,2346,7.3,12.2,1411,3.7,704,0.0,4.3,-0.8,60.9,44.0,1408,6.1,2.6,1.8,-9.0,1014.0,1024.5,1027.0,926,1022.6,2359,8.6,4.6,10.4,-9.0,10.88,2.03,1200,-9.0,1.2,-9.0,-9.0,-9,-9.0,-9,-9.0,-9,-9.0,-9,-9.0,-9,1.8,4.0,7.0,12.8,16.5
20240205,108,5.0,4314,5,8.8,1123,5,15.0,1134,2.7,6.6,1,0.1,2113,-0.2,1.9,-0.3,81.8,60.0,1,6.0,1.0,0.7,-9.0,1010.6,1021.3,1025.0,2345,1018.0,515,10.0,0.0,10.5,-9.0,3.47,0.64,1400,3.9,2.9,21.0,-9.0,-9,-9.0,-9,-9.0,-9,3.6,2355,3.6,2355,1.9,4.0,6.9,12.7,16.5
20240206,108,2.2,1908,29,3.4,1640,29,5.4,1638,1.2,2.9,1224,0.0,135,-1.3,0.3,-1.2,83.5,71.0,1634,5.6,0.9,0.6,-9.0,1013.8,1024.6,1026.0,1049,1023.5,1539,8.8,0.0,10.5,-9.0,4.49,0.65,1000,0.2,0.0,7.83,-9.0,-9,-9.0,-9,-9.0,-9,0.2,255,3.8,255,2.0,4.0,6.9,12.6,16.4
20240207,108,2.1,1818,32,3.6,2030,29,5.9,110,0.6,2.7,1435,-0.9,700,-3.1,0.8,-7.8,76.6,59.0,1538,4.9,0.8,0.6,-9.0,1012.3,1023.1,1024.5,926,1021.9,1451,6.6,0.0,10.5,-9.0,3.61,0.56,1300,0.0,-9.0,3.25,-9.0,-9,-9.0,-9,-9.0,-9,-9.0,-9,-9.0,-9,2.1,4.0,6.8,12.6,16.4
20240208,108,1.6,1369,32,4.0,1214,34,6.3,1206,0.6,6.2,1532,-3.0,716,-5.1,2.6,-11.2,66.9,41.0,1537,4.2,2.3,1.6,-9.0,1010.6,1021.5,1022.9,1,1019.5,1529,2.0,9.2,10.6,-9.0,13.96,2.31,1200,-9.0,-9.0,-9.0,-9.0,-9,-9.0,-9,-9.0,-9,-9.0,-9,-9.0,-9,2.2,4.0,6.8,12.5,16.3
20240209,108,2.2,1879,20,4.5,1414,23,8.7,1629,1.1,6.1,1428,-2.5,731,-4.5,2.1,-10.0,66.8,42.0,1558,4.4,2.2,1.5,-9.0,1010.9,1021.7,1022.6,1032,1020.3,1449,3.3,6.9,10.6,-9.0,12.47,2.27,1300,-9.0,-9.0,-9.0,-9.0,-9,-9.0,-9,-9.0,-9,-9.0,-9,-9.0,-9,2.3,4.0,6.8,12.4,16.3
20240210,108,1.9,1646,27,4.7,1325,27,8.4,1316,1.7,7.4,1437,-1.5,542,-3.6,2.6,-9.8,69.4,40.0,1419,4.7,2.2,1.5,-9.0,1012.0,1022.8,1024.2,2221,1021.2,1440,2.3,5.6,10.6,-9.0,11.32,2.33,1300,-9.0,-9.0,-9.0,-9.0,-9,-9.0,-9,-9.0,-9,-9.0,-9,-9.0,-9,2.3,4.1,6.8,12.4,16.3
20240211,108,2.2,1921,25,5.5,1508,29,10.1,1537,1.0,5.5,1356,-3.1,738,-3.9,0.6,-12.4,70.6,49.0,1104,4.6,1.8,1.2,-9.0,1013.3,1024.1,1027.4,2352,1021.3,1420,2.0,5.6,10.7,-9.0,10.38,2.26,1200,0.0,0.0,1.5,-9.0,-9,-9.0,-9,-9.0,-9,-9.0,-9,-9.0,-9,2.5,4.1,6.8,12.3,16.2
20240212,108,1.8,1598,23,3.6,1730,20,5.8,1705,3.5,10.5,1601,-2.9,713,-3.5,3.5,-11.3,62.8,30.0,1557,4.8,3.0,2.1,-9.0,1017.5,1028.2,1030.5,903,1027.0,1531,0.3,9.7,10.7,-9.0,15.35,2.39,1200,-9.0,-9.0,-9.0,-9.0,-9,-9.0,-9,-9.0,-9,-9.0,-9,-9.0,-9,2.4,4.1,6.7,12.2,16.2
20240213,108,2.5,2132,20,5.6,1255,18,10.2,1250,8.2,13.7,1441,2.0,615,3.0,3.9,-4.7,70.6,57.0,1351,7.8,2.5,1.7,-9.0,1014.2,1024.8,1027.4,1,1022.9,1646,2.5,5.5,10.7,-9.0,10.98,2.14,1100,-9.0,-9.0,-9.0,-9.0,-9,-9.0,-9,-9.0,-9,-9.0,-9,-9.0,-9,2.7,4.1,6.7,12.2,16.1
20240214,108,2.2,1867,20,4.4,2347,20,7.9,2347,12.9,18.3,1448,8.8,1,8.7,10.5,4.7,76.4,60.0,1451,11.3,2.5,1.8,-9.0,1009.8,1020.1,1023.5,5,1017.4,1441,7.0,4.0,10.8,-9.0,10.39,1.82,1400,-9.0,0.1,-9.0,-9.0,-9,-9.0,-9,-9.0,-9,-9.0,-9,-9.0,-9,3.4,4.2,6.7,12.1,16.1
20240215,108,2.9,2498,29,6.5,1144,32,11.6,1014,4.5,11.6,1,0.6,2357,2.9,4.4,-4.8,89.9,68.0,2212,7.9,0.7,0.5,0.45,1008.9,1019.6,1024.9,2251,1015.5,659,7.6,0.9,10.8,-9.0,2.71,0.85,1600,10.9,10.8,13.33,-9.0,-9,-9.0,-9,-9.0,-9,1.5,1420,1.5,1420,4.9,4.4,6.7,12.1,16.0
20240216,108,1.8,1590,14,3.7,1325,16,6.8,1317,2.3,8.1,1540,-1.5,643,-2.5,3.9,-8.8,72.4,46.0,1549,5.1,2.3,1.6,-9.0,1013.4,1024.1,1026.7,914,1021.8,1629,0.6,7.9,10.8,-9.0,13.32,2.5,1300,-9.0,-9.0,-9.0,-9.0,-9,-9.0,-9,-9.0,-9,-9.0,-9,-9.0,-9,4.9,4.8,6.8,12.0,16.0
20240217,108,1.7,1489,23,3.0,1350,20,4.7,1246,4.4,11.7,1525,-1.2,745,-0.2,4.8,-8.4,73.5,48.0,1530,6.0,2.8,1.9,-9.0,1010.8,1021.5,1023.1,851,1020.0,1629,0.0,8.7,10.9,-9.0,15.33,2.55,1200,-9.0,-9.0,-9.0,-9.0,-9,-9.0,-9,-9.0,-9,-9.0,-9,-9.0,-9,4.5,5.0,6.9,12.0,15.9
20240218,108,2.8,2415,5,5.0,2241,5,7.6,2239,6.2,9.4,2357,1.2,717,3.0,3.3,-5.8,81.4,54.0,1431,7.8,1.0,0.7,-9.0,1007.0,1017.5,1021.3,1,1011.4,2356,7.1,1.1,10.9,-9.0,3.01,0.64,800,17.1,24.6,10.08,-9.0,-9,-9.0,-9,-9.0,-9,-9.0,-9,-9.0,-9,4.6,5.1,7.0,11.9,15.9
20240219,108,2.3,2018,25,4.8,1717,29,9.0,1722,9.1,11.9,1028,4.2,2348,8.3,8.5,3.5,95.8,87.0,2324,11.2,0.6,0.4,8.68,1001.2,1011.6,1018.9,2344,1007.8,637,9.6,0.0,11.0,-9.0,1.37,0.24,1400,8.9,1.7,19.5,-9.0,-9,-9.0,-9,-9.0,-9,-9.0,-9,-9.0,-9,4.9,5.1,7.0,11.8,15.8
20240220,108,3.4,2935,5,7.5,2243,5,11.7,2240,4.3,6.8,1432,2.8,506,2.1,4.8,2.3,86.3,75.0,1427,7.1,1.0,0.7,-9.0,1011.7,1022.4,1024.6,2143,1018.5,5,9.9,0.0,11.0,-9.0,2.34,0.37,1000,2.6,8.7,10.08,-9.0,-9,-9.0,-9,-9.0,-9,-9.0,-9,-9.0,-9,5.6,5.2,7.0,11.8,15.8
20240221,108,5.2,4502,5,7.2,914,5,11.9,746,1.9,4.0,101,0.0,2349,0.7,2.3,0.2,92.5,75.0,104,6.5,0.5,0.4,-9.0,1010.4,1021.1,1023.3,53,1019.5,1526,10.0,0.0,11.0,-9.0,2.77,0.48,1400,17.8,20.2,24.0,-9.0,-9,-9.0,-9,-9.0,-9,5.2,2355,5.2,2355,5.5,5.5,7.0,11.8,15.8
20240222,108,4.2,3617,5,6.0,1223,7,11.8,848,0.2,1.6,1325,-1.1,653,-2.1,0.3,0.0,84.5,73.0,1358,5.3,1.0,0.7,-9.0,1016.0,1026.9,1029.0,2138,1022.9,1,9.8,0.0,11.1,-9.0,4.5,0.86,1300,8.8,0.4,17.17,-9.0,-9,-9.0,-9,-9.0,-9,8.6,755,13.8,755,5.1,5.6,7.1,11.6,15.7
20240223,108,3.5,3044,7,5.5,1959,5,9.4,1001,1.8,6.1,1458,-1.0,702,-3.5,0.6,-1.8,68.8,50.0,1441,4.7,3.0,2.1,-9.0,1019.0,1029.9,1032.8,2134,1027.9,350,5.9,5.8,11.1,-9.0,15.28,2.72,1300,0.4,-9.0,3.83,-9.0,-9,-9.0,-9,-9.0,-9,0.3,155,10.2,1,4.6,5.6,7.1,11.3,15.7
20240224,108,2.9,2507,5,4.7,249,2,9.7,1355,2.0,5.9,1418,-1.3,657,-3.4,3.1,-3.9,68.6,48.0,1346,4.8,1.9,1.3,-9.0,1017.7,1028.6,1032.3,347,1024.9,2353,7.4,5.5,11.1,-9.0,12.07,2.22,1300,2.3,4.1,6.75,-9.0,-9,-9.0,-9,-9.0,-9,-9.0,-9,2.0,1,4.2,5.5,7.1,11.2,15.6
20240225,108,2.0,1711,29,3.8,1517,29,6.0,1505,2.8,5.9,1549,0.8,602,-0.3,2.7,-4.0,80.8,63.0,1549,6.0,1.3,0.9,-9.0,1012.9,1023.6,1025.9,2357,1022.2,1315,6.4,0.9,11.2,-9.0,7.55,1.49,1100,1.8,0.0,10.42,-9.0,-9,-9.0,-9,-9.0,-9,0.2,655,0.2,655,4.1,5.4,7.2,11.2,15.6
20240226,108,1.9,1669,5,3.7,2018,7,6.3,1313,3.8,9.7,1414,-1.2,656,-2.6,3.1,-8.5,65.3,39.0,1527,5.1,3.1,2.1,-9.0,1016.9,1027.7,1029.3,2357,1025.9,1,2.1,6.8,11.2,-9.0,14.98,2.66,1200,-9.0,-9.0,-9.0,-9.0,-9,-9.0,-9,-9.0,-9,-9.0,-9,-9.0,-9,4.3,5.3,7.1,11.1,15.5
20240227,108,3.0,2619,7,5.2,500,5,9.4,453,5.3,9.8,1510,1.2,607,-4.0,4.9,-3.9,52.0,36.0,1529,4.6,2.9,2.0,-9.0,1018.9,1029.6,1031.2,955,1027.8,1655,7.5,5.5,11.3,-9.0,13.06,2.02,1400,-9.0,-9.0,-9.0,-9.0,-9,-9.0,-9,-9.0,-9,-9.0,-9,-9.0,-9,4.5,5.3,7.1,11.0,15.5
20240228,108,2.1,1777,29,3.3,1626,29,5.8,2022,6.4,10.1,1509,3.2,712,-1.0,5.9,-0.7,59.5,47.0,1521,5.7,2.1,1.5,-9.0,1017.0,1027.6,1029.7,946,1026.2,1806,8.5,1.7,11.3,-9.0,10.2,1.81,1200,-9.0,-9.0,-9.0,-9.0,-9,-9.0,-9,-9.0,-9,-9.0,-9,-9.0,-9,4.8,5.3,7.1,11.0,15.4
20240229,108,2.2,1924,29,6.6,2235,29,11.2,2234,4.8,9.6,1539,0.3,2400,-1.7,4.4,-2.9,63.6,43.0,2146,5.5,2.4,1.7,-9.0,1011.9,1022.6,1027.2,36,1018.9,1628,6.8,1.2,11.3,-9.0,7.01,1.17,1500,-9.0,-9.0,-9.0,-9.0,-9,-9.0,-9,-9.0,-9,-9.0,-9,-9.0,-9,5.2,5.4,7.1,11.1,15.4
20240301,108,4.4,3783,29,7.5,1434,27,14.2,1427,-4.1,0.3,1,-7.1,2355,-16.3,1.3,-9.9,38.9,24.0,1359,1.8,3.0,2.1,-9.0,1013.3,1024.3,1026.5,2318,1021.8,4,0.0,10.6,11.4,-9.0,20.33,2.93,1300,-9.0,-9.0,-9.0,-9.0,-9,-9.0,-9,-9.0,-9,-9.0,-9,-9.0,-9,5.2,5.5,7.2,11.1,15.3
20240302,108,3.2,2761,20,7.1,1439,18,13.9,1439,-0.5,4.1,2356,-8.1,253,-7.3,-0.2,-14.1,60.4,48.0,11,3.8,2.2,1.6,-9.0,1008.8,1019.7,1026.3,1,1015.5,2245,4.5,5.8,11.4,-9.0,13.21,2.43,1100,0.0,0.0,2.0,-9.0,-9,-9.0,-9,-9.0,-9,-9.0,-9,-9.0,-9,4.5,5.6,7.2,11.1,15.3
20240303,108,2.9,2479,27,5.9,1641,27,11.0,205,4.0,7.8,1335,0.4,724,-0.9,2.8,-6.5,71.5,42.0,1234,5.7,2.4,1.7,-9.0,1006.8,1017.4,1020.0,2359,1015.4,58,2.3,6.6,11.5,-9.0,13.52,2.24,1200,-9.0,-9.0,-9.0,-9.0,-9,-9.0,-9,-9.0,-9,-9.0,-9,-9.0,-9,4.1,5.5,7.3,11.1,15.3
20240304,108,1.6,1415,25,3.2,1735,11,5.2,925,5.4,11.7,1508,-1.8,714,-6.7,4.5,-10.6,45.5,17.0,1345,3.7,4.8,3.4,-9.0,1009.8,1020.4,1023.5,855,1018.2,2400,4.5,9.5,11.5,-9.0,17.79,2.87,1200,-9.0,-9.0,-9.0,-9.0,-9,-9.0,-9,-9.0,-9,-9.0,-9,-9.0,-9,4.4,5.4,7.3,11.1,15.2
20240305,108,2.9,2496,5,5.5,1940,2,9.4,2020,8.0,11.0,1310,5.5,2357,-3.5,5.1,3.2,45.1,32.0,211,4.9,2.5,1.8,-9.0,1004.3,1014.8,1018.2,1,1010.8,1659,8.8,0.1,11.5,-9.0,6.29,1.4,1100,-9.0,-9.0,-9.0,-9.0,-9,-9.0,-9,-9.0,-9,-9.0,-9,-9.0,-9,4.8,5.4,7.3,11.1,15.2
20240306,108,2.8,2404,5,5.1,2158,5,8.7,2151,6.2,10.3,1613,2.5,640,-1.5,5.3,-1.3,58.8,46.0,1545,5.5,2.8,2.0,-9.0,1005.9,1016.4,1018.2,2239,1014.9,115,5.9,2.3,11.6,-9.0,10.31,1.92,1100,-9.0,0.0,-9.0,-9.0,-9,-9.0,-9,-9.0,-9,-9.0,-9,-9.0,-9,5.2,5.5,7.3,11.1,15.1
20240307,108,3.0,2579,20,4.9,1320,25,8.9,1424,3.9,8.2,1258,1.2,2357,-2.7,3.6,-2.9,62.4,45.0,2243,5.1,2.0,1.4,-9.0,1006.0,1016.7,1018.4,35,1014.6,1354,5.0,2.5,11.6,-9.0,8.77,2.48,1200,2.1,2.1,3.83,-9.0,-9,-9.0,-9,-9.0,-9,-9.0,-9,-9.0,-9,5.5,5.6,7.3,11.1,15.1
20240308,108,3.4,2925,27,6.9,1420,29,12.3,1630,2.1,6.5,1338,-0.7,458,-7.7,2.8,-7.6,50.6,26.0,1704,3.5,4.1,2.8,-9.0,1007.3,1018.0,1021.3,2345,1016.0,1541,0.4,10.4,11.7,-9.0,19.91,2.93,1200,-9.0,-9.0,-9.0,-9.0,-9,-9.0,-9,-9.0,-9,-9.0,-9,-9.0,-9,5.4,5.8,7.4,11.1,15.0
20240309,108,2.7,2344,27,4.8,1606,27,8.2,1559,2.0,7.1,1546,-2.1,726,-7.8,3.9,-9.0,50.8,24.0,1408,3.5,4.0,2.8,-9.0,1013.1,1023.8,1026.4,2351,1021.3,1,0.0,10.9,11.7,-9.0,21.15,3.02,1200,-9.0,-9.0,-9.0,-9.0,-9,-9.0,-9,-9.0,-9,-9.0,-9,-9.0,-9,5.1,5.8,7.4,11.0,15.0
20240310,108,2.1,1778,27,4.4,1618,18,8.8,1514,4.2,10.6,1455,-1.8,654,-5.0,4.7,-9.9,54.0,26.0,1306,4.3,3.9,2.8,-9.0,1017.0,1027.7,1029.6,950,1026.3,17,1.0,10.9,11.7,-9.0,20.38,2.94,1200,-9.0,-9.0,-9.0,-9.0,-9,-9.0,-9,-9.0,-9,-9.0,-9,-9.0,-9,5.1,5.8,7.5,11.0,14.9
20240311,108,-9.0,-9,-9,-9.0,-9,-9,-9.0,-9,6.2,10.8,1711,2.0,609,-0.8,4.4,-3.9,62.3,34.0,1356,5.8,1.1,0.8,-9.0,1009.3,1019.9,1026.4,6,1015.8,2335,7.0,-9.0,-9.0,-9.0,-9.0,-9.0,-9,-9.0,0.3,-9.0,-9.0,-9,-9.0,-9,-9.0,-9,-9.0,-9,-9.0,-9,5.3,5.8,7.5,11.0,14.9
20240312,108,-9.0,-9,-9,-9.0,-9,-9,-9.0,-9,6.6,10.0,1541,4.4,2344,2.9,5.7,-3.4,78.0,62.0,1538,7.6,0.5,0.4,-9.0,1004.8,1015.3,1018.6,2343,1013.5,1507,6.0,0.0,11.8,-9.0,0.3,0.19,1600,2.1,1.8,5.88,-9.0,-9,-9.0,-9,-9.0,-9,-9.0,-9,-9.0,-9,5.5,5.9,7.5,11.0,14.9
20240313,108,2.7,2332,23,6.2,1538,18,10.0,1502,6.5,12.0,1347,1.3,711,-1.7,5.6,-6.0,57.6,27.0,1317,5.4,4.5,3.2,-9.0,1009.4,1020.0,1021.3,953,1018.6,1,0.4,10.9,11.9,-9.0,20.78,3.04,1200,-9.0,-9.0,-9.0,-9.0,-9,-9.0,-9,-9.0,-9,-9.0,-9,-9.0,-9,5.6,5.9,7.5,11.0,14.8
20240314,108,-9.0,-9,23,4.8,1523,25,7.8,1626,8.5,15.4,1442,3.4,652,-0.4,8.8,-4.2,58.3,23.0,1509,6.0,-9.0,-9.0,-9.0,1010.7,1021.2,1023.1,2237,1019.4,1423,1.0,-9.0,11.9,-9.0,-9.0,-9.0,-9,-9.0,-9.0,-9.0,-9.0,-9,-9.0,-9,-9.0,-9,-9.0,-9,-9.0,-9,6.0,6.0,7.6,11.0,14.8
20240315,108,2.3,1996,20,5.3,1333,18,9.7,1524,8.9,14.5,1533,4.0,645,2.9,9.3,-5.0,68.5,43.0,1515,7.6,4.2,2.9,-9.0,1013.4,1023.9,1025.7,2357,1022.4,1626,0.0,10.6,11.9,-9.0,20.18,2.9,1200,-9.0,-9.0,-9.0,-9.0,-9,-9.0,-9,-9.0,-9,-9.0,-9,-9.0,-9,6.6,6.2,7.6,10.9,14.7
20240316,108,2.1,1785,27,4.7,1743,27,9.0,1653,10.9,18.3,1515,4.4,626,0.7,10.3,-2.8,54.5,19.0,1618,6.5,5.0,3.5,-9.0,1010.8,1021.2,1025.9,215,1017.5,1541,3.9,8.3,12.0,-9.0,18.28,2.99,1200,-9.0,0.1,-9.0,-9.0,-9,-9.0,-9,-9.0,-9,-9.0,-9,-9.0,-9,7.1,6.4,7.7,10.9,14.7
20240317,108,3.7,3202,29,6.3,1124,29,11.8,1542,8.8,12.2,1451,5.4,2253,-2.5,11.0,0.3,48.0,28.0,1423,5.4,5.4,3.8,-9.0,1006.9,1017.4,1021.7,2353,1015.2,1514,5.6,8.7,12.0,-9.0,18.59,2.81,1300,0.1,-9.0,0.75,-9.0,-9,-9.0,-9,-9.0,-9,-9.0,-9,-9.0,-9,7.7,6.6,7.8,10.9,14.7
20240318,108,2.4,2090,25,4.5,1513,29,8.8,1635,7.1,13.2,1356,1.4,711,-10.6,9.0,-7.9,28.6,13.0,1602,2.8,6.3,4.4,-9.0,1011.2,1021.7,1024.4,810,1019.8,1632,2.0,10.6,12.1,-9.0,21.33,3.08,1200,-9.0,0.0,-9.0,-9.0,-9,-9.0,-9,-9.0,-9,-9.0,-9,-9.0,-9,7.9,6.9,7.9,10.9,14.6
20240319,108,3.7,3187,20,7.4,1522,27,14.0,1622,6.7,9.8,1318,3.9,2400,-0.5,8.8,0.9,60.8,39.0,1,6.1,2.7,1.9,-9.0,1004.8,1015.3,1020.2,58,1010.6,1602,6.1,2.7,12.1,-9.0,9.63,1.56,1400,0.2,0.2,1.5,-9.0,-9,-9.0,-9,-9.0,-9,-9.0,-9,-9.0,-9,7.9,7.1,8.0,10.9,14.6
20240320,108,3.4,2970,32,6.1,1313,29,10.8,1400,4.4,8.7,1521,1.2,643,-6.6,7.2,-4.7,46.5,26.0,1534,3.8,4.0,2.8,-9.0,1009.6,1020.2,1022.4,924,1017.1,37,1.8,9.0,12.1,-9.0,19.09,2.72,1100,-9.0,-9.0,-9.0,-9.0,-9,-9.0,-9,-9.0,-9,-9.0,-9,-9.0,-9,7.7,7.2,8.1,10.9,14.6
20240321,108,2.0,1741,25,4.9,1529,27,8.9,1520,5.0,11.5,1429,-1.2,636,-5.9,7.7,-10.0,46.5,25.0,1324,4.0,5.0,3.5,-9.0,1007.9,1018.5,1021.2,7,1016.1,1807,2.0,11.3,12.2,-9.0,22.43,3.16,1200,-9.0,-9.0,-9.0,-9.0,-9,-9.0,-9,-9.0,-9,-9.0,-9,-9.0,-9,7.4,7.3,8.2,10.9,14.5
20240322,108,3.4,2960,20,8.4,1741,20,15.0,1715,10.4,15.2,1622,3.8,31,1.5,8.9,-1.2,57.0,31.0,1137,7.4,3.4,2.4,-9.0,1001.9,1012.2,1018.4,13,1007.5,1732,7.6,3.5,12.2,-9.0,10.25,2.31,1100,5.4,5.5,7.25,-9.0,-9,-9.0,-9,-9.0,-9,-9.0,-9,-9.0,-9,7.4,7.3,8.4,10.8,14.5
20240323,108,2.3,1961,25,4.1,35,25,8.0,28,13.0,18.2,1618,9.3,718,6.1,14.0,3.7,66.0,42.0,1628,9.5,4.8,3.4,-9.0,1004.9,1015.1,1017.6,2259,1009.2,34,6.4,8.2,12.3,-9.0,19.2,3.14,1200,0.1,-9.0,2.75,-9.0,-9,-9.0,-9,-9.0,-9,-9.0,-9,-9.0,-9,7.9,7.4,8.4,10.8,14.5
20240324,108,2.4,2079,5,4.0,1012,7,7.9,1027,16.2,23.4,1626,10.5,237,2.6,14.5,2.8,42.5,22.0,1600,7.4,6.2,4.4,-9.0,1006.1,1016.2,1018.8,903,1013.3,1715,4.9,8.1,12.3,-9.0,19.89,3.1,1300,-9.0,-9.0,-9.0,-9.0,-9,-9.0,-9,-9.0,-9,-9.0,-9,-9.0,-9,8.9,7.6,8.5,10.8,14.4
20240325,108,4.0,3470,5,6.9,2254,2,11.3,2222,10.6,14.5,1,6.7,2332,3.3,9.4,5.0,63.0,39.0,841,7.8,1.9,1.4,-9.0,1005.6,1016.0,1017.7,916,1014.3,426,9.6,0.0,12.4,-9.0,4.68,0.73,1000,5.1,16.6,11.08,-9.0,-9,-9.0,-9,-9.0,-9,-9.0,-9,-9.0,-9,9.7,7.9,8.6,10.8,14.4
20240326,108,2.6,2208,5,5.7,9,7,9.7,3,7.4,12.4,1540,3.2,800,3.3,9.6,1.2,77.3,55.0,1616,7.7,2.5,1.8,-9.0,1009.6,1020.2,1024.4,2303,1015.0,18,6.1,2.3,12.4,-9.0,13.76,2.85,1300,11.5,0.0,10.42,-9.0,-9,-9.0,-9,-9.0,-9,-9.0,-9,-9.0,-9,9.4,8.2,8.7,10.8,14.4
20240327,108,2.0,1730,27,4.4,1603,27,7.1,1559,10.4,16.2,1522,4.4,634,4.4,11.8,-1.5,68.4,46.0,1448,8.4,3.6,2.5,-9.0,1012.2,1022.6,1025.0,657,1019.4,2346,5.3,8.8,12.4,-9.0,18.46,2.6,1100,-9.0,1.5,-9.0,-9.0,-9,-9.0,-9,-9.0,-9,-9.0,-9,-9.0,-9,9.4,8.4,8.9,10.8,14.3
20240328,108,1.8,1524,25,4.4,2214,25,7.8,2230,10.3,12.2,1629,7.8,2353,7.2,10.8,5.1,81.8,67.0,1,10.2,1.3,0.9,-9.0,999.6,1010.0,1019.4,1,1005.0,1713,8.5,0.0,12.5,-9.0,4.13,0.62,1300,1.9,0.4,10.83,-9.0,-9,-9.0,-9,-9.0,-9,-9.0,-9,-9.0,-9,9.8,8.5,9.0,10.8,14.3
20240329,108,2.8,2439,23,5.4,1838,18,10.5,1655,7.6,12.3,1611,5.0,2352,2.8,7.7,-3.3,73.0,49.0,2232,7.6,1.9,1.3,-9.0,996.9,1007.3,1013.3,2347,1003.5,828,4.8,2.5,12.5,-9.0,6.68,1.66,1500,1.4,1.4,4.75,-9.0,-9,-9.0,-9,-9.0,-9,-9.0,-9,-9.0,-9,9.8,8.7,9.2,10.8,14.3
20240330,108,2.4,2108,23,5.6,1542,25,10.4,1620,8.8,15.6,1510,3.0,559,0.0,9.1,-3.7,56.5,30.0,1443,6.1,4.1,2.9,-9.0,1001.6,1012.0,1014.9,2342,1007.9,1551,3.9,5.4,12.5,-9.0,16.07,2.85,1300,-9.0,-9.0,-9.0,-9.0,-9,-9.0,-9,-9.0,-9,-9.0,-9,-9.0,-9,9.3,8.8,9.3,10.9,14.3
20240331,108,1.9,1668,29,4.4,1502,29,7.4,1500,10.6,17.7,1544,3.4,610,-3.7,11.6,-4.9,39.9,17.0,1437,4.7,6.1,4.3,-9.0,1002.3,1012.6,1015.8,646,1009.0,1653,1.6,10.1,12.6,-9.0,22.79,3.22,1200,-9.0,-9.0,-9.0,-9.0,-9,-9.0,-9,-9.0,-9,-9.0,-9,-9.0,-9,9.3,8.8,9.4,10.9,14.2
20240401,108,1.8,1572,25,4.3,1457,25,8.5,1436,12.2,19.0,1502,5.5,613,-5.5,12.9,-2.7,32.0,14.0,1321,4.2,7.8,5.4,-9.0,1004.4,1014.6,1016.2,809,1012.3,1,0.3,11.5,12.6,-9.0,23.72,3.27,1200,-9.0,-9.0,-9.0,-9.0,-9,-9.0,-9,-9.0,-9,-9.0,-9,-9.0,-9,9.6,8.9,9.5,10.9,14.2
20240402,108,2.0,1695,27,4.5,1540,25,7.4,1550,15.4,23.9,1422,7.0,549,0.1,14.8,-0.7,37.5,18.0,1324,6.5,6.7,4.7,-9.0,1002.3,1012.5,1015.5,809,1009.4,2356,3.1,9.5,12.7,-9.0,21.69,3.08,1300,-9.0,-9.0,-9.0,-9.0,-9,-9.0,-9,-9.0,-9,-9.0,-9,-9.0,-9,10.1,9.0,9.6,10.9,14.2
20240403,108,1.8,1559,11,3.4,1514,11,4.9,1511,16.6,19.7,1348,13.9,113,7.4,13.4,5.3,55.9,42.0,912,10.5,3.0,2.1,-9.0,996.6,1006.6,1009.6,2249,1003.6,1527,7.8,0.3,12.7,-9.0,7.18,1.29,1300,0.0,0.0,0.25,0.0,-9,0.0,-9,-9.0,-9,-9.0,-9,-9.0,-9,10.7,9.2,9.7,10.9,14.1
20240404,108,2.9,2541,5,5.2,926,7,8.0,1013,15.5,20.3,1313,12.4,621,5.5,14.2,7.7,52.1,39.0,1152,9.1,4.9,3.5,-9.0,1004.4,1014.5,1018.5,2340,1009.3,23,6.5,3.6,12.8,-9.0,15.47,2.55,1000,-9.0,-9.0,-9.0,-9.0,-9,-9.0,-9,-9.0,-9,-9.0,-9,-9.0,-9,11.1,9.4,9.8,10.9,14.1
20240405,108,2.5,2199,23,5.2,1512,18,8.5,1622,14.0,18.8,1437,10.2,2354,3.9,14.7,1.9,51.3,39.0,1735,8.1,4.7,3.3,-9.0,1008.6,1018.8,1020.4,2144,1016.8,1545,5.1,6.2,12.8,-9.0,17.11,2.71,1400,-9.0,-9.0,-9.0,-9.0,-9,-9.0,-9,-9.0,-9,-9.0,-9,-9.0,-9,11.6,9.7,9.9,10.9,14.1
20240406,108,1.9,1626,23,5.1,1543,27,8.2,1601,12.7,18.9,1440,8.0,607,1.0,13.6,0.2,48.6,28.0,1130,6.7,5.3,3.7,-9.0,1008.8,1019.1,1021.0,919,1016.6,1756,3.9,6.6,12.8,-9.0,17.49,3.06,1200,-9.0,-9.0,-9.0,-9.0,-9,-9.0,-9,-9.0,-9,-9.0,-9,-9.0,-9,11.8,9.9,10.0,11.0,14.1
20240407,108,2.0,1686,27,5.9,1755,27,8.3,1752,14.8,23.4,1551,7.7,618,-1.8,16.0,0.0,33.4,21.0,1318,5.4,7.6,5.3,-9.0,1007.6,1017.8,1019.7,826,1014.6,1602,1.0,11.4,12.9,-9.0,23.4,3.17,1200,-9.0,-9.0,-9.0,-9.0,-9,-9.0,-9,-9.0,-9,-9.0,-9,-9.0,-9,11.8,10.2,10.2,11.0,14.1
20240408,108,2.1,1837,29,5.2,1916,29,8.0,1803,16.2,22.8,1432,11.0,604,4.3,15.9,2.8,46.5,28.0,1336,8.5,5.9,4.1,-9.0,1006.3,1016.4,1018.4,5,1014.3,1549,8.3,2.0,12.9,-9.0,14.44,2.38,1300,-9.0,-9.0,-9.0,-9.0,-9,-9.0,-9,-9.0,-9,-9.0,-9,-9.0,-9,12.2,10.3,10.4,11.0,14.0
20240409,108,3.5,3057,5,7.9,702,7,13.9,718,15.3,20.8,1601,10.6,703,-1.8,17.6,3.8,32.4,19.0,1630,5.4,8.2,5.8,-9.0,1010.2,1020.4,1023.1,2343,1015.6,5,0.4,11.9,12.9,-9.0,25.68,3.39,1200,-9.0,-9.0,-9.0,-9.0,-9,-9.0,-9,-9.0,-9,-9.0,-9,-9.0,-9,12.5,10.5,10.5,11.0,14.0
20240410,108,2.6,2225,29,5.2,1832,29,8.0,1825,13.8,18.5,1418,10.2,607,6.5,15.1,2.9,62.6,32.0,1,9.8,3.6,2.5,-9.0,1014.2,1024.5,1026.5,1003,1022.9,1529,6.0,3.9,13.0,-9.0,15.38,2.36,1300,-9.0,0.0,-9.0,-9.0,-9,-9.0,-9,-9.0,-9,-9.0,-9,-9.0,-9,12.7,10.8,10.7,11.0,14.0
20240411,108,1.8,1558,25,3.4,2059,25,5.2,2052,15.5,21.1,1543,11.7,422,7.5,16.2,6.0,61.0,41.0,1659,10.4,4.1,2.9,-9.0,1011.1,1021.3,1024.7,1,1018.3,1825,5.3,4.0,13.0,-9.0,14.28,2.3,1300,0.0,-9.0,0.83,0.0,-9,0.0,-9,-9.0,-9,-9.0,-9,-9.0,-9,12.9,11.0,10.8,11.1,14.0
20240412,108,2.1,1844,25,4.3,1707,25,7.2,1705,17.2,24.2,1606,12.0,324,8.9,19.8,4.8,59.6,30.0,1609,11.4,6.8,4.7,-9.0,1008.1,1018.2,1020.7,1,1015.4,1704,1.9,9.8,13.1,-9.0,23.59,3.23,1300,-9.0,-9.0,-9.0,-9.0,-9,-9.0,-9,-9.0,-9,-9.0,-9,-9.0,-9,13.2,11.2,11.0,11.1,13.9
20240413,108,1.9,1660,25,4.4,1453,29,7.8,1808,19.1,27.3,1547,11.2,606,8.1,21.5,3.9,52.4,24.0,1518,10.8,8.1,5.7,-9.0,1007.3,1017.4,1019.2,732,1015.3,1614,0.0,12.1,13.1,-9.0,25.65,3.33,1200,-9.0,-9.0,-9.0,-9.0,-9,-9.0,-9,-9.0,-9,-9.0,-9,-9.0,-9,13.8,11.4,11.2,11.1,13.9
20240414,108,1.9,1617,27,5.3,1826,25,8.5,1806,20.8,29.4,1442,13.6,606,8.1,23.1,6.0,47.1,25.0,1409,10.8,8.7,6.1,-9.0,1006.1,1016.0,1018.9,702,1013.5,2329,3.0,11.7,13.1,-9.0,24.93,3.34,1200,-9.0,1.9,-9.0,-9.0,-9,-9.0,-9,-9.0,-9,-9.0,-9,-9.0,-9,14.4,11.7,11.3,11.2,13.9
20240415,108,2.5,2177,5,5.1,1024,7,8.1,1020,16.0,20.0,731,11.7,2110,11.5,15.3,11.2,77.4,44.0,434,13.8,1.1,0.8,-9.0,1000.2,1010.3,1013.5,1,1008.3,1547,8.6,0.0,13.2,-9.0,3.18,0.66,1100,17.1,17.5,12.17,8.0,847,3.0,915,-9.0,-9,-9.0,-9,-9.0,-9,15.0,12.0,11.5,11.2,13.9
20240416,108,2.5,2138,18,4.1,1702,18,7.7,1643,13.3,17.9,1610,11.5,228,10.1,15.9,5.7,82.6,60.0,1626,12.4,3.3,2.3,-9.0,1001.8,1012.0,1013.5,2203,1010.7,444,6.3,3.7,13.2,-9.0,13.45,2.56,1200,2.3,0.0,6.08,1.2,729,0.4,752,-9.0,-9,-9.0,-9,-9.0,-9,14.7,12.3,11.7,11.2,13.9
20240417,108,2.2,1876,25,4.1,1727,27,7.6,1515,15.0,21.8,1507,9.7,556,7.7,17.9,4.9,65.3,35.0,1501,10.5,5.6,3.9,-9.0,1001.9,1012.0,1014.8,659,1009.3,1737,4.6,10.3,13.3,-9.0,23.2,3.04,1100,-9.0,-9.0,-9.0,-9.0,-9,-9.0,-9,-9.0,-9,-9.0,-9,-9.0,-9,14.6,12.5,11.9,11.3,13.9
20240418,108,2.2,1888,29,4.9,1709,29,7.9,1739,17.3,24.9,1454,10.7,547,6.7,19.2,4.3,53.3,28.0,1852,9.9,7.9,5.5,-9.0,1000.1,1010.1,1012.5,2344,1007.6,1531,0.0,11.7,13.3,-9.0,25.45,3.36,1200,-9.0,-9.0,-9.0,-9.0,-9,-9.0,-9,-9.0,-9,-9.0,-9,-9.0,-9,14.9,12.7,12.1,11.3,13.8
20240419,108,2.1,1810,20,4.4,1449,23,9.1,1400,17.6,24.3,1518,11.5,637,7.1,19.7,5.3,51.8,34.0,1607,10.1,6.3,4.4,-9.0,1002.0,1012.1,1013.9,920,1010.1,1549,3.9,10.4,13.3,-9.0,23.5,3.32,1200,-9.0,-9.0,-9.0,-9.0,-9,-9.0,-9,-9.0,-9,-9.0,-9,-9.0,-9,15.2,12.9,12.3,11.3,13.8
20240420,108,3.0,2588,5,5.8,2151,16,13.9,817,14.9,17.2,950,13.0,2129,10.7,14.5,10.2,77.3,58.0,945,12.9,1.9,1.4,-9.0,1000.1,1010.2,1012.3,953,1008.6,1545,9.8,0.0,13.4,-9.0,4.46,0.68,1000,4.8,4.8,14.0,1.2,1819,0.4,1447,-9.0,-9,-9.0,-9,-9.0,-9,15.6,13.1,12.5,11.4,13.8
20240421,108,3.8,3246,5,5.5,949,5,10.2,1104,17.2,21.7,1220,13.3,1,10.4,16.7,12.2,65.5,54.0,1221,12.7,4.5,3.2,-9.0,1000.8,1010.9,1012.8,2313,1009.4,231,8.8,1.0,13.4,-9.0,11.86,2.56,1100,-9.0,-9.0,-9.0,-9.0,-9,-9.0,-9,-9.0,-9,-9.0,-9,-9.0,-9,15.2,13.3,12.6,11.4,13.8
20240422,108,3.1,2713,5,5.2,939,5,8.5,1007,18.8,24.1,1702,15.0,523,7.8,21.6,14.4,49.4,38.0,1653,10.6,6.9,4.8,-9.0,1003.0,1013.0,1014.8,2349,1011.0,1631,6.5,4.6,13.4,-9.0,19.34,2.96,1400,-9.0,-9.0,-9.0,-9.0,-9,-9.0,-9,-9.0,-9,-9.0,-9,-9.0,-9,15.4,13.4,12.8,11.5,13.8
20240423,108,3.6,3088,5,5.4,2153,11,9.7,1034,17.3,24.2,1356,13.2,603,7.8,18.4,12.2,55.0,37.0,1400,10.6,5.8,4.1,-9.0,1001.0,1011.0,1014.7,1,1007.6,1607,7.9,6.0,13.5,-9.0,19.16,3.5,1300,0.0,8.5,3.33,0.0,-9,0.0,-9,-9.0,-9,-9.0,-9,-9.0,-9,15.7,13.5,12.9,11.5,13.8
20240424,108,3.0,2560,25,5.4,1916,27,8.5,1910,13.2,16.5,1351,11.0,2330,9.7,14.2,10.3,80.1,63.0,1410,12.1,2.3,1.6,-9.0,997.8,1008.0,1011.4,2359,1006.2,650,7.8,1.9,13.5,-9.0,9.53,1.9,1000,9.0,0.5,7.0,4.3,542,0.9,541,-9.0,-9,-9.0,-9,-9.0,-9,16.0,13.7,13.1,11.6,14.7
20240425,108,1.9,1620,27,3.3,1547,25,5.6,1554,14.4,20.8,1621,10.3,602,9.8,17.9,10.3,75.6,47.0,1541,12.1,4.7,3.3,-9.0,1001.5,1011.6,1013.7,1015,1009.6,1703,4.4,6.2,13.6,-9.0,18.59,3.54,1200,-9.0,-9.0,-9.0,-9.0,-9,-9.0,-9,-9.0,-9,-9.0,-9,-9.0,-9,15.6,13.8,13.2,11.6,14.6
20240426,108,1.9,1649,25,5.1,1941,25,7.3,1922,17.8,26.0,1543,11.4,603,9.2,20.4,9.1,61.1,21.0,1618,11.7,7.0,4.9,-9.0,1000.0,1010.0,1011.6,40,1007.4,1635,3.4,10.7,13.6,-9.0,23.74,3.3,1200,-9.0,-9.0,-9.0,-9.0,-9,-9.0,-9,-9.0,-9,-9.0,-9,-9.0,-9,15.7,13.9,13.4,11.7,14.6
20240427,108,1.9,1663,25,4.5,1611,27,7.6,1606,18.2,26.2,1525,11.5,601,8.7,23.1,6.8,56.4,30.0,1420,11.3,8.1,5.7,-9.0,1001.2,1011.2,1013.0,2207,1008.8,1529,0.3,12.5,13.6,-9.0,28.23,3.53,1200,-9.0,-9.0,-9.0,-9.0,-9,-9.0,-9,-9.0,-9,-9.0,-9,-9.0,-9,16.2,14.0,13.5,11.8,14.6
20240428,108,1.6,1383,23,3.4,1651,20,5.9,1650,20.7,28.9,1559,13.0,558,9.9,24.3,8.4,53.5,22.0,1441,12.3,7.7,5.4,-9.0,1002.5,1012.4,1014.6,743,1010.7,1537,5.9,11.4,13.7,-9.0,25.14,3.46,1200,-9.0,-9.0,-9.0,-9.0,-9,-9.0,-9,-9.0,-9,-9.0,-9,-9.0,-9,16.6,14.2,13.6,11.8,14.6
20240429,108,3.0,2632,7,5.5,914,5,10.5,1003,20.9,26.1,1456,16.9,553,9.1,24.0,15.7,48.0,36.0,1451,11.6,7.0,4.9,-9.0,998.2,1008.1,1011.2,1,1005.0,1647,5.6,8.8,13.7,-9.0,21.36,3.11,1100,-9.0,-9.0,-9.0,-9.0,-9,-9.0,-9,-9.0,-9,-9.0,-9,-9.0,-9,17.1,14.4,13.7,11.9,14.6
20240430,108,2.2,1899,25,4.4,701,20,7.3,1449,18.6,22.5,1417,16.0,2354,11.1,23.9,12.9,62.5,45.0,1513,13.3,5.4,3.8,-9.0,996.1,1006.0,1009.0,2351,1004.1,1501,8.5,5.5,13.7,-9.0,17.95,2.55,1200,-9.0,-9.0,-9.0,-9.0,-9,-9.0,-9,-9.0,-9,-9.0,-9,-9.0,-9,17.5,14.7,13.9,11.9,14.6
20240501,108,2.4,2100,5,4.3,318,7,8.4,202,18.5,24.0,1552,13.9,535,5.9,26.4,10.0,46.0,27.0,1511,9.4,7.2,5.0,-9.0,1001.8,1011.8,1015.9,2347,1008.8,133,4.6,9.8,13.8,-9.0,26.05,3.43,1200,-9.0,-9.0,-9.0,-9.0,-9,-9.0,-9,-9.0,-9,-9.0,-9,-9.0,-9,17.7,15.0,14.0,12.0,14.6
20240502,108,2.4,2037,25,5.2,1339,25,8.9,1506,18.1,23.7,1457,12.4,546,6.3,26.0,7.8,48.4,29.0,1540,9.6,8.7,6.1,-9.0,1007.7,1017.8,1019.2,1054,1015.9,1,0.0,12.8,13.8,-9.0,28.72,3.48,1200,-9.0,-9.0,-9.0,-9.0,-9,-9.0,-9,-9.0,-9,-9.0,-9,-9.0,-9,17.8,15.1,14.2,12.1,14.6
20240503,108,1.9,1599,27,3.6,1807,27,5.9,1759,19.7,27.9,1618,12.2,559,7.1,26.5,6.0,46.9,27.0,1544,10.1,8.7,6.1,-9.0,1007.8,1017.8,1020.2,728,1014.9,1625,0.0,12.8,13.8,-9.0,28.28,3.53,1200,-9.0,-9.0,-9.0,-9.0,-9,-9.0,-9,-9.0,-9,-9.0,-9,-9.0,-9,17.9,15.3,14.4,12.1,14.6
20240504,108,1.9,1616,25,4.3,1646,27,7.7,1525,21.4,28.5,1402,14.6,602,8.2,27.4,8.6,44.8,27.0,1403,10.9,7.7,5.4,-9.0,1005.6,1015.6,1017.8,1,1013.6,1710,3.4,12.5,13.9,-9.0,26.61,3.41,1200,0.0,3.2,0.17,0.0,-9,0.0,-9,-9.0,-9,-9.0,-9,-9.0,-9,18.2,15.5,14.6,12.2,14.6
20240505,108,2.5,2200,20,5.6,2010,18,10.7,2004,17.8,20.6,1,15.7,2351,15.4,18.1,15.2,87.4,44.0,1,17.6,0.9,0.6,-9.0,998.5,1008.5,1014.7,1,1003.4,1740,10.0,0.0,13.9,-9.0,2.17,0.39,1100,48.3,54.6,20.08,8.1,1410,3.9,1426,-9.0,-9,-9.0,-9,-9.0,-9,18.6,15.7,14.7,12.2,14.6
20240506,108,3.1,2649,20,4.9,113,20,9.4,1158,13.9,15.7,1,13.4,1811,12.7,15.0,12.8,92.9,88.0,1840,14.7,0.9,0.6,-9.0,996.8,1006.9,1008.1,2139,1004.9,10,10.0,0.0,13.9,-9.0,2.71,0.44,1200,12.3,5.2,20.17,4.1,128,1.1,127,-9.0,-9,-9.0,-9,-9.0,-9,18.3,16.0,14.9,12.3,14.5
20240507,108,3.0,2614,7,4.9,1921,7,9.5,1949,13.3,15.0,1552,12.2,2357,9.1,13.9,11.2,77.3,60.0,2312,11.7,2.7,1.9,-9.0,1001.6,1011.8,1017.0,2346,1007.3,28,9.6,0.0,14.0,-9.0,4.75,0.68,1300,2.4,0.0,16.17,1.2,516,0.3,525,-9.0,-9,-9.0,-9,-9.0,-9,17.6,16.1,15.3,12.4,14.5
20240508,108,2.3,2020,25,4.9,1906,27,8.6,1903,14.7,21.4,1609,9.0,554,6.3,18.2,6.2,58.8,36.0,1507,9.6,6.8,4.7,-9.0,1007.8,1018.0,1019.7,817,1016.0,1646,1.8,11.0,14.0,-9.0,27.21,3.54,1100,-9.0,-9.0,-9.0,-9.0,-9,-9.0,-9,-9.0,-9,-9.0,-9,-9.0,-9,17.0,16.1,15.3,12.4,14.5
20240509,108,2.9,2485,20,5.9,1348,20,11.8,1619,16.1,21.8,1557,10.9,517,8.4,20.0,6.1,63.6,35.0,1523,11.1,7.4,5.2,-9.0,1007.9,1018.0,1019.4,513,1015.9,1611,0.3,12.8,14.0,-9.0,27.17,3.41,1200,-9.0,-9.0,-9.0,-9.0,-9,-9.0,-9,-9.0,-9,-9.0,-9,-9.0,-9,17.1,16.0,15.4,12.5,14.5
20240510,108,2.6,2209,23,5.5,1539,23,10.3,1535,17.9,23.8,1441,12.5,534,7.9,23.1,9.0,55.6,29.0,1629,10.8,8.5,6.0,-9.0,1007.3,1017.3,1019.1,747,1015.4,1644,2.0,12.5,14.1,-9.0,28.02,3.46,1200,-9.0,-9.0,-9.0,-9.0,-9,-9.0,-9,-9.0,-9,-9.0,-9,-9.0,-9,17.4,15.9,15.5,12.6,14.5
20240511,108,3.5,3048,20,9.1,1254,18,18.3,1248,17.0,22.0,1227,14.0,2259,13.2,16.4,12.0,80.0,54.0,1,15.4,2.6,1.8,-9.0,1001.2,1011.2,1016.7,1,1007.7,1835,9.3,0.1,14.1,-9.0,5.72,1.32,1000,31.7,31.7,9.0,7.7,1653,1.8,1703,-9.0,-9,-9.0,-9,-9.0,-9,17.8,16.0,15.5,12.6,14.5
20240512,108,2.7,2375,29,5.8,1420,29,11.3,1412,16.6,21.6,1518,11.9,556,9.3,19.9,9.4,65.0,39.0,1346,11.8,7.4,5.2,-9.0,1000.6,1010.7,1013.0,2359,1008.7,1538,2.6,11.4,14.1,-9.0,28.91,3.68,1200,-9.0,-9.0,-9.0,-9.0,-9,-9.0,-9,-9.0,-9,-9.0,-9,-9.0,-9,17.6,16.1,15.6,12.7,14.5
20240513,108,2.3,1964,27,5.3,1710,27,8.9,1709,18.3,24.5,1444,11.9,603,7.4,21.5,7.0,51.9,27.0,1708,10.4,8.9,6.2,-9.0,1004.0,1014.1,1015.2,2344,1012.4,1614,0.0,13.1,14.1,-9.0,30.09,3.72,1200,-9.0,-9.0,-9.0,-9.0,-9,-9.0,-9,-9.0,-9,-9.0,-9,-9.0,-9,17.9,16.2,15.7,12.8,14.5
20240514,108,2.4,2033,27,5.3,1340,18,9.0,1313,18.8,24.7,1419,12.7,559,5.0,22.7,7.8,43.3,23.0,1653,8.8,9.6,6.7,-9.0,1005.3,1015.3,1016.6,737,1013.8,1729,0.1,13.0,14.2,-9.0,30.02,3.7,1200,-9.0,-9.0,-9.0,-9.0,-9,-9.0,-9,-9.0,-9,-9.0,-9,-9.0,-9,18.2,16.3,15.8,12.8,14.5
20240515,108,2.7,2299,32,6.6,2123,34,12.7,2121,12.6,18.8,1002,7.2,2129,7.7,14.9,6.5,74.3,41.0,1,10.6,2.3,1.6,-9.0,1002.4,1012.7,1015.7,1,1009.7,1829,6.5,3.1,14.2,-9.0,8.35,2.26,900,20.6,20.7,10.5,3.9,1525,0.9,1916,-9.0,-9,-9.0,-9,-9.0,-9,18.5,16.4,15.9,12.9,14.5
20240516,108,3.1,2639,25,5.7,1313,27,9.4,1236,13.7,19.8,1613,6.9,600,5.3,18.6,5.9,61.3,32.0,1654,8.9,7.6,5.3,-9.0,999.6,1009.8,1011.9,4,1007.2,1520,1.5,13.1,14.2,-9.0,31.35,3.81,1200,0.1,-9.0,1.75,0.3,-2331,0.1,-9,-9.0,-9,-9.0,-9,-9.0,-9,17.5,16.5,16.0,13.0,14.6
20240517,108,2.2,1916,20,4.2,1445,18,8.8,1706,18.3,24.9,1435,10.8,535,10.7,19.5,7.2,63.6,42.0,1335,12.9,6.5,4.6,-9.0,1003.7,1013.7,1016.4,2359,1011.1,1,3.8,10.8,14.3,-9.0,24.4,3.31,1200,-9.0,-9.0,-9.0,-9.0,-9,-9.0,-9,-9.0,-9,-9.0,-9,-9.0,-9,17.5,16.5,16.0,13.1,14.6
20240518,108,2.0,1739,27,4.9,1637,27,8.1,1629,20.7,26.5,1459,16.0,551,13.7,23.0,12.4,65.3,46.0,1418,15.7,7.2,5.0,-9.0,1006.6,1016.6,1018.1,704,1014.4,1555,2.3,11.3,14.3,-9.0,26.88,3.43,1300,-9.0,-9.0,-9.0,-9.0,-9,-9.0,-9,-9.0,-9,-9.0,-9,-9.0,-9,18.0,16.5,16.1,13.1,14.6
20240519,108,1.9,1605,27,4.5,1705,27,7.7,1705,21.5,27.9,1513,15.9,534,13.5,24.9,12.1,63.1,30.0,1359,15.5,8.0,5.6,-9.0,1004.9,1014.8,1017.4,4,1012.6,1742,1.1,12.6,14.3,-9.0,28.99,3.58,1200,-9.0,-9.0,-9.0,-9.0,-9,-9.0,-9,-9.0,-9,-9.0,-9,-9.0,-9,18.8,16.6,16.1,13.2,14.6
20240520,108,2.3,1983,25,4.6,1218,27,7.4,1325,19.4,22.8,1251,16.8,2347,14.8,20.7,13.6,75.0,63.0,1254,16.8,3.5,2.4,-9.0,1005.2,1015.2,1017.8,2311,1012.7,132,7.3,0.5,14.3,-9.0,11.45,1.63,1000,-9.0,-9.0,-9.0,-9.0,-9,-9.0,-9,-9.0,-9,-9.0,-9,-9.0,-9,19.4,16.8,16.2,13.3,14.6
20240521,108,1.9,1641,29,3.6,1728,16,7.2,945,21.7,28.3,1654,16.3,553,15.0,26.1,13.5,68.1,33.0,1644,17.0,7.0,4.9,-9.0,1008.0,1017.9,1019.7,938,1015.7,1625,2.9,9.4,14.4,-9.0,26.37,3.55,1200,-9.0,-9.0,-9.0,-9.0,-9,-9.0,-9,-9.0,-9,-9.0,-9,-9.0,-9,19.4,17.0,16.3,13.3,14.6
20240522,108,2.3,2026,27,4.3,1615,29,8.7,1521,20.5,25.5,1453,16.4,533,14.1,25.4,14.7,68.9,44.0,1727,16.2,7.4,5.1,-9.0,1005.7,1015.7,1018.5,26,1013.0,1804,5.8,10.0,14.4,-9.0,27.4,3.56,1200,-9.0,-9.0,-9.0,-9.0,-9,-9.0,-9,-9.0,-9,-9.0,-9,-9.0,-9,20.0,17.2,16.4,13.4,14.6
20240523,108,2.5,2143,29,4.3,1750,27,7.2,1656,20.2,26.4,1554,15.8,607,13.6,27.5,13.7,67.9,43.0,1759,15.6,7.3,5.1,-9.0,1001.1,1011.0,1013.4,1,1008.6,1607,2.4,12.7,14.4,-9.0,30.1,3.6,1200,-9.0,-9.0,-9.0,-9.0,-9,-9.0,-9,-9.0,-9,-9.0,-9,-9.0,-9,20.4,17.5,16.6,13.4,14.6
20240524,108,2.1,1832,32,4.7,1436,32,7.6,1447,20.1,24.7,1726,15.7,145,15.4,25.3,14.1,75.1,61.0,1720,17.5,5.3,3.7,-9.0,1002.5,1012.4,1014.4,2223,1011.0,1726,6.6,4.7,14.4,-9.0,20.51,3.2,1100,-9.0,-9.0,-9.0,-9.0,-9,-9.0,-9,-9.0,-9,-9.0,-9,-9.0,-9,20.8,17.7,16.7,13.5,14.6
20240525,108,1.8,1583,16,3.8,1222,14,6.9,1021,21.4,24.7,1248,18.7,125,13.7,25.1,14.9,62.8,47.0,1040,15.7,5.7,4.0,-9.0,1004.8,1014.6,1016.7,845,1012.8,2354,7.8,2.3,14.5,-9.0,17.34,2.71,1200,-9.0,-9.0,-9.0,-9.0,-9,-9.0,-9,-9.0,-9,-9.0,-9,-9.0,-9,20.9,18.0,16.9,13.6,14.6
20240526,108,2.7,2322,23,5.7,1909,20,10.8,1908,19.9,23.7,1110,17.0,2342,14.7,22.9,15.4,74.3,49.0,1000,16.9,3.2,2.2,-9.0,995.6,1005.5,1012.8,1,1001.0,1950,9.0,3.1,14.5,-9.0,10.2,1.94,900,8.7,8.7,8.33,3.0,1656,1.1,1720,-9.0,-9,-9.0,-9,-9.0,-9,21.1,18.2,17.0,13.6,14.7
20240527,108,3.3,2833,27,6.4,1255,27,12.2,1251,18.5,22.6,1504,14.1,603,10.8,22.0,12.4,63.4,40.0,1449,13.0,7.1,5.0,-9.0,993.5,1003.4,1005.2,2214,1001.4,1356,3.3,9.9,14.5,-9.0,26.89,3.32,1200,-9.0,-9.0,-9.0,-9.0,-9,-9.0,-9,-9.0,-9,-9.0,-9,-9.0,-9,20.6,18.3,17.2,13.7,14.7
20240528,108,2.5,2130,32,4.6,1430,9,10.4,955,20.4,26.1,1704,14.3,534,10.2,23.1,9.8,54.8,32.0,1751,12.5,8.1,5.7,-9.0,996.7,1006.5,1009.9,2358,1004.2,58,1.9,11.1,14.5,-9.0,27.55,3.5,1100,-9.0,-9.0,-9.0,-9.0,-9,-9.0,-9,-9.0,-9,-9.0,-9,-9.0,-9,20.6,18.4,17.4,13.7,14.7
20240529,108,2.1,1837,29,4.9,1336,29,8.4,1333,21.2,26.8,1502,15.4,547,10.1,27.2,10.1,51.6,30.0,1612,12.5,8.6,6.0,-9.0,1002.2,1012.1,1013.6,2141,1009.9,1,2.8,13.2,14.5,-9.0,29.38,3.49,1200,-9.0,-9.0,-9.0,-9.0,-9,-9.0,-9,-9.0,-9,-9.0,-9,-9.0,-9,20.7,18.5,17.5,13.8,14.7
20240530,108,1.6,1407,32,3.4,2253,32,5.1,2249,20.7,24.6,1544,16.2,546,9.5,23.5,11.4,49.1,37.0,1304,11.9,4.7,3.3,-9.0,1001.0,1010.9,1012.9,19,1008.3,1758,8.5,0.6,14.6,-9.0,12.97,1.98,1000,-9.0,-9.0,-9.0,-9.0,-9,-9.0,-9,-9.0,-9,-9.0,-9,-9.0,-9,20.9,18.6,17.6,13.9,14.7
20240531,108,2.6,2252,27,6.0,1716,27,10.6,1710,20.4,25.4,1507,16.9,603,11.9,28.7,11.6,60.0,35.0,1233,14.0,7.9,5.5,-9.0,999.7,1009.6,1010.6,2237,1007.9,1521,3.3,11.8,14.6,-9.0,30.31,3.78,1200,1.0,1.0,1.75,1.0,-9,1.0,1828,-9.0,-9,-9.0,-9,-9.0,-9,20.8,18.7,17.7,13.9,14.7
20240601,108,2.8,2427,27,5.3,1513,20,9.5,1630,20.7,25.2,1520,17.5,529,12.3,27.4,15.2,61.3,34.0,1507,14.4,8.4,5.9,-9.0,1000.0,1009.9,1011.1,912,1008.1,1821,4.3,9.4,14.6,-9.0,27.02,3.4,1100,0.0,-9.0,0.67,0.0,-9,0.0,-9,-9.0,-9,-9.0,-9,-9.0,-9,21.2,18.8,17.8,14.0,14.7
20240602,108,2.7,2306,29,5.1,1151,20,9.3,1729,20.4,25.8,1551,15.7,551,9.8,25.6,11.2,51.9,36.0,1239,12.1,8.5,5.9,-9.0,999.6,1009.5,1011.0,459,1007.7,1536,1.3,12.4,14.6,-9.0,28.7,3.72,1200,-9.0,-9.0,-9.0,-9.0,-9,-9.0,-9,-9.0,-9,-9.0,-9,-9.0,-9,21.4,18.9,17.9,14.1,14.7
20240603,108,2.4,2073,2,4.2,1250,34,8.3,1430,22.2,28.7,1603,15.7,520,9.5,31.0,11.4,47.4,29.0,1356,12.0,10.2,7.2,-9.0,1000.6,1010.5,1013.3,2400,1008.5,1558,1.0,11.2,14.6,-9.0,29.95,3.76,1200,-9.0,-9.0,-9.0,-9.0,-9,-9.0,-9,-9.0,-9,-9.0,-9,-9.0,-9,21.5,19.1,18.0,14.1,14.7
20240604,108,2.4,2110,5,4.1,3,5,7.5,152,22.8,29.3,1607,16.3,527,8.9,31.3,10.5,42.1,29.0,1412,11.5,10.1,7.1,-9.0,1005.3,1015.1,1017.3,2254,1013.3,1,0.1,13.5,14.6,-9.0,31.17,3.67,1200,-9.0,-9.0,-9.0,-9.0,-9,-9.0,-9,-9.0,-9,-9.0,-9,-9.0,-9,21.9,19.2,18.1,14.2,14.8
20240605,108,1.9,1649,29,4.7,1645,23,7.1,1515,23.6,30.1,1403,18.1,517,13.4,30.1,12.5,53.9,36.0,1340,15.4,7.3,5.1,-9.0,1007.4,1017.2,1018.6,809,1015.5,1623,5.4,10.4,14.7,-9.0,25.14,3.21,1200,-9.0,-9.0,-9.0,-9.0,-9,-9.0,-9,-9.0,-9,-9.0,-9,-9.0,-9,22.2,19.4,18.3,14.3,14.8
20240606,108,2.0,1698,27,4.3,1757,29,8.2,1711,24.1,31.4,1611,19.3,602,14.0,32.2,15.6,54.3,31.0,1634,16.0,7.7,5.4,-9.0,1005.9,1015.7,1017.6,1,1012.8,1639,3.4,9.3,14.7,-9.0,24.47,3.35,1200,-9.0,-9.0,-9.0,-9.0,-9,-9.0,-9,-9.0,-9,-9.0,-9,-9.0,-9,22.5,19.6,18.4,14.3,14.8
20240607,108,1.9,1627,25,4.0,1848,27,5.6,1505,23.1,28.0,1538,18.3,544,12.9,29.7,13.6,54.3,40.0,1444,15.0,5.7,4.0,-9.0,1003.1,1012.9,1015.6,1,1009.8,1744,8.0,7.1,14.7,-9.0,20.41,2.32,1100,0.8,4.6,4.17,0.8,2259,0.6,2341,-9.0,-9,-9.0,-9,-9.0,-9,22.8,19.8,18.5,14.4,14.8
20240608,108,1.6,1418,23,3.9,1821,20,6.6,1815,20.3,25.0,1730,17.9,448,16.5,21.1,15.9,79.5,58.0,1732,18.8,3.2,2.2,-9.0,998.8,1008.6,1011.9,1,1006.7,1659,7.4,2.5,14.7,-9.0,9.7,1.46,1500,16.9,13.1,11.5,12.4,903,3.5,926,-9.0,-9,-9.0,-9,-9.0,-9,22.8,20.0,18.7,14.5,14.8
20240609,108,1.8,1577,27,4.5,1607,27,8.0,1606,22.9,28.8,1456,17.4,555,16.4,27.2,13.7,68.9,47.0,1321,18.7,7.6,5.3,-9.0,997.9,1007.7,1008.6,412,1006.3,1603,4.5,12.3,14.7,-9.0,28.38,3.19,1100,-9.0,-9.0,-9.0,-9.0,-9,-9.0,-9,-9.0,-9,-9.0,-9,-9.0,-9,22.3,20.1,18.8,14.6,14.8
20240610,108,2.2,1874,20,4.6,1715,23,7.4,1712,24.7,31.1,1509,19.0,531,17.4,30.1,15.4,66.3,44.0,1453,20.0,7.7,5.4,-9.0,997.0,1006.6,1008.9,606,1004.1,1646,1.4,11.9,14.7,-9.0,26.57,3.28,1200,-9.0,-9.0,-9.0,-9.0,-9,-9.0,-9,-9.0,-9,-9.0,-9,-9.0,-9,22.7,20.2,19.0,14.6,14.9
20240611,108,2.4,2051,25,4.7,1616,18,8.2,1646,25.4,31.6,1542,21.7,2359,17.3,33.4,16.4,62.4,40.0,1703,19.8,8.5,6.0,-9.0,997.0,1006.6,1008.3,659,1004.9,1506,5.1,10.2,14.7,-9.0,27.17,3.45,1200,-9.0,-9.0,-9.0,-9.0,-9,-9.0,-9,-9.0,-9,-9.0,-9,-9.0,-9,23.3,20.3,19.1,14.7,14.9
20240612,108,2.1,1849,29,4.7,1450,27,8.4,608,24.8,31.8,1423,19.2,517,16.1,32.1,13.6,60.8,35.0,1402,18.3,8.4,5.9,-9.0,995.6,1005.3,1008.4,601,1003.6,1358,4.1,11.3,14.7,-9.0,27.73,3.44,1300,-9.0,-9.0,-9.0,-9.0,-9,-9.0,-9,-9.0,-9,-9.0,-9,-9.0,-9,23.8,20.5,19.2,14.8,14.9
20240613,108,1.8,1573,25,4.3,1708,32,7.1,1406,26.4,32.8,1544,20.0,504,15.0,34.2,15.7,51.4,28.0,1304,17.1,10.0,7.0,-9.0,994.5,1004.2,1005.7,625,1002.8,1527,0.9,13.3,14.7,-9.0,29.8,3.55,1200,-9.0,-9.0,-9.0,-9.0,-9,-9.0,-9,-9.0,-9,-9.0,-9,-9.0,-9,24.1,20.8,19.4,14.8,14.9
20240614,108,2.3,1976,29,5.9,1509,32,9.9,1504,26.3,33.0,1425,21.4,532,16.4,33.5,16.0,56.0,35.0,1200,18.7,7.8,5.4,-9.0,995.0,1004.6,1006.9,629,1002.8,1339,5.6,9.1,14.8,-9.0,24.24,3.42,1100,-9.0,5.7,-9.0,-9.0,-9,-9.0,-9,-9.0,-9,-9.0,-9,-9.0,-9,24.4,21.1,19.5,14.9,14.9
20240615,108,1.9,1660,27,3.9,1726,25,6.6,1724,24.2,28.2,1629,21.8,445,18.7,26.4,19.3,72.3,55.0,1554,21.6,5.2,3.6,-9.0,993.6,1003.3,1005.2,1,1001.1,1625,6.5,3.4,14.8,-9.0,15.71,2.55,1400,6.1,0.4,6.0,5.1,328,3.0,349,-9.0,-9,-9.0,-9,-9.0,-9,24.6,21.2,19.7,15.0,15.0
20240616,108,2.8,2415,25,5.0,1557,27,9.6,1550,24.3,29.5,1448,19.9,535,14.9,29.3,17.6,58.4,38.0,1414,17.0,9.2,6.5,-9.0,996.3,1006.0,1008.5,2241,1003.7,15,0.9,13.2,14.8,-9.0,30.02,3.71,1200,-9.0,-9.0,-9.0,-9.0,-9,-9.0,-9,-9.0,-9,-9.0,-9,-9.0,-9,24.4,21.4,19.8,15.1,15.0
20240617,108,2.4,2046,27,5.0,1631,20,8.4,1425,24.8,30.2,1448,18.9,527,12.4,30.1,12.7,48.4,28.0,1728,14.5,9.6,6.7,-9.0,997.5,1007.2,1009.4,602,1005.0,1739,4.6,13.1,14.8,-9.0,28.17,3.44,1200,-9.0,-9.0,-9.0,-9.0,-9,-9.0,-9,-9.0,-9,-9.0,-9,-9.0,-9,24.4,21.6,20.1,15.1,15.0
20240618,108,2.1,1812,27,4.2,1613,27,7.9,1610,26.0,32.9,1509,20.4,544,16.9,33.9,15.7,59.5,35.0,1528,19.2,9.1,6.3,-9.0,996.6,1006.3,1008.5,2319,1004.4,1509,0.0,13.4,14.8,-9.0,29.22,3.49,1200,-9.0,-9.0,-9.0,-9.0,-9,-9.0,-9,-9.0,-9,-9.0,-9,-9.0,-9,24.4,21.6,20.1,15.2,15.0
20240619,108,1.6,1395,25,4.0,2035,27,5.8,2016,28.8,35.8,1623,21.4,509,17.7,35.8,16.3,54.3,32.0,1419,20.3,9.5,6.7,-9.0,997.9,1007.5,1009.8,614,1005.2,1857,3.3,13.0,14.8,-9.0,28.25,3.43,1200,-9.0,-9.0,-9.0,-9.0,-9,-9.0,-9,-9.0,-9,-9.0,-9,-9.0,-9,24.8,21.8,20.3,15.3,15.1
20240620,108,2.0,1709,16,3.8,1406,14,7.6,1440,29.4,35.4,1348,23.4,518,15.6,34.6,18.0,45.1,27.0,1522,17.7,9.1,6.4,-9.0,994.1,1003.6,1006.8,59,1000.7,1746,2.8,12.1,14.8,-9.0,25.99,3.26,1100,-9.0,-9.0,-9.0,-9.0,-9,-9.0,-9,-9.0,-9,-9.0,-9,-9.0,-9,25.3,21.9,20.4,15.4,15.1
20240621,108,2.0,1724,20,4.8,1346,20,8.8,1349,28.1,33.9,1304,22.9,513,16.3,34.6,17.6,49.8,34.0,1306,18.5,8.0,5.6,-9.0,992.2,1001.7,1003.0,1,1000.4,1358,5.8,10.3,14.8,-9.0,24.75,3.34,1100,-9.0,0.0,-9.0,-9.0,-9,-9.0,-9,-9.0,-9,-9.0,-9,-9.0,-9,25.6,22.2,20.5,15.4,15.1
20240622,108,2.0,1722,5,3.4,1259,5,6.4,1747,24.2,26.1,833,22.6,1248,20.4,24.8,21.9,80.6,59.0,1,24.0,1.5,1.0,-9.0,988.3,998.0,1002.8,26,994.5,1744,10.0,0.0,14.8,-9.0,3.59,0.68,1400,16.5,18.6,13.67,4.7,1014,1.1,1038,-9.0,-9,-9.0,-9,-9.0,-9,25.8,22.4,20.7,15.5,15.1
20240623,108,2.2,1909,20,5.2,1639,20,8.8,1648,25.1,30.1,1402,22.5,333,21.1,27.0,21.4,79.5,59.0,1319,25.0,5.4,3.8,-9.0,988.6,998.2,1001.3,2303,996.0,137,8.3,3.8,14.8,-9.0,18.84,3.0,1300,5.1,3.0,8.42,3.0,2049,3.0,2139,-9.0,-9,-9.0,-9,-9.0,-9,25.1,22.5,21.0,15.6,15.2
20240624,108,2.9,2512,23,5.4,1410,25,9.2,1721,24.3,27.9,1308,21.2,2353,18.3,25.9,17.5,70.4,45.0,1556,21.2,6.8,4.7,-9.0,993.2,1002.9,1006.7,2347,999.8,228,5.8,7.0,14.8,-9.0,19.62,2.47,1500,0.0,-9.0,0.33,0.0,-9,0.0,-9,-9.0,-9,-9.0,-9,-9.0,-9,25.3,22.6,21.0,15.7,15.2
20240625,108,3.0,2631,27,6.2,1328,25,11.6,1515,22.9,27.2,1431,19.1,559,14.9,28.5,15.5,61.9,42.0,1313,17.0,7.4,5.2,-9.0,1000.2,1010.0,1013.2,2356,1006.8,1,4.3,10.7,14.8,-9.0,25.24,3.39,1200,-9.0,-9.0,-9.0,-9.0,-9,-9.0,-9,-9.0,-9,-9.0,-9,-9.0,-9,25.1,22.6,21.1,15.7,15.2
20240626,108,1.9,1669,23,5.0,1723,27,8.8,1722,24.9,31.6,1640,18.9,608,16.3,31.9,13.8,61.0,38.0,1630,18.6,8.5,6.0,-9.0,1004.5,1014.2,1016.0,657,1012.3,1631,1.3,12.3,14.8,-9.0,27.64,3.32,1100,-9.0,-9.0,-9.0,-9.0,-9,-9.0,-9,-9.0,-9,-9.0,-9,-9.0,-9,24.9,22.7,21.2,15.8,15.3
20240627,108,1.6,1360,11,4.0,1217,11,6.1,1211,26.3,31.6,1300,20.6,537,16.1,30.5,15.7,55.0,38.0,1235,18.3,7.3,5.1,-9.0,1001.3,1011.0,1014.6,537,1008.1,1821,3.0,9.3,14.8,-9.0,23.84,3.16,1200,-9.0,-9.0,-9.0,-9.0,-9,-9.0,-9,-9.0,-9,-9.0,-9,-9.0,-9,25.1,22.7,21.3,15.9,15.3
20240628,108,2.1,1829,29,4.7,1831,29,7.5,1830,26.6,32.5,1449,21.3,536,16.3,33.5,15.4,54.6,35.0,1318,18.5,9.8,6.9,-9.0,997.1,1006.8,1008.5,1,1004.7,1536,2.0,13.2,14.8,-9.0,28.84,3.61,1200,-9.0,-9.0,-9.0,-9.0,-9,-9.0,-9,-9.0,-9,-9.0,-9,-9.0,-9,25.2,22.7,21.4,16.0,15.3
20240629,108,2.2,1863,14,5.5,1900,11,13.0,1852,26.7,32.3,1408,21.6,529,19.0,30.0,16.8,65.1,44.0,1344,22.2,5.8,4.1,-9.0,992.7,1002.3,1007.3,47,996.2,2357,6.6,6.9,14.7,-9.0,20.46,3.35,1100,38.3,70.4,5.42,20.7,2035,6.1,2102,-9.0,-9,-9.0,-9,-9.0,-9,25.5,22.8,21.5,16.1,15.3
20240630,108,3.7,3174,20,7.2,628,18,13.6,542,23.5,24.9,1640,22.0,947,21.4,23.0,20.9,88.5,80.0,1630,25.5,2.1,1.4,-9.0,987.6,997.2,1001.6,2204,994.1,324,8.5,0.0,14.7,-9.0,3.89,0.52,1500,32.2,0.1,7.08,15.9,6,9.6,18,-9.0,-9,-9.0,-9,-9.0,-9,25.6,22.9,21.5,16.1,15.4
20240701,108,1.8,1555,25,3.4,2052,27,5.2,1257,26.3,31.3,1537,22.0,506,19.8,28.6,20.2,69.1,47.0,1607,23.1,6.9,4.8,-9.0,993.9,1003.5,1005.4,2230,1001.4,6,5.5,8.3,14.7,-9.0,24.69,3.47,1200,-9.0,1.0,-9.0,-9.0,-9,-9.0,-9,-9.0,-9,-9.0,-9,-9.0,-9,25.0,23.1,21.6,16.2,15.4
20240702,108,2.8,2426,7,5.3,1330,7,10.1,1323,23.2,25.2,1,21.9,1214,21.4,22.7,21.3,90.0,77.0,1,25.5,1.3,0.9,-9.0,994.0,1003.7,1005.8,1135,1002.2,1810,9.9,0.0,14.7,-9.0,1.93,0.32,1000,65.1,64.9,17.25,24.0,1127,5.6,1155,-9.0,-9,-9.0,-9,-9.0,-9,25.5,23.1,21.8,16.3,15.4
20240703,108,3.6,3133,18,5.5,43,18,12.9,34,24.7,25.9,1152,23.6,735,21.0,24.7,22.3,80.3,70.0,1152,24.9,3.3,2.3,-9.0,998.0,1007.7,1010.0,2155,1002.8,1,9.0,0.6,14.7,-9.0,8.91,1.71,1000,0.8,0.0,3.67,1.2,-2331,0.3,29,-9.0,-9,-9.0,-9,-9.0,-9,24.8,23.6,22.6,16.7,15.5
20240704,108,3.0,2574,20,6.6,2107,18,13.3,2201,26.8,30.6,1459,23.2,620,21.7,28.3,22.2,74.8,56.0,1606,26.1,5.5,3.9,-9.0,996.2,1005.8,1010.1,557,1000.4,2347,8.6,3.4,14.7,-9.0,18.81,2.98,1100,3.6,7.7,3.13,3.6,2155,3.0,2209,-9.0,-9,-9.0,-9,-9.0,-9,24.7,23.4,22.6,17.1,15.5
20240705,108,3.3,2831,20,7.6,123,23,16.2,200,23.4,26.1,1655,21.3,510,19.7,24.5,20.6,80.5,67.0,1624,23.0,3.2,2.3,-9.0,994.4,1004.1,1006.3,2047,1000.0,44,9.1,1.4,14.7,-9.0,11.25,1.74,1400,4.1,2.5,6.92,3.3,-2344,2.6,9,-9.0,-9,-9.0,-9,-9.0,-9,25.2,23.3,22.5,17.1,15.5
20240706,108,3.2,2753,20,6.5,1523,20,13.8,1517,25.1,30.0,1420,22.1,542,22.2,24.7,20.4,84.1,73.0,1427,26.8,2.9,2.0,-9.0,992.9,1002.6,1005.5,29,1000.0,1416,9.8,0.1,14.7,-9.0,6.84,1.34,1300,2.8,0.3,5.92,2.0,449,1.2,539,-9.0,-9,-9.0,-9,-9.0,-9,25.0,23.2,22.4,17.1,15.6
20240707,108,1.8,1583,16,4.2,1420,16,7.3,1414,24.4,28.2,1327,21.5,514,21.6,25.7,19.3,85.1,68.0,1309,25.9,2.9,2.0,-9.0,994.3,1004.0,1005.5,816,1003.1,1357,8.8,0.6,14.6,-9.0,11.09,1.88,1300,28.7,38.2,5.17,26.8,1813,9.4,1856,-9.0,-9,-9.0,-9,-9.0,-9,25.0,23.3,22.4,17.0,15.6
20240708,108,1.8,1579,18,4.0,735,20,6.8,732,23.8,24.5,1535,23.1,2032,22.6,24.2,22.8,93.4,89.0,1749,27.5,1.3,0.9,-9.0,992.8,1002.5,1004.0,36,1000.4,1640,9.8,0.0,14.6,-9.0,3.36,0.66,1500,21.1,11.6,17.83,7.1,352,3.9,431,-9.0,-9,-9.0,-9,-9.0,-9,25.0,23.3,22.6,17.1,15.6
20240709,108,1.8,1538,23,4.7,1538,20,8.2,1536,24.5,26.7,1317,22.7,513,22.0,25.1,21.4,86.9,78.0,1313,26.5,2.8,1.9,-9.0,994.2,1003.9,1005.5,840,1002.0,230,9.5,0.1,14.6,-9.0,7.77,1.15,900,0.3,1.7,6.17,0.2,-9,0.1,-9,-9.0,-9,-9.0,-9,-9.0,-9,24.9,23.5,22.9,18.1,15.7
20240710,108,2.2,1860,34,4.9,1452,18,8.9,1446,26.6,31.1,1326,22.7,517,22.1,27.2,21.2,77.1,57.0,1331,26.6,5.4,3.8,-9.0,990.0,999.6,1002.9,1,998.3,346,6.3,7.1,14.6,-9.0,20.04,3.45,1100,1.4,0.0,3.92,1.4,-2349,0.7,23,-9.0,-9,-9.0,-9,-9.0,-9,25.0,23.4,22.9,18.2,15.7
20240711,108,2.1,1811,23,3.7,1350,18,6.4,1342,25.7,28.9,1531,23.3,2354,21.8,27.7,20.7,79.6,66.0,1557,26.1,5.6,3.9,-9.0,991.9,1001.5,1002.7,831,1000.2,1800,5.1,5.9,14.6,-9.0,21.74,2.76,1100,-9.0,-9.0,-9.0,-9.0,-9,-9.0,-9,-9.0,-9,-9.0,-9,-9.0,-9,25.4,23.4,22.8,18.0,15.8
20240712,108,1.6,1345,25,3.4,2104,27,5.0,2045,25.6,30.2,1619,21.8,550,21.6,26.4,19.3,79.5,59.0,1715,25.7,4.0,2.8,-9.0,992.7,1002.3,1003.9,2310,1001.2,1523,4.4,3.7,14.6,-9.0,13.33,2.16,1500,-9.0,-9.0,-9.0,-9.0,-9,-9.0,-9,-9.0,-9,-9.0,-9,-9.0,-9,25.7,23.5,22.8,17.9,15.8
20240713,108,1.9,1651,16,4.2,1440,16,7.5,1452,28.1,33.3,1544,23.5,550,21.6,30.6,20.6,70.0,40.0,1528,25.8,7.2,5.1,-9.0,995.3,1004.9,1008.1,2254,1003.0,222,2.1,9.9,14.5,-9.0,23.54,3.18,1300,0.0,0.0,0.5,0.0,-9,0.0,-9,-9.0,-9,-9.0,-9,-9.0,-9,25.7,23.6,22.7,17.8,15.9
20240714,108,2.4,2110,5,3.8,1135,7,8.7,1109,28.4,32.1,1654,24.9,654,21.2,29.7,22.6,65.9,54.0,1706,25.2,7.5,5.2,-9.0,999.2,1008.8,1010.9,2338,1007.4,208,4.8,7.6,14.5,-9.0,22.34,3.19,1100,0.4,0.4,0.47,0.4,-9,0.4,1940,-9.0,-9,-9.0,-9,-9.0,-9,26.2,23.6,22.8,17.7,15.9
20240715,108,2.4,2096,5,3.7,238,11,7.7,1216,28.4,31.3,1633,24.5,524,21.0,30.2,21.2,64.6,55.0,1530,24.9,5.8,4.1,-9.0,1001.1,1010.7,1011.9,806,1008.9,1735,5.1,6.3,14.5,-9.0,18.13,2.76,1000,0.0,0.0,0.17,0.0,-9,0.0,-9,-9.0,-9,-9.0,-9,-9.0,-9,26.4,23.8,22.8,17.7,15.9
20240716,108,2.3,2017,16,5.1,1532,16,8.6,1527,27.0,30.7,1227,24.6,2346,22.7,28.9,22.8,78.4,62.0,1234,27.6,3.1,2.2,-9.0,999.9,1009.6,1010.9,31,1008.4,1913,7.8,4.2,14.5,-9.0,12.32,2.4,900,17.0,62.3,9.93,7.3,1904,5.3,1926,-9.0,-9,-9.0,-9,-9.0,-9,26.5,23.9,22.8,17.7,16.0
20240717,108,2.5,2165,20,6.8,1409,20,11.9,1404,25.4,28.1,1345,24.1,355,23.9,25.1,23.7,91.6,76.0,1404,29.6,1.5,1.1,-9.0,997.6,1007.2,1009.5,12,1005.2,2356,9.8,0.1,14.5,-9.0,3.48,1.59,1300,98.8,109.2,18.58,63.3,825,16.5,905,-9.0,-9,-9.0,-9,-9.0,-9,26.4,24.0,22.9,17.8,16.0
20240718,108,2.2,1922,18,7.5,402,18,13.9,356,24.3,25.6,1,23.1,813,23.5,24.1,22.8,95.3,89.0,314,28.9,1.2,0.9,-9.0,992.0,1001.7,1005.2,1,998.4,1504,10.0,0.0,14.5,-9.0,2.47,0.42,1500,128.8,73.2,17.92,20.2,1410,9.3,352,-9.0,-9,-9.0,-9,-9.0,-9,26.1,24.9,24.3,19.7,16.1
20240719,108,2.2,1887,23,4.1,1844,18,8.0,1752,27.0,30.8,1454,24.2,440,23.0,29.8,23.2,80.1,60.0,1609,28.1,6.0,4.2,-9.0,995.4,1005.0,1007.5,2348,1003.7,1421,7.9,6.4,14.4,-9.0,21.69,3.18,1300,0.1,0.0,3.83,0.1,-9,0.1,-9,-9.0,-9,-9.0,-9,-9.0,-9,25.4,25.0,25.1,22.1,16.7
20240720,108,2.7,2337,18,6.1,2309,18,12.5,2210,27.2,30.6,1547,25.1,443,23.4,28.6,23.4,80.4,67.0,1604,28.7,4.1,2.9,-9.0,995.8,1005.4,1008.8,936,1001.8,1846,9.0,1.9,14.4,-9.0,13.42,2.49,1500,14.9,22.3,4.42,13.8,1829,10.7,1850,-9.0,-9,-9.0,-9,-9.0,-9,26.2,24.8,24.8,20.8,17.2
20240721,108,3.6,3068,23,8.3,132,20,17.6,130,26.5,29.8,1808,22.5,451,23.4,26.2,22.0,83.6,72.0,1719,28.9,3.4,2.4,-9.0,996.9,1006.5,1008.6,2357,1001.8,259,9.3,1.5,14.4,-9.0,11.48,2.18,1100,8.5,12.5,8.47,4.2,358,2.3,447,-9.0,-9,-9.0,-9,-9.0,-9,26.5,24.7,24.5,20.1,17.2
20240722,108,3.1,2700,20,7.9,2305,20,16.4,2337,26.6,27.9,1,24.3,1104,24.6,25.5,23.3,89.0,81.0,1917,30.9,1.8,1.3,-9.0,995.4,1005.1,1008.6,1,1000.6,2240,9.9,0.0,14.4,-9.0,4.09,1.25,1200,79.9,68.6,10.33,32.2,2253,24.2,2328,-9.0,-9,-9.0,-9,-9.0,-9,26.6,24.8,24.5,19.9,17.1
20240723,108,3.2,2776,23,6.4,138,16,13.2,49,26.4,27.3,1517,25.8,454,24.2,26.3,24.8,87.9,80.0,1948,30.2,1.8,1.3,-9.0,994.4,1004.1,1005.2,2201,1002.1,1,9.6,0.0,14.3,-9.0,4.92,0.99,1400,2.0,16.0,6.33,1.0,1039,0.8,1038,-9.0,-9,-9.0,-9,-9.0,-9,26.6,25.2,25.0,21.6,17.0
20240724,108,2.6,2218,25,5.4,1625,25,9.8,1621,28.1,30.9,1355,26.0,546,25.2,29.0,25.4,85.0,71.0,1535,32.1,4.5,3.2,-9.0,994.5,1004.0,1005.4,2323,1003.0,1759,7.6,3.0,14.3,-9.0,15.31,2.57,1300,14.7,0.6,6.25,12.4,447,10.2,514,-9.0,-9,-9.0,-9,-9.0,-9,26.5,25.2,25.0,21.5,17.2
20240725,108,1.8,1580,11,5.0,2105,11,11.2,2058,28.8,32.2,1551,25.4,2356,24.8,29.4,24.3,79.8,64.0,1608,31.3,4.4,3.1,-9.0,996.3,1005.9,1008.7,2348,1004.4,252,8.6,2.4,14.3,-9.0,14.15,2.24,1000,25.3,26.0,2.67,15.1,2110,9.8,2117,-9.0,-9,-9.0,-9,-9.0,-9,27.0,25.2,24.9,21.0,17.3
20240726,108,2.3,1982,14,5.5,1339,16,10.4,1337,28.7,32.7,1537,25.2,137,25.2,31.5,24.4,81.9,65.0,1319,32.0,5.0,3.5,-9.0,999.8,1009.4,1012.4,2233,1007.5,1556,8.0,6.7,14.3,-9.0,18.29,2.83,1000,5.5,4.8,3.0,5.0,-2331,2.8,1334,-9.0,-9,-9.0,-9,-9.0,-9,27.4,25.3,24.9,20.7,17.3
20240727,108,1.7,1473,20,4.5,1208,23,10.2,1401,28.9,31.7,1244,27.5,546,25.7,31.2,26.7,83.6,68.0,1246,33.0,3.8,2.7,-9.0,1004.1,1013.8,1015.3,2154,1012.3,1,8.4,1.7,14.2,-9.0,12.73,2.7,1400,33.5,33.5,4.92,15.1,1655,10.9,1656,-9.0,-9,-9.0,-9,-9.0,-9,27.8,25.5,25.0,20.9,17.3
20240728,108,3.2,2798,20,6.8,1411,18,12.6,1756,29.2,32.2,1427,27.3,445,24.4,30.9,26.0,76.0,59.0,1409,30.6,5.9,4.1,-9.0,1002.5,1012.1,1015.0,1,1010.4,1749,8.3,5.1,14.2,-9.0,18.33,2.37,1400,0.0,0.0,0.33,0.0,-9,0.0,-9,-9.0,-9,-9.0,-9,-9.0,-9,28.2,25.8,25.3,21.4,17.3
20240729,108,3.8,3314,23,6.6,948,23,11.2,415,27.4,27.8,1,26.8,2356,24.4,26.6,26.0,84.0,80.0,3,30.5,1.8,1.3,-9.0,999.0,1008.7,1011.2,106,1006.8,1747,8.9,0.0,14.2,-9.0,2.61,0.3,1200,0.0,0.0,5.5,0.0,-9,0.0,-9,-9.0,-9,-9.0,-9,-9.0,-9,28.3,26.0,25.3,21.2,17.3
20240730,108,2.8,2395,23,4.3,145,23,9.4,342,28.6,31.9,1441,26.3,459,24.4,29.6,25.6,78.8,66.0,1446,30.6,5.1,3.6,-9.0,997.4,1007.0,1008.1,802,1005.7,1816,7.4,3.6,14.1,-9.0,15.95,2.48,1400,-9.0,-9.0,-9.0,-9.0,-9,-9.0,-9,-9.0,-9,-9.0,-9,-9.0,-9,27.8,26.0,25.3,20.8,17.3
20240731,108,2.6,2232,20,4.5,1700,18,7.1,1617,29.4,33.3,1540,27.0,321,24.2,30.3,25.7,74.5,59.0,1543,30.2,5.6,3.9,-9.0,996.5,1006.0,1007.9,608,1004.3,1646,7.3,4.7,14.1,-9.0,17.42,2.51,1300,-9.0,0.3,-9.0,-9.0,-9,-9.0,-9,-9.0,-9,-9.0,-9,-9.0,-9,28.0,26.0,25.2,20.6,17.4
20240801,108,2.6,2268,18,3.9,733,18,7.1,1534,29.9,33.2,1520,27.3,442,25.0,30.6,25.8,75.5,64.0,1507,31.6,4.8,3.4,-9.0,994.5,1004.0,1005.9,108,1002.0,1615,6.8,3.6,14.1,-9.0,14.95,2.17,1400,0.3,-9.0,1.42,0.3,320,0.3,405,-9.0,-9,-9.0,-9,-9.0,-9,28.2,26.0,25.2,20.4,17.4
20240802,108,2.6,2230,20,4.2,1051,16,7.1,1051,29.6,32.5,1608,28.2,549,25.6,30.0,26.4,79.4,67.0,1645,32.8,3.6,2.5,-9.0,994.4,1004.0,1006.0,2359,1002.5,1632,7.9,2.4,14.0,-9.0,10.36,1.63,1500,-9.0,-9.0,-9.0,-9.0,-9,-9.0,-9,-9.0,-9,-9.0,-9,-9.0,-9,28.3,26.1,25.2,20.3,17.4
20240803,108,2.2,1881,29,4.3,2127,29,7.2,2109,30.2,34.2,1528,27.2,425,25.0,32.4,25.0,75.0,58.0,1521,31.7,6.7,4.7,-9.0,997.3,1006.9,1007.9,947,1005.4,1659,4.4,7.8,14.0,-9.0,21.64,3.06,1200,-9.0,-9.0,-9.0,-9.0,-9,-9.0,-9,-9.0,-9,-9.0,-9,-9.0,-9,28.3,26.1,25.2,20.3,17.4
20240804,108,1.6,1341,23,3.4,1510,18,6.9,1505,31.8,36.2,1448,27.3,542,25.1,36.1,24.0,69.3,50.0,1208,31.9,7.3,5.1,-9.0,997.6,1007.1,1008.3,900,1005.2,1756,2.5,10.9,14.0,-9.0,24.4,3.43,1100,-9.0,0.5,-9.0,-9.0,-9,-9.0,-9,-9.0,-9,-9.0,-9,-9.0,-9,28.6,26.2,25.2,20.2,17.4
20240805,108,1.9,1634,29,4.8,519,32,7.5,517,30.0,33.7,1522,26.9,2358,25.1,32.6,25.2,75.5,61.0,1829,31.9,4.1,2.8,-9.0,997.3,1006.8,1008.4,2153,1005.0,1747,7.1,3.4,13.9,-9.0,12.92,1.83,1000,1.3,0.8,3.53,0.8,2255,0.5,350,-9.0,-9,-9.0,-9,-9.0,-9,29.0,26.3,25.3,20.2,17.4
20240806,108,1.9,1655,16,3.7,847,16,7.3,840,29.5,33.5,1546,25.6,539,24.3,33.0,24.0,74.8,57.0,1526,30.4,5.7,4.0,-9.0,997.7,1007.3,1009.3,838,1005.3,1740,5.4,6.2,13.9,-9.0,18.84,3.13,1100,0.0,-9.0,0.75,0.0,-9,0.0,-9,-9.0,-9,-9.0,-9,-9.0,-9,28.9,26.4,25.3,20.2,17.5
20240807,108,1.7,1509,29,3.6,1527,32,6.1,1548,29.6,33.4,1602,27.2,536,23.8,31.8,24.4,72.0,55.0,1542,29.5,5.8,4.0,-9.0,996.1,1005.7,1007.8,1010,1003.5,1735,4.8,7.6,13.9,-9.0,20.7,3.38,1200,3.4,3.4,1.33,3.4,950,3.2,1014,-9.0,-9,-9.0,-9,-9.0,-9,29.0,26.5,25.4,20.2,17.5
20240808,108,1.6,1420,29,3.3,1940,27,5.9,2027,28.5,31.6,1708,26.9,2353,24.1,28.6,23.6,77.5,63.0,1634,29.9,3.9,2.7,-9.0,994.7,1004.3,1005.1,716,1002.9,1704,7.4,2.4,13.9,-9.0,10.94,1.61,1600,0.0,0.0,1.83,0.0,-9,0.0,-9,-9.0,-9,-9.0,-9,-9.0,-9,29.0,26.6,25.5,20.2,17.5
20240809,108,1.6,1359,25,3.3,1642,27,5.7,1755,29.3,33.6,1420,25.6,442,24.0,31.3,22.7,74.1,56.0,1423,29.8,4.5,3.1,-9.0,994.2,1003.7,1005.2,540,1002.2,1748,2.8,6.0,13.8,-9.0,15.55,2.69,1300,-9.0,-9.0,-9.0,-9.0,-9,-9.0,-9,-9.0,-9,-9.0,-9,-9.0,-9,28.8,26.7,25.5,20.3,17.6
20240810,108,1.7,1448,14,3.7,1339,16,6.6,1337,30.0,33.6,1335,26.4,530,23.8,32.0,23.6,70.8,55.0,1337,29.5,5.2,3.6,-9.0,993.0,1002.5,1004.2,724,1001.2,1720,6.8,4.3,13.8,-9.0,15.76,2.22,1100,-9.0,-9.0,-9.0,-9.0,-9,-9.0,-9,-9.0,-9,-9.0,-9,-9.0,-9,28.7,26.7,25.6,20.3,17.6
20240811,108,1.8,1562,14,3.4,1028,16,6.7,1027,30.8,34.4,1521,27.8,558,24.0,33.6,24.2,67.8,53.0,1541,29.8,5.4,3.8,-9.0,992.5,1002.0,1003.1,825,1000.9,1611,6.3,4.4,13.8,-9.0,17.14,2.83,1000,-9.0,-9.0,-9.0,-9.0,-9,-9.0,-9,-9.0,-9,-9.0,-9,-9.0,-9,28.7,26.7,25.7,20.3,17.6
20240812,108,1.9,1646,32,3.9,2031,34,6.4,2004,31.1,34.1,1512,28.2,608,24.9,33.6,25.3,70.5,57.0,1652,31.5,4.8,3.3,-9.0,994.5,1003.9,1005.9,2344,1002.3,142,4.1,4.1,13.7,-9.0,13.51,2.22,1000,-9.0,-9.0,-9.0,-9.0,-9,-9.0,-9,-9.0,-9,-9.0,-9,-9.0,-9,28.9,26.7,25.7,20.3,17.7
20240813,108,1.8,1587,16,4.5,1811,16,7.9,1806,31.3,36.4,1501,28.1,520,24.9,37.2,24.8,70.0,49.0,1443,31.5,6.6,4.6,-9.0,997.5,1007.1,1008.5,905,1005.4,1612,4.9,7.5,13.7,-9.0,20.81,2.98,1200,0.0,0.0,2.08,0.0,-9,0.0,-9,-9.0,-9,-9.0,-9,-9.0,-9,28.9,26.8,25.8,20.4,17.7
20240814,108,1.9,1628,25,6.1,1656,34,11.9,1732,30.0,34.9,1438,27.3,2002,24.4,33.7,24.8,73.0,52.0,1452,30.5,4.2,3.0,-9.0,997.6,1007.2,1008.3,823,1005.4,1616,5.6,4.7,13.7,-9.0,12.59,2.23,1000,3.0,3.3,1.75,3.0,1645,2.7,1645,-9.0,-9,-9.0,-9,-9.0,-9,29.2,26.8,25.8,20.4,17.8
20240815,108,1.8,1552,32,8.2,1642,32,13.0,1635,29.2,34.6,1541,26.7,546,24.0,31.7,24.8,74.6,53.0,1547,29.8,5.1,3.6,-9.0,997.5,1007.0,1008.4,834,1005.3,1558,5.4,4.1,13.6,-9.0,15.98,2.78,1300,6.4,6.1,3.25,6.1,1620,4.9,1631,-9.0,-9,-9.0,-9,-9.0,-9,29.0,26.9,25.9,20.5,17.8
20240816,108,2.0,1727,29,4.8,2100,29,7.6,2059,29.8,34.3,1340,26.8,418,23.4,29.2,24.3,69.4,51.0,1411,28.7,5.7,4.0,-9.0,998.5,1008.0,1009.2,2400,1006.1,1623,3.0,6.7,13.6,-9.0,17.24,3.03,1300,0.0,0.0,0.25,0.0,-9,0.0,-9,-9.0,-9,-9.0,-9,-9.0,-9,28.9,27.0,25.9,20.5,17.8
20240817,108,1.7,1483,32,6.4,1831,32,9.4,1833,29.8,34.0,1514,27.2,559,23.7,31.4,24.4,71.0,53.0,1451,29.2,4.6,3.2,-9.0,1000.0,1009.6,1010.8,844,1007.7,1559,4.8,5.3,13.5,-9.0,14.73,2.53,1000,11.0,11.0,1.5,11.0,1750,7.4,1806,-9.0,-9,-9.0,-9,-9.0,-9,28.9,27.0,26.0,20.5,17.9
20240818,108,2.0,1702,25,5.0,1510,27,7.6,1507,29.5,33.9,1253,27.0,525,24.1,29.5,25.3,73.8,56.0,1258,30.1,5.4,3.7,-9.0,999.2,1008.8,1010.5,14,1006.8,1724,5.5,6.4,13.5,-9.0,17.64,2.94,1200,0.0,0.0,1.08,0.0,-9,0.0,-9,-9.0,-9,-9.0,-9,-9.0,-9,28.8,27.0,26.0,20.6,17.9
20240819,108,1.9,1621,32,6.4,1810,29,10.5,1758,29.7,35.3,1355,26.3,607,23.8,31.7,24.4,72.3,46.0,1405,29.4,6.3,4.4,-9.0,998.0,1007.6,1008.8,2232,1005.5,1625,2.5,7.1,13.5,-9.0,20.08,3.54,1200,2.3,2.3,0.92,2.3,1755,2.2,1813,-9.0,-9,-9.0,-9,-9.0,-9,29.0,27.0,26.1,20.6,17.9
20240820,108,2.3,1986,11,4.2,1807,14,8.2,1758,31.4,35.4,1519,27.0,331,24.5,32.6,24.8,68.3,54.0,1344,30.8,5.8,4.1,-9.0,998.6,1008.1,1009.5,924,1006.0,1830,6.1,7.7,13.4,-9.0,19.09,2.6,1100,0.0,40.0,0.25,0.0,-9,0.0,-9,-9.0,-9,-9.0,-9,-9.0,-9,29.1,27.0,26.1,20.7,18.0
20240821,108,3.2,2729,20,5.3,809,18,11.7,1119,28.4,30.8,1,26.9,653,25.7,27.6,26.3,85.9,71.0,129,33.1,2.7,1.9,-9.0,996.9,1006.5,1008.1,141,1005.2,1841,9.5,0.0,13.4,-9.0,4.68,0.86,1500,42.2,2.2,12.75,14.7,733,6.3,550,-9.0,-9,-9.0,-9,-9.0,-9,29.2,27.1,26.1,20.7,18.0
20240822,108,3.4,2964,18,7.5,1423,18,13.9,1418,28.6,30.3,1251,27.1,2211,24.7,27.8,25.4,79.9,70.0,1008,31.2,3.0,2.1,-9.0,994.1,1003.6,1007.2,2,1000.7,1404,8.8,1.8,13.4,-9.0,7.27,0.99,800,0.6,0.6,4.42,0.5,1550,0.5,1554,-9.0,-9,-9.0,-9,-9.0,-9,28.8,27.1,26.2,20.8,18.0
20240823,108,2.7,2372,23,5.0,159,23,10.2,154,28.4,31.8,1418,26.4,550,23.0,28.6,24.0,73.5,59.0,1611,28.1,5.4,3.8,-9.0,997.8,1007.4,1009.4,2332,1005.8,1,5.3,5.6,13.3,-9.0,17.48,2.34,1000,0.0,-9.0,0.5,0.0,-9,0.0,-9,-9.0,-9,-9.0,-9,-9.0,-9,28.6,27.1,26.2,20.8,18.1
20240824,108,1.4,1200,20,3.6,1219,18,6.3,1217,27.6,30.9,1628,25.1,612,23.5,28.6,22.9,78.8,66.0,1139,29.0,3.5,2.5,-9.0,1000.0,1009.6,1010.8,850,1007.9,1816,3.8,2.4,13.3,-9.0,12.04,1.78,1000,2.0,2.0,3.42,1.5,1135,0.8,1153,-9.0,-9,-9.0,-9,-9.0,-9,28.6,27.1,26.2,20.9,18.1
20240825,108,1.4,1252,18,4.6,1707,18,6.7,1706,28.5,32.7,1558,24.9,612,23.8,29.1,23.1,76.6,58.0,1611,29.4,4.5,3.2,-9.0,998.8,1008.4,1010.0,757,1006.6,1605,3.4,5.1,13.2,-9.0,15.82,2.11,1200,-9.0,-9.0,-9.0,-9.0,-9,-9.0,-9,-9.0,-9,-9.0,-9,-9.0,-9,28.5,27.0,26.2,20.9,18.2
20240826,108,1.5,1276,34,3.7,1632,34,5.0,1626,28.1,30.6,1509,25.6,554,23.7,28.0,23.4,77.8,61.0,1848,29.3,2.7,1.9,-9.0,996.7,1006.3,1007.7,957,1005.1,1818,8.0,0.3,13.2,-9.0,8.21,1.61,1000,0.0,0.0,0.25,0.0,-9,0.0,-9,-9.0,-9,-9.0,-9,-9.0,-9,28.5,27.0,26.2,20.9,18.2
20240827,108,1.9,1621,32,4.5,1247,32,6.2,1240,26.5,30.3,1638,24.6,953,20.3,25.7,21.2,69.8,52.0,1706,23.9,4.5,3.2,-9.0,996.6,1006.3,1008.3,2321,1004.7,244,6.1,3.7,13.2,-9.0,10.04,1.81,1600,0.3,0.3,5.58,0.3,827,0.2,-9,-9.0,-9,-9.0,-9,-9.0,-9,28.3,27.0,26.3,21.0,18.2
20240828,108,2.9,2515,5,4.2,2214,5,7.4,846,28.2,33.2,1623,23.0,559,20.0,30.2,19.7,62.1,46.0,1530,23.4,8.1,5.7,-9.0,998.4,1008.0,1009.6,929,1006.3,1618,0.4,11.5,13.1,-9.0,23.98,3.3,1200,-9.0,-9.0,-9.0,-9.0,-9,-9.0,-9,-9.0,-9,-9.0,-9,-9.0,-9,27.9,26.9,26.2,21.0,18.3
20240829,108,3.1,2658,5,5.3,2040,5,9.0,2033,28.4,33.5,1416,23.4,624,20.0,32.8,19.7,61.0,49.0,1331,23.4,8.6,6.0,-9.0,996.9,1006.5,1008.5,738,1004.3,1630,0.6,12.0,13.1,-9.0,24.86,3.33,1200,-9.0,-9.0,-9.0,-9.0,-9,-9.0,-9,-9.0,-9,-9.0,-9,-9.0,-9,27.9,26.8,26.2,21.1,18.3
20240830,108,2.4,2043,29,4.5,1528,27,8.1,1523,28.0,32.9,1415,23.7,604,20.3,32.4,19.9,64.0,45.0,1644,23.9,7.9,5.5,-9.0,995.1,1004.6,1006.1,931,1003.0,1609,0.9,12.0,13.1,-9.0,24.53,3.32,1200,-9.0,-9.0,-9.0,-9.0,-9,-9.0,-9,-9.0,-9,-9.0,-9,-9.0,-9,28.0,26.7,26.2,21.1,18.3
20240831,108,1.9,1659,32,4.3,16,34,6.3,14,27.6,33.0,1553,22.6,639,20.2,33.3,18.5,65.6,40.0,1607,23.7,7.2,5.0,-9.0,996.3,1005.9,1007.2,929,1004.4,1612,1.8,12.0,13.0,-9.0,24.15,3.2,1300,-9.0,-9.0,-9.0,-9.0,-9,-9.0,-9,-9.0,-9,-9.0,-9,-9.0,-9,28.0,26.7,26.2,21.1,18.4
20240901,108,2.0,1745,25,4.3,1546,27,7.5,1444,27.1,31.6,1458,24.6,557,19.5,33.0,20.0,64.9,41.0,1525,22.8,6.4,4.4,-9.0,997.1,1006.8,1007.5,746,1005.4,1825,4.5,6.9,13.0,-9.0,20.05,3.38,1200,-9.0,2.7,-9.0,-9.0,-9,-9.0,-9,-9.0,-9,-9.0,-9,-9.0,-9,27.9,26.7,26.2,21.2,18.4
20240902,108,2.6,2264,7,4.5,2256,7,8.6,2255,24.5,26.9,1701,22.2,709,19.4,24.3,20.0,73.6,65.0,6,22.6,3.7,2.6,-9.0,999.3,1009.0,1011.6,2341,1006.5,409,8.0,0.1,13.0,-9.0,5.82,0.93,1400,2.7,0.0,5.42,2.0,437,1.0,522,-9.0,-9,-9.0,-9,-9.0,-9,27.9,26.7,26.2,21.2,18.4
20240903,108,2.9,2469,5,4.4,910,2,8.5,730,27.0,32.0,1453,23.2,625,16.8,30.0,20.2,54.5,44.0,1431,19.3,7.1,5.0,-9.0,1001.6,1011.2,1013.6,938,1009.1,1841,2.6,7.4,12.9,-9.0,20.85,3.22,1200,-9.0,-9.0,-9.0,-9.0,-9,-9.0,-9,-9.0,-9,-9.0,-9,-9.0,-9,27.3,26.6,26.1,21.3,18.5
20240904,108,2.2,1862,18,3.4,1229,14,6.1,1446,27.9,33.3,1559,23.2,557,19.5,32.4,19.5,61.4,42.0,1350,22.8,7.3,5.1,-9.0,999.2,1008.8,1011.0,623,1006.2,1636,3.0,10.6,12.9,-9.0,22.99,3.19,1200,-9.0,-9.0,-9.0,-9.0,-9,-9.0,-9,-9.0,-9,-9.0,-9,-9.0,-9,27.3,26.5,26.1,21.3,18.5
20240905,108,2.4,2035,20,5.5,1115,20,9.9,1113,26.3,28.8,1030,25.6,1903,22.2,27.5,21.6,79.1,63.0,1031,26.9,2.3,1.6,-9.0,997.2,1006.9,1007.9,1,1005.5,1611,8.8,0.9,12.8,-9.0,6.91,1.36,1000,6.9,7.3,4.42,4.7,1346,2.6,1437,-9.0,-9,-9.0,-9,-9.0,-9,27.5,26.5,26.1,21.3,18.5
20240906,108,2.6,2288,5,4.8,1328,5,7.6,1242,24.0,25.7,1,23.3,1211,20.1,24.8,22.1,79.3,69.0,1702,23.6,2.4,1.7,-9.0,1001.3,1011.0,1012.8,2145,1007.9,1,10.0,0.0,12.8,-9.0,4.41,0.69,1400,0.7,0.3,9.75,0.3,230,0.3,320,-9.0,-9,-9.0,-9,-9.0,-9,27.3,26.4,26.1,21.3,18.6
20240907,108,1.9,1618,18,3.2,1503,18,6.2,1455,26.5,31.3,1432,22.8,621,20.1,27.1,21.0,68.9,50.0,1435,23.5,5.7,4.0,-9.0,1003.1,1012.8,1013.8,2316,1011.4,1549,4.0,7.6,12.8,-9.0,18.81,2.94,1200,0.0,-9.0,0.42,0.0,-9,0.0,-9,-9.0,-9,-9.0,-9,-9.0,-9,27.0,26.3,26.0,21.4,18.6
20240908,108,1.6,1386,32,3.8,2015,29,6.5,2020,27.2,32.8,1528,22.6,635,20.8,29.7,19.1,69.6,47.0,1531,24.6,6.2,4.4,-9.0,1003.2,1012.9,1014.7,905,1011.2,1556,2.0,9.1,12.7,-9.0,20.01,2.97,1200,-9.0,-9.0,-9.0,-9.0,-9,-9.0,-9,-9.0,-9,-9.0,-9,-9.0,-9,27.0,26.2,26.0,21.4,18.6
20240909,108,1.9,1613,32,3.6,1925,29,5.5,1533,28.5,34.1,1445,24.1,420,22.0,30.4,20.4,69.0,50.0,1418,26.5,5.2,3.7,-9.0,1002.6,1012.3,1013.6,751,1010.8,1624,3.6,6.0,12.7,-9.0,16.38,2.97,1300,-9.0,-9.0,-9.0,-9.0,-9,-9.0,-9,-9.0,-9,-9.0,-9,-9.0,-9,27.1,26.2,26.0,21.4,18.7
20240910,108,1.8,1563,27,3.5,1441,29,6.3,1606,29.4,33.9,1535,25.6,600,22.5,31.9,22.3,67.3,51.0,1652,27.3,5.8,4.1,-9.0,1003.1,1012.7,1014.1,2310,1011.1,1621,1.3,9.0,12.6,-9.0,17.2,2.45,1100,-9.0,-9.0,-9.0,-9.0,-9,-9.0,-9,-9.0,-9,-9.0,-9,-9.0,-9,27.3,26.2,25.9,21.5,18.7
20240911,108,1.8,1598,25,4.2,1619,27,7.4,1642,29.0,34.6,1240,25.4,618,23.1,29.2,21.3,71.5,50.0,1405,28.3,3.9,2.7,-9.0,1005.3,1014.9,1016.1,2157,1013.1,1444,5.5,5.2,12.6,-9.0,12.49,2.45,1200,0.4,26.6,2.25,0.4,2227,0.2,2307,-9.0,-9,-9.0,-9,-9.0,-9,27.4,26.2,25.9,21.5,18.7
20240912,108,2.1,1788,5,3.3,1147,5,5.1,1054,25.4,27.1,1,24.8,2121,23.9,25.8,24.4,91.5,85.0,1,29.6,1.4,1.0,-9.0,1004.5,1014.3,1015.7,1,1012.8,2359,9.8,0.0,12.6,-9.0,3.78,0.63,1100,32.7,7.1,18.83,7.8,501,2.6,644,-9.0,-9,-9.0,-9,-9.0,-9,27.5,26.2,25.9,21.5,18.8
20240913,108,2.2,1938,18,4.3,1415,18,9.6,1853,25.9,28.0,1243,24.2,413,24.4,26.1,24.0,91.4,80.0,1244,30.5,1.8,1.2,-9.0,998.6,1008.3,1012.8,1,1005.8,1845,10.0,0.0,12.5,-9.0,4.86,0.84,1200,7.6,7.0,18.67,2.6,1500,1.1,2108,-9.0,-9,-9.0,-9,-9.0,-9,27.3,26.2,25.9,21.5,18.8
20240914,108,1.7,1453,27,3.5,1448,32,5.7,1441,28.0,32.2,1630,25.2,657,24.0,28.7,24.0,80.3,59.0,1555,29.9,4.5,3.1,-9.0,995.9,1005.5,1006.8,2347,1003.6,1603,4.8,5.1,12.5,-9.0,14.61,2.64,1400,0.0,-9.0,0.33,0.0,-9,0.0,-9,-9.0,-9,-9.0,-9,-9.0,-9,27.2,26.1,25.8,21.5,18.8
20240915,108,2.8,2385,5,5.4,1744,5,10.2,2350,27.5,32.4,1520,24.2,2346,22.1,27.2,21.8,73.6,59.0,1525,26.8,6.6,4.6,-9.0,999.8,1009.4,1013.3,2351,1006.5,37,3.1,8.2,12.4,-9.0,18.89,3.04,1200,-9.0,9.5,-9.0,-9.0,-9,-9.0,-9,-9.0,-9,-9.0,-9,-9.0,-9,27.4,26.1,25.8,21.6,18.9
20240916,108,2.8,2396,5,4.9,717,5,9.3,425,26.8,32.2,1453,21.3,738,21.6,26.7,20.5,74.0,58.0,1501,25.9,4.8,3.4,-9.0,1005.1,1014.9,1015.9,951,1013.3,1,5.6,6.2,12.4,-9.0,17.09,2.88,1100,9.5,-9.0,3.0,8.0,531,3.6,544,-9.0,-9,-9.0,-9,-9.0,-9,27.5,26.2,25.9,21.6,18.9
20240917,108,1.7,1500,32,4.5,1711,34,8.0,1703,28.6,33.2,1507,25.8,556,24.0,28.6,24.0,77.0,59.0,1406,29.9,4.5,3.1,-9.0,1004.7,1014.3,1015.8,745,1012.6,1611,7.4,3.5,12.4,-9.0,14.62,2.96,1100,-9.0,-9.0,-9.0,-9.0,-9,-9.0,-9,-9.0,-9,-9.0,-9,-9.0,-9,27.5,26.2,25.9,21.6,18.9
20240918,108,1.6,1390,29,3.6,1427,34,6.5,1441,29.4,33.6,1445,26.5,434,24.7,29.2,24.5,76.8,61.0,1300,31.1,5.3,3.7,-9.0,1003.3,1012.9,1013.9,846,1011.0,1553,7.0,6.5,12.3,-9.0,17.53,2.57,1300,0.7,0.7,0.5,0.7,2225,0.6,2243,-9.0,-9,-9.0,-9,-9.0,-9,27.7,26.2,25.8,21.6,19.0
20240919,108,1.7,1438,5,2.7,835,25,4.8,1234,29.1,32.6,1515,25.6,632,24.5,29.1,25.0,77.4,63.0,1518,30.8,3.4,2.4,-9.0,1003.6,1013.3,1015.0,930,1011.7,1606,8.5,1.4,12.3,-9.0,11.47,2.56,1100,-9.0,7.5,-9.0,-9.0,-9,-9.0,-9,-9.0,-9,-9.0,-9,-9.0,-9,28.0,26.3,25.9,21.6,19.0
20240920,108,2.4,2038,5,7.1,2102,5,12.4,2059,25.0,28.6,1,17.9,2345,23.2,26.3,17.9,89.8,80.0,15,28.7,1.3,0.9,-9.0,999.7,1009.4,1012.7,321,1006.8,1925,10.0,0.1,12.2,-9.0,3.58,0.97,1200,54.5,73.4,15.33,15.8,2215,5.2,2248,-9.0,-9,-9.0,-9,-9.0,-9,28.1,26.3,25.8,21.7,19.0
20240921,108,4.3,3734,5,7.0,254,5,12.2,747,19.3,21.9,1528,17.1,749,16.0,20.1,15.9,82.3,69.0,1741,18.2,2.5,1.8,-9.0,997.4,1007.3,1008.9,2245,1006.2,1520,8.5,0.0,12.2,-9.0,6.31,1.57,1200,27.0,0.6,8.83,10.4,745,4.9,613,-9.0,-9,-9.0,-9,-9.0,-9,27.3,26.5,25.9,21.7,19.1
20240922,108,2.7,2339,34,5.1,1555,2,9.4,1903,21.0,26.7,1520,16.9,523,14.5,21.9,14.7,67.4,50.0,1513,16.6,6.5,4.5,-9.0,1002.9,1012.8,1016.9,2400,1008.6,1,4.5,7.2,12.2,-9.0,19.34,2.95,1200,-9.0,-9.0,-9.0,-9.0,-9,-9.0,-9,-9.0,-9,-9.0,-9,-9.0,-9,26.0,26.4,26.3,21.9,19.1
20240923,108,3.1,2661,5,4.8,1243,5,9.7,30,20.8,26.1,1544,16.6,603,12.1,20.3,13.3,58.3,42.0,1527,14.1,6.5,4.5,-9.0,1007.6,1017.5,1019.3,913,1015.5,1529,0.8,11.4,12.1,-9.0,22.31,3.1,1200,-9.0,-9.0,-9.0,-9.0,-9,-9.0,-9,-9.0,-9,-9.0,-9,-9.0,-9,25.6,26.1,26.2,22.1,19.1
20240924,108,2.2,1884,5,3.4,147,5,6.1,825,21.0,26.9,1535,15.6,638,12.0,20.1,12.0,57.9,37.0,1548,14.0,6.3,4.4,-9.0,1005.9,1015.8,1018.2,723,1013.7,1547,1.0,11.1,12.1,-9.0,22.03,3.09,1200,-9.0,-9.0,-9.0,-9.0,-9,-9.0,-9,-9.0,-9,-9.0,-9,-9.0,-9,25.2,25.8,26.1,22.0,19.2
20240925,108,1.7,1448,5,3.2,608,5,5.8,441,23.3,27.3,1424,18.6,312,16.3,21.8,14.3,65.6,55.0,1432,18.7,3.6,2.5,-9.0,1003.8,1013.6,1015.5,922,1011.9,1538,5.8,6.1,12.0,-9.0,13.51,2.65,1100,0.0,1.2,0.5,0.0,-9,0.0,-9,-9.0,-9,-9.0,-9,-9.0,-9,24.9,25.5,25.9,22.0,19.2
20240926,108,1.6,1416,29,4.1,1702,29,6.5,1654,23.6,28.0,1505,21.1,645,18.7,23.4,16.8,75.1,57.0,1446,21.6,4.1,2.9,-9.0,1002.5,1012.3,1013.7,805,1010.4,1511,4.8,5.9,12.0,-9.0,14.01,1.97,1400,1.2,-9.0,3.58,1.1,510,0.9,551,-9.0,-9,-9.0,-9,-9.0,-9,24.9,25.3,25.8,22.0,19.2
20240927,108,2.4,2086,5,5.2,1803,2,9.5,1922,22.7,28.0,1534,19.1,643,17.3,22.2,15.8,72.8,49.0,1513,19.8,5.5,3.9,-9.0,1003.6,1013.5,1015.4,2316,1011.6,1517,2.6,7.9,12.0,-9.0,16.45,2.98,1200,-9.0,-9.0,-9.0,-9.0,-9,-9.0,-9,-9.0,-9,-9.0,-9,-9.0,-9,25.0,25.1,25.6,21.9,19.2
20240928,108,3.4,2901,7,5.0,1012,5,9.7,840,23.2,27.9,1359,19.2,613,14.6,22.0,15.8,59.3,48.0,1411,16.6,6.0,4.2,-9.0,1007.9,1017.8,1020.0,2331,1015.3,3,3.1,8.2,11.9,-9.0,18.07,2.81,1200,-9.0,-9.0,-9.0,-9.0,-9,-9.0,-9,-9.0,-9,-9.0,-9,-9.0,-9,24.9,25.0,25.5,21.9,19.3
20240929,108,2.7,2321,5,4.1,930,5,7.4,805,23.5,29.0,1446,19.1,622,15.5,22.6,15.6,61.5,47.0,1450,17.6,6.0,4.2,-9.0,1009.3,1019.2,1021.4,646,1016.8,1548,1.5,7.3,11.9,-9.0,18.06,2.91,1200,-9.0,-9.0,-9.0,-9.0,-9,-9.0,-9,-9.0,-9,-9.0,-9,-9.0,-9,24.8,24.9,25.3,21.9,19.3
20240930,108,2.1,1840,25,4.6,1726,27,7.5,1722,23.0,28.5,1532,18.3,622,15.2,23.7,14.0,63.0,45.0,1300,17.3,4.8,3.4,-9.0,1005.1,1014.9,1018.8,33,1011.7,2400,4.5,8.0,11.8,-9.0,16.77,2.9,1200,-9.0,2.2,-9.0,-9.0,-9,-9.0,-9,-9.0,-9,-9.0,-9,-9.0,-9,24.7,24.8,25.2,21.9,19.3
20241001,108,2.5,2175,32,5.3,1048,29,10.0,1140,18.3,21.7,1,13.3,2400,11.8,18.4,7.6,67.5,39.0,1815,14.6,3.2,2.2,-9.0,1001.5,1011.5,1015.7,2226,1008.7,513,5.9,2.2,11.8,-9.0,7.73,1.25,1300,2.5,0.3,4.5,2.1,515,1.3,550,-9.0,-9,-9.0,-9,-9.0,-9,24.6,24.7,25.2,21.9,19.4
20241002,108,2.5,2192,29,4.7,1001,5,8.3,1427,14.9,19.9,1536,11.6,649,3.6,16.7,5.7,48.8,31.0,1453,8.0,5.8,4.0,-9.0,1008.4,1018.6,1021.7,2352,1015.1,57,2.0,9.5,11.8,-9.0,20.66,3.03,1200,-9.0,-9.0,-9.0,-9.0,-9,-9.0,-9,-9.0,-9,-9.0,-9,-9.0,-9,23.7,24.6,25.1,21.9,19.4
20241003,108,1.9,1626,5,4.2,1007,2,7.9,1027,16.4,22.5,1307,10.8,618,8.0,16.7,5.4,59.0,37.0,1529,10.8,4.5,3.1,-9.0,1011.5,1021.7,1022.7,659,1019.9,1621,2.0,7.3,11.7,-9.0,15.9,2.96,1200,-9.0,-9.0,-9.0,-9.0,-9,-9.0,-9,-9.0,-9,-9.0,-9,-9.0,-9,22.7,24.3,25.0,21.9,19.4
20241004,108,1.8,1563,32,3.8,1906,34,6.0,2143,17.6,24.2,1454,11.9,642,9.0,22.1,6.2,60.0,35.0,1511,11.5,5.7,4.0,-9.0,1013.4,1023.5,1025.0,927,1021.8,1616,0.0,10.9,11.7,-9.0,20.32,2.9,1200,-9.0,-9.0,-9.0,-9.0,-9,-9.0,-9,-9.0,-9,-9.0,-9,-9.0,-9,22.2,24.0,24.9,21.9,19.5
20241005,108,1.6,1381,27,2.8,1607,29,4.9,1751,17.5,24.4,1510,11.6,601,9.2,21.3,5.6,60.4,38.0,1404,11.6,4.6,3.2,-9.0,1012.5,1022.6,1024.5,756,1020.7,1437,3.6,9.7,11.6,-9.0,17.31,2.61,1100,-9.0,-9.0,-9.0,-9.0,-9,-9.0,-9,-9.0,-9,-9.0,-9,-9.0,-9,22.0,23.6,24.7,21.9,19.5
20241006,108,1.4,1228,32,3.0,1534,2,4.7,1158,15.4,17.9,1500,12.3,546,10.6,15.7,6.4,73.5,61.0,13,12.9,1.4,1.0,-9.0,1010.0,1020.2,1022.3,35,1018.7,2313,8.9,0.0,11.6,-9.0,3.65,0.57,1300,0.0,0.0,2.67,0.0,-9,0.0,-9,-9.0,-9,-9.0,-9,-9.0,-9,21.8,23.4,24.6,21.9,19.5
20241007,108,1.3,1157,25,3.3,1221,25,5.1,1206,16.9,20.7,1312,14.0,652,12.0,18.6,9.9,73.9,56.0,1528,14.1,2.4,1.7,-9.0,1007.0,1017.1,1019.0,156,1015.1,1409,6.6,1.8,11.6,-9.0,9.33,1.55,1200,-9.0,-9.0,-9.0,-9.0,-9,-9.0,-9,-9.0,-9,-9.0,-9,-9.0,-9,21.3,23.1,24.4,21.9,19.5
20241008,108,1.8,1583,5,3.9,1949,5,6.6,1945,17.7,23.9,1505,12.7,710,12.6,22.0,7.3,73.9,51.0,1503,14.6,3.9,2.8,-9.0,1006.4,1016.5,1017.8,2248,1014.6,1443,1.3,6.8,11.5,-9.0,14.54,2.57,1100,-9.0,-9.0,-9.0,-9.0,-9,-9.0,-9,-9.0,-9,-9.0,-9,-9.0,-9,21.2,22.9,24.2,21.9,19.6
20241009,108,2.3,1958,7,3.8,919,5,6.6,945,18.8,24.4,1402,13.9,629,11.5,20.8,9.2,64.1,44.0,1538,13.6,4.7,3.3,-9.0,1005.7,1015.7,1018.0,710,1013.5,1701,4.8,8.1,11.5,-9.0,16.61,2.62,1100,-9.0,-9.0,-9.0,-9.0,-9,-9.0,-9,-9.0,-9,-9.0,-9,-9.0,-9,21.2,22.7,24.0,21.9,19.6
20241010,108,1.9,1674,5,3.0,31,7,5.1,907,18.8,24.1,1547,15.3,611,12.1,22.4,11.0,66.3,46.0,1532,14.1,3.9,2.7,-9.0,1004.5,1014.5,1015.6,941,1012.6,1457,4.5,6.3,11.4,-9.0,13.91,2.7,1300,0.0,0.0,0.17,0.0,-9,0.0,-9,-9.0,-9,-9.0,-9,-9.0,-9,21.3,22.5,23.8,21.9,19.6
20241011,108,1.8,1572,29,3.4,1549,32,6.9,1541,18.6,24.4,1451,13.9,702,12.3,21.7,8.4,68.8,40.0,1634,14.3,4.4,3.1,-9.0,1007.7,1017.7,1020.7,2356,1015.2,1,0.6,9.5,11.4,-9.0,16.05,2.61,1200,-9.0,-9.0,-9.0,-9.0,-9,-9.0,-9,-9.0,-9,-9.0,-9,-9.0,-9,21.3,22.4,23.7,21.9,19.6
20241012,108,1.5,1286,29,3.1,1437,20,4.8,1220,18.3,24.7,1535,13.4,657,9.5,21.7,7.0,60.6,26.0,1559,12.0,5.4,3.8,-9.0,1012.3,1022.4,1023.9,834,1020.6,15,0.0,10.4,11.4,-9.0,18.19,2.72,1200,-9.0,-9.0,-9.0,-9.0,-9,-9.0,-9,-9.0,-9,-9.0,-9,-9.0,-9,21.3,22.3,23.6,21.9,19.7
20241013,108,2.0,1719,11,3.3,1647,11,6.7,1526,18.3,22.6,1535,12.6,625,11.7,20.1,6.1,67.0,47.0,1550,13.8,3.3,2.3,-9.0,1012.6,1022.7,1024.2,814,1021.2,1607,6.4,4.7,11.3,-9.0,11.43,2.14,1000,-9.0,-9.0,-9.0,-9.0,-9,-9.0,-9,-9.0,-9,-9.0,-9,-9.0,-9,21.1,22.2,23.4,21.8,19.7
20241014,108,1.9,1626,7,2.9,617,5,4.9,2143,19.3,21.5,1444,17.6,309,13.6,20.1,14.5,70.3,50.0,1534,15.6,1.9,1.3,-9.0,1008.6,1018.6,1021.8,1,1016.6,2222,9.4,0.0,11.3,-9.0,4.71,0.78,1300,0.0,0.4,1.5,0.0,-9,0.0,-9,-9.0,-9,-9.0,-9,-9.0,-9,21.0,22.0,23.3,21.8,19.7
20241015,108,1.8,1577,32,3.7,1550,29,6.0,1548,19.2,21.9,1511,17.6,612,16.5,19.3,12.9,85.0,77.0,1517,18.8,1.3,0.9,-9.0,1007.1,1017.1,1019.9,2400,1015.3,413,7.3,0.0,11.3,-9.0,4.59,0.77,1200,0.5,0.1,5.58,0.4,301,0.2,-9,-9.0,-9,-9.0,-9,-9.0,-9,21.0,21.9,23.2,21.8,19.7
20241016,108,1.5,1280,18,2.8,1428,2,4.8,848,18.2,24.2,1449,14.4,628,13.7,20.1,7.9,76.9,49.0,1312,15.7,3.7,2.6,-9.0,1012.0,1022.1,1023.8,923,1019.9,1,2.8,6.8,11.2,-9.0,13.84,2.61,1200,-9.0,-9.0,-9.0,-9.0,-9,-9.0,-9,-9.0,-9,-9.0,-9,-9.0,-9,21.0,21.9,23.1,21.7,19.7
20241017,108,1.7,1482,5,2.7,1510,36,5.0,1502,19.0,25.7,1512,13.8,402,13.0,20.8,8.7,70.4,46.0,1408,15.1,4.3,3.0,-9.0,1011.3,1021.4,1024.0,910,1019.0,1755,4.4,7.5,11.2,-9.0,14.7,2.47,1200,-9.0,0.0,-9.0,-9.0,-9,-9.0,-9,-9.0,-9,-9.0,-9,-9.0,-9,20.9,21.7,23.0,21.7,19.8
20241018,108,2.5,2119,7,5.1,1419,5,8.7,1429,17.4,18.8,930,16.2,1955,15.0,17.0,13.5,86.1,74.0,834,17.1,0.8,0.6,-9.0,1003.2,1013.3,1019.6,10,1008.7,1519,9.6,0.0,11.1,-9.0,1.54,0.27,1100,47.1,48.1,11.33,20.9,1432,9.0,1514,-9.0,-9,-9.0,-9,-9.0,-9,20.9,21.7,22.9,21.7,19.8
20241019,108,3.3,2845,5,6.9,2223,2,13.6,2128,16.6,21.1,1151,12.4,2341,11.9,17.2,10.1,75.0,60.0,1646,14.2,3.6,2.5,-9.0,1008.5,1018.6,1028.2,2358,1009.3,27,6.6,2.1,11.1,-9.0,8.19,1.74,1100,1.0,-9.0,2.08,0.9,155,0.3,215,-9.0,-9,-9.0,-9,-9.0,-9,19.8,21.4,22.8,21.6,19.8
20241020,108,3.7,3221,5,5.9,14,5,11.1,105,13.4,17.8,1421,10.5,709,4.6,14.2,7.4,56.0,42.0,1616,8.5,4.9,3.4,-9.0,1019.7,1030.1,1032.7,836,1028.2,1,1.4,10.0,11.1,-9.0,17.47,2.68,1200,-9.0,-9.0,-9.0,-9.0,-9,-9.0,-9,-9.0,-9,-9.0,-9,-9.0,-9,19.8,21.2,22.6,21.6,19.8
20241021,108,2.3,1999,5,4.8,348,11,8.2,740,14.8,19.3,1513,9.7,233,8.4,14.7,5.9,66.4,52.0,1518,11.2,2.4,1.7,-9.0,1013.5,1023.8,1028.7,59,1021.1,1622,8.6,1.1,11.0,-9.0,8.92,1.52,1100,0.0,1.0,2.33,0.0,-9,0.0,-9,-9.0,-9,-9.0,-9,-9.0,-9,19.2,21.1,22.6,21.6,19.9
20241022,108,2.0,1748,23,4.0,2154,25,9.0,2400,15.5,16.6,2155,14.9,644,13.9,15.6,13.6,90.8,72.0,130,15.9,0.9,0.6,-9.0,1003.9,1014.0,1021.1,1,1009.3,2108,10.0,0.0,11.0,-9.0,1.27,0.26,1100,20.6,21.9,21.5,3.6,1713,1.4,1750,-9.0,-9,-9.0,-9,-9.0,-9,19.0,20.8,22.4,21.5,19.9
20241023,108,3.7,3223,25,8.0,855,25,13.3,935,12.7,15.5,1341,9.4,2356,8.2,14.3,4.3,75.3,61.0,1342,10.9,2.5,1.7,-9.0,1005.6,1015.8,1020.7,2358,1009.5,1,5.9,2.9,10.9,-9.0,9.76,1.8,1200,2.3,-9.0,5.5,2.0,-2331,0.7,-2356,-9.0,-9,-9.0,-9,-9.0,-9,18.8,20.6,22.3,21.5,19.9
20241024,108,1.8,1543,29,5.2,1339,32,8.1,1413,12.5,18.4,1501,7.1,650,7.0,13.0,1.2,71.4,49.0,1423,10.0,3.8,2.7,-9.0,1012.1,1022.4,1024.7,2348,1020.6,8,0.0,9.9,10.9,-9.0,16.03,2.48,1200,-9.0,-9.0,-9.0,-9.0,-9,-9.0,-9,-9.0,-9,-9.0,-9,-9.0,-9,18.3,20.3,22.1,21.5,19.9
20241025,108,1.7,1478,7,3.2,1110,5,5.1,1154,14.9,21.5,1416,8.7,701,7.4,13.8,3.2,64.1,33.0,1510,10.3,3.9,2.8,-9.0,1014.3,1024.5,1026.5,939,1023.1,1450,4.0,7.9,10.9,-9.0,14.88,2.54,1200,-9.0,-9.0,-9.0,-9.0,-9,-9.0,-9,-9.0,-9,-9.0,-9,-9.0,-9,17.9,20.1,21.9,21.4,19.9
20241026,108,1.8,1516,7,3.4,1255,11,6.2,1352,17.0,24.0,1552,10.7,644,10.7,15.9,5.3,68.3,45.0,1424,12.9,4.2,2.9,-9.0,1010.0,1020.2,1023.7,33,1017.6,1433,2.8,9.7,10.8,-9.0,16.04,2.48,1200,-9.0,-9.0,-9.0,-9.0,-9,-9.0,-9,-9.0,-9,-9.0,-9,-9.0,-9,17.7,19.8,21.7,21.4,19.9
20241027,108,1.6,1414,29,2.9,1350,29,4.7,1228,16.0,18.8,1314,14.0,2400,12.3,15.1,8.4,79.4,67.0,1320,14.3,1.5,1.0,-9.0,1003.5,1013.6,1018.4,32,1011.0,1448,8.3,0.2,10.8,-9.0,5.27,0.95,1200,0.0,0.0,0.58,0.0,-9,0.0,-9,-9.0,-9,-9.0,-9,-9.0,-9,17.9,19.6,21.5,21.3,19.9
20241028,108,2.1,1847,5,4.5,1916,7,7.9,2059,15.7,20.4,1504,12.3,416,11.2,15.4,6.9,75.9,60.0,1526,13.3,3.0,2.1,-9.0,1004.8,1014.9,1018.1,2250,1012.3,28,8.3,1.9,10.8,-9.0,8.92,1.74,1200,0.0,0.0,0.13,0.0,-9,0.0,-9,-9.0,-9,-9.0,-9,-9.0,-9,17.9,19.5,21.4,21.3,19.9
20241029,108,2.3,1956,5,4.6,257,5,7.5,252,15.0,18.3,1529,13.4,504,8.3,14.4,8.0,64.6,49.0,1400,10.9,2.0,1.4,-9.0,1008.1,1018.3,1019.6,2219,1017.1,1420,6.0,0.2,10.7,-9.0,6.22,1.07,1300,0.0,0.0,1.0,0.0,-9,0.0,-9,-9.0,-9,-9.0,-9,-9.0,-9,18.0,19.4,21.2,21.3,19.9
20241030,108,1.6,1381,32,3.8,2001,34,6.6,2000,15.7,21.4,1405,11.4,709,10.2,15.5,5.5,71.3,46.0,1438,12.4,3.8,2.7,-9.0,1011.9,1022.1,1023.6,2255,1019.3,1,1.3,9.6,10.7,-9.0,14.75,2.33,1200,-9.0,-9.0,-9.0,-9.0,-9,-9.0,-9,-9.0,-9,-9.0,-9,-9.0,-9,17.8,19.2,21.1,21.2,19.9
20241031,108,1.4,1219,29,2.5,1939,7,4.7,402,15.9,22.6,1455,11.0,714,9.5,15.0,5.1,67.8,42.0,1357,11.8,3.6,2.5,-9.0,1012.4,1022.6,1025.0,836,1020.7,1528,1.8,9.4,10.7,-9.0,14.38,2.32,1200,-9.0,-9.0,-9.0,-9.0,-9,-9.0,-9,-9.0,-9,-9.0,-9,-9.0,-9,17.7,19.2,20.9,21.2,19.9
20241101,108,1.4,1234,2,3.4,1200,36,5.0,1154,15.3,18.7,1454,12.9,321,9.8,14.3,8.7,70.8,55.0,1456,12.1,1.9,1.3,-9.0,1008.8,1019.0,1022.4,811,1015.6,2336,9.8,0.1,10.6,-9.0,5.83,1.06,1300,-9.0,-9.0,-9.0,-9.0,-9,-9.0,-9,-9.0,-9,-9.0,-9,-9.0,-9,17.6,19.1,20.9,21.1,20.0
20241102,108,1.9,1652,5,4.6,1036,36,8.4,1035,18.1,25.1,1510,13.0,658,9.6,16.1,6.6,58.9,41.0,1446,12.0,4.2,2.9,-9.0,1007.6,1017.7,1022.4,2339,1014.6,340,1.8,9.6,10.6,-9.0,14.31,2.3,1100,-9.0,-9.0,-9.0,-9.0,-9,-9.0,-9,-9.0,-9,-9.0,-9,-9.0,-9,17.5,19.0,20.7,21.1,20.0
20241103,108,2.4,2089,20,4.3,1506,18,8.5,1506,17.6,23.5,1347,13.0,655,12.1,16.1,8.0,71.1,47.0,1338,14.2,3.7,2.6,-9.0,1010.7,1020.8,1023.1,813,1018.9,2356,2.5,8.2,10.6,-9.0,13.13,2.28,1200,0.0,0.1,0.15,-9.0,-9,-9.0,-9,-9.0,-9,-9.0,-9,-9.0,-9,17.6,18.8,20.6,21.0,20.0
20241104,108,2.9,2522,29,5.5,1528,18,11.1,132,14.8,18.3,1228,8.9,2354,7.0,15.8,4.2,62.0,32.0,1224,10.8,3.8,2.7,-9.0,1009.9,1020.1,1023.2,2343,1017.7,551,5.3,6.7,10.5,-9.0,11.74,2.04,1200,0.1,-9.0,0.5,-9.0,-9,-9.0,-9,-9.0,-9,-9.0,-9,-9.0,-9,17.8,18.8,20.5,21.0,20.0
20241105,108,2.1,1841,29,5.1,1540,29,7.9,1531,9.1,14.7,1423,5.6,737,-1.3,10.3,-1.8,49.8,28.0,1831,5.7,3.8,2.7,-9.0,1011.7,1022.2,1024.0,2328,1019.5,1428,2.8,8.8,10.5,-9.0,13.47,2.24,1200,-9.0,-9.0,-9.0,-9.0,-9,-9.0,-9,-9.0,-9,-9.0,-9,-9.0,-9,17.5,18.8,20.4,20.9,20.0
20241106,108,2.5,2152,32,4.9,1028,29,8.5,1055,7.5,12.5,1430,4.1,628,-3.6,8.1,-3.3,46.1,29.0,1248,4.7,3.9,2.7,-9.0,1015.7,1026.2,1028.8,2242,1023.9,4,0.0,9.7,10.5,-9.0,14.98,2.38,1200,-9.0,-9.0,-9.0,-9.0,-9,-9.0,-9,-9.0,-9,-9.0,-9,-9.0,-9,16.5,18.6,20.3,20.8,20.0
20241107,108,1.5,1275,5,2.7,647,23,4.7,1326,7.8,15.7,1515,1.6,707,-3.0,7.8,-5.2,48.1,27.0,1530,4.9,3.6,2.6,-9.0,1019.1,1029.7,1031.4,830,1028.2,1524,0.0,9.7,10.4,-9.0,14.42,2.3,1200,-9.0,-9.0,-9.0,-9.0,-9,-9.0,-9,-9.0,-9,-9.0,-9,-9.0,-9,15.5,18.4,20.3,20.8,20.0
20241108,108,1.5,1268,29,2.7,1659,11,4.2,1031,10.2,18.1,1501,3.1,629,0.1,8.9,-3.4,50.8,33.0,1523,6.2,3.6,2.6,-9.0,1017.3,1027.8,1030.1,14,1025.7,1434,0.8,9.6,10.4,-9.0,13.87,2.25,1200,-9.0,-9.0,-9.0,-9.0,-9,-9.0,-9,-9.0,-9,-9.0,-9,-9.0,-9,14.7,18.0,20.1,20.7,20.0
20241109,108,1.4,1203,27,2.4,1852,5,3.6,949,12.9,20.3,1436,6.8,607,3.9,11.1,0.5,55.8,34.0,1606,8.1,3.4,2.4,-9.0,1015.8,1026.1,1028.2,818,1024.5,1621,2.0,8.9,10.3,-9.0,13.18,2.2,1200,-9.0,-9.0,-9.0,-9.0,-9,-9.0,-9,-9.0,-9,-9.0,-9,-9.0,-9,14.4,17.6,19.9,20.7,20.0
20241110,108,1.8,1515,32,3.1,1959,29,6.2,2034,14.4,21.0,1520,10.3,536,7.4,13.1,5.3,64.0,45.0,1454,10.3,3.2,2.2,-9.0,1011.5,1021.7,1025.1,1,1019.2,1440,3.9,6.8,10.3,-9.0,11.42,2.05,1300,-9.0,-9.0,-9.0,-9.0,-9,-9.0,-9,-9.0,-9,-9.0,-9,-9.0,-9,14.5,17.3,19.8,20.6,20.0
20241111,108,1.2,1042,25,3.1,2007,9,5.0,1122,14.6,21.8,1430,9.7,743,7.5,13.0,3.8,64.5,35.0,1552,10.3,3.5,2.5,-9.0,1009.2,1019.5,1022.0,906,1016.8,1615,1.8,9.3,10.3,-9.0,12.95,2.12,1200,-9.0,-9.0,-9.0,-9.0,-9,-9.0,-9,-9.0,-9,-9.0,-9,-9.0,-9,14.8,17.1,19.6,20.6,20.0
20241112,108,2.2,1912,29,4.2,1128,25,6.9,1500,14.3,19.2,1520,11.0,2359,7.9,13.5,3.0,66.8,44.0,1210,10.6,3.5,2.5,-9.0,1008.9,1019.2,1021.2,2355,1017.5,1442,2.4,9.3,10.3,-9.0,13.02,2.13,1100,-9.0,-9.0,-9.0,-9.0,-9,-9.0,-9,-9.0,-9,-9.0,-9,-9.0,-9,15.0,17.0,19.4,20.5,20.0
20241113,108,1.7,1500,5,3.6,1022,11,7.5,1200,14.2,21.3,1433,8.3,711,6.8,12.1,2.1,62.9,41.0,1513,9.9,3.5,2.4,-9.0,1011.5,1021.8,1023.4,831,1020.2,1422,2.4,8.6,10.2,-9.0,12.26,2.07,1200,-9.0,-9.0,-9.0,-9.0,-9,-9.0,-9,-9.0,-9,-9.0,-9,-9.0,-9,15.1,16.9,19.2,20.5,20.0
20241114,108,1.8,1596,7,3.1,1650,5,4.9,1658,14.8,16.8,1434,13.2,419,9.0,13.2,8.6,68.4,61.0,1241,11.5,1.6,1.1,-9.0,1009.6,1019.8,1021.9,142,1017.7,2356,8.5,0.0,10.2,-9.0,3.57,0.66,1100,0.1,0.1,4.0,-9.0,-9,-9.0,-9,-9.0,-9,-9.0,-9,-9.0,-9,15.1,16.9,19.1,20.4,20.0
20241115,108,1.8,1519,14,3.0,1054,9,5.4,1721,17.0,21.5,1550,13.7,109,10.1,16.2,8.7,65.1,48.0,1640,12.4,2.9,2.0,-9.0,1008.0,1018.1,1019.4,828,1016.1,1508,6.8,5.5,10.2,-9.0,9.84,2.28,1200,0.0,-9.0,0.75,-9.0,-9,-9.0,-9,-9.0,-9,-9.0,-9,-9.0,-9,15.3,16.8,19.0,20.4,20.0
20241116,108,2.6,2242,23,5.1,1522,20,9.3,1519,17.0,22.6,1316,14.4,2358,11.6,15.2,8.8,72.5,46.0,1239,13.8,1.8,1.3,-9.0,1005.4,1015.5,1018.5,337,1012.9,1402,7.5,-9.0,10.1,-9.0,-9.0,-9.0,-9,6.5,6.5,5.92,-9.0,-9,-9.0,-9,-9.0,-9,-9.0,-9,-9.0,-9,15.8,16.8,18.9,20.3,20.0
20241117,108,3.6,3126,29,5.2,400,29,10.0,1738,7.0,14.4,1,2.1,2400,-3.9,8.2,-3.5,47.6,31.0,1750,5.1,3.3,2.3,-9.0,1013.1,1023.7,1030.2,2347,1015.3,6,5.0,4.1,10.1,-9.0,8.47,2.06,1300,-9.0,-9.0,-9.0,-9.0,-9,-9.0,-9,-9.0,-9,-9.0,-9,-9.0,-9,16.1,16.9,18.8,20.2,20.0
20241118,108,2.3,1997,32,5.7,920,34,10.4,914,2.8,7.9,1456,-0.7,721,-12.9,2.9,-7.4,30.9,21.0,1354,2.3,3.5,2.5,-9.0,1021.6,1032.5,1034.3,825,1030.1,1,0.6,9.3,10.1,-9.0,13.68,2.25,1200,-9.0,-9.0,-9.0,-9.0,-9,-9.0,-9,-9.0,-9,-9.0,-9,-9.0,-9,14.9,16.9,18.8,20.2,20.0
20241119,108,2.0,1744,5,3.4,845,5,5.3,921,5.7,11.3,1418,0.3,1,-4.2,4.1,-6.0,49.5,39.0,1404,4.5,2.3,1.6,-9.0,1018.9,1029.6,1033.4,138,1026.7,2339,4.8,7.4,10.1,-9.0,9.9,1.87,1100,-9.0,-9.0,-9.0,-9.0,-9,-9.0,-9,-9.0,-9,-9.0,-9,-9.0,-9,13.5,16.7,18.7,20.1,20.0
20241120,108,1.3,1122,20,2.8,1608,18,4.5,1530,6.5,9.6,1206,2.4,445,0.4,5.2,-4.0,65.8,49.0,1157,6.4,1.2,0.9,-9.0,1013.4,1024.1,1026.8,1,1022.1,2348,7.6,0.3,10.0,-9.0,3.75,1.21,1100,-9.0,0.0,-9.0,-9.0,-9,-9.0,-9,-9.0,-9,-9.0,-9,-9.0,-9,12.8,16.3,18.6,20.0,20.0
20241121,108,2.2,1861,29,4.3,2305,27,9.0,2302,9.7,14.1,1319,6.0,631,4.7,8.6,0.1,71.9,54.0,2351,8.6,2.1,1.4,-9.0,1009.0,1019.4,1022.1,1,1017.5,1552,4.8,3.2,10.0,-9.0,6.57,1.49,1100,0.0,0.0,1.83,-9.0,-9,-9.0,-9,-9.0,-9,-9.0,-9,-9.0,-9,12.5,15.9,18.5,20.0,20.0
20241122,108,2.2,1912,32,4.2,1112,29,7.4,1103,6.2,10.6,1451,3.3,801,-4.3,5.4,-5.3,48.0,33.0,1426,4.5,3.3,2.3,-9.0,1012.6,1023.2,1026.1,2221,1019.5,1,0.0,9.2,10.0,-9.0,12.57,2.1,1200,-9.0,-9.0,-9.0,-9.0,-9,-9.0,-9,-9.0,-9,-9.0,-9,-9.0,-9,12.6,15.6,18.3,19.9,20.0
20241123,108,1.7,1511,7,3.4,1229,5,6.5,1226,6.4,12.6,1425,1.5,711,-4.2,4.0,-5.8,47.1,35.0,1327,4.5,3.0,2.1,-9.0,1016.9,1027.6,1029.0,1010,1025.7,111,1.4,9.2,10.0,-9.0,11.87,1.99,1200,-9.0,-9.0,-9.0,-9.0,-9,-9.0,-9,-9.0,-9,-9.0,-9,-9.0,-9,12.1,15.4,18.1,19.9,19.9
20241124,108,1.6,1401,32,3.4,1736,29,5.2,1652,7.4,14.2,1529,2.6,729,-0.5,5.5,-3.4,58.4,37.0,1541,5.9,2.8,1.9,-9.0,1018.5,1029.1,1030.6,1012,1027.0,1446,1.1,9.1,9.9,-9.0,11.89,2.03,1200,-9.0,-9.0,-9.0,-9.0,-9,-9.0,-9,-9.0,-9,-9.0,-9,-9.0,-9,11.5,15.1,17.9,19.8,19.9
20241125,108,2.5,2174,7,4.4,1714,11,9.4,2248,10.1,15.4,1412,3.6,459,1.9,7.1,-2.8,57.6,47.0,1406,7.1,2.9,2.0,-9.0,1012.4,1022.8,1029.7,37,1013.4,2352,5.8,6.8,9.9,-9.0,9.9,1.84,1200,0.0,16.0,0.42,-9.0,-9,-9.0,-9,-9.0,-9,-9.0,-9,-9.0,-9,11.3,14.8,17.7,19.7,19.9
20241126,108,3.4,2922,27,8.1,1150,27,14.1,1143,5.8,12.7,1,1.0,2348,3.6,6.7,0.1,86.4,54.0,25,8.1,0.9,0.7,-9.0,1000.9,1011.4,1013.5,1932,1007.7,452,9.6,0.9,9.9,-9.0,4.35,0.99,1100,26.0,26.3,21.67,-9.0,-9,-9.0,-9,-9.0,-9,0.9,2355,0.9,2355,11.5,14.6,17.5,19.7,19.9
20241127,108,1.4,1214,29,5.6,108,29,11.5,105,-0.4,1.2,48,-1.3,742,-1.7,1.1,-2.9,90.6,78.0,1703,5.4,0.4,0.3,-9.0,1000.5,1011.2,1012.3,1,1009.3,1415,9.1,0.3,9.9,-9.0,0.82,0.15,900,22.4,11.0,19.17,-9.0,-9,-9.0,-9,-9.0,-9,19.3,2355,20.1,2355,11.2,14.4,17.3,19.6,19.9
20241128,108,1.8,1563,27,4.9,1241,29,9.1,1331,0.8,3.4,1307,-1.7,2347,-2.0,1.2,-6.3,82.0,63.0,1442,5.3,1.3,0.9,-9.0,1000.1,1010.8,1013.2,2302,1009.1,1401,5.4,4.5,9.8,-9.0,8.16,1.99,1300,4.9,-9.0,8.83,-9.0,-9,-9.0,-9,-9.0,-9,8.5,755,28.6,755,10.5,14.1,17.1,19.6,19.9
20241129,108,1.5,1258,23,3.1,2315,23,5.7,2308,0.2,3.4,1306,-3.4,709,-3.6,0.9,-9.0,76.3,54.0,1138,4.7,1.3,0.9,-9.0,1002.2,1012.9,1014.6,2315,1010.3,1442,2.4,5.4,9.8,-9.0,8.35,1.89,1100,0.0,0.0,2.58,-9.0,-9,-9.0,-9,-9.0,-9,-9.0,-9,12.3,1,10.0,13.8,16.9,19.5,19.9
20241130,108,1.8,1587,25,3.2,133,25,5.6,127,2.5,5.6,1446,-0.5,637,-0.4,1.9,-8.3,81.6,63.0,1337,6.0,0.9,0.6,-9.0,1004.5,1015.2,1017.0,851,1013.7,1443,4.1,2.4,9.8,-9.0,4.74,1.0,900,0.0,0.0,1.42,-9.0,-9,-9.0,-9,-9.0,-9,-9.0,-9,7.9,1,9.6,13.4,16.7,19.4,19.8
20241201,108,2.4,2086,5,4.0,953,7,5.8,904,5.2,8.2,1411,1.6,444,3.4,4.8,-4.7,89.3,78.0,1422,7.8,1.1,0.8,-9.0,1004.9,1015.4,1017.3,1017,1013.8,1722,5.9,2.4,9.8,-9.0,7.01,1.58,1100,0.5,0.5,2.08,-9.0,-9,-9.0,-9,-9.0,-9,-9.0,-9,5.3,1,9.1,13.0,16.4,19.4,19.8
20241202,108,2.2,1904,25,5.3,1601,29,9.5,1425,6.4,13.0,1403,0.6,2359,2.9,5.2,-4.5,79.9,47.0,2113,7.9,1.5,1.1,-9.0,1005.1,1015.6,1020.8,2341,1012.9,1344,2.6,2.3,9.8,-9.0,5.09,1.09,1000,0.0,0.0,0.25,-9.0,-9,-9.0,-9,-9.0,-9,-9.0,-9,-9.0,-9,8.7,12.5,16.2,19.3,19.8
20241203,108,2.4,2070,29,4.5,1320,27,8.3,1506,1.3,5.2,1438,-2.4,740,-8.9,1.1,-6.5,48.6,26.0,1240,3.2,2.6,1.8,-9.0,1012.4,1023.2,1024.9,1044,1020.7,1,3.0,8.9,9.7,-9.0,11.61,2.09,1200,0.0,0.0,1.08,-9.0,-9,-9.0,-9,-9.0,-9,-9.0,-9,-9.0,-9,8.9,12.2,15.7,19.2,19.8
20241204,108,2.1,1793,25,4.2,1429,27,7.6,1345,3.1,6.9,1447,-0.6,808,-6.1,1.5,-8.7,52.1,27.0,1051,3.9,2.5,1.8,-9.0,1010.9,1021.6,1023.9,300,1019.3,1755,1.3,8.9,9.7,-9.0,11.12,1.91,1100,0.0,-9.0,0.5,-9.0,-9,-9.0,-9,-9.0,-9,-9.0,-9,-9.0,-9,8.4,12.2,15.1,19.6,18.8
20241205,108,2.3,2006,27,5.7,1355,27,9.7,1350,3.9,8.8,1339,-0.1,653,-2.9,1.5,-7.1,62.8,29.0,1124,5.0,2.4,1.7,-9.0,1006.0,1016.6,1019.6,9,1014.1,1538,2.5,6.7,9.7,-9.0,9.89,1.98,1200,1.8,1.8,0.88,-9.0,-9,-9.0,-9,-9.0,-9,-9.0,-9,-9.0,-9,8.0,12.0,14.9,19.5,18.8
20241206,108,2.5,2149,29,6.7,1338,29,11.7,1334,2.1,5.2,1259,-0.4,2352,-7.7,0.7,-6.8,49.3,33.0,1428,3.5,2.6,1.8,-9.0,1010.2,1021.0,1024.7,2243,1016.7,1,0.1,9.1,9.7,-9.0,11.69,2.01,1200,-9.0,-9.0,-9.0,-9.0,-9,-9.0,-9,-9.0,-9,-9.0,-9,-9.0,-9,7.8,11.7,14.7,19.4,18.8
20241207,108,2.5,2189,29,5.0,1443,32,9.6,2310,0.2,4.6,1343,-2.5,640,-7.5,-0.3,-8.8,56.9,40.0,1439,3.5,2.2,1.5,-9.0,1012.9,1023.8,1025.0,940,1022.3,1501,0.9,7.2,9.7,-9.0,10.86,1.99,1200,-9.0,-9.0,-9.0,-9.0,-9,-9.0,-9,-9.0,-9,-9.0,-9,-9.0,-9,7.4,11.5,14.5,19.3,18.8
20241208,108,2.2,1929,27,4.8,1654,27,8.2,1653,-0.2,4.1,1451,-3.9,644,-10.8,-1.3,-9.6,46.5,27.0,1453,2.7,2.4,1.7,-9.0,1015.2,1026.1,1027.9,959,1024.0,1,0.0,9.1,9.7,-9.0,11.62,2.01,1200,-9.0,-9.0,-9.0,-9.0,-9,-9.0,-9,-9.0,-9,-9.0,-9,-9.0,-9,6.9,11.2,14.3,19.2,18.7
20241209,108,1.6,1352,25,3.5,1541,27,5.0,1453,1.0,7.4,1420,-3.8,622,-6.9,-0.9,-10.3,56.1,38.0,1317,3.7,2.0,1.4,-9.0,1013.8,1024.6,1026.8,1000,1022.5,1903,0.8,8.3,9.7,-9.0,10.61,1.89,1200,-9.0,-9.0,-9.0,-9.0,-9,-9.0,-9,-9.0,-9,-9.0,-9,-9.0,-9,6.5,10.9,14.1,19.1,18.7
20241210,108,1.9,1650,29,4.7,1330,29,9.0,1326,2.6,6.9,1513,-1.9,754,-5.0,-0.2,-10.4,58.9,39.0,1324,4.2,2.2,1.6,-9.0,1012.8,1023.5,1025.2,900,1021.6,1525,3.9,8.4,9.6,-9.0,10.52,1.9,1200,-9.0,-9.0,-9.0,-9.0,-9,-9.0,-9,-9.0,-9,-9.0,-9,-9.0,-9,6.1,10.6,13.8,19.0,18.7
20241211,108,1.6,1399,29,3.3,2021,27,5.7,2303,3.0,8.2,1450,0.2,2357,-6.4,1.3,-6.5,50.3,37.0,1418,3.8,2.1,1.5,-9.0,1011.7,1022.5,1024.3,2345,1020.3,1413,4.6,6.9,9.6,-9.0,8.65,1.66,1300,-9.0,-9.0,-9.0,-9.0,-9,-9.0,-9,-9.0,-9,-9.0,-9,-9.0,-9,6.0,10.3,13.6,18.9,18.7
20241212,108,2.1,1811,32,4.9,2346,32,7.3,2345,0.5,5.4,1331,-3.2,719,-10.3,-0.7,-10.8,45.8,27.0,1555,2.8,2.4,1.7,-9.0,1013.7,1024.5,1026.7,918,1023.3,2203,4.5,6.7,9.6,-9.0,10.06,1.95,1200,-9.0,-9.0,-9.0,-9.0,-9,-9.0,-9,-9.0,-9,-9.0,-9,-9.0,-9,6.0,10.1,13.4,18.8,18.7
20241213,108,2.2,1922,27,5.0,2104,29,9.5,2055,1.0,4.5,1439,-1.5,2350,-10.5,0.2,-8.5,42.1,30.0,1344,2.8,2.0,1.4,-9.0,1011.2,1022.0,1024.4,37,1019.5,1456,5.0,5.2,9.6,-9.0,7.14,1.29,1200,-9.0,-9.0,-9.0,-9.0,-9,-9.0,-9,-9.0,-9,-9.0,-9,-9.0,-9,5.8,9.9,13.2,18.7,18.6
20241214,108,2.2,1862,32,4.5,1103,27,8.3,1538,-0.8,2.5,1525,-3.6,749,-9.8,-1.6,-10.3,51.0,37.0,1418,2.9,2.0,1.4,-9.0,1013.7,1024.7,1027.6,958,1022.5,2342,1.3,9.0,9.6,-9.0,11.11,1.93,1200,-9.0,0.0,-9.0,-9.0,-9,-9.0,-9,-9.0,-9,-9.0,-9,-9.0,-9,5.6,9.7,13.0,18.6,18.6
20241215,108,2.4,2080,29,5.6,1433,34,11.3,1426,1.2,5.4,1315,-2.2,2355,-7.3,-0.1,-9.9,54.1,33.0,1925,3.6,2.1,1.4,-9.0,1009.9,1020.7,1023.1,2158,1018.5,1408,2.8,6.0,9.6,-9.0,8.76,1.92,1200,0.0,0.0,0.33,-9.0,-9,-9.0,-9,-9.0,-9,-9.0,-9,-9.0,-9,5.4,9.5,12.8,18.5,18.6
20241216,108,1.2,999,29,3.8,1225,29,6.6,1219,-0.2,3.9,1238,-3.3,548,-6.0,-1.7,-11.0,65.9,39.0,1135,4.0,1.1,0.8,-9.0,1011.2,1022.0,1023.7,2328,1020.3,1426,3.1,3.8,9.6,-9.0,5.61,1.37,1000,0.0,0.0,4.75,-9.0,-9,-9.0,-9,-9.0,-9,-9.0,-9,-9.0,-9,5.2,9.3,12.6,18.4,18.6
20241217,108,2.2,1941,32,4.7,2214,32,8.3,2208,-0.8,3.8,1548,-3.5,2353,-9.7,-1.8,-12.0,51.8,34.0,1224,2.9,1.9,1.3,-9.0,1014.1,1025.0,1026.6,2301,1023.6,126,1.1,6.2,9.6,-9.0,8.26,1.51,1100,-9.0,-9.0,-9.0,-9.0,-9,-9.0,-9,-9.0,-9,-9.0,-9,-9.0,-9,5.0,9.2,12.4,18.3,18.6
20241218,108,2.2,1910,32,3.9,2003,29,6.2,1429,-3.4,0.9,1520,-6.2,739,-13.2,-3.3,-13.5,47.1,33.0,1514,2.2,2.0,1.4,-9.0,1015.8,1026.9,1029.6,2313,1024.6,1439,0.0,9.0,9.6,-9.0,11.38,1.97,1200,-9.0,-9.0,-9.0,-9.0,-9,-9.0,-9,-9.0,-9,-9.0,-9,-9.0,-9,4.7,9.0,12.2,18.2,18.5
20241219,108,1.5,1320,20,3.0,1157,20,4.6,1154,-1.4,4.9,1451,-6.7,752,-11.5,-2.7,-13.9,47.4,28.0,1527,2.6,2.1,1.5,-9.0,1018.2,1029.2,1031.9,834,1026.8,2350,3.3,8.2,9.6,-9.0,10.53,1.88,1200,-9.0,-9.0,-9.0,-9.0,-9,-9.0,-9,-9.0,-9,-9.0,-9,-9.0,-9,4.5,8.8,12.0,18.1,18.5
20241220,108,2.0,1701,5,3.0,1211,18,5.1,1737,1.4,5.3,1425,-2.1,436,-5.5,-0.9,-8.7,60.9,48.0,1225,4.2,1.2,0.8,-9.0,1011.0,1021.8,1026.9,17,1017.6,2400,9.1,1.4,9.6,-9.0,4.9,1.24,1200,0.4,3.3,4.07,-9.0,-9,-9.0,-9,-9.0,-9,0.5,2355,0.5,2355,4.3,8.6,11.9,18.0,18.5
20241221,108,2.8,2436,29,5.4,1515,32,9.4,1354,-0.7,1.9,453,-4.7,2335,-4.9,-0.4,-8.9,74.1,55.0,2315,4.4,1.0,0.7,-9.0,1008.3,1019.2,1024.1,2344,1014.9,458,5.3,2.0,9.6,-9.0,4.03,1.24,1100,2.9,-9.0,6.25,-9.0,-9,-9.0,-9,-9.0,-9,2.4,735,2.7,735,4.2,8.4,11.7,17.9,18.5
20241222,108,2.1,1797,32,4.9,1445,29,8.8,1344,-3.4,1.0,1540,-7.7,806,-11.7,-2.5,-13.1,52.9,36.0,1342,2.5,1.8,1.3,-9.0,1016.3,1027.3,1029.7,1039,1024.0,23,0.0,9.0,9.6,-9.0,11.47,1.98,1200,-9.0,-9.0,-9.0,-9.0,-9,-9.0,-9,-9.0,-9,-9.0,-9,1.4,1,4.1,8.2,11.5,17.8,18.4
20241223,108,2.2,1890,25,4.5,1424,34,7.9,2236,0.3,6.7,1442,-5.0,706,-7.0,-1.2,-11.9,58.5,38.0,1430,3.6,2.1,1.5,-9.0,1015.3,1026.1,1028.1,227,1023.6,1440,0.9,7.3,9.6,-9.0,10.29,1.91,1200,-9.0,-9.0,-9.0,-9.0,-9,-9.0,-9,-9.0,-9,-9.0,-9,0.7,1,4.0,8.0,11.3,17.7,18.4
20241224,108,1.4,1184,29,3.4,1234,29,5.4,1229,-0.4,5.1,1524,-4.3,725,-9.8,-1.8,-12.0,50.3,31.0,1438,2.9,2.1,1.5,-9.0,1016.9,1027.8,1028.8,956,1026.8,1,2.1,9.0,9.6,-9.0,11.06,1.94,1200,-9.0,-9.0,-9.0,-9.0,-9,-9.0,-9,-9.0,-9,-9.0,-9,-9.0,-9,3.9,7.9,11.2,17.6,18.4
20241225,108,2.0,1692,23,3.8,1549,18,6.7,1433,2.7,6.5,1424,-1.1,449,-3.6,-0.2,-7.0,63.1,51.0,37,4.8,1.5,1.1,-9.0,1013.9,1024.6,1028.2,219,1021.7,2202,8.3,3.0,9.6,-9.0,6.46,1.39,1300,0.1,0.1,0.5,-9.0,-9,-9.0,-9,-9.0,-9,-9.0,-9,-9.0,-9,3.9,7.7,11.0,17.5,18.3
20241226,108,3.4,2901,27,5.6,1012,32,11.4,2034,0.1,4.2,1,-4.8,2356,-7.4,-0.5,-9.7,57.9,37.0,1331,3.7,2.3,1.6,-9.0,1013.6,1024.5,1027.7,2247,1021.7,107,0.8,8.6,9.6,-9.0,11.1,1.98,1200,0.0,-9.0,0.25,-9.0,-9,-9.0,-9,-9.0,-9,-9.0,-9,-9.0,-9,3.8,7.6,10.8,17.4,18.3
20241227,108,2.7,2309,32,5.8,2221,29,10.4,2227,-2.6,1.8,1403,-5.9,736,-11.4,-2.7,-12.2,51.4,35.0,1327,2.6,1.8,1.3,-9.0,1014.8,1025.8,1028.7,756,1023.2,1643,2.3,7.3,9.6,-9.0,9.29,1.78,1100,0.0,0.0,2.0,-9.0,-9,-9.0,-9,-9.0,-9,-9.0,-9,-9.0,-9,3.7,7.5,10.7,17.3,18.2
20241228,108,2.5,2118,29,5.8,1338,29,9.9,1333,-3.0,1.1,1508,-6.7,821,-12.5,-3.3,-12.0,48.3,37.0,1411,2.4,1.9,1.3,-9.0,1013.1,1024.1,1025.7,953,1022.6,1505,1.1,8.3,9.6,-9.0,11.01,1.96,1200,-9.0,-9.0,-9.0,-9.0,-9,-9.0,-9,-9.0,-9,-9.0,-9,-9.0,-9,3.6,7.4,10.5,17.2,18.2
20241229,108,1.5,1318,25,2.8,1307,18,5.0,1248,1.1,6.1,1417,-4.2,808,-6.9,-1.0,-11.6,56.1,35.0,1256,3.7,1.8,1.3,-9.0,1013.5,1024.3,1027.0,1017,1021.6,2338,5.1,6.5,9.6,-9.0,9.49,1.9,1200,-9.0,-9.0,-9.0,-9.0,-9,-9.0,-9,-9.0,-9,-9.0,-9,-9.0,-9,3.5,7.2,10.4,17.0,18.2
20241230,108,2.3,2019,23,6.9,1423,23,12.0,1408,5.5,10.1,1234,1.9,26,0.1,0.7,-4.2,68.5,52.0,1402,6.2,2.0,1.4,-9.0,1007.3,1017.9,1021.6,1,1015.7,1941,7.4,2.6,9.6,-9.0,6.29,1.58,1200,0.0,0.0,0.25,-9.0,-9,-9.0,-9,-9.0,-9,-9.0,-9,-9.0,-9,3.4,7.1,10.3,16.9,18.1
20241231,108,2.6,2265,27,5.0,327,29,9.6,321,0.6,4.9,4,-2.0,821,-10.0,-0.3,-9.4,45.8,28.0,1512,2.9,2.4,1.6,-9.0,1010.1,1021.0,1022.7,2304,1015.8,1,0.0,9.0,9.6,-9.0,11.57,1.98,1200,0.0,-9.0,0.33,-9.0,-9,-9.0,-9,-9.0,-9,-9.0,-9,-9.0,-9,3.4,7.0,10.1,16.8,18.1
20250101,108,2.2,1861,25,5.1,1519,29,9.7,1417,2.6,8.9,1540,-2.5,441,-3.6,-0.2,-9.5,64.3,49.0,1543,4.8,1.9,1.3,-9.0,1011.0,1021.8,1023.1,2359,1020.0,1446,2.6,5.6,9.6,-9.0,8.55,1.73,1200,-9.0,-9.0,-9.0,-9.0,-9,-9.0,-9,-9.0,-9,-9.0,-9,-9.0,-9,3.4,6.9,10.0,16.7,18.1
20250102,108,2.1,1816,32,4.9,2254,29,9.6,2247,0.5,6.0,1507,-2.9,804,-9.9,-0.7,-11.1,48.8,24.0,1404,3.0,2.6,1.9,-9.0,1013.8,1024.7,1026.1,2342,1023.1,1,0.8,9.0,9.6,-9.0,11.03,1.97,1200,-9.0,-9.0,-9.0,-9.0,-9,-9.0,-9,-9.0,-9,-9.0,-9,-9.0,-9,3.4,6.8,9.9,16.6,18.0
20250103,108,2.2,1929,32,4.6,2331,32,8.6,2338,-1.1,3.2,1551,-5.1,522,-10.1,-2.3,-13.0,52.0,27.0,1208,2.9,1.9,1.3,-9.0,1014.9,1025.9,1027.5,1010,1024.4,1648,3.1,7.7,9.7,-9.0,9.9,1.75,1200,0.0,0.0,0.5,-9.0,-9,-9.0,-9,-9.0,-9,-9.0,-9,-9.0,-9,3.3,6.7,9.8,16.5,18.0
20250104,108,1.7,1438,32,3.5,2,25,5.9,24,-0.1,5.7,1503,-5.4,752,-9.9,-1.5,-12.2,49.6,26.0,1448,2.9,2.3,1.6,-9.0,1015.3,1026.2,1027.7,915,1024.1,2356,1.4,7.9,9.7,-9.0,11.03,1.97,1200,-9.0,4.4,-9.0,-9.0,-9,-9.0,-9,-9.0,-9,-9.0,-9,-9.0,-9,3.2,6.7,9.7,16.4,18.0
20250105,108,2.5,2150,5,3.5,613,2,5.4,943,1.2,2.5,2353,-0.7,109,-1.2,-0.7,-6.8,85.0,56.0,1,5.7,0.4,0.3,-9.0,1008.4,1019.2,1024.2,1,1016.3,2352,9.4,0.0,9.7,-9.0,1.03,0.33,1400,6.7,5.3,9.0,-9.0,-9,-9.0,-9,-9.0,-9,6.4,1240,6.4,1240,3.2,6.6,9.6,16.3,17.9
20250106,108,2.8,2437,27,5.3,1415,34,10.9,155,1.0,3.4,1323,-3.0,2336,-3.0,-0.3,-6.0,75.6,56.0,2133,5.1,1.5,1.0,-9.0,1005.7,1016.5,1019.9,2224,1014.0,436,6.3,2.3,9.7,-9.0,6.09,1.59,1200,3.0,0.0,3.03,-9.0,-9,-9.0,-9,-9.0,-9,-9.0,-9,3.9,1,3.2,6.5,9.5,16.2,17.9
20250107,108,2.7,2329,29,6.2,1541,27,10.1,1537,-2.6,1.5,1437,-5.7,800,-10.9,-1.7,-11.7,53.5,37.0,1152,2.7,1.8,1.2,-9.0,1007.5,1018.5,1019.7,1,1015.8,1432,2.0,7.0,9.7,-9.0,10.13,1.98,1200,0.1,0.1,1.0,-9.0,-9,-9.0,-9,-9.0,-9,0.4,1840,0.4,1840,3.1,6.4,9.4,16.1,17.9
20250108,108,2.7,2321,25,6.0,1553,27,10.7,1620,-3.4,0.2,1452,-6.1,2344,-11.2,-2.4,-11.9,55.1,41.0,1649,2.6,1.9,1.3,-9.0,1009.3,1020.3,1023.0,2336,1018.3,1456,3.6,4.9,9.7,-9.0,8.02,1.58,1100,0.0,0.0,1.25,-9.0,-9,-9.0,-9,-9.0,-9,-9.0,-9,0.2,1,3.0,6.3,9.3,16.0,17.8
20250109,108,4.2,3587,29,7.6,1255,34,14.1,1326,-9.7,-6.1,1,-11.6,2322,-21.3,-5.3,-16.4,38.4,31.0,1409,1.1,1.6,1.1,-9.0,1015.1,1026.4,1030.9,2343,1023.1,1,0.1,8.5,9.8,-9.0,12.36,2.12,1200,0.0,-9.0,0.25,-9.0,-9,-9.0,-9,-9.0,-9,-9.0,-9,-9.0,-9,2.9,6.2,9.2,15.9,17.8
20250110,108,1.6,1376,34,3.0,411,20,4.9,1444,-7.3,-1.7,1553,-12.2,721,-16.5,-4.8,-17.1,48.0,36.0,1459,1.7,1.5,1.1,-9.0,1020.6,1031.9,1033.6,942,1030.4,1443,1.5,9.2,9.8,-9.0,12.17,2.06,1200,-9.0,-9.0,-9.0,-9.0,-9,-9.0,-9,-9.0,-9,-9.0,-9,-9.0,-9,2.7,6.2,9.1,15.8,17.7
20250111,108,1.7,1474,20,3.6,1455,18,6.9,1455,-5.1,0.4,1502,-9.5,752,-12.5,-4.1,-15.0,57.4,35.0,1505,2.3,1.7,1.2,-9.0,1017.7,1028.8,1031.6,1,1026.4,2400,0.0,9.1,9.8,-9.0,11.74,1.99,1200,-9.0,-9.0,-9.0,-9.0,-9,-9.0,-9,-9.0,-9,-9.0,-9,-9.0,-9,2.6,6.0,9.0,15.7,17.7
20250112,108,1.8,1533,32,3.4,1529,29,5.4,1419,-3.4,2.5,1411,-8.2,748,-10.3,-4.0,-14.6,59.9,36.0,1323,2.8,1.6,1.1,-9.0,1013.6,1024.6,1026.5,1,1022.2,1428,0.8,7.7,9.8,-9.0,9.9,1.88,1200,-9.0,0.0,-9.0,-9.0,-9,-9.0,-9,-9.0,-9,-9.0,-9,-9.0,-9,2.4,5.9,8.9,15.6,17.6
20250113,108,1.7,1497,20,4.0,1500,20,6.8,1622,-0.4,4.1,1330,-5.6,555,-4.1,-2.1,-12.9,76.9,56.0,1315,4.7,1.0,0.7,-9.0,1013.9,1024.8,1027.1,948,1023.1,1503,6.1,2.2,9.8,-9.0,6.1,1.58,1100,1.3,1.4,7.42,-9.0,-9,-9.0,-9,-9.0,-9,0.1,1655,0.1,1655,2.4,5.8,8.8,15.6,17.6
20250114,108,2.3,1952,29,4.7,2102,29,7.5,2100,2.3,5.2,1305,-1.7,2355,-2.8,0.5,-6.2,72.0,41.0,2206,5.2,1.7,1.2,-9.0,1013.1,1023.9,1027.2,2359,1022.4,412,5.0,2.3,9.8,-9.0,6.69,1.28,1400,0.1,-9.0,1.58,-9.0,-9,-9.0,-9,-9.0,-9,-9.0,-9,0.1,1,2.3,5.7,8.6,15.5,17.5
20250115,108,2.9,2501,32,5.3,956,25,9.5,1505,-3.5,-0.5,1517,-5.3,802,-15.3,-2.5,-10.1,40.8,23.0,1354,1.9,2.4,1.7,-9.0,1017.5,1028.5,1030.1,1048,1027.1,2,1.0,9.2,9.9,-9.0,12.74,2.14,1200,-9.0,0.0,-9.0,-9.0,-9,-9.0,-9,-9.0,-9,-9.0,-9,-9.0,-9,2.3,5.6,8.6,15.4,17.5
20250116,108,2.0,1708,32,4.7,2129,27,8.2,2124,-0.5,2.8,1448,-4.9,1,-6.3,-1.7,-7.7,65.1,47.0,7,4.0,0.9,0.6,-9.0,1013.7,1024.6,1028.7,1,1022.1,1447,6.8,0.2,9.9,-9.0,2.91,0.87,1300,0.0,0.0,2.0,-9.0,-9,-9.0,-9,-9.0,-9,-9.0,-9,-9.0,-9,2.3,5.5,8.4,15.3,17.5
20250117,108,1.8,1577,29,3.3,1451,29,5.5,1407,-0.5,5.6,1615,-4.9,750,-7.3,-1.1,-12.7,62.4,33.0,1635,3.6,2.2,1.5,-9.0,1015.7,1026.7,1028.0,916,1025.3,1,0.0,9.0,9.9,-9.0,11.84,2.0,1200,-9.0,-9.0,-9.0,-9.0,-9,-9.0,-9,-9.0,-9,-9.0,-9,-9.0,-9,2.2,5.4,8.3,15.2,17.4
20250118,108,1.6,1388,20,2.7,1358,25,4.4,1818,1.0,7.5,1340,-4.0,756,-7.8,-1.5,-11.2,54.1,27.0,1423,3.4,2.2,1.5,-9.0,1013.0,1023.8,1027.0,249,1020.8,2320,2.3,7.9,9.9,-9.0,10.75,1.91,1200,-9.0,-9.0,-9.0,-9.0,-9,-9.0,-9,-9.0,-9,-9.0,-9,-9.0,-9,2.1,5.3,8.3,15.1,17.3
20250119,108,1.8,1574,20,3.2,1428,18,4.9,1457,3.8,9.0,1418,-1.2,148,-2.3,0.5,-8.7,65.0,47.0,1313,5.3,1.5,1.1,-9.0,1006.3,1016.9,1020.9,1,1014.4,1521,7.4,3.7,10.0,-9.0,7.93,1.86,1200,-9.0,0.0,-9.0,-9.0,-9,-9.0,-9,-9.0,-9,-9.0,-9,-9.0,-9,2.2,5.3,8.1,15.0,17.3
20250120,108,1.7,1508,20,3.0,1017,18,4.8,1337,3.9,7.5,1447,0.9,2346,-0.6,1.0,-7.0,73.1,52.0,1543,5.8,1.5,1.0,-9.0,1005.6,1016.2,1019.3,2340,1014.3,434,4.8,3.8,10.0,-9.0,7.55,1.64,1300,0.0,-9.0,0.17,-9.0,-9,-9.0,-9,-9.0,-9,-9.0,-9,-9.0,-9,2.2,5.2,8.1,14.9,17.3
20250121,108,1.6,1345,23,3.0,1434,27,4.7,1407,2.4,6.3,1400,-1.0,809,-0.8,0.3,-7.8,79.8,65.0,1450,5.8,1.4,1.0,-9.0,1011.1,1021.9,1023.3,2216,1019.3,1,2.3,6.4,10.0,-9.0,8.9,1.7,1200,-9.0,-9.0,-9.0,-9.0,-9,-9.0,-9,-9.0,-9,-9.0,-9,-9.0,-9,2.1,5.1,8.0,14.8,17.2
20250122,108,1.9,1662,23,3.6,1349,27,6.1,1419,3.6,7.7,1529,0.5,2353,-1.6,1.2,-7.6,70.3,39.0,1410,5.5,1.9,1.3,-9.0,1013.0,1023.8,1025.0,2353,1022.7,406,3.4,5.5,10.0,-9.0,9.42,1.94,1200,-9.0,-9.0,-9.0,-9.0,-9,-9.0,-9,-9.0,-9,-9.0,-9,-9.0,-9,2.1,5.1,7.9,14.8,17.2
20250123,108,1.6,1366,32,3.3,1634,34,5.4,1422,2.0,7.7,1526,-2.4,710,-7.2,0.8,-9.4,54.3,24.0,1533,3.6,2.8,1.9,-9.0,1014.0,1024.9,1026.2,853,1023.2,1525,0.0,9.3,10.1,-9.0,13.06,2.14,1200,-9.0,-9.0,-9.0,-9.0,-9,-9.0,-9,-9.0,-9,-9.0,-9,-9.0,-9,2.1,5.0,7.8,14.7,17.1
20250124,108,1.5,1326,32,3.0,1807,32,4.6,1742,3.1,10.6,1542,-2.7,815,-8.1,0.6,-9.6,45.9,24.0,1656,3.3,3.1,2.1,-9.0,1015.4,1026.2,1027.5,1027,1024.2,1507,0.0,9.4,10.1,-9.0,12.68,2.14,1200,-9.0,-9.0,-9.0,-9.0,-9,-9.0,-9,-9.0,-9,-9.0,-9,-9.0,-9,2.1,5.0,7.7,14.6,17.1
20250125,108,3.1,2661,5,5.0,2243,5,8.9,2308,5.2,11.4,1404,1.2,536,-3.9,0.6,-5.9,52.8,35.0,1421,4.6,3.3,2.3,-9.0,1017.8,1028.5,1030.3,1009,1026.5,1520,1.1,7.7,10.1,-9.0,11.67,2.2,1200,-9.0,-9.0,-9.0,-9.0,-9,-9.0,-9,-9.0,-9,-9.0,-9,-9.0,-9,2.1,4.9,7.7,14.5,17.0
20250126,108,2.8,2431,5,5.0,643,5,7.8,640,4.6,7.5,1330,1.8,619,-4.9,0.5,-3.2,50.5,38.0,1335,4.3,2.0,1.4,-9.0,1014.0,1024.7,1030.3,240,1018.5,2346,8.0,1.9,10.2,-9.0,6.98,1.5,1100,-9.0,4.2,-9.0,-9.0,-9,-9.0,-9,-9.0,-9,-9.0,-9,-9.0,-9,2.1,4.9,7.6,14.4,17.0
20250127,108,3.5,3024,23,6.8,1114,18,13.1,1421,0.2,5.1,1,-2.7,2357,-3.3,-0.2,-2.2,77.9,54.0,1409,4.9,1.2,0.8,-9.0,1003.7,1014.5,1018.5,1,1012.7,1449,9.3,1.2,10.2,-9.0,4.89,1.43,1300,5.6,1.5,22.35,-9.0,-9,-9.0,-9,-9.0,-9,2.6,2345,2.6,2345,2.1,4.9,7.5,14.3,16.9
20250128,108,4.0,3471,29,7.3,1517,29,15.2,1508,-3.9,-2.5,1457,-5.3,2331,-8.3,-0.5,-4.9,71.3,58.0,1501,3.3,1.0,0.7,-9.0,1004.8,1015.8,1020.9,2344,1012.6,534,8.4,0.6,10.2,-9.0,5.74,0.93,1000,0.1,0.2,22.58,-9.0,-9,-9.0,-9,-9.0,-9,0.4,455,2.8,330,2.1,4.8,7.5,14.3,16.9
20250129,108,3.1,2709,25,5.6,1409,27,10.3,1408,-4.6,-1.3,1351,-6.4,823,-10.1,-1.1,-8.0,66.1,43.0,1609,2.9,1.7,1.2,-9.0,1013.5,1024.5,1026.8,2304,1020.8,2,4.3,6.7,10.3,-9.0,12.35,2.51,1300,0.2,0.0,11.75,-9.0,-9,-9.0,-9,-9.0,-9,1.0,445,2.9,445,2.1,4.8,7.4,14.2,16.8
20250130,108,1.6,1410,27,3.2,1304,29,6.0,339,-3.8,-1.0,1240,-7.5,746,-14.0,-1.7,-9.4,46.6,29.0,1553,2.1,1.5,1.1,-9.0,1016.9,1028.0,1029.3,1052,1026.7,1,6.6,2.7,10.3,-9.0,8.01,1.72,1200,-9.0,0.1,-9.0,-9.0,-9,-9.0,-9,-9.0,-9,-9.0,-9,0.4,1,2.1,4.8,7.4,14.1,16.8
20250131,108,2.1,1808,5,4.0,1109,5,5.9,1105,-0.8,0.7,2317,-2.6,647,-4.0,-0.8,-4.6,80.1,40.0,48,4.7,0.5,0.3,-9.0,1015.4,1026.4,1028.3,1047,1024.8,1527,9.4,0.0,10.3,-9.0,1.83,0.32,1100,2.4,2.3,17.92,-9.0,-9,-9.0,-9,-9.0,-9,2.9,1955,2.9,1955,2.1,4.8,7.3,14.0,16.7
20250201,108,1.6,1356,7,2.9,1056,5,4.7,1107,1.6,7.9,1558,-2.0,645,-2.7,-0.6,-7.3,74.3,51.0,1646,5.0,1.9,1.3,-9.0,1010.7,1021.4,1025.2,8,1018.7,1518,4.3,7.3,10.3,-9.0,11.15,2.12,1300,-9.0,-9.0,-9.0,-9.0,-9,-9.0,-9,-9.0,-9,-9.0,-9,2.8,1,2.1,4.7,7.3,14.0,16.7
20250202,108,2.0,1739,25,4.4,1757,27,6.4,1753,1.5,6.8,1537,-2.5,808,-4.2,0.2,-8.1,67.1,41.0,1457,4.5,2.4,1.7,-9.0,1007.6,1018.4,1021.0,308,1016.3,1502,3.5,7.8,10.4,-9.0,12.04,2.06,1200,0.0,0.0,0.08,-9.0,-9,-9.0,-9,-9.0,-9,-9.0,-9,-9.0,-9,2.1,4.7,7.3,13.9,16.6
20250203,108,4.2,3620,27,8.0,1649,25,14.4,1649,-4.1,0.6,1,-8.2,2327,-13.5,-0.7,-10.3,48.8,28.0,1544,2.2,2.4,1.7,-9.0,1009.0,1020.0,1022.1,2140,1017.4,4,0.0,9.6,10.4,-9.0,15.08,2.43,1200,-9.0,-9.0,-9.0,-9.0,-9,-9.0,-9,-9.0,-9,-9.0,-9,-9.0,-9,2.1,4.7,7.2,13.8,16.6
20250204,108,3.7,3221,29,6.3,1347,29,11.6,1347,-9.0,-5.3,1508,-11.5,753,-17.4,-3.9,-13.1,50.8,37.0,1447,1.6,1.8,1.2,-9.0,1008.4,1019.6,1021.8,3,1017.6,1711,0.0,9.7,10.4,-9.0,15.63,2.47,1200,-9.0,-9.0,-9.0,-9.0,-9,-9.0,-9,-9.0,-9,-9.0,-9,-9.0,-9,2.1,4.7,7.2,13.7,16.5
20250205,108,3.2,2792,29,6.7,1621,29,12.1,1258,-8.6,-3.7,1454,-11.8,440,-17.7,-4.0,-15.7,49.1,32.0,1251,1.5,1.8,1.2,-9.0,1007.8,1019.0,1022.2,2249,1016.5,1454,2.0,6.8,10.5,-9.0,12.04,2.41,1300,-9.0,-9.0,-9.0,-9.0,-9,-9.0,-9,-9.0,-9,-9.0,-9,-9.0,-9,2.0,4.6,7.1,13.7,16.5
20250206,108,1.7,1433,23,5.0,1524,23,9.0,1516,-5.6,-0.2,1332,-11.5,358,-12.5,-3.4,-17.4,59.9,32.0,1144,2.5,1.6,1.1,-9.0,1009.5,1020.6,1023.8,833,1018.0,1511,3.1,5.9,10.5,-9.0,11.43,2.4,1200,2.3,2.7,2.75,-9.0,-9,-9.0,-9,-9.0,-9,3.3,1655,3.3,1655,1.9,4.6,7.1,13.6,16.4
20250207,108,3.9,3405,27,7.6,1015,27,15.6,1015,-8.0,-4.7,310,-10.7,2243,-14.6,-2.4,-13.1,60.1,41.0,1513,2.1,1.7,1.2,-9.0,1010.1,1021.3,1027.3,2358,1015.8,547,3.5,7.6,10.6,-9.0,14.93,2.63,1200,0.4,0.0,6.17,-9.0,-9,-9.0,-9,-9.0,-9,0.7,755,2.8,655,1.9,4.5,7.1,13.5,16.4
20250208,108,2.8,2448,27,4.2,41,27,7.8,610,-7.9,-3.4,1617,-11.5,555,-15.5,-3.6,-14.4,54.5,43.0,1426,1.9,1.8,1.2,-9.0,1017.2,1028.4,1029.9,949,1027.2,1,0.0,9.6,10.6,-9.0,16.12,2.52,1200,-9.0,-9.0,-9.0,-9.0,-9,-9.0,-9,-9.0,-9,-9.0,-9,1.5,1,1.8,4.5,7.0,13.5,16.3
20250209,108,2.2,1885,23,4.3,1610,25,7.3,1332,-4.7,1.7,1513,-9.6,716,-10.8,-1.9,-15.2,63.8,38.0,1535,2.7,2.2,1.5,-9.0,1015.9,1027.0,1029.1,7,1024.7,1542,0.3,9.4,10.6,-9.0,15.96,2.53,1200,-9.0,-9.0,-9.0,-9.0,-9,-9.0,-9,-9.0,-9,-9.0,-9,0.7,1,1.7,4.4,6.9,13.4,16.3
20250210,108,2.1,1811,25,4.7,1452,20,8.6,1559,-2.6,2.6,1554,-7.5,710,-9.2,-1.2,-13.1,61.0,44.0,1121,3.1,2.0,1.4,-9.0,1015.7,1026.7,1028.3,2400,1024.9,1514,1.3,7.2,10.7,-9.0,13.55,2.14,1200,0.0,0.0,1.58,-9.0,-9,-9.0,-9,-9.0,-9,-9.0,-9,-9.0,-9,1.7,4.4,6.9,13.3,16.2
20250211,108,2.0,1767,5,3.7,2250,11,5.9,1157,0.5,7.0,1459,-5.7,710,-6.9,0.2,-11.9,59.8,38.0,1628,3.7,2.6,1.8,-9.0,1016.6,1027.5,1031.4,910,1022.6,2348,2.1,9.4,10.7,-9.0,14.77,2.36,1200,-9.0,1.3,-9.0,-9.0,-9,-9.0,-9,-9.0,-9,-9.0,-9,-9.0,-9,1.7,4.3,6.8,13.3,16.2
20250212,108,2.6,2208,29,6.2,2009,32,11.9,2008,0.5,2.5,1551,-2.9,2346,-3.5,-0.3,-6.3,75.8,47.0,1,4.9,0.8,0.6,-9.0,1006.3,1017.1,1023.6,9,1011.2,1527,7.5,0.0,10.7,-9.0,1.28,0.2,1000,2.5,1.2,12.5,-9.0,-9,-9.0,-9,-9.0,-9,2.1,1015,2.1,1015,1.7,4.3,6.8,13.2,16.2
20250213,108,2.2,1881,25,5.3,1636,27,9.4,1717,0.2,6.1,1511,-5.8,643,-8.4,0.3,-11.9,53.1,32.0,1129,3.3,2.9,2.0,-9.0,1012.2,1023.0,1024.9,816,1021.1,1555,0.0,9.6,10.8,-9.0,16.5,2.56,1200,-9.0,-9.0,-9.0,-9.0,-9,-9.0,-9,-9.0,-9,-9.0,-9,0.5,1,1.6,4.2,6.7,13.2,16.1
20250214,108,1.9,1612,25,4.1,1606,20,7.6,1604,3.7,10.1,1517,-1.6,746,-2.5,1.6,-7.3,67.4,32.0,1651,5.2,2.8,2.0,-9.0,1010.6,1021.3,1023.0,114,1019.5,1518,1.5,9.5,10.8,-9.0,14.75,2.39,1200,-9.0,-9.0,-9.0,-9.0,-9,-9.0,-9,-9.0,-9,-9.0,-9,-9.0,-9,1.6,4.2,6.6,13.1,16.1
20250215,108,1.6,1421,20,3.5,1404,18,5.7,1402,4.1,7.8,1459,0.4,701,0.1,1.6,-6.5,76.5,57.0,1514,6.2,1.5,1.0,-9.0,1006.9,1017.5,1021.1,41,1014.9,1745,5.4,0.9,10.8,-9.0,7.95,1.32,1400,-9.0,-9.0,-9.0,-9.0,-9,-9.0,-9,-9.0,-9,-9.0,-9,-9.0,-9,1.6,4.1,6.6,13.0,16.0
20250216,108,2.5,2127,27,5.0,2034,29,9.2,2144,4.3,9.7,1351,0.4,2359,0.2,1.3,-5.3,75.6,52.0,2354,6.4,2.3,1.6,-9.0,1005.3,1016.0,1019.2,2358,1013.2,1526,5.0,3.4,10.9,-9.0,9.32,1.77,1300,-9.0,-9.0,-9.0,-9.0,-9,-9.0,-9,-9.0,-9,-9.0,-9,-9.0,-9,1.6,4.1,6.5,13.0,16.0
20250217,108,3.6,3119,32,6.1,2043,27,11.3,356,-0.3,3.5,1530,-3.4,2357,-12.8,1.7,-7.4,39.1,27.0,1317,2.3,3.5,2.5,-9.0,1012.8,1023.7,1025.6,2219,1019.2,1,0.3,9.9,10.9,-9.0,17.57,2.67,1200,-9.0,-9.0,-9.0,-9.0,-9,-9.0,-9,-9.0,-9,-9.0,-9,-9.0,-9,1.6,4.1,6.5,12.9,15.9
20250218,108,3.4,2925,29,6.6,1558,27,12.0,1325,-2.3,2.6,1505,-5.2,738,-14.4,0.4,-9.2,40.3,21.0,1416,2.0,3.4,2.4,-9.0,1015.1,1026.1,1027.7,834,1023.6,1624,0.0,9.9,10.9,-9.0,17.73,2.65,1200,-9.0,-9.0,-9.0,-9.0,-9,-9.0,-9,-9.0,-9,-9.0,-9,-9.0,-9,1.6,4.0,6.4,12.8,15.9
20250219,108,3.0,2621,27,5.2,1428,27,9.5,1616,-3.0,1.2,1523,-5.8,357,-13.7,0.1,-11.3,44.8,28.0,1606,2.1,2.9,2.0,-9.0,1017.3,1028.3,1030.1,2141,1027.0,354,0.0,10.0,11.0,-9.0,17.9,2.69,1200,-9.0,-9.0,-9.0,-9.0,-9,-9.0,-9,-9.0,-9,-9.0,-9,-9.0,-9,1.6,4.0,6.4,12.8,15.8
20250220,108,2.7,2354,29,5.6,1249,25,9.3,1830,-2.9,1.9,1605,-6.5,634,-14.1,-0.1,-13.3,43.3,28.0,1718,2.1,3.1,2.2,-9.0,1018.7,1029.8,1031.4,948,1027.8,1503,0.0,10.0,11.0,-9.0,18.07,2.77,1200,-9.0,-9.0,-9.0,-9.0,-9,-9.0,-9,-9.0,-9,-9.0,-9,-9.0,-9,1.6,4.0,6.4,12.7,15.8
20250221,108,2.7,2366,27,5.4,1749,29,9.7,2151,-2.5,2.6,1418,-6.4,502,-13.2,0.1,-12.9,45.3,25.0,1745,2.2,3.1,2.2,-9.0,1019.4,1030.4,1031.6,832,1028.8,1542,0.3,10.1,11.1,-9.0,17.73,2.71,1200,-9.0,-9.0,-9.0,-9.0,-9,-9.0,-9,-9.0,-9,-9.0,-9,-9.0,-9,1.6,4.0,6.3,12.7,15.7
20250222,108,2.7,2351,32,5.1,2237,20,9.5,1315,-2.3,2.7,1355,-5.6,434,-12.0,0.4,-12.0,49.1,30.0,1229,2.5,3.0,2.1,-9.0,1020.9,1032.0,1033.6,840,1030.2,1603,0.0,10.2,11.1,-9.0,18.11,2.76,1200,-9.0,-9.0,-9.0,-9.0,-9,-9.0,-9,-9.0,-9,-9.0,-9,-9.0,-9,1.6,4.0,6.3,12.6,15.7
20250223,108,3.0,2574,29,5.8,1419,23,11.3,1341,-3.6,0.5,1529,-6.5,502,-14.0,-0.2,-13.1,45.4,29.0,1504,2.1,2.9,2.0,-9.0,1019.7,1030.8,1032.5,138,1028.3,1527,0.3,10.1,11.1,-9.0,18.35,2.76,1200,-9.0,-9.0,-9.0,-9.0,-9,-9.0,-9,-9.0,-9,-9.0,-9,-9.0,-9,1.6,3.9,6.3,12.6,15.7
20250224,108,2.3,1993,32,5.5,1338,34,8.8,1331,-1.3,4.7,1554,-6.3,407,-10.9,0.6,-12.5,49.8,28.0,1502,2.7,3.1,2.1,-9.0,1020.0,1031.0,1032.6,932,1029.7,1622,0.0,10.3,11.2,-9.0,18.74,2.78,1200,-9.0,-9.0,-9.0,-9.0,-9,-9.0,-9,-9.0,-9,-9.0,-9,-9.0,-9,1.6,3.9,6.2,12.5,15.6
20250225,108,2.9,2481,23,5.7,1355,27,11.5,1257,2.1,6.1,1251,-3.1,728,-2.4,-0.3,-10.3,72.6,52.0,1207,5.2,2.1,1.4,-9.0,1015.2,1026.0,1030.8,47,1022.6,1705,4.8,5.4,11.2,-9.0,11.46,2.08,1000,-9.0,-9.0,-9.0,-9.0,-9,-9.0,-9,-9.0,-9,-9.0,-9,-9.0,-9,1.6,3.9,6.2,12.4,15.6
20250226,108,2.6,2212,25,5.8,1555,29,10.2,1459,3.7,9.1,1527,0.7,2326,-8.0,3.1,-8.9,49.4,17.0,1306,3.8,4.4,3.1,-9.0,1012.9,1023.6,1025.7,1012,1022.2,337,1.4,9.6,11.3,-9.0,18.43,2.84,1200,-9.0,-9.0,-9.0,-9.0,-9,-9.0,-9,-9.0,-9,-9.0,-9,-9.0,-9,1.6,3.9,6.2,12.4,15.5
20250227,108,1.9,1609,23,4.4,1513,16,7.8,1511,5.8,14.2,1454,-2.0,717,-11.9,3.2,-9.0,29.4,12.0,1459,2.5,5.3,3.7,-9.0,1010.8,1021.4,1024.9,835,1018.0,1753,2.0,10.0,11.3,-9.0,18.29,2.76,1200,-9.0,-9.0,-9.0,-9.0,-9,-9.0,-9,-9.0,-9,-9.0,-9,-9.0,-9,1.6,3.9,6.1,12.3,15.5
20250228,108,1.5,1267,18,3.3,1106,18,5.3,1426,7.8,13.7,1539,3.7,604,-1.7,2.8,-5.1,52.4,27.0,35,5.7,2.5,1.8,-9.0,1009.4,1019.9,1021.3,1153,1018.8,655,3.9,3.4,11.3,-9.0,10.43,2.35,1300,-9.0,-9.0,-9.0,-9.0,-9,-9.0,-9,-9.0,-9,-9.0,-9,-9.0,-9,1.7,3.9,6.1,12.3,15.4
20250301,108,2.0,1719,5,3.8,919,5,6.1,918,8.5,13.0,1213,3.4,552,2.7,1.7,-4.9,68.5,48.0,1208,7.5,2.0,1.4,-9.0,1006.9,1017.4,1020.7,202,1013.4,1524,7.4,1.7,11.4,-9.0,7.53,2.3,1100,0.6,0.6,1.5,-9.0,-9,-9.0,-9,-9.0,-9,-9.0,-9,-9.0,-9,1.7,3.9,6.1,12.2,15.4
20250302,108,3.7,3233,5,7.8,2345,5,13.3,2341,8.3,15.6,1310,2.2,2349,2.1,3.9,0.3,68.0,29.0,1324,7.1,2.3,1.6,-9.0,1005.1,1015.5,1017.9,2325,1012.5,1306,9.8,0.4,11.4,-9.0,5.25,1.8,1200,11.8,22.2,9.42,-9.0,-9,-9.0,-9,-9.0,-9,-9.0,-9,-9.0,-9,1.8,3.9,6.1,12.2,15.4
20250303,108,6.3,5412,5,8.7,1508,5,16.0,1939,3.1,7.1,1311,1.0,633,-3.5,3.4,-0.3,63.5,47.0,1352,4.8,3.9,2.7,-9.0,1011.2,1021.9,1024.9,2356,1016.5,109,7.5,6.6,11.5,-9.0,16.28,2.81,1200,10.4,0.0,7.33,-9.0,-9,-9.0,-9,-9.0,-9,1.1,655,1.1,655,2.0,3.9,6.1,12.1,15.3
20250304,108,4.5,3913,7,6.7,756,5,13.9,609,2.5,3.4,1707,0.9,1018,-2.9,-0.1,-0.1,68.3,54.0,1,5.0,1.4,1.0,-9.0,1010.6,1021.4,1025.3,18,1018.2,1820,9.3,0.6,11.5,-9.0,5.68,1.22,1300,4.0,4.0,8.75,-9.0,-9,-9.0,-9,-9.0,-9,3.4,1255,3.4,1255,2.4,3.9,6.1,12.1,15.3
20250305,108,2.2,1884,5,3.6,16,2,5.6,13,4.8,9.2,1605,2.3,707,-1.6,4.0,-2.2,63.3,48.0,1719,5.4,1.9,1.4,-9.0,1011.4,1022.1,1024.0,2230,1020.1,342,6.6,1.6,11.5,-9.0,9.18,1.47,1400,0.0,-9.0,0.5,-9.0,-9,-9.0,-9,-9.0,-9,-9.0,-9,-9.0,-9,2.5,4.0,6.1,12.0,15.2
20250306,108,2.3,2029,27,4.3,1540,29,7.9,1306,4.8,10.4,1547,-0.4,721,-4.0,4.8,-7.7,55.1,36.0,1353,4.6,4.2,3.0,-9.0,1014.6,1025.3,1027.7,2320,1023.5,1601,0.4,10.5,11.6,-9.0,19.3,2.76,1200,-9.0,-9.0,-9.0,-9.0,-9,-9.0,-9,-9.0,-9,-9.0,-9,-9.0,-9,3.0,4.1,6.1,12.0,15.2
20250307,108,1.8,1556,29,3.9,1720,25,6.5,1627,5.3,11.1,1519,0.0,706,-4.9,4.1,-7.4,49.3,32.0,1425,4.3,3.3,2.3,-9.0,1015.9,1026.6,1029.1,757,1024.8,1520,5.5,8.6,11.6,-9.0,15.35,2.33,1100,-9.0,-9.0,-9.0,-9.0,-9,-9.0,-9,-9.0,-9,-9.0,-9,-9.0,-9,3.6,4.2,6.1,11.9,15.1
20250308,108,2.2,1908,27,5.0,1622,20,9.0,1525,5.8,11.2,1440,2.8,732,-3.4,6.4,-3.9,55.0,22.0,1511,4.9,3.9,2.7,-9.0,1015.0,1025.6,1028.1,2339,1023.8,1414,3.5,9.0,11.7,-9.0,17.83,2.86,1200,-9.0,-9.0,-9.0,-9.0,-9,-9.0,-9,-9.0,-9,-9.0,-9,-9.0,-9,4.0,4.4,6.2,11.9,15.1
20250309,108,1.7,1508,25,3.7,1507,25,5.9,1558,6.9,13.5,1636,1.2,717,0.6,6.3,-6.3,67.3,33.0,1626,6.4,4.0,2.8,-9.0,1018.5,1029.1,1031.5,921,1027.1,1735,0.1,10.4,11.7,-9.0,19.37,2.81,1200,-9.0,-9.0,-9.0,-9.0,-9,-9.0,-9,-9.0,-9,-9.0,-9,-9.0,-9,4.5,4.7,6.2,11.9,15.1
20250310,108,2.1,1775,20,4.6,1400,18,7.8,1532,8.0,14.9,1503,2.4,544,-0.1,7.4,-5.1,59.8,29.0,1440,6.1,4.5,3.1,-9.0,1014.9,1025.4,1028.9,56,1022.7,1657,0.8,10.5,11.7,-9.0,19.27,2.77,1200,-9.0,-9.0,-9.0,-9.0,-9,-9.0,-9,-9.0,-9,-9.0,-9,-9.0,-9,5.0,4.9,6.3,11.8,15.0
20250311,108,1.8,1532,25,4.2,1748,25,6.5,1741,9.4,16.6,1532,2.9,655,1.0,8.9,-5.1,58.0,36.0,1445,6.6,4.6,3.2,-9.0,1009.6,1020.0,1023.3,6,1016.3,1653,2.6,10.2,11.8,-9.0,19.89,2.91,1200,-9.0,-9.0,-9.0,-9.0,-9,-9.0,-9,-9.0,-9,-9.0,-9,-9.0,-9,5.5,5.2,6.4,11.8,15.0
20250312,108,2.1,1848,23,4.5,1607,20,7.9,1605,8.5,11.8,1315,6.7,548,3.5,7.5,-0.4,72.3,49.0,1209,7.9,1.7,1.2,-9.0,1005.7,1016.1,1019.3,2330,1014.0,1411,8.4,0.1,11.8,-9.0,5.68,1.24,1100,0.0,0.0,1.08,-9.0,-9,-9.0,-9,-9.0,-9,-9.0,-9,-9.0,-9,6.1,5.5,6.5,11.7,15.0
20250313,108,2.4,2087,29,4.8,1543,29,7.4,1402,8.9,15.0,1632,3.2,703,-1.7,9.2,-4.6,54.6,22.0,1430,5.6,5.1,3.6,-9.0,1011.6,1022.1,1025.0,2317,1019.2,34,5.3,10.5,11.8,-9.0,18.93,2.83,1300,-9.0,-9.0,-9.0,-9.0,-9,-9.0,-9,-9.0,-9,-9.0,-9,-9.0,-9,6.3,5.8,6.6,11.7,15.3
20250314,108,1.8,1522,7,3.9,1001,2,7.6,1026,12.4,20.1,1515,5.0,703,-4.9,10.5,-3.7,31.4,17.0,1358,4.3,7.1,5.0,-9.0,1013.9,1024.3,1026.6,731,1022.6,1527,3.0,9.7,11.9,-9.0,20.11,2.92,1200,-9.0,-9.0,-9.0,-9.0,-9,-9.0,-9,-9.0,-9,-9.0,-9,-9.0,-9,6.6,6.0,6.8,11.7,15.3
20250315,108,2.8,2442,7,5.1,946,7,9.1,940,12.6,17.2,1437,10.0,709,-1.6,12.0,6.5,39.1,24.0,1501,5.5,5.4,3.8,-9.0,1010.1,1020.4,1023.5,823,1017.2,1813,7.9,6.3,11.9,-9.0,16.89,2.88,1300,0.0,0.6,0.75,-9.0,-9,-9.0,-9,-9.0,-9,-9.0,-9,-9.0,-9,7.2,6.3,6.9,11.6,15.2
20250316,108,3.6,3106,29,6.4,1522,29,11.6,1834,4.9,10.1,1,1.3,2331,-3.7,7.1,-1.6,56.3,27.0,1642,5.0,3.0,2.1,-9.0,1002.8,1013.3,1017.7,1,1010.6,1527,6.6,3.9,12.0,-9.0,9.76,1.87,1400,0.8,0.2,9.0,-9.0,-9,-9.0,-9,-9.0,-9,-9.0,-9,-9.0,-9,7.8,6.6,7.1,11.6,15.2
20250317,108,2.9,2524,20,5.2,1556,25,9.6,56,2.5,6.8,1350,-1.3,631,-8.7,5.1,-7.3,46.0,21.0,1211,3.3,3.7,2.6,-9.0,1005.5,1016.2,1018.6,923,1013.8,2321,5.1,9.5,12.0,-9.0,19.33,2.84,1300,0.4,10.3,3.92,-9.0,-9,-9.0,-9,-9.0,-9,0.3,2355,0.3,2355,7.3,6.9,7.3,11.6,15.1
20250318,108,2.8,2451,36,6.4,1534,2,12.5,1539,2.1,5.6,1636,0.3,711,-3.1,2.8,-2.1,70.6,49.0,1535,5.0,2.1,1.5,-9.0,1004.3,1015.0,1022.1,2343,1009.8,540,7.9,3.8,12.1,-9.0,10.7,2.14,1300,9.9,0.0,12.92,-9.0,-9,-9.0,-9,-9.0,-9,8.7,755,8.9,755,7.0,7.0,7.5,11.6,15.1
20250319,108,2.4,2045,25,4.8,1736,25,9.6,1735,2.4,7.3,1459,-1.9,543,-7.8,4.3,-8.1,49.5,26.0,1156,3.5,4.3,3.0,-9.0,1012.6,1023.3,1025.0,1023,1022.0,1,1.0,11.3,12.1,-9.0,22.71,3.18,1200,-9.0,-9.0,-9.0,-9.0,-9,-9.0,-9,-9.0,-9,-9.0,-9,-9.0,-9,6.2,7.1,7.6,11.5,15.1
20250320,108,2.7,2347,23,6.2,1543,25,11.1,1533,8.2,15.0,1448,2.2,1,1.2,8.7,-1.3,62.8,41.0,1528,6.8,4.2,3.0,-9.0,1007.0,1017.4,1023.4,1,1013.6,1647,3.3,7.3,12.1,-9.0,18.04,2.99,1200,-9.0,-9.0,-9.0,-9.0,-9,-9.0,-9,-9.0,-9,-9.0,-9,-9.0,-9,6.2,7.0,7.7,11.5,15.0
20250321,108,2.9,2493,25,5.0,1606,25,8.4,1557,11.6,18.7,1555,7.9,125,3.7,12.0,2.2,61.3,34.0,1556,8.0,5.5,3.8,-9.0,1001.0,1011.3,1014.4,9,1008.2,1616,2.4,9.5,12.2,-9.0,20.44,2.96,1200,-9.0,-9.0,-9.0,-9.0,-9,-9.0,-9,-9.0,-9,-9.0,-9,-9.0,-9,6.9,7.0,7.8,11.5,15.0
20250322,108,2.7,2331,25,6.2,1525,20,10.9,1537,12.8,19.9,1504,6.1,645,2.9,12.1,-0.6,53.8,26.0,1532,7.6,6.3,4.4,-9.0,998.9,1009.1,1011.3,1,1006.9,1635,0.0,11.1,12.2,-9.0,21.44,3.01,1200,-9.0,-9.0,-9.0,-9.0,-9,-9.0,-9,-9.0,-9,-9.0,-9,-9.0,-9,7.9,7.1,7.8,11.5,15.0
20250323,108,1.9,1643,23,4.8,1646,23,8.8,1639,15.2,24.0,1427,7.1,615,3.6,13.4,-0.6,49.0,25.0,1415,7.9,6.0,4.2,-9.0,998.6,1008.7,1011.8,934,1006.4,2359,4.0,8.9,12.3,-9.0,19.96,3.04,1200,-9.0,0.0,-9.0,-9.0,-9,-9.0,-9,-9.0,-9,-9.0,-9,-9.0,-9,8.5,7.4,7.9,11.5,14.9
20250324,108,3.0,2586,27,5.8,1436,27,9.9,1426,15.5,21.3,1349,11.7,2324,6.3,14.5,4.8,56.1,39.0,542,9.7,5.3,3.7,-9.0,992.5,1002.6,1006.4,1,999.6,1508,6.1,7.6,12.3,-9.0,18.71,2.85,1200,0.0,-9.0,0.67,-9.0,-9,-9.0,-9,-9.0,-9,-9.0,-9,-9.0,-9,9.2,7.7,8.1,11.5,14.9
20250325,108,3.3,2853,23,7.9,1444,18,16.2,1354,12.7,21.4,1353,8.4,2353,5.5,12.7,3.8,63.5,32.0,1353,9.1,4.3,3.0,-9.0,990.0,1000.1,1004.5,2354,993.5,1347,5.1,3.9,12.3,-9.0,13.63,2.44,1300,-9.0,-9.0,-9.0,-9.0,-9,-9.0,-9,-9.0,-9,-9.0,-9,-9.0,-9,10.0,8.1,8.2,11.5,14.9
20250326,108,2.2,1859,7,4.4,1022,11,7.1,1047,15.5,23.9,1639,6.0,535,2.3,14.0,-0.8,46.4,20.0,1630,7.2,5.7,4.0,-9.0,992.9,1002.9,1008.1,732,998.2,1942,3.4,10.0,12.4,-9.0,20.83,3.03,1200,-9.0,0.2,-9.0,-9.0,-9,-9.0,-9,-9.0,-9,-9.0,-9,-9.0,-9,10.1,8.5,8.4,11.5,14.8
20250327,108,3.2,2745,29,7.1,1740,32,12.0,1906,13.7,18.6,11,7.1,2359,6.8,14.0,4.7,65.1,30.0,1656,10.3,3.2,2.3,-9.0,991.3,1001.4,1008.1,2359,997.3,517,8.9,1.9,12.4,-9.0,8.16,1.83,1400,0.3,0.1,4.83,-9.0,-9,-9.0,-9,-9.0,-9,-9.0,-9,-9.0,-9,10.5,8.8,8.6,11.5,14.8
20250328,108,3.7,3200,32,7.4,1613,34,12.1,1608,6.5,11.8,1335,3.1,2358,-6.6,9.8,-5.6,41.6,16.0,1552,3.9,5.8,4.1,-9.0,1003.5,1014.0,1020.4,2348,1007.8,5,2.9,7.8,12.5,-9.0,21.46,3.36,1200,-9.0,-9.0,-9.0,-9.0,-9,-9.0,-9,-9.0,-9,-9.0,-9,-9.0,-9,10.7,9.1,8.8,11.5,14.8
20250329,108,3.6,3084,29,8.7,1550,27,14.9,1549,3.3,6.7,1502,0.6,629,-9.4,6.2,-7.7,40.8,18.0,1550,3.2,3.8,2.7,-9.0,1011.3,1022.0,1026.8,2309,1019.8,1454,2.9,7.3,12.5,-9.0,15.68,2.46,1500,0.0,0.0,2.25,-9.0,-9,-9.0,-9,-9.0,-9,-9.0,-9,-9.0,-9,10.2,9.3,9.0,11.5,14.8
20250330,108,2.8,2431,25,6.2,1215,25,11.0,1206,3.3,7.6,1704,-1.8,649,-6.1,4.3,-9.7,51.1,28.0,1810,4.0,3.0,2.1,-9.0,1016.7,1027.4,1029.3,940,1025.2,1827,2.9,7.1,12.5,-9.0,14.39,2.18,900,0.0,0.0,4.67,-9.0,-9,-9.0,-9,-9.0,-9,-9.0,-9,-9.0,-9,9.2,9.4,9.2,11.5,14.7
20250331,108,2.2,1906,25,4.4,1741,20,9.7,1355,7.7,14.1,1542,1.2,612,-2.9,10.3,-5.6,50.5,21.0,1654,5.0,5.0,3.5,-9.0,1014.1,1024.7,1027.3,11,1022.0,1546,1.6,10.8,12.6,-9.0,23.15,3.2,1200,-9.0,-9.0,-9.0,-9.0,-9,-9.0,-9,-9.0,-9,-9.0,-9,-9.0,-9,8.5,9.3,9.3,11.5,14.7
20250401,108,1.8,1594,29,4.1,1635,27,7.7,1717,10.1,17.0,1444,3.9,638,-0.3,11.9,-3.2,53.0,23.0,1728,6.1,5.9,4.1,-9.0,1011.3,1021.7,1024.6,1,1019.1,1704,0.6,10.2,12.6,-9.0,22.77,3.19,1200,-9.0,-9.0,-9.0,-9.0,-9,-9.0,-9,-9.0,-9,-9.0,-9,-9.0,-9,8.8,9.1,9.4,11.5,14.7
20250402,108,2.4,2096,25,6.0,1600,25,13.2,1556,8.9,14.4,1157,5.2,558,-0.2,9.3,-2.7,55.4,23.0,1354,6.1,3.5,2.4,-9.0,1008.2,1018.6,1020.5,51,1016.7,1544,6.3,4.6,12.7,-9.0,12.07,2.31,1000,0.0,0.0,0.32,0.0,-9,0.0,-9,-9.0,-9,-9.0,-9,-9.0,-9,9.4,9.1,9.5,11.6,14.7
20250403,108,2.4,2084,25,5.5,1743,25,9.0,1705,9.8,16.9,1455,3.6,630,1.2,13.2,-3.1,58.6,29.0,1341,6.7,5.4,3.8,-9.0,1009.1,1019.5,1021.4,720,1017.5,1525,0.1,11.6,12.7,-9.0,23.81,3.28,1200,-9.0,-9.0,-9.0,-9.0,-9,-9.0,-9,-9.0,-9,-9.0,-9,-9.0,-9,9.4,9.2,9.5,11.6,14.6
20250404,108,2.2,1918,27,5.1,1450,25,8.7,1442,10.6,16.4,1407,6.0,630,1.1,13.7,-0.5,54.5,29.0,1405,6.7,5.7,4.0,-9.0,1008.4,1018.8,1021.1,800,1016.8,1602,2.1,10.4,12.7,-9.0,23.53,3.3,1200,-9.0,2.2,-9.0,-9.0,-9,-9.0,-9,-9.0,-9,-9.0,-9,-9.0,-9,9.8,9.3,9.6,11.6,14.6
20250405,108,1.9,1600,23,4.0,117,23,6.1,114,8.0,9.5,1,7.5,1646,5.7,8.4,5.9,86.1,57.0,7,9.2,0.8,0.6,-9.0,1001.1,1011.5,1017.7,107,1007.8,1724,10.0,0.0,12.8,-9.0,2.17,0.32,1200,22.8,20.6,18.22,4.3,916,1.1,1745,-9.0,-9,-9.0,-9,-9.0,-9,10.3,9.5,9.6,11.6,14.6
20250406,108,2.8,2419,25,5.1,1253,20,9.1,1659,10.3,15.7,1508,6.9,642,3.7,12.2,2.1,67.3,36.0,1336,8.1,5.3,3.7,-9.0,1004.0,1014.4,1017.1,2233,1010.8,1,3.1,9.6,12.8,-9.0,22.7,3.33,1200,0.0,-9.0,0.33,0.0,-9,0.0,-9,-9.0,-9,-9.0,-9,-9.0,-9,10.0,9.6,9.7,11.6,14.6
20250407,108,2.7,2357,18,6.9,1806,20,11.6,1805,13.5,20.1,1428,5.5,649,3.3,13.9,-2.0,54.5,27.0,1431,7.8,6.8,4.7,-9.0,1005.0,1015.3,1018.5,831,1011.9,2148,0.9,11.3,12.9,-9.0,23.67,3.24,1200,-9.0,-9.0,-9.0,-9.0,-9,-9.0,-9,-9.0,-9,-9.0,-9,-9.0,-9,10.5,9.7,9.8,11.7,14.6
20250408,108,3.1,2721,29,6.0,1308,25,11.7,147,13.8,18.9,1533,10.7,622,4.1,15.3,3.9,55.0,28.0,1230,8.3,6.6,4.6,-9.0,1002.9,1013.1,1014.6,1006,1011.6,1657,3.5,9.2,12.9,-9.0,23.34,3.35,1200,-9.0,-9.0,-9.0,-9.0,-9,-9.0,-9,-9.0,-9,-9.0,-9,-9.0,-9,11.1,9.9,9.9,11.7,14.6
20250409,108,2.0,1754,23,5.5,1435,23,8.9,1430,12.7,18.0,1313,8.4,628,2.4,12.1,2.1,51.6,30.0,1503,7.3,3.9,2.7,-9.0,1000.2,1010.4,1014.4,1,1006.6,1817,9.0,2.2,12.9,-9.0,12.49,2.62,1200,0.8,0.8,2.52,0.8,1839,0.5,1926,-9.0,-9,-9.0,-9,-9.0,-9,11.6,10.1,10.0,11.7,14.5
20250410,108,2.2,1908,27,5.5,1740,25,8.2,1726,13.2,19.1,1515,8.8,657,5.4,15.9,3.2,60.6,40.0,1438,9.0,5.5,3.8,-9.0,996.3,1006.5,1008.6,2357,1004.7,1511,2.0,9.7,13.0,-9.0,22.16,3.0,1400,0.0,0.0,3.42,0.0,-9,0.0,-9,-9.0,-9,-9.0,-9,-9.0,-9,11.6,10.4,10.1,11.7,14.5
20250411,108,2.0,1740,27,4.1,1546,27,7.0,1537,16.2,24.2,1453,8.1,617,5.2,17.2,1.3,51.8,25.0,1408,8.9,7.6,5.3,-9.0,999.4,1009.5,1011.2,825,1007.6,1613,1.9,11.8,13.0,-9.0,25.16,3.42,1200,-9.0,-9.0,-9.0,-9.0,-9,-9.0,-9,-9.0,-9,-9.0,-9,-9.0,-9,12.0,10.6,10.3,11.8,14.5
20250412,108,3.1,2685,27,7.9,2114,27,14.3,2111,12.9,22.5,1135,1.4,2329,5.7,12.1,0.1,66.5,26.0,1155,9.4,3.1,2.1,-9.0,995.1,1005.2,1010.4,1,1001.4,1637,9.5,1.5,13.1,-9.0,8.09,2.1,1000,15.4,18.5,11.17,4.2,2144,1.0,2151,-9.0,-9,0.2,2359,0.2,2359,12.6,10.8,10.4,11.8,14.5
20250413,108,4.2,3665,25,9.0,1403,27,21.5,1400,5.5,8.2,1002,1.1,45,0.4,6.5,0.1,71.1,47.0,1008,6.3,2.6,1.8,-9.0,988.8,999.2,1003.5,1,997.5,854,7.0,3.7,13.1,-9.0,12.47,2.64,1100,4.2,2.4,6.47,2.7,-2334,0.6,16,-9.0,-9,0.4,100,0.6,100,12.2,11.1,10.6,11.8,14.4
20250414,108,2.5,2192,18,5.9,36,29,11.5,244,4.4,6.0,1110,2.6,304,2.5,5.6,-0.9,87.4,65.0,2,7.3,1.2,0.8,-9.0,988.1,998.5,1002.9,2357,996.1,1434,7.3,0.3,13.1,-9.0,5.6,0.81,800,7.4,6.1,11.88,3.9,1117,2.0,1123,-9.0,-9,-9.0,-9,-9.0,-9,11.3,11.2,10.7,11.8,14.4
20250415,108,2.7,2361,25,6.2,1611,23,10.6,1324,8.2,14.0,1504,2.3,432,2.5,11.3,-3.8,70.3,39.0,1346,7.3,5.1,3.6,-9.0,995.5,1005.9,1009.1,2332,1002.9,1,2.1,12.1,13.2,-9.0,26.94,3.65,1200,-9.0,-9.0,-9.0,-9.0,-9,-9.0,-9,-9.0,-9,-9.0,-9,-9.0,-9,10.5,11.1,10.8,11.8,14.4
20250416,108,2.5,2181,20,6.0,1511,18,10.7,1502,14.6,21.9,1435,6.4,330,5.5,13.7,0.9,58.0,36.0,1524,9.1,5.9,4.1,-9.0,996.5,1006.7,1009.4,55,1004.4,1627,5.5,9.7,13.2,-9.0,22.26,3.16,1100,-9.0,-9.0,-9.0,-9.0,-9,-9.0,-9,-9.0,-9,-9.0,-9,-9.0,-9,10.8,10.9,10.9,11.9,14.3
20250417,108,2.6,2259,25,4.9,1712,20,8.4,1259,19.7,24.7,1328,15.8,618,12.5,17.0,8.5,63.5,47.0,39,14.5,4.6,3.2,-9.0,994.2,1004.1,1005.8,116,1002.3,1513,6.1,2.9,13.2,-9.0,15.0,2.71,1200,-9.0,0.0,-9.0,-9.0,-9,-9.0,-9,-9.0,-9,-9.0,-9,-9.0,-9,11.7,10.9,11.0,11.9,14.3
20250418,108,2.4,2092,23,4.4,146,18,8.8,109,18.6,23.7,1621,15.4,902,12.0,18.2,10.8,67.9,36.0,1725,14.1,4.0,2.8,-9.0,998.3,1008.3,1010.7,1042,1004.7,125,6.0,5.0,13.3,-9.0,15.19,2.85,1300,0.0,1.0,0.83,0.0,-9,0.0,-9,-9.0,-9,-9.0,-9,-9.0,-9,12.8,11.1,11.0,11.9,14.2
20250419,108,3.0,2608,20,8.0,1145,18,15.4,1156,15.3,20.0,1311,12.2,2352,13.4,14.5,7.2,89.1,70.0,2,15.5,1.5,1.1,1.63,997.7,1007.8,1010.5,25,1005.1,1333,8.6,0.0,13.3,-9.0,2.93,0.64,1100,9.2,8.2,11.5,3.6,1741,1.6,1829,-9.0,-9,-9.0,-9,-9.0,-9,13.5,11.4,11.1,12.0,14.2
20250420,108,1.7,1459,18,3.2,1530,25,5.0,1543,16.7,24.1,1617,9.5,543,10.5,18.2,3.3,70.0,42.0,1826,12.7,6.3,4.4,-9.0,1001.8,1011.9,1014.1,2251,1009.3,1,2.1,11.6,13.4,-9.0,26.74,3.55,1200,-9.0,-9.0,-9.0,-9.0,-9,-9.0,-9,-9.0,-9,-9.0,-9,-9.0,-9,13.5,11.7,11.2,12.0,14.2
20250421,108,2.2,1896,27,4.6,1856,23,7.2,1401,20.7,27.1,1518,14.2,503,13.4,21.0,8.6,65.3,42.0,1401,15.5,6.3,4.4,-9.0,1002.7,1012.6,1015.9,809,1009.9,2348,5.0,7.7,13.4,-9.0,22.78,3.25,1100,-9.0,11.2,-9.0,-9.0,-9,-9.0,-9,-9.0,-9,-9.0,-9,-9.0,-9,14.2,12.0,11.3,12.0,14.1
20250422,108,1.5,1282,29,3.9,1218,27,6.9,1212,17.8,20.4,1,14.2,2358,15.6,17.2,10.2,87.8,75.0,1,17.9,1.6,1.1,-9.0,994.8,1004.8,1010.1,6,1001.6,1630,7.4,0.0,13.4,-9.0,3.12,0.47,1500,34.8,23.6,11.53,8.4,604,2.5,622,-9.0,-9,-9.0,-9,-9.0,-9,15.1,12.3,11.5,12.1,14.1
20250423,108,2.5,2200,7,4.2,843,27,7.0,1441,16.8,22.9,1410,10.9,558,9.0,18.6,5.0,62.4,36.0,1413,11.5,6.9,4.8,-9.0,995.9,1005.9,1007.3,754,1004.3,1602,3.5,12.5,13.5,-9.0,26.28,3.31,1300,-9.0,-9.0,-9.0,-9.0,-9,-9.0,-9,-9.0,-9,-9.0,-9,-9.0,-9,15.5,12.9,11.8,12.1,14.1
20250424,108,3.1,2644,23,6.2,1550,25,11.6,1619,14.7,19.6,1434,10.7,2352,3.9,19.2,3.9,52.4,25.0,1800,8.5,7.3,5.1,-9.0,998.2,1008.3,1012.7,2400,1005.7,1552,0.9,12.2,13.5,-9.0,27.27,3.44,1200,-9.0,-9.0,-9.0,-9.0,-9,-9.0,-9,-9.0,-9,-9.0,-9,-9.0,-9,15.6,13.2,12.1,12.1,14.0
20250425,108,3.0,2629,23,6.5,1524,29,12.7,1559,12.5,17.8,1357,7.7,555,-2.1,17.2,0.3,38.4,20.0,1116,5.3,8.5,5.9,-9.0,1004.7,1015.0,1017.1,2335,1012.6,1,0.0,12.5,13.6,-9.0,27.87,3.55,1200,-9.0,-9.0,-9.0,-9.0,-9,-9.0,-9,-9.0,-9,-9.0,-9,-9.0,-9,15.5,13.4,12.3,12.1,14.0
20250426,108,2.8,2402,20,6.0,1529,18,10.7,1523,13.8,20.0,1351,7.2,601,4.1,19.1,0.8,53.1,36.0,1246,8.2,7.4,5.2,-9.0,1006.9,1017.2,1018.5,648,1015.6,1731,0.0,12.0,13.6,-9.0,27.29,3.55,1200,-9.0,-9.0,-9.0,-9.0,-9,-9.0,-9,-9.0,-9,-9.0,-9,-9.0,-9,15.1,13.6,12.5,12.2,14.0
20250427,108,2.8,2404,27,5.6,1306,20,10.6,1035,14.9,19.1,1419,10.7,245,3.1,17.8,3.7,46.4,31.0,1040,7.7,5.6,3.9,-9.0,1003.8,1014.0,1017.5,8,1011.0,1933,6.5,6.3,13.6,-9.0,18.58,2.38,1400,-9.0,-9.0,-9.0,-9.0,-9,-9.0,-9,-9.0,-9,-9.0,-9,-9.0,-9,15.2,13.7,12.6,12.2,14.0
20250428,108,2.7,2324,25,6.3,1334,32,13.1,1410,15.1,20.2,1535,10.3,636,2.4,20.3,2.3,45.6,18.0,1558,7.6,7.9,5.5,-9.0,998.9,1009.0,1012.8,5,1005.8,1612,1.0,12.5,13.6,-9.0,27.28,3.59,1200,-9.0,-9.0,-9.0,-9.0,-9,-9.0,-9,-9.0,-9,-9.0,-9,-9.0,-9,15.1,13.7,12.8,12.3,14.0
20250429,108,2.3,1956,25,4.7,1525,27,8.5,1438,14.8,21.0,1353,8.2,538,-1.5,20.3,0.1,34.1,17.0,1658,5.5,8.9,6.3,-9.0,1001.8,1011.9,1013.6,2359,1010.5,1711,0.0,12.8,13.7,-9.0,28.09,3.55,1200,-9.0,-9.0,-9.0,-9.0,-9,-9.0,-9,-9.0,-9,-9.0,-9,-9.0,-9,15.2,13.8,12.9,12.3,13.9
20250430,108,2.6,2242,20,5.9,1541,20,10.8,1321,18.4,25.8,1419,10.0,558,2.4,22.8,2.4,36.3,20.0,1324,7.3,10.1,7.1,-9.0,1002.0,1012.0,1014.2,834,1009.5,2356,2.4,12.0,13.7,-9.0,27.73,3.45,1100,-9.0,-9.0,-9.0,-9.0,-9,-9.0,-9,-9.0,-9,-9.0,-9,-9.0,-9,15.3,13.9,13.0,12.4,13.9
20250501,108,2.2,1889,20,3.8,2112,11,8.0,646,14.7,17.6,744,11.3,2355,7.9,13.3,6.4,69.6,27.0,553,11.3,1.5,1.0,-9.0,996.2,1006.3,1010.1,105,1003.9,1801,7.3,0.0,13.8,-9.0,2.15,0.49,700,21.1,21.1,7.6,9.0,1237,2.5,1246,-9.0,-9,-9.0,-9,-9.0,-9,15.7,14.0,13.1,12.4,13.9
20250502,108,3.1,2661,29,5.7,1308,23,12.1,1545,13.4,18.5,1530,8.2,600,5.1,16.8,3.5,59.3,34.0,1343,8.8,5.6,3.9,-9.0,999.0,1009.2,1010.4,913,1007.3,1,5.6,9.1,13.8,-9.0,24.67,3.36,1200,0.0,7.0,0.75,0.0,-9,0.0,-9,-9.0,-9,-9.0,-9,-9.0,-9,15.1,14.1,13.2,12.5,13.8
20250503,108,2.3,1988,25,5.3,1552,27,9.3,1544,11.2,14.0,1353,9.5,708,7.8,11.7,5.4,80.5,47.0,114,10.6,2.1,1.5,-9.0,997.9,1008.1,1010.0,405,1006.1,1522,6.9,1.2,13.8,-9.0,7.6,2.53,1300,7.3,0.3,11.55,2.2,402,0.6,415,-9.0,-9,-9.0,-9,-9.0,-9,15.2,14.1,13.4,12.5,13.7
20250504,108,2.8,2448,25,7.2,1324,27,14.3,1252,13.7,19.9,1418,8.2,417,5.1,17.2,2.2,60.9,24.0,1358,8.8,7.5,5.2,-9.0,1001.1,1011.3,1014.2,2335,1009.8,1732,1.1,12.8,13.9,-9.0,28.63,3.58,1300,-9.0,-9.0,-9.0,-9.0,-9,-9.0,-9,-9.0,-9,-9.0,-9,-9.0,-9,14.8,14.2,13.4,12.6,13.7
20250505,108,2.3,2010,5,5.0,1455,2,8.7,1455,12.1,15.0,1350,9.3,317,5.4,12.0,3.2,64.5,53.0,1303,9.0,2.9,2.0,-9.0,1001.3,1011.5,1014.6,110,1008.6,1646,8.0,0.3,13.9,-9.0,7.03,1.29,900,-9.0,-9.0,-9.0,-9.0,-9,-9.0,-9,-9.0,-9,-9.0,-9,-9.0,-9,15.0,14.2,13.5,12.6,13.6
20250506,108,2.2,1889,25,4.7,1849,27,7.9,1843,14.4,19.5,1630,8.5,450,5.6,15.2,2.7,57.5,36.0,1633,9.1,5.2,3.7,-9.0,996.5,1006.6,1009.4,1,1004.5,1628,3.8,8.5,13.9,-9.0,20.0,2.7,1000,-9.0,-9.0,-9.0,-9.0,-9,-9.0,-9,-9.0,-9,-9.0,-9,-9.0,-9,14.7,14.2,13.6,12.7,13.6
20250507,108,2.2,1891,27,5.1,1619,27,8.4,1554,14.9,21.1,1439,9.9,554,7.2,19.9,4.0,61.5,39.0,1303,10.2,6.8,4.7,-9.0,1002.4,1012.6,1016.2,2309,1008.8,3,2.0,12.3,13.9,-9.0,27.9,3.71,1200,-9.0,-9.0,-9.0,-9.0,-9,-9.0,-9,-9.0,-9,-9.0,-9,-9.0,-9,14.8,14.2,13.6,12.7,13.6
20250508,108,1.8,1577,29,4.9,1752,29,7.6,1801,17.4,24.9,1543,9.7,602,7.1,21.8,4.5,53.5,24.0,1612,10.1,6.9,4.8,-9.0,1005.8,1015.9,1017.8,721,1013.1,1556,5.3,11.2,14.0,-9.0,26.79,3.6,1200,-9.0,1.9,-9.0,-9.0,-9,-9.0,-9,-9.0,-9,-9.0,-9,-9.0,-9,15.3,14.2,13.7,12.8,13.5
20250509,108,3.0,2587,5,5.9,1421,7,10.8,1255,15.1,17.4,8,14.1,1330,11.6,14.6,13.1,81.8,51.0,43,13.9,1.2,0.8,-9.0,993.9,1004.0,1016.0,1,995.2,2356,10.0,0.0,14.0,-9.0,4.38,1.02,1200,17.6,21.9,17.17,3.6,1439,1.4,1622,-9.0,-9,-9.0,-9,-9.0,-9,15.9,14.3,13.7,12.8,13.5
20250510,108,3.5,3042,23,6.0,902,23,10.9,759,12.3,15.3,110,11.6,831,11.6,12.9,11.2,95.5,92.0,1604,13.6,0.9,0.6,-9.0,989.2,999.3,1005.5,2314,994.1,309,9.8,0.0,14.0,-9.0,2.15,0.25,1100,14.1,7.9,16.25,2.7,-2356,0.8,249,-9.0,-9,-9.0,-9,-9.0,-9,15.8,14.5,13.8,12.9,13.5
20250511,108,1.9,1622,27,4.7,1711,27,7.6,1732,14.7,20.2,1643,11.4,206,10.4,16.4,7.5,76.9,55.0,1727,12.6,4.1,2.9,-9.0,995.2,1005.3,1006.8,2357,1003.0,1635,5.5,4.7,14.1,-9.0,16.46,2.51,1200,0.0,-9.0,0.83,0.0,-9,0.0,-9,-9.0,-9,-9.0,-9,-9.0,-9,15.3,14.6,13.9,13.0,13.5
20250512,108,2.1,1821,18,5.7,1356,18,8.8,1354,17.0,23.6,1635,9.8,543,9.1,21.0,5.6,62.6,36.0,1827,11.5,7.4,5.2,-9.0,999.2,1009.2,1011.3,2343,1006.8,1,0.0,12.7,14.1,-9.0,28.93,3.64,1200,-9.0,-9.0,-9.0,-9.0,-9,-9.0,-9,-9.0,-9,-9.0,-9,-9.0,-9,15.6,14.6,14.0,13.0,13.4
20250513,108,2.7,2297,23,6.5,1340,23,12.6,1348,19.9,25.8,1309,13.3,512,7.3,20.8,8.0,47.4,27.0,1302,10.3,8.6,6.0,-9.0,1003.7,1013.7,1015.1,2204,1011.2,1,4.8,9.0,14.1,-9.0,24.02,3.48,1200,-9.0,-9.0,-9.0,-9.0,-9,-9.0,-9,-9.0,-9,-9.0,-9,-9.0,-9,16.2,14.7,14.0,13.1,13.4
20250514,108,2.4,2046,25,5.6,1551,27,9.7,1548,21.0,26.7,1437,14.1,547,10.5,22.9,7.4,52.8,31.0,1310,12.9,7.3,5.1,-9.0,1004.5,1014.5,1016.9,732,1012.7,1457,3.5,11.7,14.2,-9.0,26.31,3.58,1200,-9.0,1.0,0.5,0.0,-9,0.0,-9,-9.0,-9,-9.0,-9,-9.0,-9,16.8,14.9,14.1,13.1,13.4
20250515,108,2.3,1994,25,4.4,903,16,8.1,152,19.5,22.2,1621,16.8,922,16.0,19.6,14.0,80.9,67.0,1658,18.2,2.5,1.7,-9.0,1003.5,1013.4,1015.7,2318,1011.4,450,8.9,0.8,14.2,-9.0,9.9,1.5,1500,1.1,-9.0,9.5,0.4,639,0.1,-9,-9.0,-9,-9.0,-9,-9.0,-9,17.4,15.1,14.2,13.2,13.4
20250516,108,1.8,1543,18,4.2,1709,18,7.7,1607,19.4,22.0,1437,17.8,2339,18.1,19.6,16.2,92.6,85.0,205,20.9,1.6,1.2,-9.0,1000.9,1010.9,1015.5,1,1006.1,2229,9.8,0.0,14.2,-9.0,3.75,0.7,900,51.3,48.5,18.58,14.2,1549,7.7,1607,-9.0,-9,-9.0,-9,-9.0,-9,17.7,15.4,14.3,13.2,13.4
20250517,108,2.6,2272,25,6.0,1538,16,11.7,1840,18.3,24.3,1305,14.7,2351,15.8,20.5,12.5,86.4,62.0,1250,18.0,4.1,2.8,-9.0,995.0,1005.0,1007.9,2400,1002.9,1402,6.4,6.0,14.3,-9.0,17.36,3.2,1200,2.2,2.2,6.08,2.2,1725,1.1,1811,-9.0,-9,-9.0,-9,-9.0,-9,18.2,15.9,14.7,13.3,13.4
20250518,108,2.6,2282,27,5.2,1539,20,9.7,1429,15.6,21.0,1459,11.4,541,6.7,20.4,7.5,59.3,31.0,1349,10.0,7.2,5.1,-9.0,1000.2,1010.3,1011.9,825,1007.6,30,3.0,10.5,14.3,-9.0,27.51,3.69,1200,-9.0,-9.0,-9.0,-9.0,-9,-9.0,-9,-9.0,-9,-9.0,-9,-9.0,-9,18.3,16.1,14.9,13.5,13.4
20250519,108,2.8,2416,18,5.7,1806,18,9.8,1859,16.1,20.9,1538,10.5,357,10.3,16.8,6.1,70.4,46.0,1240,13.1,3.3,2.3,-9.0,995.2,1005.3,1010.6,8,1001.6,1841,7.9,0.9,14.3,-9.0,11.93,1.87,1500,1.6,2.6,5.08,0.8,1945,0.3,1950,-9.0,-9,-9.0,-9,-9.0,-9,18.2,16.3,15.0,13.5,13.4
20250520,108,2.5,2197,20,5.2,1552,18,9.3,1606,22.2,27.3,1513,17.4,1,19.5,23.3,17.4,85.5,69.0,1537,22.8,3.9,2.7,-9.0,996.8,1006.6,1008.2,2240,1004.7,4,7.5,3.0,14.3,-9.0,12.96,2.91,1400,1.0,0.0,10.17,0.7,-2355,0.2,-9,-9.0,-9,-9.0,-9,-9.0,-9,18.0,16.4,15.2,13.5,13.4
20250521,108,2.1,1803,29,4.7,1848,32,8.4,1839,25.5,30.8,1417,22.3,2345,20.6,26.6,18.8,75.5,54.0,1421,24.2,5.8,4.0,-9.0,996.1,1005.8,1008.6,106,1002.9,1649,6.5,7.0,14.4,-9.0,22.19,3.14,1300,-9.0,0.8,-9.0,-9.0,-9,-9.0,-9,-9.0,-9,-9.0,-9,-9.0,-9,18.8,16.4,15.3,13.6,13.4
20250522,108,2.1,1825,20,3.8,1759,7,6.6,2217,23.9,28.5,1536,20.0,734,17.1,26.6,18.1,68.0,39.0,1622,19.6,7.2,5.0,-9.0,996.3,1006.1,1008.5,2351,1004.5,452,5.6,6.1,14.4,-9.0,22.94,3.34,1300,0.8,-9.0,2.75,0.7,456,0.5,529,-9.0,-9,-9.0,-9,-9.0,-9,19.8,16.7,15.4,13.6,13.4
20250523,108,2.8,2442,7,4.4,1218,14,9.2,113,19.4,22.2,1,15.4,2343,9.3,20.0,14.3,53.8,36.0,1310,11.9,3.8,2.7,-9.0,1000.3,1010.3,1011.8,2247,1008.4,43,9.4,0.0,14.4,-9.0,9.19,1.24,1100,1.2,5.5,4.67,0.8,2115,0.4,2126,-9.0,-9,-9.0,-9,-9.0,-9,20.5,17.1,15.6,13.6,13.4
20250524,108,3.1,2677,5,4.6,556,5,8.2,1253,15.6,19.3,1708,13.0,537,9.7,17.3,9.3,69.1,53.0,1807,12.1,3.5,2.4,-9.0,999.5,1009.6,1011.8,38,1007.7,1458,8.1,0.3,14.4,-9.0,10.54,1.6,1300,4.3,-9.0,5.83,2.4,105,0.6,145,-9.0,-9,-9.0,-9,-9.0,-9,19.9,17.4,15.7,13.7,13.4
20250525,108,2.1,1846,23,5.0,1314,29,8.7,1408,17.4,22.6,1607,11.7,504,9.4,22.6,7.6,61.0,44.0,1626,11.8,7.8,5.4,-9.0,1003.5,1013.6,1016.2,2355,1011.3,5,0.0,13.1,14.5,-9.0,30.47,3.76,1200,-9.0,-9.0,-9.0,-9.0,-9,-9.0,-9,-9.0,-9,-9.0,-9,-9.0,-9,19.2,17.6,16.0,13.7,13.4
20250526,108,1.7,1502,27,4.0,1635,29,6.7,1715,19.7,26.2,1505,13.0,544,10.9,24.6,9.2,59.4,36.0,1333,13.1,7.1,4.9,-9.0,1006.0,1016.0,1017.4,637,1014.2,1745,4.9,12.3,14.5,-9.0,26.71,3.27,1100,-9.0,-9.0,-9.0,-9.0,-9,-9.0,-9,-9.0,-9,-9.0,-9,-9.0,-9,19.3,17.5,16.2,13.8,13.4
20250527,108,1.9,1673,29,4.5,1817,32,7.1,1815,20.8,27.0,1427,14.7,539,11.4,25.7,9.6,57.0,36.0,1436,13.5,7.2,5.0,-9.0,1006.7,1016.7,1018.4,706,1014.7,1705,1.0,12.3,14.5,-9.0,27.07,3.34,1200,-9.0,-9.0,-9.0,-9.0,-9,-9.0,-9,-9.0,-9,-9.0,-9,-9.0,-9,19.6,17.6,16.2,13.8,13.4
20250528,108,1.8,1595,27,4.7,1632,27,7.6,1646,20.8,26.9,1528,16.3,529,12.8,24.9,11.1,62.0,38.0,1342,14.8,6.9,4.8,-9.0,1006.7,1016.7,1018.1,759,1014.5,1543,3.4,8.4,14.5,-9.0,22.39,3.12,1200,0.0,0.0,0.68,0.0,-9,0.0,-9,-9.0,-9,-9.0,-9,-9.0,-9,19.9,17.6,16.3,13.9,13.4
20250529,108,2.2,1939,25,4.5,1802,25,7.8,1738,21.2,27.3,1557,15.3,540,12.2,25.0,9.9,58.4,34.0,1539,14.3,7.5,5.2,-9.0,1004.0,1013.9,1017.0,1,1011.2,1718,2.0,11.7,14.5,-9.0,26.56,3.34,1100,-9.0,-9.0,-9.0,-9.0,-9,-9.0,-9,-9.0,-9,-9.0,-9,-9.0,-9,20.1,17.8,16.4,14.0,13.4
20250530,108,1.7,1470,25,4.2,1848,27,6.5,1840,22.2,28.3,1535,16.7,605,12.1,27.2,10.5,55.0,29.0,1713,14.2,7.9,5.5,-9.0,1001.6,1011.4,1013.2,651,1009.1,1739,0.5,12.1,14.6,-9.0,25.72,3.3,1200,-9.0,-9.0,-9.0,-9.0,-9,-9.0,-9,-9.0,-9,-9.0,-9,-9.0,-9,20.4,18.0,16.5,14.0,13.4
20250531,108,2.0,1718,27,3.6,1635,23,5.7,1819,21.5,27.0,1517,16.4,528,11.7,26.4,10.4,55.0,36.0,1521,13.9,6.0,4.2,-9.0,1000.3,1010.2,1012.3,704,1008.1,1608,6.1,7.3,14.6,-9.0,21.39,2.6,1200,-9.0,-9.0,-9.0,-9.0,-9,-9.0,-9,-9.0,-9,-9.0,-9,-9.0,-9,20.6,18.2,16.6,14.1,13.4
20250601,108,2.0,1756,27,4.7,1558,25,8.0,1525,22.6,29.3,1508,17.0,550,13.3,29.8,11.1,57.8,39.0,1447,15.3,7.4,5.2,-9.0,998.6,1008.4,1010.9,618,1006.4,1815,3.5,10.9,14.6,-9.0,27.08,3.52,1200,-9.0,0.0,-9.0,-9.0,-9,-9.0,-9,-9.0,-9,-9.0,-9,-9.0,-9,20.7,18.3,16.8,14.1,13.4
20250602,108,1.5,1269,5,3.5,1247,5,5.3,1240,21.0,23.1,1529,19.2,513,13.9,21.8,14.7,64.3,55.0,1524,15.9,3.1,2.2,-9.0,993.2,1003.0,1007.1,7,1000.3,2327,9.8,0.0,14.6,-9.0,6.3,0.89,1200,0.0,0.0,5.67,0.0,-9,0.0,-9,-9.0,-9,-9.0,-9,-9.0,-9,21.1,18.5,16.9,14.2,13.4
20250603,108,2.9,2463,23,5.9,1520,23,11.4,1511,20.9,25.3,1216,17.0,2358,11.6,28.0,10.3,56.9,37.0,1855,13.8,8.0,5.6,-9.0,989.2,999.0,1001.3,2229,997.3,1545,1.6,11.9,14.6,-9.0,27.24,3.47,1100,-9.0,-9.0,-9.0,-9.0,-9,-9.0,-9,-9.0,-9,-9.0,-9,-9.0,-9,20.8,18.7,17.0,14.3,13.4
20250604,108,3.5,3006,27,7.8,1340,25,13.1,1339,20.5,25.3,1246,15.2,512,10.6,29.2,8.8,55.3,34.0,1253,12.8,9.2,6.5,-9.0,993.4,1003.2,1008.1,2254,1001.0,1,0.4,12.1,14.6,-9.0,29.45,3.74,1200,-9.0,-9.0,-9.0,-9.0,-9,-9.0,-9,-9.0,-9,-9.0,-9,-9.0,-9,21.0,18.8,17.2,14.3,13.4
20250605,108,2.3,2007,27,5.3,1444,25,8.4,1514,21.7,27.1,1432,15.6,605,10.0,28.6,8.0,49.8,29.0,1757,12.3,9.0,6.3,-9.0,999.5,1009.4,1011.0,1114,1007.6,1811,3.1,12.5,14.7,-9.0,28.99,3.63,1200,-9.0,-9.0,-9.0,-9.0,-9,-9.0,-9,-9.0,-9,-9.0,-9,-9.0,-9,21.1,18.9,17.4,14.4,13.5
20250606,108,3.0,2620,23,7.8,1611,23,15.8,1611,24.1,30.0,1347,17.7,531,10.1,32.3,11.4,42.6,27.0,1432,12.4,10.9,7.6,-9.0,997.6,1007.4,1009.0,125,1005.7,1410,3.5,12.0,14.7,-9.0,29.48,3.61,1200,-9.0,-9.0,-9.0,-9.0,-9,-9.0,-9,-9.0,-9,-9.0,-9,-9.0,-9,21.4,19.1,17.5,14.5,13.5
20250607,108,2.6,2283,23,6.3,1435,23,9.7,1407,23.7,28.2,1600,19.8,507,15.5,30.0,12.6,61.4,42.0,121,18.0,5.1,3.6,-9.0,997.5,1007.3,1008.5,822,1005.9,1452,6.8,4.6,14.7,-9.0,17.51,2.62,1400,0.1,0.7,1.43,0.6,2320,0.1,-9,-9.0,-9,-9.0,-9,-9.0,-9,21.8,19.2,17.6,14.5,13.5
20250608,108,1.7,1499,25,4.0,1618,32,6.8,1546,25.1,30.4,1355,21.4,520,18.7,29.5,17.6,69.3,41.0,1339,21.5,6.6,4.6,-9.0,997.0,1006.7,1008.0,12,1005.0,1523,6.8,7.4,14.7,-9.0,21.59,3.45,1100,0.6,0.0,2.42,0.6,1,0.6,10,-9.0,-9,-9.0,-9,-9.0,-9,22.0,19.4,17.7,14.6,13.5
20250609,108,2.6,2232,20,4.4,453,20,7.6,451,24.2,30.2,1513,20.6,534,17.2,32.5,16.4,66.6,33.0,1651,19.7,7.9,5.5,-9.0,996.4,1006.1,1007.9,722,1003.9,2020,6.3,9.6,14.7,-9.0,25.91,3.59,1200,0.0,0.0,0.42,0.0,-9,0.0,-9,-9.0,-9,-9.0,-9,-9.0,-9,22.5,19.6,17.9,14.7,13.5
20250610,108,2.5,2170,27,5.2,1829,29,8.7,224,21.7,25.3,1659,18.8,2357,16.2,26.4,11.7,71.6,58.0,1700,18.5,4.6,3.2,-9.0,996.2,1006.1,1009.0,2338,1003.6,704,7.5,4.1,14.7,-9.0,14.46,1.88,1600,0.0,-9.0,0.08,0.0,-9,0.0,-9,-9.0,-9,-9.0,-9,-9.0,-9,22.9,19.9,18.0,14.8,13.5
20250611,108,2.4,2096,25,4.8,1219,20,10.0,1211,22.7,28.5,1418,15.9,526,12.4,32.9,9.1,54.6,36.0,1559,14.4,9.8,6.9,-9.0,1000.8,1010.7,1012.8,2306,1008.8,1,2.3,13.5,14.7,-9.0,31.05,3.66,1200,-9.0,-9.0,-9.0,-9.0,-9,-9.0,-9,-9.0,-9,-9.0,-9,-9.0,-9,22.6,20.1,18.2,14.8,13.5
20250612,108,1.9,1667,27,4.8,1741,29,7.7,1719,25.5,33.1,1616,17.9,537,13.6,35.6,11.7,50.4,26.0,1544,15.7,9.6,6.7,-9.0,1003.5,1013.2,1014.9,800,1011.0,1634,4.4,12.4,14.7,-9.0,30.36,3.71,1200,-9.0,-9.0,-9.0,-9.0,-9,-9.0,-9,-9.0,-9,-9.0,-9,-9.0,-9,22.8,20.2,18.4,14.9,13.6
20250613,108,1.9,1638,27,3.7,1305,29,6.6,1258,24.0,29.4,1234,20.1,2224,15.6,28.2,14.8,60.9,40.0,1039,17.8,5.0,3.5,-9.0,1001.4,1011.2,1014.3,328,1007.2,2359,8.8,3.8,14.7,-9.0,15.62,2.39,1000,1.5,1.5,5.08,1.5,2038,0.9,2116,-9.0,-9,-9.0,-9,-9.0,-9,22.3,20.4,18.5,15.0,13.6
20250614,108,2.0,1727,23,4.1,1844,23,7.0,1839,25.6,32.1,1647,20.3,1,18.5,28.5,17.7,66.3,47.0,1649,21.4,6.9,4.8,-9.0,991.3,1000.9,1007.4,15,997.0,1702,4.8,5.9,14.8,-9.0,21.02,3.28,1200,-9.0,-9.0,-9.0,-9.0,-9,-9.0,-9,-9.0,-9,-9.0,-9,-9.0,-9,23.2,20.6,18.7,15.0,13.6
20250615,108,2.5,2144,20,5.7,2056,20,10.5,2050,26.3,33.2,1410,21.7,607,19.8,34.6,16.7,69.6,43.0,1411,23.2,6.2,4.3,-9.0,988.0,997.6,1000.6,718,995.0,1720,7.9,7.8,14.8,-9.0,22.08,3.19,1300,11.8,18.7,5.08,7.9,2147,3.1,2222,-9.0,-9,-9.0,-9,-9.0,-9,23.5,20.7,18.8,15.1,13.6
20250616,108,2.7,2350,20,5.7,1514,18,12.1,1506,23.0,25.1,1245,21.8,2351,20.8,22.4,20.3,87.8,79.0,1756,24.6,2.2,1.6,-9.0,987.6,997.3,1001.1,2358,995.1,345,9.3,0.1,14.8,-9.0,5.19,0.9,1400,20.0,13.1,10.5,13.1,1310,9.5,1329,-9.0,-9,-9.0,-9,-9.0,-9,23.8,20.9,18.9,15.2,13.6
20250617,108,2.5,2130,18,3.8,3,18,6.9,920,24.8,29.6,1526,21.1,510,19.4,25.2,18.2,73.3,51.0,1547,22.5,6.5,4.6,-9.0,994.0,1003.7,1006.8,2325,1000.4,37,3.8,8.6,14.8,-9.0,22.97,3.06,1100,-9.0,-9.0,-9.0,-9.0,-9,-9.0,-9,-9.0,-9,-9.0,-9,-9.0,-9,23.5,21.1,19.1,15.3,13.7
20250618,108,2.0,1705,27,4.1,1551,29,7.4,1550,25.5,30.9,1508,21.2,536,18.0,28.7,17.9,65.3,45.0,1446,20.7,8.0,5.6,-9.0,1000.1,1009.8,1012.2,2358,1006.7,1,3.0,10.3,14.8,-9.0,26.88,3.49,1200,-9.0,-9.0,-9.0,-9.0,-9,-9.0,-9,-9.0,-9,-9.0,-9,-9.0,-9,23.9,21.2,19.2,15.3,13.7
20250619,108,2.0,1712,18,5.0,1502,18,9.2,1453,28.1,34.2,1426,21.1,549,18.5,31.7,16.2,57.9,33.0,1452,21.5,7.1,5.0,-9.0,1000.9,1010.6,1012.9,638,1008.2,2342,5.8,8.8,14.8,-9.0,23.77,3.41,1200,0.8,23.7,0.92,0.8,2111,0.6,2126,-9.0,-9,-9.0,-9,-9.0,-9,24.3,21.3,19.4,15.4,13.7
20250620,108,3.9,3403,18,8.3,1626,18,17.5,1618,24.1,28.3,1,22.2,2318,22.9,23.8,21.6,93.4,68.0,1,27.9,1.2,0.9,-9.0,993.6,1003.3,1008.5,112,999.5,1758,10.0,0.0,14.8,-9.0,2.92,0.53,1200,51.1,28.4,23.67,8.0,501,2.6,1411,-9.0,-9,-9.0,-9,-9.0,-9,24.7,21.5,19.5,15.5,13.7
20250621,108,2.1,1850,23,5.1,28,23,9.7,28,22.0,24.2,1643,20.5,2354,19.8,22.8,18.3,88.1,71.0,1722,23.2,2.6,1.8,-9.0,993.4,1003.2,1004.8,2223,1001.0,354,9.8,0.0,14.8,-9.0,7.0,0.98,1500,0.2,0.0,8.17,0.5,-2331,0.2,-9,-9.0,-9,-9.0,-9,-9.0,-9,24.5,21.8,19.7,15.6,13.7
20250622,108,2.3,2008,25,4.5,1633,25,7.9,1544,23.3,28.6,1515,18.1,536,16.8,26.2,14.3,68.6,48.0,1553,19.2,8.2,5.7,-9.0,995.9,1005.7,1007.2,2305,1004.3,214,0.3,13.4,14.8,-9.0,30.56,3.6,1200,-9.0,-9.0,-9.0,-9.0,-9,-9.0,-9,-9.0,-9,-9.0,-9,-9.0,-9,24.0,21.9,19.8,15.7,13.8
20250623,108,1.8,1561,32,4.1,1639,29,6.3,1745,26.1,31.7,1620,19.4,534,18.5,28.5,16.2,64.8,45.0,1436,21.3,7.9,5.5,-9.0,996.7,1006.4,1007.9,654,1004.2,1706,1.3,12.8,14.8,-9.0,27.7,3.44,1200,-9.0,-9.0,-9.0,-9.0,-9,-9.0,-9,-9.0,-9,-9.0,-9,-9.0,-9,24.1,21.9,20.0,15.7,13.8
20250624,108,2.6,2263,5,4.8,2354,7,9.2,1616,25.0,28.0,1244,20.5,2332,17.3,23.8,19.4,63.4,43.0,1305,19.7,4.2,2.9,-9.0,997.3,1007.0,1008.4,829,1004.9,1625,8.9,0.2,14.8,-9.0,10.18,1.75,1200,2.3,4.7,4.08,2.1,2116,0.9,2132,-9.0,-9,-9.0,-9,-9.0,-9,24.5,22.0,20.1,15.8,13.8
20250625,108,2.5,2202,5,4.7,2,5,8.2,2,20.9,22.1,1407,19.5,327,18.9,21.5,18.7,88.9,72.0,225,21.9,1.6,1.2,-9.0,995.9,1005.8,1007.1,2319,1004.8,1739,10.0,0.0,14.8,-9.0,5.11,0.96,1200,8.0,6.7,18.08,2.8,1818,1.0,1831,-9.0,-9,-9.0,-9,-9.0,-9,24.2,22.1,20.2,15.9,13.8
20250626,108,1.7,1468,25,3.6,443,27,6.0,441,22.2,24.2,1734,19.9,449,19.5,22.7,18.9,85.3,76.0,1735,22.7,2.0,1.4,-9.0,998.3,1008.1,1008.6,759,1007.0,1,8.4,0.1,14.8,-9.0,7.23,1.15,1000,1.1,0.0,3.5,1.0,319,0.3,356,-9.0,-9,-9.0,-9,-9.0,-9,23.8,22.2,20.4,16.0,13.9
20250627,108,1.4,1243,5,3.2,1406,7,6.2,1338,25.0,29.3,1620,21.1,440,20.7,25.2,19.0,78.1,62.0,1632,24.4,3.5,2.5,-9.0,998.0,1007.7,1009.2,951,1005.9,1758,8.6,3.1,14.8,-9.0,12.92,2.54,1400,0.0,0.6,1.97,0.0,-9,0.0,-9,-9.0,-9,-9.0,-9,-9.0,-9,23.5,22.1,20.4,16.0,13.9
20250628,108,1.4,1216,29,3.1,1749,29,5.0,1728,26.2,28.1,1514,24.5,555,23.4,24.4,22.5,85.0,77.0,3,28.8,2.4,1.7,-9.0,996.7,1006.4,1007.7,1,1005.2,1651,9.3,0.0,14.8,-9.0,7.13,1.09,1500,0.6,0.0,5.83,0.5,616,0.2,-9,-9.0,-9,-9.0,-9,-9.0,-9,23.8,22.1,20.6,16.1,13.9
20250629,108,2.3,2020,20,4.1,1753,25,7.5,1901,27.1,30.2,1659,24.9,654,22.6,25.3,21.4,77.1,61.0,1833,27.5,4.0,2.8,-9.0,997.6,1007.2,1009.0,2355,1005.5,16,6.1,2.5,14.7,-9.0,12.41,1.91,1400,0.0,0.0,1.0,0.0,-9,0.0,-9,-9.0,-9,-9.0,-9,-9.0,-9,24.2,22.2,20.6,16.2,13.9
20250630,108,2.4,2103,25,4.6,1622,25,8.1,1613,28.2,31.2,1354,25.6,516,23.1,26.4,21.5,74.6,62.0,1443,28.2,5.0,3.5,-9.0,1000.0,1009.6,1010.6,2226,1008.8,1736,7.8,2.8,14.7,-9.0,15.61,2.54,1300,-9.0,0.9,-9.0,-9.0,-9,-9.0,-9,-9.0,-9,-9.0,-9,-9.0,-9,24.5,22.2,20.7,16.3,14.0
20250701,108,3.0,2631,25,5.2,1526,25,8.7,1521,28.6,31.8,1336,26.2,729,24.4,27.8,25.2,78.6,67.0,1330,30.6,5.5,3.8,-9.0,1001.6,1011.3,1012.3,1003,1010.1,1743,7.0,3.8,14.7,-9.0,17.38,2.83,1300,0.9,0.0,3.67,0.9,610,0.9,700,-9.0,-9,-9.0,-9,-9.0,-9,24.9,22.3,20.7,16.3,14.0
20250702,108,2.9,2544,20,5.2,1259,18,9.1,1240,28.6,30.9,1247,26.8,520,23.9,28.3,25.2,76.3,60.0,1649,29.6,4.6,3.2,-9.0,1001.8,1011.5,1012.9,822,1009.8,1831,8.0,2.3,14.7,-9.0,14.4,2.0,1200,0.0,0.0,0.33,0.0,-9,0.0,-9,-9.0,-9,-9.0,-9,-9.0,-9,25.5,22.5,20.8,16.4,14.0
20250703,108,2.8,2456,23,4.6,1705,25,8.8,1658,28.3,32.0,1523,26.5,2357,23.3,29.3,23.9,75.5,56.0,1656,28.7,4.9,3.4,-9.0,999.3,1008.9,1011.1,6,1007.2,1746,7.5,2.7,14.7,-9.0,13.6,2.6,1400,0.0,0.0,0.08,0.0,-9,0.0,-9,-9.0,-9,-9.0,-9,-9.0,-9,25.7,22.7,20.8,16.5,14.0
20250704,108,3.2,2800,20,5.6,1431,20,10.0,1429,27.2,30.0,1436,25.7,453,22.7,27.8,23.4,77.0,66.0,1440,27.6,3.3,2.3,-9.0,996.6,1006.2,1007.9,5,1004.2,1748,8.8,0.8,14.7,-9.0,7.72,2.14,1400,0.0,0.0,1.75,0.0,-9,0.0,-9,-9.0,-9,-9.0,-9,-9.0,-9,25.8,22.9,20.9,16.6,14.1
20250705,108,2.8,2379,20,4.5,426,16,8.1,427,28.4,32.3,1501,26.0,459,22.9,29.8,24.4,72.9,58.0,1510,28.0,4.9,3.4,-9.0,995.1,1004.7,1006.2,730,1002.6,1800,8.1,3.0,14.7,-9.0,14.77,2.69,1400,-9.0,-9.0,-9.0,-9.0,-9,-9.0,-9,-9.0,-9,-9.0,-9,-9.0,-9,25.7,23.0,21.1,16.6,14.1
20250706,108,2.5,2139,18,4.2,1417,18,7.3,34,29.1,32.8,1408,26.3,727,23.9,29.0,23.8,74.3,59.0,1346,29.6,4.8,3.4,-9.0,994.3,1003.9,1005.3,810,1002.3,1520,8.8,1.7,14.7,-9.0,14.7,2.67,1200,-9.0,-9.0,-9.0,-9.0,-9,-9.0,-9,-9.0,-9,-9.0,-9,-9.0,-9,25.8,23.1,21.2,16.7,14.1
20250707,108,1.9,1660,18,3.6,518,25,6.0,1911,29.1,33.2,1623,26.7,545,25.0,29.0,25.1,79.0,65.0,1432,31.6,4.3,3.0,-9.0,995.5,1005.0,1006.5,2351,1004.1,1705,5.8,2.5,14.6,-9.0,11.21,2.07,1300,-9.0,-9.0,-9.0,-9.0,-9,-9.0,-9,-9.0,-9,-9.0,-9,-9.0,-9,26.1,23.3,21.3,16.8,14.2
20250708,108,1.9,1628,20,6.8,1841,18,11.0,1837,31.3,37.8,1509,26.9,612,25.2,33.8,23.9,72.5,48.0,1455,32.1,7.2,5.0,-9.0,997.0,1006.5,1008.1,2259,1004.2,1759,4.3,8.4,14.6,-9.0,22.64,3.24,1100,11.8,11.8,3.0,6.4,1815,5.3,1826,-9.0,-9,-9.0,-9,-9.0,-9,26.2,23.4,21.4,16.8,14.2
20250709,108,2.2,1884,5,3.7,2154,5,7.3,2207,31.9,36.0,1629,27.4,530,23.1,31.1,24.5,61.1,45.0,1437,28.3,8.3,5.8,-9.0,998.6,1008.1,1009.6,813,1006.3,1707,3.4,8.0,14.6,-9.0,23.55,3.22,1300,-9.0,-9.0,-9.0,-9.0,-9,-9.0,-9,-9.0,-9,-9.0,-9,-9.0,-9,26.7,23.6,21.5,16.9,14.2
20250710,108,2.9,2541,5,4.9,2334,5,9.5,2001,31.4,36.2,1553,27.3,554,18.1,32.9,23.0,46.6,33.0,1707,21.0,12.5,8.7,-9.0,1000.2,1009.8,1011.3,2348,1007.9,1811,0.4,13.3,14.6,-9.0,29.95,3.55,1200,-9.0,-9.0,-9.0,-9.0,-9,-9.0,-9,-9.0,-9,-9.0,-9,-9.0,-9,27.1,23.8,21.7,17.0,14.2
20250711,108,3.3,2851,5,4.9,702,5,9.3,2054,30.2,36.1,1658,24.6,559,17.4,35.1,20.0,47.1,35.0,1531,19.9,11.2,7.8,-9.0,1001.4,1010.9,1012.4,709,1009.0,1734,0.1,13.5,14.6,-9.0,30.35,3.59,1200,-9.0,-9.0,-9.0,-9.0,-9,-9.0,-9,-9.0,-9,-9.0,-9,-9.0,-9,27.2,24.0,21.8,17.1,14.3
20250712,108,2.3,2025,5,4.0,212,5,7.3,8,30.3,36.5,1617,24.4,554,17.3,36.9,18.4,47.5,28.0,1349,19.9,10.4,7.2,-9.0,998.2,1007.8,1011.7,24,1004.9,1733,2.6,13.2,14.6,-9.0,30.02,3.65,1200,-9.0,-9.0,-9.0,-9.0,-9,-9.0,-9,-9.0,-9,-9.0,-9,-9.0,-9,27.2,24.2,22.0,17.1,14.3
20250713,108,1.5,1338,27,3.2,1324,32,5.4,1332,27.7,31.0,1241,25.6,2346,20.8,28.5,20.9,66.8,55.0,1141,24.7,3.5,2.5,-9.0,991.5,1001.1,1005.5,1,997.9,2349,9.0,1.7,14.6,-9.0,10.39,1.64,1000,0.0,0.0,2.5,0.0,-9,0.0,-9,-9.0,-9,-9.0,-9,-9.0,-9,27.3,24.4,22.1,17.2,14.3
20250714,108,2.0,1698,5,4.0,1213,29,6.6,2254,24.2,28.1,1129,21.7,2343,20.0,24.6,19.8,78.3,60.0,1113,23.4,2.3,1.6,-9.0,984.6,994.2,997.9,1,993.3,1140,8.4,0.5,14.5,-9.0,7.19,1.37,1000,13.6,16.6,12.25,4.0,2104,0.9,1522,-9.0,-9,-9.0,-9,-9.0,-9,26.9,24.5,22.3,17.3,14.4
20250715,108,2.3,2009,32,5.0,558,29,8.4,553,23.6,25.9,1516,21.5,200,20.6,24.7,20.1,84.1,71.0,1925,24.3,2.9,2.0,-9.0,985.4,995.0,998.8,2340,992.6,320,9.3,0.6,14.5,-9.0,10.03,2.04,1400,4.0,2.0,11.17,1.3,11,0.6,39,-9.0,-9,-9.0,-9,-9.0,-9,26.2,24.5,22.4,17.3,14.4
20250716,108,2.1,1809,16,4.9,1038,16,9.2,1033,23.3,24.8,820,22.2,2111,21.5,22.7,21.3,90.1,74.0,1037,25.7,0.9,0.7,-9.0,990.6,1000.4,1002.2,1101,998.6,38,9.6,0.0,14.5,-9.0,2.34,0.39,800,73.1,124.8,16.33,27.0,2025,8.0,2032,-9.0,-9,-9.0,-9,-9.0,-9,25.9,24.4,22.5,17.4,14.4
20250717,108,2.1,1841,7,4.6,914,11,9.3,1138,23.3,24.4,1525,22.0,1000,22.2,22.6,21.2,94.3,85.0,1235,26.8,1.5,1.1,-9.0,993.1,1002.9,1004.9,901,1000.3,44,10.0,0.0,14.5,-9.0,4.77,1.45,1100,75.5,34.3,18.58,32.5,626,19.0,629,-9.0,-9,-9.0,-9,-9.0,-9,24.9,24.7,23.2,17.5,14.5
20250718,108,1.7,1509,5,3.1,1333,5,5.3,1351,24.7,27.2,1820,22.9,903,22.8,23.6,22.2,89.5,80.0,1818,27.7,2.1,1.5,-9.0,995.8,1005.5,1007.2,1029,1004.2,1,9.5,0.3,14.5,-9.0,7.44,1.23,1500,16.1,71.3,11.0,9.5,812,4.7,833,-9.0,-9,-9.0,-9,-9.0,-9,24.4,24.5,24.0,19.9,14.5
20250719,108,2.0,1698,16,3.9,210,18,7.8,204,23.9,25.8,1719,21.9,405,23.0,22.9,20.6,95.4,87.0,3,28.2,1.3,0.9,-9.0,998.2,1007.9,1009.5,2136,1005.9,219,10.0,0.0,14.4,-9.0,3.79,0.46,1500,84.0,32.1,23.17,32.1,247,10.4,316,-9.0,-9,-9.0,-9,-9.0,-9,24.7,24.2,24.5,21.0,15.6
20250720,108,2.8,2429,20,5.2,312,20,11.0,230,27.7,31.3,1643,25.0,543,24.3,27.2,23.5,82.8,63.0,1703,30.3,4.7,3.3,-9.0,1001.2,1010.9,1012.6,2317,1008.0,143,7.1,5.7,14.4,-9.0,16.69,2.28,1000,14.8,0.0,6.92,7.2,9,3.3,44,-9.0,-9,-9.0,-9,-9.0,-9,24.6,24.0,24.3,21.7,16.0
20250721,108,2.3,2006,20,5.0,1115,16,8.9,1118,28.5,31.6,1455,25.6,414,23.9,26.5,20.1,77.4,64.0,1500,29.7,5.9,4.1,-9.0,1002.9,1012.6,1013.9,918,1011.4,221,5.6,5.8,14.4,-9.0,18.81,3.23,1100,0.0,0.0,1.0,0.0,-9,0.0,-9,-9.0,-9,-9.0,-9,-9.0,-9,25.4,24.0,24.1,21.3,16.3
20250722,108,2.7,2323,25,5.2,1507,23,9.2,1502,28.8,32.2,1431,26.6,527,23.9,29.5,23.7,75.6,57.0,1507,29.6,6.3,4.4,-9.0,1003.5,1013.1,1014.1,744,1012.3,1428,6.4,6.6,14.4,-9.0,20.43,3.46,1300,0.1,0.1,0.58,0.1,-9,0.1,-9,-9.0,-9,-9.0,-9,-9.0,-9,26.1,24.0,23.9,20.5,16.4
20250723,108,1.8,1586,29,4.2,1644,29,6.2,1638,28.9,33.3,1418,25.5,540,22.7,29.9,22.9,70.4,53.0,1456,27.6,6.8,4.7,-9.0,1002.4,1012.0,1014.0,635,1009.9,1737,6.4,7.9,14.3,-9.0,22.14,3.54,1100,-9.0,-9.0,-9.0,-9.0,-9,-9.0,-9,-9.0,-9,-9.0,-9,-9.0,-9,26.5,24.2,23.8,20.0,16.4
20250724,108,1.9,1624,29,3.6,1445,34,6.0,1923,29.8,34.1,1350,25.8,533,23.0,30.7,22.9,68.0,48.0,1417,28.2,7.9,5.5,-9.0,1000.1,1009.7,1011.4,518,1007.7,1713,5.1,9.2,14.3,-9.0,24.91,3.82,1200,-9.0,-9.0,-9.0,-9.0,-9,-9.0,-9,-9.0,-9,-9.0,-9,-9.0,-9,26.9,24.3,23.7,19.8,16.3
20250725,108,1.9,1646,29,3.9,1924,29,6.5,1922,31.1,36.3,1531,25.6,546,23.3,33.8,21.7,64.6,49.0,1516,28.6,8.5,6.0,-9.0,998.0,1007.5,1009.0,101,1005.4,1646,1.0,12.4,14.3,-9.0,26.48,3.23,1200,-9.0,-9.0,-9.0,-9.0,-9,-9.0,-9,-9.0,-9,-9.0,-9,-9.0,-9,27.3,24.5,23.7,19.6,16.3
20250726,108,1.7,1472,11,3.3,906,11,5.4,903,32.3,37.1,1701,27.6,551,23.8,34.2,24.3,61.9,42.0,1709,29.5,7.7,5.4,-9.0,996.6,1006.1,1007.6,1,1003.8,1759,2.9,11.0,14.3,-9.0,24.32,3.27,1100,-9.0,-9.0,-9.0,-9.0,-9,-9.0,-9,-9.0,-9,-9.0,-9,-9.0,-9,27.6,24.7,23.8,19.5,16.3
20250727,108,2.0,1685,14,3.4,815,16,6.6,1333,32.8,38.0,1535,28.3,550,24.2,38.2,24.4,62.4,39.0,1541,30.3,8.9,6.3,-9.0,994.6,1004.1,1006.0,739,1001.7,1753,0.6,12.5,14.2,-9.0,28.42,3.51,1200,-9.0,-9.0,-9.0,-9.0,-9,-9.0,-9,-9.0,-9,-9.0,-9,-9.0,-9,28.0,24.9,23.8,19.4,16.3
20250728,108,2.0,1734,32,3.8,1452,34,6.7,1418,32.2,36.4,1529,28.8,555,25.1,38.8,25.2,67.3,47.0,1549,31.9,8.8,6.2,-9.0,992.4,1001.9,1003.8,555,999.6,1733,1.6,11.9,14.2,-9.0,27.0,3.55,1300,-9.0,-9.0,-9.0,-9.0,-9,-9.0,-9,-9.0,-9,-9.0,-9,-9.0,-9,28.4,25.1,23.9,19.4,16.3
20250729,108,2.0,1702,27,3.7,1742,27,6.2,1740,32.0,36.7,1428,27.6,548,24.1,36.4,24.0,64.0,49.0,1343,29.9,6.8,4.7,-9.0,990.0,999.5,1001.0,709,997.2,1755,2.9,8.9,14.2,-9.0,20.41,2.94,1200,-9.0,-9.0,-9.0,-9.0,-9,-9.0,-9,-9.0,-9,-9.0,-9,-9.0,-9,28.7,25.4,24.0,19.4,16.3
20250730,108,1.7,1468,5,3.8,1252,16,6.7,1451,32.1,36.3,1447,28.3,512,23.9,36.9,24.3,62.9,38.0,1705,29.6,6.3,4.4,-9.0,990.1,999.6,1000.8,805,998.2,1705,7.3,5.6,14.2,-9.0,19.51,2.54,1300,-9.0,-9.0,-9.0,-9.0,-9,-9.0,-9,-9.0,-9,-9.0,-9,-9.0,-9,28.7,25.6,24.1,19.4,16.3
20250731,108,2.0,1700,32,4.1,1818,32,6.7,1813,30.9,34.6,1432,29.3,610,22.7,32.4,25.3,62.3,48.0,1435,27.6,5.2,3.6,-9.0,992.3,1001.8,1002.9,752,1000.2,1,8.9,1.1,14.1,-9.0,13.17,1.95,1300,-9.0,-9.0,-9.0,-9.0,-9,-9.0,-9,-9.0,-9,-9.0,-9,-9.0,-9,28.7,25.7,24.3,19.4,16.4
20250801,108,1.9,1625,29,4.5,1710,27,7.7,1709,31.0,35.1,1213,27.8,538,23.9,33.6,24.7,66.9,49.0,1358,29.6,5.4,3.8,-9.0,992.2,1001.7,1002.6,727,1000.2,1537,8.4,4.5,14.1,-9.0,16.09,2.8,1100,0.0,0.0,0.25,0.0,-9,0.0,-9,-9.0,-9,-9.0,-9,-9.0,-9,28.6,25.9,24.4,19.4,16.4
20250802,108,1.8,1553,27,3.5,1610,20,6.5,1605,31.2,36.2,1600,27.3,605,22.7,36.6,23.9,62.1,45.0,1519,27.7,6.9,4.8,-9.0,991.9,1001.4,1002.5,1,999.8,1634,5.4,8.7,14.1,-9.0,20.88,2.73,1400,-9.0,-9.0,-9.0,-9.0,-9,-9.0,-9,-9.0,-9,-9.0,-9,-9.0,-9,28.6,26.0,24.6,19.4,16.4
20250803,108,2.0,1735,20,4.5,1749,20,7.8,1612,28.8,32.5,1348,24.0,2359,22.2,30.0,22.7,69.0,52.0,1748,26.9,3.5,2.4,-9.0,990.6,1000.1,1001.8,24,998.6,1912,9.0,0.2,14.0,-9.0,8.08,1.56,1000,1.3,3.2,7.25,1.4,2328,0.6,2353,-9.0,-9,-9.0,-9,-9.0,-9,28.6,26.1,24.7,19.5,16.5
20250804,108,2.2,1919,7,4.5,18,7,7.4,12,28.1,33.9,1647,23.7,522,23.1,29.6,22.7,75.5,53.0,1638,28.3,5.4,3.8,-9.0,989.9,999.5,1002.9,2326,997.3,144,7.1,3.9,14.0,-9.0,16.35,2.07,1200,1.9,-9.0,5.92,0.9,427,0.4,18,-9.0,-9,-9.0,-9,-9.0,-9,28.2,26.1,24.7,19.5,16.5
20250805,108,2.2,1905,20,4.4,1453,20,7.3,1351,29.1,33.5,1505,25.4,558,22.1,34.4,21.8,67.4,47.0,1451,26.7,6.8,4.8,-9.0,993.8,1003.3,1004.4,1004,1002.2,1755,4.4,8.5,14.0,-9.0,23.11,2.96,1200,-9.0,6.1,-9.0,-9.0,-9,-9.0,-9,-9.0,-9,-9.0,-9,-9.0,-9,28.2,26.1,24.8,19.6,16.5
20250806,108,3.2,2735,23,6.0,1037,18,11.1,504,27.1,29.3,1058,25.8,2028,25.1,26.4,24.0,89.0,74.0,1,31.8,2.4,1.7,-9.0,991.0,1000.6,1003.4,1,999.1,1827,9.0,1.1,13.9,-9.0,5.57,1.27,1000,22.0,15.9,10.5,9.6,1323,4.3,1405,-9.0,-9,-9.0,-9,-9.0,-9,28.3,26.1,24.9,19.7,16.6
20250807,108,2.7,2349,25,4.3,1944,20,7.9,1909,28.2,32.3,1541,25.4,602,22.0,30.1,22.9,70.8,49.0,1640,26.5,7.8,5.5,-9.0,991.8,1001.3,1003.1,2136,1000.0,1615,4.0,10.2,13.9,-9.0,27.18,3.5,1200,-9.0,-9.0,-9.0,-9.0,-9,-9.0,-9,-9.0,-9,-9.0,-9,-9.0,-9,27.9,26.1,25.0,19.7,16.7
20250808,108,1.6,1424,29,4.0,1523,29,8.9,1517,26.6,30.2,1404,23.9,615,21.6,26.0,20.8,74.8,62.0,1353,25.9,2.8,1.9,-9.0,993.8,1003.4,1004.7,2117,1002.5,45,6.3,1.7,13.9,-9.0,8.76,1.41,1200,6.3,7.0,1.75,6.3,1446,5.0,1513,-9.0,-9,-9.0,-9,-9.0,-9,28.1,26.1,25.0,19.8,16.6
20250809,108,1.4,1220,36,2.9,1716,36,4.3,1524,24.9,26.4,1738,23.1,2356,21.6,25.0,20.0,82.1,71.0,1843,25.8,2.3,1.6,-9.0,993.4,1003.1,1004.5,1,1001.6,1626,7.4,0.3,13.8,-9.0,5.37,0.69,1700,3.5,2.8,5.92,2.8,1115,1.2,1128,-9.0,-9,-9.0,-9,-9.0,-9,27.7,26.1,25.1,19.8,16.7
20250810,108,1.7,1453,25,3.5,1525,34,6.3,1302,27.3,33.2,1559,21.0,538,21.0,28.5,18.2,70.0,49.0,1622,24.9,7.6,5.3,-9.0,991.4,1001.0,1002.7,2,999.2,1605,1.5,12.3,13.8,-9.0,27.22,3.37,1200,-9.0,-9.0,-9.0,-9.0,-9,-9.0,-9,-9.0,-9,-9.0,-9,-9.0,-9,27.1,26.0,25.1,19.9,16.7
20250811,108,2.0,1687,11,4.1,1429,16,6.7,1935,27.0,29.5,1415,25.0,543,21.8,26.3,21.7,73.9,64.0,1638,26.2,3.7,2.6,-9.0,994.2,1003.9,1006.0,2328,1002.4,144,7.3,0.3,13.8,-9.0,9.84,1.14,1400,0.0,0.0,0.25,0.0,-9,0.0,-9,-9.0,-9,-9.0,-9,-9.0,-9,27.3,25.9,25.1,19.9,16.7
20250812,108,2.2,1901,16,4.7,1939,16,9.9,1937,28.6,34.1,1602,23.3,559,20.1,29.6,20.1,62.9,36.0,1451,23.6,8.1,5.7,-9.0,999.2,1008.8,1011.3,2400,1005.9,3,3.8,12.0,13.7,-9.0,26.6,3.34,1200,-9.0,58.3,-9.0,-9.0,-9,-9.0,-9,-9.0,-9,-9.0,-9,-9.0,-9,27.2,25.8,25.1,20.0,16.8
20250813,108,2.6,2214,32,5.8,1136,18,11.0,1401,25.1,27.1,1719,22.0,1053,23.5,24.4,21.1,91.8,70.0,4,29.1,0.9,0.7,-9.0,1001.5,1011.3,1012.5,907,1009.3,1842,9.6,0.0,13.7,-9.0,1.92,0.6,1300,126.7,115.9,15.67,32.7,538,16.5,1153,-9.0,-9,-9.0,-9,-9.0,-9,27.4,25.8,25.0,20.1,16.8
20250814,108,2.2,1882,20,4.4,159,18,10.0,220,25.5,26.9,1649,24.2,736,23.8,25.0,23.3,91.1,80.0,1738,29.5,2.1,1.5,-9.0,1004.3,1014.1,1015.5,2258,1011.7,16,9.3,0.0,13.7,-9.0,6.29,1.12,1200,47.8,0.3,12.48,24.6,705,12.3,723,-9.0,-9,-9.0,-9,-9.0,-9,25.8,26.1,26.1,21.6,16.8
20250815,108,1.7,1462,27,3.4,2106,27,5.3,2202,27.1,30.9,1557,24.4,505,24.1,28.0,22.3,84.3,68.0,1602,30.0,3.9,2.7,-9.0,1004.6,1014.3,1015.5,610,1012.6,1813,4.6,4.9,13.6,-9.0,14.89,2.83,1400,0.0,0.0,3.17,0.0,-9,0.0,-9,-9.0,-9,-9.0,-9,-9.0,-9,26.0,25.8,26.1,23.1,17.0
20250816,108,2.2,1887,25,4.8,1428,29,8.4,1550,28.2,32.2,1434,25.5,429,23.3,27.9,22.4,76.0,56.0,1425,28.7,5.8,4.1,-9.0,1002.8,1012.5,1013.5,130,1011.2,1819,5.4,6.9,13.6,-9.0,19.22,2.99,1300,-9.0,-9.0,-9.0,-9.0,-9,-9.0,-9,-9.0,-9,-9.0,-9,-9.0,-9,26.6,25.8,25.9,22.4,17.2
20250817,108,2.3,1990,23,4.0,1747,23,7.5,1744,28.4,32.0,1358,26.1,355,23.6,27.7,23.5,76.3,55.0,1407,29.2,5.0,3.5,-9.0,1003.7,1013.4,1014.8,1055,1011.7,53,8.1,1.8,13.5,-9.0,16.43,2.8,1100,-9.0,0.2,-9.0,-9.0,-9,-9.0,-9,-9.0,-9,-9.0,-9,-9.0,-9,27.0,25.6,25.6,21.9,17.3
20250818,108,3.0,2566,23,5.5,1425,20,9.6,1601,28.9,32.9,1453,27.0,548,23.9,29.0,24.9,75.6,51.0,1422,29.7,6.7,4.7,-9.0,1003.1,1012.7,1014.4,824,1011.1,1517,8.1,5.4,13.5,-9.0,19.92,3.24,1300,2.2,-9.0,7.42,1.3,2122,0.4,2122,-9.0,-9,-9.0,-9,-9.0,-9,27.3,25.7,25.5,21.6,17.3
20250819,108,3.0,2613,27,5.1,1455,25,8.8,1446,29.1,32.3,1444,26.9,525,24.1,29.0,24.9,75.3,59.0,1450,30.0,6.3,4.4,-9.0,1000.6,1010.2,1012.2,1,1008.5,1717,6.1,6.2,13.5,-9.0,19.48,2.64,1200,-9.0,0.0,-9.0,-9.0,-9,-9.0,-9,-9.0,-9,-9.0,-9,-9.0,-9,27.6,25.8,25.4,21.4,17.3
20250820,108,2.6,2232,23,4.6,1405,18,8.9,135,29.4,32.8,1434,26.9,602,24.2,29.7,24.7,74.5,55.0,1518,30.2,5.6,3.9,-9.0,999.0,1008.6,1009.9,1,1006.8,1536,7.8,5.2,13.5,-9.0,18.14,2.57,1400,0.0,-9.0,0.75,0.0,-9,0.0,-9,-9.0,-9,-9.0,-9,-9.0,-9,27.9,25.9,25.4,21.4,17.4
20250821,108,2.2,1873,27,4.1,1654,29,7.3,1626,29.8,34.3,1402,27.4,519,23.7,30.9,24.2,70.6,50.0,1601,29.3,6.6,4.6,-9.0,999.4,1009.0,1010.4,635,1007.6,1833,5.8,7.5,13.4,-9.0,21.66,3.42,1200,-9.0,-9.0,-9.0,-9.0,-9,-9.0,-9,-9.0,-9,-9.0,-9,-9.0,-9,28.1,26.0,25.4,21.3,17.4
20250822,108,2.1,1839,25,4.6,1437,27,8.0,1451,29.4,33.5,1519,26.1,539,23.4,31.6,22.9,71.5,49.0,1600,28.8,7.1,5.0,-9.0,998.5,1008.1,1009.2,104,1006.7,1543,1.9,9.5,13.4,-9.0,22.41,2.96,1100,-9.0,-9.0,-9.0,-9.0,-9,-9.0,-9,-9.0,-9,-9.0,-9,-9.0,-9,28.3,26.1,25.4,21.2,17.4
20250823,108,1.9,1635,18,4.3,1115,18,6.2,1054,29.3,32.2,1624,27.4,456,24.2,30.0,24.6,74.9,66.0,1634,30.3,3.7,2.6,-9.0,999.9,1009.5,1010.9,2155,1008.4,225,4.3,3.6,13.3,-9.0,11.71,1.89,1100,-9.0,-9.0,-9.0,-9.0,-9,-9.0,-9,-9.0,-9,-9.0,-9,-9.0,-9,28.4,26.2,25.5,21.2,17.5
20250824,108,1.7,1433,20,3.8,1505,16,6.5,1343,30.2,34.7,1451,26.9,451,23.7,31.8,23.7,69.4,48.0,1535,29.3,6.0,4.2,-9.0,1000.9,1010.5,1012.2,925,1008.9,1625,3.3,6.3,13.3,-9.0,18.39,3.04,1100,-9.0,0.0,-9.0,-9.0,-9,-9.0,-9,-9.0,-9,-9.0,-9,-9.0,-9,28.3,26.3,25.5,21.2,17.5
20250825,108,2.8,2378,20,6.1,1913,18,11.5,1909,28.7,32.2,1649,26.3,940,25.0,28.3,23.8,80.6,64.0,1433,31.6,3.5,2.4,-9.0,998.8,1008.5,1011.1,938,1006.1,1823,7.1,2.0,13.3,-9.0,10.8,2.38,1300,17.1,22.5,6.93,14.2,923,10.8,936,-9.0,-9,-9.0,-9,-9.0,-9,28.4,26.4,25.6,21.2,17.6
20250826,108,2.8,2406,27,5.0,1823,27,7.6,1733,27.6,31.8,1543,25.5,609,24.0,28.5,22.8,81.8,59.0,1508,29.8,4.8,3.4,-9.0,997.5,1007.1,1009.6,2247,1005.4,516,6.0,5.6,13.2,-9.0,15.0,2.76,1400,5.4,0.0,8.75,2.5,417,1.2,421,-9.0,-9,-9.0,-9,-9.0,-9,28.3,26.4,25.6,21.2,17.6
20250827,108,1.6,1361,27,3.8,1720,25,5.9,1658,26.7,30.8,1541,23.6,617,21.4,26.3,21.2,73.8,50.0,1604,25.4,3.5,2.4,-9.0,1000.6,1010.3,1012.0,2344,1008.8,218,6.5,2.6,13.2,-9.0,9.76,1.94,1300,-9.0,-9.0,-9.0,-9.0,-9,-9.0,-9,-9.0,-9,-9.0,-9,-9.0,-9,28.3,26.6,25.8,21.2,17.6
20250828,108,2.7,2317,20,4.7,1329,16,9.0,1817,28.3,31.0,1350,24.7,617,22.8,27.5,22.2,72.9,56.0,1411,27.8,4.9,3.4,-9.0,1001.3,1010.9,1012.3,726,1009.7,1847,8.1,3.0,13.1,-9.0,14.35,2.32,1000,-9.0,0.3,-9.0,-9.0,-9,-9.0,-9,-9.0,-9,-9.0,-9,-9.0,-9,27.8,26.6,25.8,21.3,17.7
20250829,108,3.5,3019,23,6.3,1235,27,13.8,1642,29.0,32.8,1350,27.3,543,25.5,29.2,25.3,82.0,62.0,1309,32.6,5.2,3.6,-9.0,1002.3,1011.9,1013.4,2352,1010.8,1511,7.6,4.3,13.1,-9.0,17.8,2.99,1200,32.2,55.8,6.82,12.5,2045,11.5,1639,-9.0,-9,-9.0,-9,-9.0,-9,27.9,26.5,25.9,21.3,17.8
20250830,108,2.0,1727,20,4.9,1240,18,8.9,1232,28.4,31.8,1604,25.8,832,24.6,27.6,23.8,81.1,57.0,1435,31.0,5.1,3.6,-9.0,1003.0,1012.7,1014.2,644,1011.2,1806,5.3,5.8,13.1,-9.0,16.69,2.89,1200,23.9,0.0,6.92,10.7,428,8.6,511,-9.0,-9,-9.0,-9,-9.0,-9,28.2,26.4,25.8,21.3,17.7
20250831,108,2.4,2106,20,4.6,2122,18,8.2,1646,28.5,31.8,1438,25.1,549,23.5,28.1,22.9,75.3,61.0,1459,28.9,4.9,3.4,-9.0,998.8,1008.4,1011.9,1,1005.6,1807,5.5,5.9,13.0,-9.0,15.74,2.2,900,0.0,13.9,0.08,0.0,-9,0.0,-9,-9.0,-9,-9.0,-9,-9.0,-9,28.3,26.7,25.9,21.4,17.9
20250901,108,2.5,2195,18,6.1,1507,18,10.5,1504,26.1,28.2,1329,24.4,2357,23.8,26.5,22.4,87.3,76.0,1,29.4,2.4,1.7,-9.0,995.1,1004.8,1006.3,2300,1003.0,1451,9.0,0.6,13.0,-9.0,7.47,1.26,1200,20.4,6.5,7.75,8.5,416,5.3,443,-9.0,-9,-9.0,-9,-9.0,-9,28.2,26.6,26.0,21.5,17.9
20250902,108,1.6,1349,32,3.2,1559,29,5.0,1419,26.0,30.6,1651,22.0,643,20.8,26.0,19.5,74.6,53.0,1635,24.5,5.5,3.9,-9.0,998.9,1008.6,1010.5,2333,1006.2,1,3.0,9.1,13.0,-9.0,20.32,2.83,1100,-9.0,-9.0,-9.0,-9.0,-9,-9.0,-9,-9.0,-9,-9.0,-9,-9.0,-9,27.9,26.7,25.9,21.6,18.0
20250903,108,1.9,1631,16,3.5,1531,2,6.2,1131,27.6,32.1,1538,22.6,608,20.5,26.8,19.8,67.5,39.0,1506,24.2,5.8,4.1,-9.0,1000.5,1010.1,1011.6,620,1008.4,1611,5.3,9.5,12.9,-9.0,21.38,3.14,1100,-9.0,43.1,-9.0,-9.0,-9,-9.0,-9,-9.0,-9,-9.0,-9,-9.0,-9,27.7,26.7,26.1,21.8,17.9
20250904,108,2.6,2232,29,4.6,303,32,7.7,258,25.8,29.8,1551,22.8,626,22.3,25.9,22.0,82.1,65.0,1553,26.9,4.5,3.2,-9.0,999.7,1009.4,1011.2,831,1007.8,1547,6.5,3.1,12.9,-9.0,13.76,2.81,1300,44.2,1.1,9.92,34.4,249,11.5,334,-9.0,-9,-9.0,-9,-9.0,-9,27.7,26.7,26.2,21.8,18.1
20250905,108,2.2,1864,5,3.5,746,14,7.6,1124,27.9,33.0,1520,23.5,556,21.4,28.1,20.8,68.5,52.0,1531,25.5,5.7,4.0,-9.0,999.5,1009.1,1010.6,937,1007.6,1506,4.3,7.9,12.8,-9.0,20.45,3.07,1300,-9.0,8.0,-9.0,-9.0,-9,-9.0,-9,-9.0,-9,-9.0,-9,-9.0,-9,27.5,26.6,26.4,22.8,18.1
20250906,108,2.4,2111,23,7.1,1528,23,12.6,1520,26.8,30.4,1518,25.4,1941,24.3,26.7,23.4,86.6,70.0,1519,30.3,2.9,2.0,-9.0,996.7,1006.4,1009.2,1,1004.6,1456,8.3,1.2,12.8,-9.0,8.94,1.89,1100,36.1,28.3,9.07,14.9,1636,8.9,1651,-9.0,-9,-9.0,-9,-9.0,-9,27.7,26.5,26.2,22.6,18.1
20250907,108,2.1,1811,20,3.3,228,34,5.7,1430,25.3,28.3,1310,22.3,2353,20.9,25.9,17.8,77.5,56.0,1619,24.8,3.7,2.6,-9.0,997.3,1007.0,1009.5,2352,1004.4,58,7.1,1.7,12.8,-9.0,12.58,2.0,1100,0.2,-9.0,1.07,0.5,-2331,0.2,-9,-9.0,-9,-9.0,-9,-9.0,-9,27.6,26.4,26.5,23.0,18.5
20250908,108,1.8,1548,32,3.7,1904,32,5.7,1858,24.4,29.5,1454,20.6,623,18.9,25.8,17.5,73.0,47.0,1504,21.9,4.8,3.4,-9.0,1000.2,1010.0,1011.5,1019,1008.5,1500,8.0,3.9,12.7,-9.0,16.17,2.94,1300,0.0,0.0,3.75,0.0,-9,0.0,-9,-9.0,-9,-9.0,-9,-9.0,-9,27.4,26.6,26.5,22.9,18.7
20250909,108,1.6,1411,34,3.2,1357,16,4.9,1531,23.7,26.9,1615,21.4,2356,18.2,23.6,16.6,71.9,55.0,1448,20.9,3.4,2.3,-9.0,1002.1,1011.9,1012.6,1052,1010.7,14,7.3,1.0,12.7,-9.0,9.73,1.35,1000,0.0,-9.0,5.5,0.0,-9,0.0,-9,-9.0,-9,-9.0,-9,-9.0,-9,27.2,26.4,26.5,22.7,18.6
20250910,108,1.7,1475,5,3.6,1348,7,6.4,1324,24.8,31.5,1615,18.4,642,15.7,25.0,14.0,61.1,27.0,1511,18.0,7.9,5.5,-9.0,1002.5,1012.3,1013.7,2328,1010.8,1444,0.0,11.9,12.6,-9.0,24.56,3.31,1200,-9.0,-9.0,-9.0,-9.0,-9,-9.0,-9,-9.0,-9,-9.0,-9,-9.0,-9,26.9,26.5,26.3,22.5,18.9
20250911,108,2.5,2146,7,4.2,949,5,8.0,1145,25.8,31.7,1604,19.9,539,16.2,25.4,14.8,57.6,36.0,1557,18.4,8.5,6.0,-9.0,1005.0,1014.7,1016.9,1003,1013.1,1517,2.8,11.8,12.6,-9.0,24.11,3.25,1200,-9.0,-9.0,-9.0,-9.0,-9,-9.0,-9,-9.0,-9,-9.0,-9,-9.0,-9,26.5,26.2,26.3,22.4,18.9
20250912,108,2.7,2354,5,4.4,132,5,7.7,755,23.9,26.3,1232,21.1,2400,17.5,23.7,19.0,68.8,54.0,1048,20.1,2.8,1.9,-9.0,1002.5,1012.4,1015.5,35,1007.7,2347,9.5,0.3,12.6,-9.0,7.7,1.34,900,6.8,70.5,7.33,2.7,2329,0.7,2048,-9.0,-9,-9.0,-9,-9.0,-9,26.4,26.1,26.0,22.3,19.0
20250913,108,2.4,2062,5,4.1,125,2,8.0,153,23.3,27.6,1608,20.4,205,19.6,23.2,19.3,81.0,59.0,1636,22.8,-9.0,-9.0,-9.0,995.9,1005.7,1008.8,2341,1002.2,557,8.9,-9.0,12.5,-9.0,-9.0,-9.0,-9,63.7,0.0,8.58,22.5,137,6.0,153,-9.0,-9,-9.0,-9,-9.0,-9,25.6,26.0,26.1,22.3,18.9
20250914,108,1.6,1381,25,2.8,1812,25,4.9,2010,24.8,29.3,1616,21.5,624,19.2,24.5,18.4,72.0,52.0,1556,22.2,4.9,3.4,-9.0,1001.0,1010.8,1013.2,2351,1008.6,17,6.0,5.7,12.5,-9.0,16.74,2.69,1100,-9.0,-9.0,-9.0,-9.0,-9,-9.0,-9,-9.0,-9,-9.0,-9,-9.0,-9,25.5,25.8,26.1,23.3,19.2
20250915,108,1.5,1278,16,3.0,1347,16,5.9,1347,25.7,30.7,1447,20.8,638,19.8,25.3,16.5,71.6,50.0,1617,23.1,5.0,3.5,-9.0,1004.3,1014.1,1015.6,1006,1012.6,1535,4.3,9.4,12.4,-9.0,18.66,2.53,1400,-9.0,-9.0,-9.0,-9.0,-9,-9.0,-9,-9.0,-9,-9.0,-9,-9.0,-9,25.7,25.4,26.1,23.0,19.1
20250916,108,1.5,1305,27,5.6,1359,32,12.1,1354,23.7,27.1,1327,22.2,429,21.3,23.2,18.3,86.8,77.0,1110,25.3,1.4,1.0,-9.0,1001.8,1011.6,1013.9,334,1008.9,1534,7.5,0.7,12.4,-9.0,5.11,0.83,800,17.5,19.0,4.27,14.8,1352,9.7,1352,-9.0,-9,-9.0,-9,-9.0,-9,25.8,25.5,25.8,22.8,19.2
20250917,108,1.7,1428,32,4.8,1354,27,9.2,1353,22.7,24.0,837,21.2,2354,21.2,23.4,18.1,92.0,86.0,1802,25.2,1.2,0.8,-9.0,999.1,1008.9,1011.7,2311,1006.6,1354,8.5,0.4,12.4,-9.0,3.54,0.94,1200,52.7,51.2,8.5,41.2,1010,21.5,1044,-9.0,-9,-9.0,-9,-9.0,-9,25.6,25.4,25.7,22.7,19.3
20250918,108,2.6,2274,5,4.5,2044,2,8.2,1319,22.1,26.0,1513,19.6,606,17.0,22.5,16.9,74.4,57.0,1523,19.5,5.7,4.0,-9.0,1005.0,1014.9,1017.7,2338,1010.6,18,6.6,6.1,12.3,-9.0,17.27,3.06,1300,-9.0,0.0,-9.0,-9.0,-9,-9.0,-9,-9.0,-9,-9.0,-9,-9.0,-9,25.1,25.2,25.8,23.7,19.2
20250919,108,2.8,2452,7,4.0,744,5,7.1,340,19.4,21.4,1152,17.9,2352,16.1,20.2,16.7,82.0,66.0,9,18.4,1.5,1.1,-9.0,1005.6,1015.6,1018.2,845,1010.7,2351,9.9,0.0,12.3,-9.0,4.73,0.79,1100,13.8,49.1,15.08,7.1,2325,2.5,2347,-9.0,-9,-9.0,-9,-9.0,-9,25.1,25.2,25.8,23.5,19.3
20250920,108,1.8,1552,5,3.7,333,5,6.8,358,20.0,23.6,1635,17.5,336,17.4,21.1,16.8,85.4,67.0,1653,19.8,2.6,1.8,-9.0,998.9,1008.9,1012.9,2347,1005.9,523,8.9,1.2,12.3,-9.0,8.41,1.61,1300,35.3,0.0,8.58,11.6,204,2.8,234,-9.0,-9,-9.0,-9,-9.0,-9,24.1,25.0,25.7,23.4,19.4
20250921,108,2.1,1817,5,4.2,1124,36,7.5,1138,21.6,27.3,1507,17.2,540,14.9,21.9,14.0,67.0,48.0,1432,17.0,6.5,4.5,-9.0,1006.7,1016.7,1019.9,2354,1012.8,41,4.1,10.2,12.2,-9.0,22.01,3.1,1200,-9.0,-9.0,-9.0,-9.0,-9,-9.0,-9,-9.0,-9,-9.0,-9,-9.0,-9,23.9,24.8,25.6,23.9,19.6
20250922,108,2.5,2142,5,4.1,1217,16,7.8,1632,21.3,25.1,1341,17.6,636,12.9,20.5,14.3,59.8,44.0,1152,15.0,4.7,3.3,-9.0,1009.7,1019.7,1021.6,856,1017.6,1613,8.8,4.3,12.2,-9.0,14.98,2.51,1100,-9.0,-9.0,-9.0,-9.0,-9,-9.0,-9,-9.0,-9,-9.0,-9,-9.0,-9,24.0,24.5,25.4,23.6,19.8
20250923,108,2.4,2116,9,3.9,1313,32,8.0,1357,22.7,26.8,1530,19.2,626,13.2,22.5,16.2,56.5,34.0,1312,15.2,5.8,4.1,-9.0,1007.8,1017.8,1020.1,734,1015.8,1542,8.1,5.2,12.1,-9.0,16.89,2.96,1200,0.0,0.0,0.83,0.0,-9,0.0,-9,-9.0,-9,-9.0,-9,-9.0,-9,23.9,24.5,25.4,23.3,19.8
20250924,108,2.1,1844,25,4.1,2004,9,7.7,840,22.0,23.7,1144,20.4,340,18.5,21.2,16.2,81.8,59.0,5,21.6,1.1,0.8,-9.0,1002.8,1012.7,1016.1,9,1010.4,1600,8.3,0.1,12.1,-9.0,2.84,0.49,800,35.2,35.5,11.5,24.6,1315,10.2,1330,-9.0,-9,-9.0,-9,-9.0,-9,24.1,24.3,25.2,23.1,19.7
20250925,108,1.4,1197,29,2.8,1551,29,4.9,1551,22.5,26.4,1622,20.2,2351,18.6,22.6,15.4,80.0,51.0,1624,21.5,3.6,2.5,-9.0,1006.8,1016.8,1018.6,2257,1014.2,1,6.1,5.5,12.1,-9.0,13.81,2.15,1400,0.3,-9.0,1.25,0.3,10,0.2,-9,-9.0,-9,-9.0,-9,-9.0,-9,23.8,24.1,25.0,23.0,19.6
20250926,108,1.4,1234,5,2.9,1010,7,5.2,1018,21.7,27.1,1543,17.8,626,17.4,21.7,12.4,78.1,56.0,1559,19.8,4.8,3.4,-9.0,1008.4,1018.4,1020.1,852,1016.6,1538,3.0,8.1,12.0,-9.0,18.53,2.92,1200,-9.0,-9.0,-9.0,-9.0,-9,-9.0,-9,-9.0,-9,-9.0,-9,-9.0,-9,24.1,24.0,24.8,23.1,19.7
20250927,108,1.9,1673,7,3.4,914,14,7.0,1151,22.5,27.2,1420,17.6,617,16.7,22.0,13.8,71.1,53.0,1310,19.0,4.2,2.9,-9.0,1006.3,1016.2,1018.5,842,1013.7,2342,4.0,8.3,12.0,-9.0,16.5,2.59,1100,-9.0,23.1,-9.0,-9.0,-9,-9.0,-9,-9.0,-9,-9.0,-9,-9.0,-9,23.2,24.1,24.6,23.1,19.9
20250928,108,1.7,1431,32,3.7,954,29,6.2,945,20.0,21.9,1411,18.4,1000,17.5,20.9,16.7,85.6,73.0,1,20.0,1.7,1.2,-9.0,1000.2,1010.1,1013.6,1,1007.8,1522,9.1,0.9,11.9,-9.0,5.86,1.84,1300,44.5,21.4,7.92,13.0,901,2.4,948,-9.0,-9,-9.0,-9,-9.0,-9,23.8,23.9,24.7,22.9,20.0
20250929,108,1.5,1302,32,3.2,54,32,6.1,15,19.6,23.9,1454,16.6,656,15.4,20.0,13.5,77.8,57.0,1434,17.5,3.0,2.1,-9.0,1002.1,1012.1,1013.4,853,1010.7,1649,4.0,4.9,11.9,-9.0,11.97,2.01,1300,-9.0,-9.0,-9.0,-9.0,-9,-9.0,-9,-9.0,-9,-9.0,-9,-9.0,-9,23.4,23.8,24.6,23.4,20.0
20250930,108,1.4,1195,5,2.6,922,29,4.4,1433,19.8,24.0,1409,17.3,625,16.3,19.8,13.0,81.3,62.0,1439,18.5,2.3,1.6,-9.0,1002.3,1012.2,1014.0,756,1010.3,1626,6.1,1.2,11.8,-9.0,8.56,2.04,1300,-9.0,-9.0,-9.0,-9.0,-9,-9.0,-9,-9.0,-9,-9.0,-9,-9.0,-9,23.1,23.6,24.5,23.2,19.9
20251001,108,1.7,1479,25,4.7,1755,25,7.3,1749,20.5,25.6,1421,16.7,626,16.2,20.5,12.3,78.1,54.0,1440,18.5,3.3,2.3,-9.0,1003.2,1013.2,1014.9,2324,1011.7,1358,4.8,4.7,11.8,-9.0,12.23,2.04,1400,-9.0,-9.0,-9.0,-9.0,-9,-9.0,-9,-9.0,-9,-9.0,-9,-9.0,-9,22.9,23.6,24.4,23.1,20.0
20251002,108,1.5,1273,5,2.6,2348,7,4.6,2336,21.4,25.8,1324,17.3,620,16.4,21.0,13.8,74.5,56.0,1234,18.6,3.5,2.5,-9.0,1006.6,1016.5,1017.9,1013,1014.9,1,9.0,5.7,11.8,-9.0,13.94,2.48,1100,-9.0,0.4,-9.0,-9.0,-9,-9.0,-9,-9.0,-9,-9.0,-9,-9.0,-9,22.9,23.4,24.4,23.0,20.2
20251003,108,2.4,2036,5,3.8,1501,5,7.4,1308,21.2,22.3,1338,19.8,621,16.6,20.9,18.0,75.5,66.0,1308,18.9,2.5,1.7,-9.0,1005.2,1015.1,1017.7,848,1013.0,1758,9.6,0.0,11.7,-9.0,5.64,1.2,1100,0.8,0.4,9.33,0.3,330,0.2,-9,-9.0,-9,-9.0,-9,-9.0,-9,23.1,23.4,24.2,22.9,20.4
20251004,108,1.9,1677,5,3.4,1137,7,6.3,913,22.5,25.0,1405,20.9,624,17.7,22.1,18.4,74.6,67.0,1,20.3,2.2,1.6,-9.0,1002.9,1012.8,1013.8,2350,1011.7,1654,9.4,0.6,11.7,-9.0,7.29,2.13,1300,0.0,0.0,2.23,0.0,-9,0.0,-9,-9.0,-9,-9.0,-9,-9.0,-9,22.9,23.3,24.2,22.8,20.5
20251005,108,1.6,1420,5,2.8,1343,2,4.5,1343,21.4,22.3,32,20.6,1953,19.5,21.3,18.7,89.6,82.0,5,22.7,1.0,0.7,-9.0,1003.3,1013.2,1014.4,1001,1011.8,1624,9.6,0.0,11.7,-9.0,2.85,0.63,1200,18.1,22.3,7.17,10.4,1001,3.9,1042,-9.0,-9,-9.0,-9,-9.0,-9,23.2,23.3,24.2,22.7,20.6
20251006,108,3.8,3242,7,6.4,1836,7,11.4,1846,17.6,20.7,1,15.4,2001,16.5,18.5,14.7,93.8,87.0,1151,18.9,0.8,0.6,-9.0,1004.9,1015.0,1016.4,949,1013.5,329,10.0,0.0,11.6,-9.0,2.17,0.37,1300,36.8,38.2,19.67,8.1,2249,2.3,2321,-9.0,-9,-9.0,-9,-9.0,-9,23.0,23.1,23.9,22.6,20.5
20251007,108,3.1,2674,7,5.4,405,5,11.0,535,18.2,20.0,1322,15.5,1,17.4,18.3,15.0,94.9,86.0,1344,19.8,1.4,1.0,-9.0,1004.6,1014.6,1015.9,2239,1013.1,1516,9.8,0.0,11.6,-9.0,4.81,1.08,1200,7.1,1.5,22.67,2.0,-2350,0.5,-2356,-9.0,-9,-9.0,-9,-9.0,-9,21.9,23.0,23.9,22.7,20.6
20251008,108,1.4,1225,32,3.8,1726,32,6.4,1725,21.9,28.0,1518,17.2,652,16.2,21.3,14.5,72.8,41.0,1536,18.5,5.3,3.7,-9.0,1005.8,1015.7,1017.6,930,1013.9,1515,3.6,10.7,11.5,-9.0,18.97,2.76,1200,0.0,-9.0,0.58,0.0,-9,0.0,-9,-9.0,-9,-9.0,-9,-9.0,-9,21.7,22.7,23.8,23.0,20.8
20251009,108,3.3,2859,5,4.9,2249,5,8.8,2157,20.0,22.6,1304,16.9,2348,14.1,19.5,15.9,69.6,59.0,430,16.1,2.4,1.7,-9.0,1008.1,1018.1,1019.3,859,1016.2,1,9.9,0.0,11.5,-9.0,6.18,1.21,1100,0.0,6.9,8.0,0.2,-9,0.1,-9,-9.0,-9,-9.0,-9,-9.0,-9,22.2,22.6,23.6,22.9,21.0
20251010,108,2.9,2500,5,4.3,39,5,7.8,18,17.0,17.7,1309,16.0,308,16.6,17.6,15.6,98.1,89.0,19,18.9,0.6,0.4,-9.0,1006.5,1016.6,1018.9,1,1014.9,2355,10.0,0.0,11.4,-9.0,1.42,0.27,1100,49.3,58.5,23.92,7.0,1859,2.0,1935,-9.0,-9,-9.0,-9,-9.0,-9,21.9,22.5,23.6,22.8,21.2
20251011,108,2.4,2100,23,5.3,1503,23,9.6,1544,20.3,23.8,1357,17.3,13,19.0,19.7,16.8,93.1,73.0,1459,22.0,1.4,1.0,-9.0,1001.1,1011.1,1014.9,1,1008.9,1723,9.9,0.1,11.4,-9.0,4.31,1.36,1300,22.5,6.5,16.17,4.8,55,1.5,135,-9.0,-9,-9.0,-9,-9.0,-9,21.0,22.2,23.4,23.0,21.4
20251012,108,2.3,2001,5,4.3,1427,5,8.1,1817,19.0,21.4,1302,17.6,350,16.2,19.5,16.8,84.6,72.0,1608,18.4,2.0,1.4,-9.0,1002.7,1012.7,1015.1,2328,1009.6,51,9.5,0.2,11.4,-9.0,6.03,1.21,1000,0.1,10.5,2.5,0.1,-9,0.1,-9,-9.0,-9,-9.0,-9,-9.0,-9,21.2,21.9,23.3,23.1,21.5
20251013,108,3.5,2981,5,5.4,1747,5,10.3,1642,15.7,18.3,1,13.9,1950,14.7,16.7,13.5,94.4,83.0,2,16.8,0.9,0.6,-9.0,1004.1,1014.2,1015.4,2026,1012.8,350,10.0,0.0,11.3,-9.0,1.83,0.36,1100,25.1,15.2,17.0,4.7,1653,1.4,1710,-9.0,-9,-9.0,-9,-9.0,-9,21.3,21.9,23.0,23.0,21.7
20251014,108,3.1,2637,5,4.6,1411,7,8.7,1346,17.9,20.9,1402,14.4,1,14.2,18.1,13.8,80.3,67.0,1255,16.2,3.0,2.1,-9.0,1006.9,1017.0,1019.8,2052,1014.6,204,8.9,0.6,11.3,-9.0,10.48,1.87,1100,0.6,0.0,6.5,0.4,410,0.2,-9,-9.0,-9,-9.0,-9,-9.0,-9,20.6,21.7,22.9,22.9,21.7
20251015,108,2.4,2078,16,4.0,1909,18,8.1,1908,20.2,25.3,1414,16.1,615,15.3,19.2,12.7,74.8,55.0,1336,17.5,3.7,2.6,-9.0,1007.8,1017.8,1020.5,742,1015.3,2354,5.5,6.3,11.3,-9.0,14.07,2.66,1200,1.5,2.8,6.08,1.2,2251,0.3,2305,-9.0,-9,-9.0,-9,-9.0,-9,20.6,21.6,22.8,22.9,21.7
20251016,108,2.4,2075,5,4.5,2134,5,8.5,2057,20.2,24.8,1452,17.0,706,15.5,19.8,14.0,75.3,59.0,1606,17.6,4.1,2.9,-9.0,1007.9,1017.9,1022.0,2339,1013.9,350,3.4,6.8,11.2,-9.0,13.85,2.55,1100,1.3,-9.0,3.58,0.6,1,0.2,-9,-9.0,-9,-9.0,-9,-9.0,-9,20.9,21.5,22.6,22.7,21.8
20251017,108,2.3,1963,11,4.9,1212,14,9.0,1206,19.9,24.8,1353,15.6,600,15.0,19.1,11.8,74.8,54.0,1306,17.1,3.3,2.3,-9.0,1009.7,1019.7,1023.6,831,1015.9,2400,6.0,6.4,11.2,-9.0,13.45,2.57,1200,11.3,22.5,7.75,5.3,2058,1.7,2127,-9.0,-9,-9.0,-9,-9.0,-9,21.1,21.4,22.6,22.6,21.9
20251018,108,2.3,1957,32,5.0,808,32,8.1,759,15.8,18.6,1,14.2,2356,13.7,17.7,12.5,87.8,79.0,1644,15.7,1.5,1.1,-9.0,1009.1,1019.3,1023.0,2309,1015.0,405,9.8,0.0,11.1,-9.0,4.81,0.78,1400,11.2,-9.0,7.83,2.8,236,0.6,209,-9.0,-9,-9.0,-9,-9.0,-9,21.0,21.4,22.6,22.5,22.0
20251019,108,2.8,2410,32,5.2,1945,32,10.1,1858,14.5,19.2,1322,8.9,2353,9.2,15.6,6.5,71.5,57.0,1505,11.9,3.2,2.3,-9.0,1012.7,1023.0,1025.8,2239,1020.7,1350,4.6,5.1,11.1,-9.0,11.43,1.84,900,-9.0,-9.0,-9.0,-9.0,-9,-9.0,-9,-9.0,-9,-9.0,-9,-9.0,-9,20.6,21.3,22.4,22.4,22.1
20251020,108,2.7,2317,32,5.1,2,32,9.2,10,10.0,16.5,1517,5.3,649,3.7,12.3,2.9,65.9,52.0,1952,8.1,3.3,2.3,-9.0,1016.7,1027.2,1028.8,2316,1025.4,4,4.8,4.9,11.1,-9.0,13.24,2.07,1300,-9.0,-9.0,-9.0,-9.0,-9,-9.0,-9,-9.0,-9,-9.0,-9,-9.0,-9,19.9,21.2,22.4,22.4,22.0
20251021,108,1.6,1416,29,3.1,1318,32,5.6,1318,9.2,14.1,1439,4.8,544,3.5,11.4,1.8,68.3,53.0,1711,7.9,2.4,1.7,-9.0,1018.1,1028.7,1030.2,836,1027.0,1407,5.3,5.8,11.0,-9.0,11.48,1.99,1100,-9.0,-9.0,-9.0,-9.0,-9,-9.0,-9,-9.0,-9,-9.0,-9,-9.0,-9,19.1,21.0,22.3,22.3,22.1
20251022,108,1.5,1339,5,2.9,1011,5,5.1,1010,13.1,18.6,1508,6.6,340,7.8,12.9,2.2,72.1,53.0,1540,10.7,3.0,2.1,-9.0,1017.2,1027.6,1029.4,753,1025.8,1635,3.0,6.2,11.0,-9.0,12.99,2.44,1100,-9.0,-9.0,-9.0,-9.0,-9,-9.0,-9,-9.0,-9,-9.0,-9,-9.0,-9,18.3,20.7,22.2,22.2,22.1
20251023,108,2.0,1720,34,3.4,1804,34,5.2,1809,14.9,19.6,1424,11.8,452,9.4,13.9,7.8,70.3,54.0,1636,11.8,2.8,2.0,-9.0,1016.0,1026.3,1027.7,759,1024.4,1430,3.8,4.3,11.0,-9.0,9.49,1.81,1100,-9.0,-9.0,-9.0,-9.0,-9,-9.0,-9,-9.0,-9,-9.0,-9,-9.0,-9,18.1,20.3,22.1,22.2,22.1
20251024,108,2.1,1787,5,3.8,123,2,6.4,1148,15.8,21.5,1546,11.3,710,9.3,15.1,6.9,66.5,47.0,1459,11.7,3.3,2.3,-9.0,1014.2,1024.5,1027.3,813,1022.0,1719,5.4,7.3,10.9,-9.0,14.57,2.21,1200,-9.0,-9.0,-9.0,-9.0,-9,-9.0,-9,-9.0,-9,-9.0,-9,-9.0,-9,18.1,20.0,21.8,22.1,22.2
20251025,108,2.1,1818,32,4.1,2106,29,6.7,1617,14.4,17.7,1529,12.6,737,8.0,13.9,8.6,66.9,45.0,1623,10.9,2.8,2.0,-9.0,1010.3,1020.6,1022.7,2,1019.0,1554,6.9,3.9,10.9,-9.0,8.78,1.61,1000,-9.0,-9.0,-9.0,-9.0,-9,-9.0,-9,-9.0,-9,-9.0,-9,-9.0,-9,18.2,19.9,21.7,22.1,22.2
20251026,108,1.7,1497,32,5.1,2304,34,10.8,2256,12.2,13.9,1434,10.6,2356,6.7,13.0,6.2,70.1,49.0,1014,10.0,1.9,1.3,-9.0,1007.2,1017.5,1019.6,8,1016.0,1345,7.4,0.0,10.8,-9.0,4.55,0.89,1300,0.5,0.5,2.67,0.4,1132,0.3,1229,-9.0,-9,-9.0,-9,-9.0,-9,18.0,19.7,21.6,22.0,22.3
20251027,108,2.8,2418,29,5.9,1215,29,10.5,1209,8.1,12.2,1456,3.7,727,-3.3,8.6,-1.2,45.0,25.0,1117,4.8,4.0,2.8,-9.0,1011.7,1022.2,1025.8,2333,1017.7,10,0.0,9.2,10.8,-9.0,16.01,2.57,1200,-9.0,-9.0,-9.0,-9.0,-9,-9.0,-9,-9.0,-9,-9.0,-9,-9.0,-9,17.5,19.6,21.4,22.0,22.3
20251028,108,1.4,1240,27,2.9,1220,25,5.7,1339,8.5,14.4,1420,3.0,734,-1.6,8.7,-4.8,52.4,23.0,1154,5.5,3.8,2.7,-9.0,1017.8,1028.4,1030.2,2232,1025.8,1,0.5,9.0,10.8,-9.0,15.43,2.47,1200,-9.0,-9.0,-9.0,-9.0,-9,-9.0,-9,-9.0,-9,-9.0,-9,-9.0,-9,16.6,19.3,21.3,21.9,19.7
20251029,108,1.7,1438,5,3.2,836,5,5.4,637,11.4,18.3,1507,6.2,332,4.8,11.3,0.7,65.0,45.0,1529,8.7,3.1,2.2,-9.0,1018.8,1029.3,1031.6,925,1027.2,1800,1.1,7.6,10.7,-9.0,13.27,2.24,1200,-9.0,-9.0,-9.0,-9.0,-9,-9.0,-9,-9.0,-9,-9.0,-9,-9.0,-9,16.0,19.0,21.1,21.9,19.7
20251030,108,1.5,1279,5,2.8,1055,5,4.8,1054,12.8,18.2,1344,7.7,655,7.2,12.7,2.3,70.3,49.0,1318,10.2,2.5,1.8,-9.0,1015.5,1025.9,1028.2,1,1023.9,1709,5.5,6.7,10.7,-9.0,11.38,1.88,1200,-9.0,-9.0,-9.0,-9.0,-9,-9.0,-9,-9.0,-9,-9.0,-9,-9.0,-9,15.8,18.6,20.9,21.8,19.7
20251031,108,2.0,1752,32,5.4,2153,32,8.6,2127,15.1,20.7,1432,11.3,604,9.3,15.8,7.3,69.9,43.0,1421,11.7,3.1,2.1,-9.0,1007.1,1017.3,1024.1,1,1013.4,2356,8.1,2.5,10.7,-9.0,10.42,1.91,1100,0.1,0.8,2.83,0.7,2330,0.3,2356,-9.0,-9,-9.0,-9,-9.0,-9,15.9,18.4,20.7,21.7,19.7
20251101,108,2.3,1999,29,4.5,1710,32,10.6,1708,12.9,17.7,1431,10.5,722,7.5,13.8,5.3,73.0,29.0,1533,10.5,3.6,2.5,-9.0,1003.2,1013.4,1014.9,2400,1011.9,1441,3.8,8.1,10.6,-9.0,14.23,2.4,1200,2.4,1.9,4.67,-9.0,-9,-9.0,-9,-9.0,-9,-9.0,-9,-9.0,-9,16.3,18.2,20.5,21.7,19.8
20251102,108,3.1,2661,25,6.8,1344,25,10.9,1107,8.0,11.7,1414,3.7,2352,-0.4,9.0,-1.3,57.0,37.0,1514,6.2,3.8,2.7,-9.0,1009.8,1020.3,1027.1,2358,1014.6,35,1.9,8.1,10.6,-9.0,14.4,2.36,1300,0.2,-9.0,0.32,-9.0,-9,-9.0,-9,-9.0,-9,-9.0,-9,-9.0,-9,16.2,18.1,20.3,21.6,19.8
20251103,108,1.5,1311,32,3.8,32,34,6.4,39,7.2,14.7,1438,0.5,618,-1.8,7.2,-5.0,54.1,34.0,1558,5.4,3.3,2.3,-9.0,1018.4,1029.1,1031.6,932,1027.0,14,0.4,9.6,10.6,-9.0,15.16,2.4,1200,-9.0,-9.0,-9.0,-9.0,-9,-9.0,-9,-9.0,-9,-9.0,-9,-9.0,-9,15.4,18.0,20.2,21.6,19.8
20251104,108,1.5,1307,25,3.5,1232,34,5.6,1747,10.2,16.3,1507,5.5,633,2.5,9.8,0.1,60.6,41.0,1448,7.4,3.3,2.3,-9.0,1016.6,1027.1,1028.7,1,1025.2,1547,0.9,9.0,10.5,-9.0,13.64,2.22,1200,-9.0,-9.0,-9.0,-9.0,-9,-9.0,-9,-9.0,-9,-9.0,-9,-9.0,-9,14.8,17.8,20.0,21.5,19.8
20251105,108,1.4,1193,32,2.9,1745,34,4.4,1741,11.6,19.0,1406,5.7,653,3.7,10.1,0.1,60.0,37.0,1506,8.0,3.3,2.3,-9.0,1014.4,1024.8,1026.9,821,1022.4,1523,1.1,9.6,10.5,-9.0,13.73,2.22,1200,-9.0,-9.0,-9.0,-9.0,-9,-9.0,-9,-9.0,-9,-9.0,-9,-9.0,-9,14.6,17.5,19.9,21.4,19.9
20251106,108,1.6,1349,29,3.8,1408,29,5.5,1408,12.5,18.8,1434,7.3,712,6.8,11.2,1.0,69.9,49.0,1430,10.0,2.8,2.0,-9.0,1014.3,1024.6,1026.5,823,1023.0,1439,3.8,8.1,10.5,-9.0,11.64,2.03,1200,-9.0,-9.0,-9.0,-9.0,-9,-9.0,-9,-9.0,-9,-9.0,-9,-9.0,-9,14.5,17.2,19.7,21.4,19.9
20251107,108,1.9,1636,7,3.7,2136,5,6.6,2131,13.9,19.9,1445,8.3,728,7.2,12.2,2.0,66.3,41.0,1524,10.1,3.7,2.6,-9.0,1014.8,1025.1,1026.5,910,1023.2,1729,1.8,8.9,10.4,-9.0,12.72,2.14,1200,-9.0,-9.0,-9.0,-9.0,-9,-9.0,-9,-9.0,-9,-9.0,-9,-9.0,-9,14.6,17.0,19.5,21.3,20.0
20251108,108,2.2,1887,5,3.5,805,7,6.5,156,14.5,17.0,1430,12.3,317,8.9,13.6,6.2,69.4,60.0,1416,11.4,1.7,1.2,-9.0,1012.6,1022.9,1026.3,334,1018.7,2350,8.8,0.0,10.4,-9.0,4.54,1.02,1200,0.0,0.0,0.52,-9.0,-9,-9.0,-9,-9.0,-9,-9.0,-9,-9.0,-9,14.7,16.9,19.3,21.2,20.1
20251109,108,2.6,2261,25,5.2,1520,25,10.4,2123,13.5,17.6,1302,10.4,2352,6.5,13.4,3.8,64.1,33.0,1322,9.8,4.0,2.8,-9.0,1007.0,1017.2,1018.9,2,1015.2,1432,1.8,7.6,10.4,-9.0,12.2,2.18,1200,-9.0,-9.0,-9.0,-9.0,-9,-9.0,-9,-9.0,-9,-9.0,-9,-9.0,-9,15.0,16.8,19.2,21.2,20.1
20251110,108,2.5,2154,29,4.5,1201,25,8.4,37,8.3,12.7,1455,5.4,701,-5.7,7.8,-3.1,37.6,22.0,1525,4.0,4.3,3.0,-9.0,1010.4,1020.9,1022.6,2335,1018.4,10,0.4,9.7,10.3,-9.0,14.73,2.35,1200,-9.0,-9.0,-9.0,-9.0,-9,-9.0,-9,-9.0,-9,-9.0,-9,-9.0,-9,14.9,16.8,19.0,21.1,20.2
20251111,108,1.6,1357,29,3.5,1300,32,5.4,1246,8.9,15.1,1359,3.9,318,0.6,8.2,-4.4,57.6,39.0,1117,6.6,3.0,2.1,-9.0,1013.1,1023.6,1025.2,2228,1022.3,1348,2.8,8.3,10.3,-9.0,12.67,2.29,1200,-9.0,-9.0,-9.0,-9.0,-9,-9.0,-9,-9.0,-9,-9.0,-9,-9.0,-9,14.2,16.7,18.9,21.0,20.3
20251112,108,1.8,1533,27,3.3,1736,27,5.3,1729,10.8,17.7,1424,6.0,549,4.0,9.4,-0.8,65.5,35.0,1455,8.2,3.2,2.2,-9.0,1013.0,1023.5,1025.8,601,1021.3,1606,1.1,9.4,10.3,-9.0,13.15,2.16,1200,-9.0,-9.0,-9.0,-9.0,-9,-9.0,-9,-9.0,-9,-9.0,-9,-9.0,-9,13.8,16.5,18.8,21.0,20.4
20251113,108,1.7,1510,29,3.9,1352,20,7.3,1332,11.1,17.6,1424,6.7,508,4.4,9.8,-1.0,65.4,34.0,1347,8.5,3.1,2.1,-9.0,1009.3,1019.7,1022.1,56,1017.5,1450,3.6,5.8,10.2,-9.0,10.16,2.04,1300,-9.0,-9.0,-9.0,-9.0,-9,-9.0,-9,-9.0,-9,-9.0,-9,-9.0,-9,13.7,16.3,18.7,20.9,20.5
20251114,108,1.9,1616,29,4.0,1203,27,7.5,1201,9.1,15.1,1421,4.5,746,-0.4,7.6,-3.5,53.8,28.0,1309,6.0,3.5,2.5,-9.0,1011.4,1021.9,1024.7,2349,1019.7,1,0.0,9.5,10.2,-9.0,13.71,2.24,1200,-9.0,-9.0,-9.0,-9.0,-9,-9.0,-9,-9.0,-9,-9.0,-9,-9.0,-9,13.6,16.1,18.5,20.8,20.5
20251115,108,1.3,1127,5,2.8,835,5,4.8,830,9.8,17.5,1516,3.6,737,-1.3,7.1,-3.8,49.1,21.0,1529,5.6,3.5,2.5,-9.0,1016.6,1027.1,1028.4,2232,1024.6,1,1.3,8.9,10.2,-9.0,12.76,2.14,1100,-9.0,-9.0,-9.0,-9.0,-9,-9.0,-9,-9.0,-9,-9.0,-9,-9.0,-9,13.1,15.9,18.4,20.7,20.5
20251116,108,2.4,2108,32,6.1,2325,32,10.3,2317,11.6,18.7,1346,5.5,731,3.3,9.9,-1.6,58.4,24.0,1315,8.2,4.4,3.1,-9.0,1015.2,1025.6,1027.9,44,1023.8,1958,3.6,7.9,10.1,-9.0,12.32,2.09,1200,0.3,0.3,1.25,-9.0,-9,-9.0,-9,-9.0,-9,-9.0,-9,-9.0,-9,12.8,15.7,18.3,20.7,20.7
20251117,108,3.7,3185,29,6.6,1044,25,11.4,1048,3.2,9.7,1,-0.7,2355,-10.3,4.3,-7.1,37.4,25.0,500,2.8,2.9,2.0,-9.0,1018.9,1029.7,1031.6,943,1026.0,3,4.8,6.7,10.1,-9.0,10.53,1.82,1300,-9.0,-9.0,-9.0,-9.0,-9,-9.0,-9,-9.0,-9,-9.0,-9,-9.0,-9,12.9,15.5,18.1,20.6,20.7
20251118,108,2.3,1983,25,4.6,1526,34,8.0,1009,1.6,6.5,1443,-2.0,546,-8.8,1.9,-8.5,47.1,30.0,1148,3.2,2.8,2.0,-9.0,1016.8,1027.7,1030.4,843,1025.2,1516,0.8,9.1,10.1,-9.0,13.11,2.16,1200,-9.0,-9.0,-9.0,-9.0,-9,-9.0,-9,-9.0,-9,-9.0,-9,-9.0,-9,12.2,15.3,18.0,20.5,20.7
20251119,108,1.6,1384,23,3.3,1416,20,5.8,1422,3.0,8.6,1502,-1.6,727,-6.8,2.2,-9.8,50.1,27.0,1409,3.7,2.8,2.0,-9.0,1015.7,1026.5,1028.0,827,1025.2,1457,0.0,9.3,10.1,-9.0,12.53,2.1,1200,-9.0,-9.0,-9.0,-9.0,-9,-9.0,-9,-9.0,-9,-9.0,-9,-9.0,-9,11.4,15.1,17.8,20.5,20.7
20251120,108,2.5,2155,23,5.3,1402,20,10.0,1416,7.4,14.6,1453,1.6,106,-0.2,7.5,-5.5,58.8,35.0,1953,6.2,2.6,1.8,-9.0,1013.4,1024.0,1026.1,17,1020.9,1528,4.5,5.9,10.0,-9.0,9.13,1.59,1000,-9.0,-9.0,-9.0,-9.0,-9,-9.0,-9,-9.0,-9,-9.0,-9,-9.0,-9,10.9,14.8,17.7,20.4,20.8
20251121,108,1.9,1641,23,5.6,1417,23,9.7,1508,7.4,12.5,1406,1.0,655,-0.6,5.4,-8.0,58.5,29.0,1211,6.1,2.9,2.0,-9.0,1014.9,1025.5,1027.0,852,1023.9,1504,3.1,7.5,10.0,-9.0,11.77,2.08,1200,-9.0,-9.0,-9.0,-9.0,-9,-9.0,-9,-9.0,-9,-9.0,-9,-9.0,-9,10.9,14.4,17.5,20.3,21.4
20251122,108,1.7,1436,20,4.5,1448,18,9.1,1344,9.6,15.1,1412,5.4,739,2.8,7.3,-1.8,65.3,36.0,1541,7.5,2.5,1.8,-9.0,1014.8,1025.3,1027.1,942,1024.2,1555,3.0,6.3,10.0,-9.0,9.4,1.84,1100,-9.0,-9.0,-9.0,-9.0,-9,-9.0,-9,-9.0,-9,-9.0,-9,-9.0,-9,10.9,14.2,17.3,20.2,21.7
20251123,108,2.1,1774,18,4.2,1327,20,7.8,1615,10.9,14.4,1419,6.6,235,5.5,9.2,-0.4,69.6,59.0,1420,9.1,1.7,1.2,-9.0,1011.3,1021.7,1024.6,1,1019.7,2325,8.0,0.6,10.0,-9.0,4.46,0.83,1000,-9.0,-9.0,-9.0,-9.0,-9,-9.0,-9,-9.0,-9,-9.0,-9,-9.0,-9,11.1,14.0,17.1,20.2,21.7
20251124,108,1.8,1545,23,5.4,1440,20,9.9,1432,12.4,16.8,1448,9.6,2350,7.4,11.0,0.7,72.5,38.0,1624,10.3,1.8,1.3,-9.0,1006.5,1016.8,1020.0,22,1014.6,2347,5.0,3.2,9.9,-9.0,5.64,1.17,1400,-9.0,6.2,-9.0,-9.0,-9,-9.0,-9,-9.0,-9,-9.0,-9,-9.0,-9,11.4,13.9,16.9,20.1,21.8
20251125,108,2.5,2147,25,6.0,1314,29,10.5,1334,7.4,9.6,1,5.3,2328,4.2,7.0,0.6,81.1,70.0,2334,8.4,1.2,0.8,-9.0,1005.8,1016.3,1023.2,2400,1012.0,449,8.8,0.2,9.9,-9.0,2.89,0.71,1100,7.8,1.6,3.58,-9.0,-9,-9.0,-9,-9.0,-9,-9.0,-9,-9.0,-9,11.7,13.9,16.7,20.0,21.6
20251126,108,1.5,1271,16,3.2,1300,18,6.1,1241,6.4,10.9,1241,3.5,750,0.4,6.1,-4.0,66.4,47.0,1245,6.3,1.9,1.4,-9.0,1014.0,1024.6,1027.1,830,1022.0,2351,3.5,5.4,9.9,-9.0,8.77,2.15,1200,-9.0,0.1,-9.0,-9.0,-9,-9.0,-9,-9.0,-9,-9.0,-9,-9.0,-9,11.5,13.9,16.6,20.0,21.5
20251127,108,3.0,2571,27,5.7,1352,29,12.5,1809,5.1,8.7,1323,2.5,2350,1.4,5.0,-3.1,77.4,63.0,2136,6.9,1.1,0.8,-9.0,1005.1,1015.7,1022.6,124,1010.9,1336,6.4,0.3,9.9,-9.0,2.69,1.14,1200,10.0,9.9,5.83,-9.0,-9,-9.0,-9,-9.0,-9,-9.0,-9,-9.0,-9,11.2,13.8,16.5,19.9,21.4
20251128,108,2.0,1693,27,3.9,14,32,6.4,119,2.3,7.0,1436,-1.3,728,-5.9,2.4,-7.1,56.4,32.0,1339,3.9,2.5,1.8,-9.0,1011.4,1022.2,1023.2,958,1020.0,1,0.3,9.2,9.8,-9.0,11.93,2.03,1200,-9.0,-9.0,-9.0,-9.0,-9,-9.0,-9,-9.0,-9,-9.0,-9,-9.0,-9,10.6,13.7,16.4,19.8,21.2
20251129,108,2.3,1963,5,3.4,1656,5,6.6,1336,5.7,9.3,2317,0.3,615,-2.3,4.0,-6.1,57.1,42.0,1326,5.3,1.7,1.2,-9.0,1006.9,1017.5,1022.0,1,1015.1,1545,5.5,2.9,9.8,-9.0,5.95,1.23,1100,0.1,0.1,2.92,-9.0,-9,-9.0,-9,-9.0,-9,-9.0,-9,-9.0,-9,9.8,13.4,16.3,19.7,21.1
20251130,108,1.9,1646,20,4.3,1520,20,7.5,1513,12.4,16.1,1406,9.1,34,8.6,9.6,3.0,78.8,59.0,1516,11.2,2.2,1.5,-9.0,1004.8,1015.1,1016.7,830,1013.3,1635,3.0,3.9,9.8,-9.0,6.97,1.51,1200,-9.0,-9.0,-9.0,-9.0,-9,-9.0,-9,-9.0,-9,-9.0,-9,-9.0,-9,9.8,13.1,16.1,19.6,21.0
20251201,108,3.1,2669,27,5.7,127,25,10.5,120,5.5,12.2,1,2.3,2358,-4.1,4.8,-2.5,50.5,31.0,1417,4.6,3.0,2.1,-9.0,1010.4,1021.0,1023.6,2350,1015.1,1,0.8,9.1,9.8,-9.0,11.8,2.02,1200,-9.0,-9.0,-9.0,-9.0,-9,-9.0,-9,-9.0,-9,-9.0,-9,-9.0,-9,10.4,12.9,16.0,19.6,20.9
20251202,108,3.3,2866,29,6.3,1616,27,10.7,1313,0.1,3.3,1500,-5.4,2354,-12.0,1.5,-8.9,41.1,25.0,1200,2.5,2.7,1.9,-9.0,1014.1,1025.0,1027.6,2258,1023.0,230,2.1,8.5,9.8,-9.0,10.19,1.71,1100,-9.0,-9.0,-9.0,-9.0,-9,-9.0,-9,-9.0,-9,-9.0,-9,-9.0,-9,10.1,12.9,15.8,19.5,20.8
20251203,108,3.2,2792,29,6.0,1503,34,11.3,224,-5.9,-2.8,1436,-8.1,2359,-17.2,-2.1,-13.7,41.4,28.0,918,1.6,1.9,1.4,-9.0,1016.3,1027.5,1029.7,2329,1025.3,1351,0.6,8.4,9.7,-9.0,11.25,2.03,1200,-9.0,-9.0,-9.0,-9.0,-9,-9.0,-9,-9.0,-9,-9.0,-9,-9.0,-9,9.1,12.7,15.7,19.4,20.7
20251204,108,2.3,1997,29,6.2,2235,29,11.4,2223,-3.2,3.5,1503,-9.4,650,-13.0,-2.0,-14.4,49.6,22.0,1403,2.5,2.1,1.4,-9.0,1015.7,1026.7,1029.7,1,1021.4,1817,1.4,8.7,9.7,-9.0,11.57,1.99,1200,4.0,4.0,2.5,-9.0,-9,-9.0,-9,-9.0,-9,5.1,1930,5.1,1930,7.9,12.4,15.5,19.3,20.7
20251205,108,1.8,1574,29,4.3,12,32,8.7,39,-2.6,2.5,1517,-6.9,725,-11.0,0.1,-6.9,53.6,35.0,1417,2.6,1.9,1.3,-9.0,1017.5,1028.6,1031.4,927,1025.9,2347,1.8,9.1,9.7,-9.0,10.22,2.23,1200,-9.0,0.0,-9.0,-9.0,-9,-9.0,-9,-9.0,-9,-9.0,-9,4.9,1,7.1,12.0,15.3,19.2,20.6
20251206,108,2.0,1753,5,3.0,128,32,5.5,1657,2.1,4.5,1555,-2.0,8,-2.8,0.5,-3.9,70.9,58.0,1037,5.1,0.9,0.6,-9.0,1009.9,1020.7,1026.0,1,1017.9,1537,8.1,0.9,9.7,-9.0,3.08,0.8,1000,0.6,0.6,3.17,-9.0,-9,-9.0,-9,-9.0,-9,-9.0,-9,1.9,1,7.0,11.5,15.1,19.2,20.4
20251207,108,2.1,1846,20,4.8,1458,23,9.7,1452,8.3,13.4,1350,3.4,739,4.3,4.2,-5.1,77.4,52.0,1353,8.4,2.1,1.5,-9.0,1009.6,1020.2,1022.5,2356,1018.2,1512,2.1,6.6,9.7,-9.0,8.97,1.69,1200,-9.0,-9.0,-9.0,-9.0,-9,-9.0,-9,-9.0,-9,-9.0,-9,-9.0,-9,6.9,11.2,14.9,19.1,20.3
20251208,108,2.3,1955,32,4.6,952,29,7.3,26,3.4,7.3,1440,0.8,2358,-7.6,1.6,-7.9,45.4,29.0,1427,3.5,2.8,1.9,-9.0,1017.1,1027.8,1029.7,2348,1022.5,1,0.0,9.1,9.7,-9.0,11.63,1.99,1200,-9.0,-9.0,-9.0,-9.0,-9,-9.0,-9,-9.0,-9,-9.0,-9,-9.0,-9,7.4,11.0,14.6,19.0,20.1
20251209,108,1.7,1443,25,3.8,1536,25,6.2,1503,2.8,8.7,1357,-2.4,744,-4.5,1.5,-9.8,59.0,42.0,7,4.5,1.7,1.2,-9.0,1017.6,1028.4,1029.9,15,1026.6,1442,2.5,6.0,9.7,-9.0,8.53,1.69,1300,-9.0,-9.0,-9.0,-9.0,-9,-9.0,-9,-9.0,-9,-9.0,-9,-9.0,-9,7.1,10.8,14.4,18.9,20.0
20251210,108,1.9,1611,5,3.5,957,5,5.6,942,4.9,8.6,1503,0.7,550,0.3,3.4,-6.2,73.1,59.0,1421,6.3,1.2,0.8,-9.0,1013.9,1024.6,1028.1,229,1020.7,2353,6.6,0.9,9.6,-9.0,4.54,0.83,1400,-9.0,12.9,-9.0,-9.0,-9,-9.0,-9,-9.0,-9,-9.0,-9,-9.0,-9,6.8,10.6,14.2,18.8,19.9
20251211,108,2.7,2366,29,5.6,1641,32,10.2,1822,4.0,8.4,1412,-1.8,2352,-1.9,4.2,-7.0,68.3,43.0,1706,5.9,1.9,1.3,-9.0,1011.7,1022.4,1030.5,2340,1016.8,431,4.8,4.0,9.6,-9.0,6.37,1.53,1300,12.9,-9.0,5.17,-9.0,-9,-9.0,-9,-9.0,-9,-9.0,-9,-9.0,-9,7.0,10.4,14.0,18.8,19.8
20251212,108,1.9,1654,5,3.3,1755,5,5.9,2246,2.0,7.0,1440,-3.6,611,-5.8,1.2,-9.4,56.3,45.0,1303,4.0,2.2,1.5,-9.0,1020.3,1031.2,1033.8,1023,1029.5,2353,4.5,6.9,9.6,-9.0,9.57,1.79,1200,-9.0,0.0,-9.0,-9.0,-9,-9.0,-9,-9.0,-9,-9.0,-9,-9.0,-9,7.0,10.3,13.8,18.7,19.7
20251213,108,2.4,2061,29,4.3,2004,29,8.2,2001,2.6,4.5,853,-0.8,2347,-0.4,2.5,-3.3,81.5,61.0,3,6.0,0.5,0.4,-9.0,1012.3,1023.1,1029.5,1,1019.5,2341,8.6,0.0,9.6,-9.0,1.42,0.28,1000,9.5,9.6,13.67,-9.0,-9,-9.0,-9,-9.0,-9,1.0,2050,1.0,2050,6.7,10.2,13.7,18.6,19.7
20251214,108,2.0,1743,29,4.1,1030,29,6.8,846,-0.1,3.1,1554,-1.5,2359,-3.8,1.4,-8.6,76.5,61.0,1537,4.6,1.2,0.8,-9.0,1010.2,1021.1,1024.3,2336,1018.3,519,4.3,4.6,9.6,-9.0,8.25,1.36,1300,0.1,-9.0,3.5,-9.0,-9,-9.0,-9,-9.0,-9,0.3,415,1.3,415,6.6,10.0,13.5,18.5,19.7
20251215,108,1.8,1555,5,3.0,2153,14,4.6,1522,0.7,4.5,1456,-3.5,654,-3.1,0.6,-8.6,76.4,59.0,1310,4.9,1.2,0.9,-9.0,1014.4,1025.3,1027.5,924,1024.1,8,4.6,3.7,9.6,-9.0,6.82,1.43,1000,-9.0,0.0,-9.0,-9.0,-9,-9.0,-9,-9.0,-9,-9.0,-9,-9.0,-9,6.4,9.8,13.3,18.4,19.8
20251216,108,2.2,1919,5,3.3,1125,5,4.9,854,3.8,5.0,2344,2.1,1,2.0,2.8,-0.5,88.5,78.0,30,7.1,0.5,0.3,-9.0,1011.7,1022.4,1024.1,1,1021.4,1442,9.6,0.0,9.6,-9.0,0.68,0.18,1300,2.1,2.1,8.33,-9.0,-9,-9.0,-9,-9.0,-9,-9.0,-9,-9.0,-9,6.1,9.6,13.2,18.3,19.8
20251217,108,2.1,1796,29,4.8,1026,29,6.7,1019,4.2,7.6,1514,1.2,2354,-0.5,4.0,-6.4,72.8,55.0,1545,6.0,1.8,1.3,0.4,1013.6,1024.3,1027.7,2309,1021.1,409,3.1,7.5,9.6,-9.0,9.52,1.69,1200,-9.0,-9.0,-9.0,-9.0,-9,-9.0,-9,-9.0,-9,-9.0,-9,-9.0,-9,6.3,9.4,13.0,18.2,19.7
20251218,108,1.7,1443,5,3.3,2222,5,5.1,2229,2.3,8.5,1402,-1.9,750,-4.8,0.9,-9.6,60.6,36.0,1535,4.3,2.1,1.5,-9.0,1016.3,1027.1,1029.7,911,1024.6,2221,0.0,8.9,9.6,-9.0,10.59,1.84,1200,-9.0,-9.0,-9.0,-9.0,-9,-9.0,-9,-9.0,-9,-9.0,-9,-9.0,-9,6.5,9.3,12.8,18.1,19.7
20251219,108,2.1,1810,5,3.5,1232,7,5.6,857,4.9,9.9,1548,-0.7,608,-1.0,3.0,-7.3,66.5,51.0,1318,5.8,1.6,1.1,-9.0,1011.4,1022.0,1025.2,211,1019.3,1730,4.3,3.6,9.6,-9.0,6.14,1.52,1200,-9.0,0.1,-9.0,-9.0,-9,-9.0,-9,-9.0,-9,-9.0,-9,-9.0,-9,6.1,9.2,12.7,18.0,19.7
20251220,108,2.2,1917,27,5.1,2110,27,9.4,2126,7.3,10.7,1300,1.0,2359,2.8,5.4,-3.4,74.1,44.0,2126,7.8,1.3,0.9,-9.0,1009.1,1019.7,1025.4,2359,1017.1,1334,7.3,0.0,9.6,-9.0,0.67,0.15,1300,0.3,0.2,8.82,-9.0,-9,-9.0,-9,-9.0,-9,-9.0,-9,-9.0,-9,6.2,9.1,12.5,17.9,19.6
20251221,108,2.9,2504,29,5.7,146,29,11.3,141,-1.1,2.5,1438,-3.4,2351,-12.5,-1.0,-10.2,42.0,31.0,1345,2.4,2.2,1.5,-9.0,1019.2,1030.2,1032.5,2250,1025.2,1,2.6,8.9,9.6,-9.0,11.01,1.96,1200,-9.0,-9.0,-9.0,-9.0,-9,-9.0,-9,-9.0,-9,-9.0,-9,-9.0,-9,6.5,9.0,12.4,17.8,19.6
20251222,108,1.8,1570,5,3.7,1032,5,5.3,955,-0.7,5.1,1543,-5.9,741,-11.9,-1.9,-12.6,44.8,22.0,1541,2.5,2.5,1.8,-9.0,1020.6,1031.6,1033.7,740,1029.4,1952,3.9,8.8,9.6,-9.0,10.79,1.91,1200,-9.0,-9.0,-9.0,-9.0,-9,-9.0,-9,-9.0,-9,-9.0,-9,-9.0,-9,5.9,8.9,12.3,17.7,19.5
20251223,108,2.4,2097,29,5.5,1328,29,10.1,1326,2.6,4.3,1222,0.1,1,-2.8,0.0,-6.7,70.9,44.0,147,5.3,0.7,0.5,-9.0,1012.3,1023.1,1030.3,1,1019.8,2359,9.0,0.0,9.6,-9.0,1.56,0.34,1200,10.8,10.8,10.75,-9.0,-9,-9.0,-9,-9.0,-9,-9.0,-9,-9.0,-9,5.4,8.8,12.1,17.6,19.5
20251224,108,2.4,2057,25,4.0,1328,27,6.7,1325,2.8,6.3,1452,-1.0,2346,-0.7,2.5,-6.2,79.0,57.0,1527,5.9,1.6,1.1,-9.0,1008.5,1019.3,1020.6,930,1017.7,1427,4.1,5.0,9.6,-9.0,8.27,1.91,1200,-9.0,-9.0,-9.0,-9.0,-9,-9.0,-9,-9.0,-9,-9.0,-9,-9.0,-9,5.1,8.6,12.0,17.6,19.4
20251225,108,3.9,3361,29,6.8,1508,29,11.3,1505,-3.6,0.0,1406,-8.9,2345,-11.9,-1.5,-11.7,54.1,35.0,1748,2.6,2.2,1.5,-9.0,1011.1,1022.1,1026.0,2337,1019.6,103,0.3,8.7,9.6,-9.0,11.31,2.0,1200,-9.0,-9.0,-9.0,-9.0,-9,-9.0,-9,-9.0,-9,-9.0,-9,-9.0,-9,5.3,8.4,11.9,17.5,19.4
20251226,108,2.8,2404,29,5.6,153,29,10.6,127,-8.2,-4.0,1456,-11.8,759,-19.9,-4.8,-15.1,38.9,28.0,1431,1.3,1.8,1.2,-9.0,1017.1,1028.4,1030.4,954,1025.9,1,0.4,9.0,9.6,-9.0,11.69,2.0,1200,-9.0,0.0,-9.0,-9.0,-9,-9.0,-9,-9.0,-9,-9.0,-9,-9.0,-9,4.8,8.2,11.7,17.4,19.3
20251227,108,2.1,1794,5,3.2,848,2,5.1,2045,-2.6,0.5,1550,-8.3,22,-11.1,-1.7,-13.6,52.1,37.0,1,2.8,1.2,0.8,-9.0,1015.3,1026.3,1028.7,1,1024.5,1506,7.8,2.0,9.6,-9.0,4.71,0.97,1100,0.0,-9.0,0.33,-9.0,-9,-9.0,-9,-9.0,-9,-9.0,-9,-9.0,-9,4.4,8.0,11.6,17.3,19.3
20251228,108,2.0,1764,5,3.0,912,5,4.9,950,3.2,6.1,1518,0.0,1,-0.6,1.1,-2.3,76.4,65.0,2,5.9,1.0,0.7,-9.0,1011.1,1021.8,1025.3,1,1018.5,2400,8.3,0.7,9.6,-9.0,4.89,0.84,1200,0.6,0.9,4.42,-9.0,-9,-9.0,-9,-9.0,-9,-9.0,-9,-9.0,-9,4.1,7.8,11.4,17.2,19.2
20251229,108,2.1,1777,27,5.0,1521,32,9.5,2108,4.9,9.1,1446,-0.1,2345,0.4,1.7,-8.5,74.1,46.0,2158,6.5,1.7,1.2,-9.0,1008.0,1018.6,1023.1,2355,1016.0,547,3.1,4.9,9.6,-9.0,6.42,1.28,1100,0.3,-9.0,2.0,-9.0,-9,-9.0,-9,-9.0,-9,-9.0,-9,-9.0,-9,4.0,7.6,11.2,17.1,19.2
20251230,108,2.4,2040,29,4.6,1037,34,7.9,1638,-0.5,3.8,1446,-3.7,802,-11.6,-0.9,-10.7,45.1,24.0,1217,2.6,2.7,1.9,-9.0,1015.1,1026.0,1028.1,954,1023.1,1,1.9,9.0,9.6,-9.0,11.29,1.96,1200,-9.0,-9.0,-9.0,-9.0,-9,-9.0,-9,-9.0,-9,-9.0,-9,-9.0,-9,4.1,7.4,11.1,17.0,19.2
20251231,108,3.1,2651,32,4.9,1419,32,9.1,1955,-5.6,-1.2,1,-8.9,2345,-17.0,-2.7,-12.7,40.9,25.0,1318,1.6,2.0,1.4,-9.0,1018.0,1029.1,1031.2,1019,1027.1,105,0.3,9.0,9.6,-9.0,11.74,2.01,1200,-9.0,-9.0,-9.0,-9.0,-9,-9.0,-9,-9.0,-9,-9.0,-9,-9.0,-9,4.0,7.2,10.9,16.9,19.1
20260101,108,2.8,2441,32,5.7,2026,32,9.8,2014,-7.4,-2.1,1500,-10.5,748,-18.6,-4.2,-14.2,41.5,24.0,1451,1.4,2.0,1.4,-9.0,1016.1,1027.4,1030.3,1,1025.2,1639,0.4,8.9,9.6,-9.0,11.46,2.0,1200,-9.0,-9.0,-9.0,-9.0,-9,-9.0,-9,-9.0,-9,-9.0,-9,-9.0,-9,3.8,7.1,10.7,16.8,19.0
20260102,108,2.7,2326,32,4.7,336,32,7.3,436,-8.0,-3.8,1540,-11.4,731,-17.5,-4.7,-15.8,46.6,33.0,1236,1.6,1.5,1.1,-9.0,1015.6,1026.8,1028.3,2325,1025.1,1431,0.0,9.1,9.6,-9.0,11.39,1.95,1200,-9.0,-9.0,-9.0,-9.0,-9,-9.0,-9,-9.0,-9,-9.0,-9,-9.0,-9,3.5,7.0,10.6,16.7,19.0
20260103,108,1.4,1250,5,3.0,1046,27,4.7,1544,-4.7,0.0,1557,-9.8,755,-11.4,-3.7,-16.9,60.0,43.0,1242,2.6,1.1,0.8,-9.0,1016.7,1027.8,1029.9,920,1026.6,2355,3.8,4.5,9.7,-9.0,6.94,1.58,1100,-9.0,-9.0,-9.0,-9.0,-9,-9.0,-9,-9.0,-9,-9.0,-9,-9.0,-9,3.3,6.8,10.4,16.6,18.9
20260104,108,1.9,1647,32,4.2,1142,34,6.8,1136,0.2,5.0,1519,-2.7,811,-6.3,-0.8,-9.3,63.4,35.0,1330,3.8,1.9,1.3,-9.0,1013.8,1024.6,1027.0,1033,1022.9,2206,4.1,7.4,9.7,-9.0,10.44,1.84,1200,-9.0,-9.0,-9.0,-9.0,-9,-9.0,-9,-9.0,-9,-9.0,-9,-9.0,-9,3.2,6.6,10.3,16.5,18.8
20260105,108,2.3,1990,32,5.2,2123,27,8.0,1537,-1.9,1.8,1428,-4.6,732,-11.9,-2.5,-13.0,48.5,26.0,1454,2.5,2.3,1.6,-9.0,1012.9,1023.8,1026.5,2343,1022.0,1353,0.4,9.1,9.7,-9.0,11.6,1.98,1200,-9.0,-9.0,-9.0,-9.0,-9,-9.0,-9,-9.0,-9,-9.0,-9,-9.0,-9,3.0,6.5,10.1,16.4,18.7
20260106,108,1.7,1441,20,3.4,2022,18,5.5,2019,-0.9,3.9,1555,-7.0,759,-9.0,-2.1,-14.4,55.6,33.0,1244,3.3,1.6,1.1,-9.0,1012.6,1023.5,1027.0,334,1020.3,2357,2.9,5.1,9.7,-9.0,8.84,1.93,1200,-9.0,-9.0,-9.0,-9.0,-9,-9.0,-9,-9.0,-9,-9.0,-9,-9.0,-9,2.9,6.3,10.0,16.3,18.6
20260107,108,2.9,2522,25,5.9,1439,27,10.0,1243,-0.2,3.1,1423,-5.3,2348,-9.8,-1.4,-10.7,51.9,21.0,1504,3.2,2.7,1.9,-9.0,1010.8,1021.6,1026.6,2334,1017.6,536,1.1,8.8,9.7,-9.0,11.62,2.02,1200,-9.0,-9.0,-9.0,-9.0,-9,-9.0,-9,-9.0,-9,-9.0,-9,-9.0,-9,2.9,6.2,9.8,16.3,18.5
20260108,108,2.4,2056,25,4.6,1529,32,8.2,433,-5.1,-1.1,1455,-8.2,752,-17.3,-4.4,-14.3,38.5,24.0,1609,1.6,2.0,1.4,-9.0,1016.8,1028.0,1030.4,1029,1026.5,3,0.0,9.2,9.7,-9.0,12.14,2.06,1200,-9.0,-9.0,-9.0,-9.0,-9,-9.0,-9,-9.0,-9,-9.0,-9,-9.0,-9,2.8,6.1,9.7,16.2,18.4
20260109,108,2.2,1879,5,3.2,649,16,5.7,2346,-0.3,4.6,2359,-6.7,404,-7.3,-1.9,-14.3,59.8,46.0,1153,3.8,1.5,1.0,-9.0,1009.4,1020.3,1027.5,57,1013.1,2400,6.4,2.9,9.7,-9.0,5.58,1.39,1100,0.0,1.7,0.17,-9.0,-9,-9.0,-9,-9.0,-9,-9.0,-9,-9.0,-9,2.7,6.0,9.6,16.1,18.3
20260110,108,4.9,4266,25,8.8,1243,29,19.4,1513,2.0,7.4,452,-4.7,2346,-4.6,0.7,-8.8,62.0,39.0,1352,4.7,2.2,1.5,-9.0,1001.2,1011.9,1020.1,2357,1005.9,638,6.1,3.3,9.8,-9.0,6.86,1.58,1300,1.7,0.0,7.73,-9.0,-9,-9.0,-9,-9.0,-9,-9.0,-9,-9.0,-9,2.7,5.8,9.4,16.0,18.3
20260111,108,3.6,3136,29,7.1,1626,29,12.6,1617,-6.7,-3.6,1435,-9.0,2352,-17.7,-4.4,-14.8,41.8,28.0,1159,1.5,1.9,1.3,-9.0,1014.0,1025.1,1027.1,1919,1020.0,1,0.0,9.0,9.8,-9.0,11.93,2.06,1200,-9.0,-9.0,-9.0,-9.0,-9,-9.0,-9,-9.0,-9,-9.0,-9,-9.0,-9,2.6,5.7,9.3,15.9,18.2
20260112,108,2.1,1817,5,3.2,1204,5,5.5,1138,-3.8,1.2,2354,-10.2,326,-8.5,-3.0,-15.7,70.9,50.0,12,3.6,0.9,0.6,-9.0,1007.5,1018.5,1026.6,31,1009.8,2317,7.0,1.8,9.8,-9.0,5.07,1.61,1200,2.7,2.7,11.08,-9.0,-9,-9.0,-9,-9.0,-9,2.8,2255,2.8,2255,2.5,5.6,9.2,15.8,18.2
20260113,108,3.3,2846,29,6.3,1224,32,11.9,1219,-3.3,1.9,114,-8.1,2359,-11.6,-0.9,-11.4,54.8,34.0,1622,2.8,2.0,1.4,-9.0,1008.4,1019.4,1024.7,2326,1010.0,9,1.6,9.1,9.8,-9.0,12.22,2.08,1200,0.0,-9.0,0.58,-9.0,-9,-9.0,-9,-9.0,-9,-9.0,-9,2.4,1,2.5,5.5,9.1,15.7,18.1
20260114,108,2.3,2006,5,4.8,2207,5,7.6,2240,-3.3,1.5,1439,-9.4,629,-13.2,-2.1,-13.0,47.3,32.0,1407,2.2,2.2,1.5,-9.0,1012.0,1023.0,1026.7,940,1017.2,2358,3.4,8.0,9.8,-9.0,10.36,1.84,1200,0.0,0.0,1.08,-9.0,-9,-9.0,-9,-9.0,-9,-9.0,-9,0.7,1,2.4,5.4,9.0,15.6,18.0
20260115,108,2.1,1782,29,4.5,1750,5,7.4,9,4.7,10.2,1448,0.8,1,-0.2,1.9,-7.0,71.9,46.0,6,6.2,1.1,0.8,-9.0,1004.7,1015.3,1019.8,2306,1012.8,1357,6.3,1.3,9.9,-9.0,5.36,1.2,1400,-9.0,-9.0,-9.0,-9.0,-9,-9.0,-9,-9.0,-9,-9.0,-9,-9.0,-9,2.4,5.4,8.8,15.5,18.0
20260116,108,1.9,1649,29,4.0,1754,29,7.7,1746,3.6,9.4,1500,0.9,258,0.4,1.6,-7.2,80.9,52.0,1656,6.3,1.6,1.2,3.42,1008.6,1019.3,1021.1,949,1016.7,1531,4.8,5.6,9.9,-9.0,9.05,1.75,1200,0.0,0.0,0.25,-9.0,-9,-9.0,-9,-9.0,-9,-9.0,-9,-9.0,-9,2.4,5.3,8.7,15.4,17.9
20260117,108,2.2,1933,29,4.6,619,29,6.8,614,0.2,4.9,1446,-2.8,757,-6.0,0.6,-9.7,64.4,40.0,1554,4.0,1.9,1.4,-9.0,1011.4,1022.3,1024.2,1016,1019.7,12,0.5,8.6,9.9,-9.0,11.08,1.88,1200,-9.0,-9.0,-9.0,-9.0,-9,-9.0,-9,-9.0,-9,-9.0,-9,-9.0,-9,2.3,5.2,8.6,15.3,17.9
20260118,108,1.5,1306,5,3.5,1514,5,6.3,1509,0.4,3.0,1500,-3.7,444,-6.4,-0.1,-10.3,60.5,44.0,1449,3.8,0.9,0.6,-9.0,1011.8,1022.6,1024.0,1034,1020.7,1455,8.0,0.0,9.9,-9.0,2.46,0.58,1300,0.0,1.0,3.42,-9.0,-9,-9.0,-9,-9.0,-9,-9.0,-9,-9.0,-9,2.3,5.2,8.5,15.2,17.8
20260119,108,3.4,2920,29,5.9,1836,34,10.6,1700,-3.9,1.5,1,-9.8,2350,-11.5,-0.3,-13.2,57.8,31.0,1802,2.9,1.8,1.3,-9.0,1014.5,1025.6,1029.6,2356,1022.8,55,5.8,6.1,10.0,-9.0,9.66,1.77,1300,1.0,-9.0,7.5,-9.0,-9,-9.0,-9,-9.0,-9,1.3,655,1.3,655,2.3,5.1,8.5,15.1,17.8
20260120,108,2.5,2185,32,4.3,206,32,7.2,159,-8.4,-3.3,1516,-11.8,758,-18.8,-3.8,-15.3,43.3,32.0,1522,1.4,1.7,1.2,-9.0,1018.0,1029.3,1031.5,1015,1027.3,1641,2.0,8.9,10.0,-9.0,13.22,2.22,1200,-9.0,-9.0,-9.0,-9.0,-9,-9.0,-9,-9.0,-9,-9.0,-9,-9.0,-9,2.2,5.0,8.4,15.0,17.7
20260121,108,3.0,2608,25,5.5,1624,25,9.7,1622,-9.7,-5.2,1603,-12.2,626,-18.5,-5.2,-17.0,49.4,35.0,1438,1.4,1.7,1.2,-9.0,1017.7,1029.0,1030.6,2234,1027.2,1452,0.0,9.2,10.0,-9.0,13.59,2.24,1200,-9.0,-9.0,-9.0,-9.0,-9,-9.0,-9,-9.0,-9,-9.0,-9,-9.0,-9,2.2,5.0,8.3,15.0,17.7
20260122,108,3.1,2662,29,5.4,1427,32,11.6,1243,-9.1,-4.2,1605,-13.2,726,-19.2,-5.6,-17.2,44.1,31.0,1339,1.4,1.7,1.2,-9.0,1018.1,1029.4,1031.8,934,1027.4,1741,0.0,9.2,10.0,-9.0,13.87,2.28,1200,-9.0,-9.0,-9.0,-9.0,-9,-9.0,-9,-9.0,-9,-9.0,-9,-9.0,-9,2.1,4.9,8.2,14.9,17.6
20260123,108,1.4,1234,29,3.0,1443,29,4.9,1442,-5.0,0.2,1559,-11.4,804,-14.4,-3.6,-18.9,50.6,23.0,1326,2.2,1.8,1.3,-9.0,1015.5,1026.6,1029.4,847,1023.1,2353,3.3,8.4,10.1,-9.0,11.78,2.03,1200,2.2,2.2,4.17,-9.0,-9,-9.0,-9,-9.0,-9,4.9,2310,4.9,2310,1.9,4.8,8.1,14.8,17.6
20260124,108,2.8,2417,32,4.9,121,29,9.2,2213,-5.3,-1.4,1500,-8.8,828,-15.2,-1.2,-11.1,47.0,27.0,1330,1.9,2.2,1.5,-9.0,1015.9,1027.0,1029.9,2359,1023.0,4,0.8,9.3,10.1,-9.0,13.91,2.29,1200,-9.0,-9.0,-9.0,-9.0,-9,-9.0,-9,-9.0,-9,-9.0,-9,4.9,1,1.9,4.8,8.1,14.7,17.5
20260125,108,2.3,1966,29,5.3,949,29,8.4,958,-6.0,-2.0,1452,-9.3,726,-17.2,-3.1,-13.8,41.6,27.0,1416,1.6,2.0,1.4,-9.0,1019.9,1031.1,1032.8,2055,1029.8,5,0.1,9.3,10.1,-9.0,13.75,2.26,1200,-9.0,-9.0,-9.0,-9.0,-9,-9.0,-9,-9.0,-9,-9.0,-9,-9.0,-9,1.8,4.7,8.0,14.6,17.5
20260126,108,1.8,1579,2,3.1,844,27,4.6,1134,-4.2,-0.3,1523,-8.0,439,-12.8,-2.7,-14.7,51.8,36.0,1837,2.3,1.4,1.0,-9.0,1016.2,1027.3,1030.7,237,1024.3,1642,7.1,2.1,10.1,-9.0,7.72,1.36,1300,-9.0,-9.0,-9.0,-9.0,-9,-9.0,-9,-9.0,-9,-9.0,-9,-9.0,-9,1.7,4.6,7.9,14.5,17.5
20260127,108,2.7,2322,29,5.2,2157,29,9.7,2157,-4.4,-0.1,1526,-7.4,2352,-14.0,-2.9,-14.0,48.3,27.0,1541,2.1,2.3,1.6,-9.0,1016.1,1027.2,1029.8,2337,1025.2,53,0.4,9.3,10.2,-9.0,13.71,2.23,1200,-9.0,-9.0,-9.0,-9.0,-9,-9.0,-9,-9.0,-9,-9.0,-9,-9.0,-9,1.7,4.5,7.8,14.4,17.4
20260128,108,2.5,2165,25,4.6,2131,29,7.8,1445,-5.4,-0.8,1559,-9.4,514,-17.1,-4.0,-16.3,40.3,23.0,1526,1.6,2.4,1.7,-9.0,1019.2,1030.4,1032.4,955,1028.8,1637,0.0,9.5,10.2,-9.0,14.0,2.29,1200,-9.0,-9.0,-9.0,-9.0,-9,-9.0,-9,-9.0,-9,-9.0,-9,-9.0,-9,1.6,4.5,7.7,14.4,17.4
20260129,108,2.9,2486,29,6.2,2131,29,9.8,2014,-5.2,-0.3,1540,-8.7,718,-17.6,-4.1,-16.0,38.4,22.0,1536,1.6,2.6,1.8,-9.0,1019.9,1031.1,1032.3,950,1029.3,1432,0.1,9.5,10.2,-9.0,14.46,2.33,1200,-9.0,-9.0,-9.0,-9.0,-9,-9.0,-9,-9.0,-9,-9.0,-9,-9.0,-9,1.5,4.4,7.6,14.3,17.3
20260130,108,2.3,2001,29,3.9,925,29,6.5,1127,-6.4,-1.8,1431,-9.2,238,-17.5,-4.6,-17.2,41.4,29.0,1409,1.6,1.9,1.3,-9.0,1020.4,1031.6,1033.5,1018,1030.1,1741,2.3,9.3,10.3,-9.0,12.83,2.08,1100,-9.0,-9.0,-9.0,-9.0,-9,-9.0,-9,-9.0,-9,-9.0,-9,-9.0,-9,1.4,4.3,7.6,14.2,17.3
20260131,108,1.8,1568,25,4.1,1356,25,7.1,1229,-4.1,1.7,1451,-9.5,727,-14.8,-3.7,-16.5,45.5,21.0,1349,2.0,2.4,1.7,-9.0,1017.8,1028.9,1031.1,206,1026.8,1517,2.8,9.1,10.3,-9.0,13.92,2.29,1200,0.0,0.0,0.67,-9.0,-9,-9.0,-9,-9.0,-9,-9.0,-9,-9.0,-9,1.3,4.2,7.5,14.1,17.3
20260201,108,2.1,1842,29,4.6,1300,27,8.7,1624,-2.0,2.1,1515,-7.1,743,-11.5,-1.7,-14.8,50.0,25.0,1423,2.6,2.3,1.6,-9.0,1015.5,1026.5,1028.3,946,1024.8,2346,2.5,9.3,10.3,-9.0,13.94,2.28,1200,0.0,2.4,1.75,-9.0,-9,-9.0,-9,-9.0,-9,-9.0,-9,-9.0,-9,1.2,4.1,7.4,14.0,17.2
20260202,108,2.4,2058,29,4.4,1550,29,9.3,1407,-2.1,1.0,1527,-4.3,2356,-9.0,-0.1,-9.9,61.9,32.0,1550,3.2,2.0,1.4,-9.0,1016.6,1027.6,1030.9,2359,1024.4,131,1.9,8.8,10.4,-9.0,12.27,2.28,1300,2.4,-9.0,5.17,-9.0,-9,-9.0,-9,-9.0,-9,6.2,445,6.2,445,1.3,4.1,7.3,14.0,17.2
20260203,108,1.7,1460,23,3.3,1325,27,5.9,1406,-0.9,5.6,1454,-7.6,710,-8.0,-0.3,-13.9,59.6,40.0,1426,3.5,2.3,1.6,-9.0,1018.4,1029.4,1032.7,747,1025.9,2351,2.9,9.3,10.4,-9.0,14.27,2.32,1200,-9.0,-9.0,-9.0,-9.0,-9,-9.0,-9,-9.0,-9,-9.0,-9,-9.0,-9,1.2,4.0,7.2,13.9,17.2
20260204,108,1.7,1464,5,2.8,642,5,4.4,636,2.8,5.7,1631,0.9,502,-1.6,0.7,-6.5,72.4,63.0,1403,5.4,1.0,0.7,-9.0,1011.9,1022.6,1026.1,119,1020.1,2326,6.5,0.0,10.4,-9.0,3.92,0.62,1200,0.0,0.0,0.38,-9.0,-9,-9.0,-9,-9.0,-9,-9.0,-9,-9.0,-9,1.3,3.9,7.2,13.8,17.1
20260205,108,2.6,2214,27,5.7,1517,27,9.8,1522,3.6,10.1,1253,-2.8,2358,-1.6,2.0,-6.7,69.3,47.0,2152,5.7,2.1,1.4,-9.0,1008.3,1019.0,1022.6,2357,1015.5,1328,6.9,2.2,10.5,-9.0,7.6,2.0,1200,0.0,-9.0,0.25,-9.0,-9,-9.0,-9,-9.0,-9,-9.0,-9,-9.0,-9,1.3,3.9,7.1,13.7,17.1
20260206,108,3.6,3116,29,5.5,140,32,9.0,132,-6.0,-2.4,1444,-8.3,2400,-20.2,-1.4,-10.4,32.1,22.0,1341,1.3,2.6,1.8,-9.0,1014.4,1025.6,1027.6,1112,1022.6,4,5.6,8.8,10.5,-9.0,14.81,2.41,1200,-9.0,-9.0,-9.0,-9.0,-9,-9.0,-9,-9.0,-9,-9.0,-9,-9.0,-9,1.3,3.9,7.0,13.6,17.0
20260207,108,3.3,2872,25,6.1,1516,25,11.0,1531,-8.1,-4.0,1524,-10.8,718,-21.4,-4.2,-14.6,34.5,21.0,1657,1.1,2.5,1.7,-9.0,1014.7,1026.0,1027.3,2255,1024.3,1510,1.4,9.6,10.5,-9.0,16.05,2.52,1200,-9.0,-9.0,-9.0,-9.0,-9,-9.0,-9,-9.0,-9,-9.0,-9,-9.0,-9,1.3,3.8,7.0,13.6,17.0
20260208,108,3.1,2642,29,4.9,1627,27,8.4,1709,-8.2,-3.5,1602,-12.4,712,-20.5,-5.1,-16.9,36.9,26.0,1348,1.2,2.1,1.5,-9.0,1018.6,1029.9,1032.3,2327,1027.0,118,0.0,9.6,10.6,-9.0,15.73,2.47,1300,-9.0,-9.0,-9.0,-9.0,-9,-9.0,-9,-9.0,-9,-9.0,-9,-9.0,-9,1.3,3.8,6.9,13.5,17.0
20260209,108,1.7,1488,18,3.4,1317,20,6.0,1309,-3.1,4.4,1605,-10.1,736,-11.5,-2.4,-16.5,53.8,32.0,1148,2.7,2.4,1.7,-9.0,1017.9,1028.9,1032.3,39,1026.1,1614,1.6,9.6,10.6,-9.0,15.5,2.44,1200,-9.0,-9.0,-9.0,-9.0,-9,-9.0,-9,-9.0,-9,-9.0,-9,-9.0,-9,1.2,3.8,6.9,13.4,16.9
20260210,108,1.5,1294,5,3.0,835,5,4.5,907,1.4,4.8,1446,-2.5,155,-2.9,0.4,-9.1,73.6,54.0,1150,5.1,0.9,0.6,-9.0,1010.5,1021.3,1026.6,1,1018.5,1454,9.0,0.1,10.6,-9.0,4.19,1.09,1300,0.8,0.8,7.92,-9.0,-9,-9.0,-9,-9.0,-9,-9.0,-9,-9.0,-9,1.2,3.7,6.8,13.3,16.9
20260211,108,1.8,1571,25,4.6,1508,25,7.6,1522,2.7,6.9,1530,0.0,2352,-0.8,2.3,-7.8,79.4,51.0,1553,5.8,1.5,1.0,-9.0,1010.9,1021.7,1022.6,2346,1020.0,47,5.3,3.3,10.7,-9.0,8.57,1.79,1300,0.0,-9.0,1.5,-9.0,-9,-9.0,-9,-9.0,-9,-9.0,-9,-9.0,-9,1.2,3.7,6.8,13.3,16.9
20260212,108,1.8,1584,25,4.4,1629,18,7.5,1420,2.8,8.5,1500,-2.7,728,-1.0,1.7,-10.4,77.3,54.0,1505,5.7,1.8,1.3,-9.0,1012.0,1022.8,1024.9,1014,1021.0,1651,2.9,4.8,10.7,-9.0,11.11,1.83,1000,-9.0,-9.0,-9.0,-9.0,-9,-9.0,-9,-9.0,-9,-9.0,-9,-9.0,-9,1.2,3.6,6.7,13.2,16.9
20260213,108,1.1,988,20,3.0,920,18,4.9,918,5.3,7.8,1550,3.5,718,1.8,1.4,-4.6,78.5,68.0,1552,7.0,0.9,0.6,-9.0,1009.3,1019.9,1021.6,1,1019.0,1816,7.1,0.0,10.8,-9.0,3.35,0.53,1200,-9.0,-9.0,-9.0,-9.0,-9,-9.0,-9,-9.0,-9,-9.0,-9,-9.0,-9,1.3,3.6,6.6,13.1,16.9
20260214,108,1.6,1406,20,3.4,1549,20,5.8,1539,7.8,12.8,1417,4.2,1,3.7,3.1,-2.9,76.1,55.0,1502,8.0,1.9,1.3,-9.0,1006.9,1017.3,1019.7,210,1015.0,1627,7.3,2.3,10.8,-9.0,8.96,2.02,1300,-9.0,0.0,-9.0,-9.0,-9,-9.0,-9,-9.0,-9,-9.0,-9,-9.0,-9,1.3,3.6,6.6,13.0,16.9
20260215,108,2.7,2355,29,6.4,2001,29,10.7,1952,6.6,11.6,1512,0.6,2352,-2.1,4.3,-5.7,57.4,23.0,1423,5.6,3.9,2.7,-9.0,1009.8,1020.4,1023.6,2239,1017.5,1,5.1,7.2,10.8,-9.0,13.73,2.36,1300,0.0,-9.0,0.78,-9.0,-9,-9.0,-9,-9.0,-9,-9.0,-9,-9.0,-9,1.3,3.6,6.6,13.0,16.8
20260216,108,2.5,2190,25,4.3,1525,34,7.8,1342,2.4,8.4,1600,-1.6,718,-8.9,2.2,-8.4,43.6,33.0,1551,3.1,3.6,2.5,-9.0,1013.8,1024.6,1026.2,958,1022.4,1552,3.3,9.6,10.9,-9.0,16.57,2.54,1200,-9.0,-9.0,-9.0,-9.0,-9,-9.0,-9,-9.0,-9,-9.0,-9,-9.0,-9,1.3,3.5,6.5,12.9,16.8
20260217,108,2.4,2068,23,4.9,1629,18,7.8,1301,1.7,8.8,1458,-3.3,724,-8.3,1.8,-10.6,51.3,19.0,1323,3.4,3.7,2.6,-9.0,1012.3,1023.1,1025.7,241,1020.6,1640,0.5,9.8,10.9,-9.0,17.87,2.7,1200,-9.0,-9.0,-9.0,-9.0,-9,-9.0,-9,-9.0,-9,-9.0,-9,-9.0,-9,1.3,3.5,6.5,12.8,16.8
20260218,108,2.5,2127,29,5.2,1449,32,9.7,1447,2.4,7.2,1440,-0.7,645,-6.7,2.1,-9.0,55.6,25.0,1519,3.8,3.4,2.4,-9.0,1011.1,1021.9,1024.8,2356,1019.3,526,0.0,9.8,10.9,-9.0,17.29,2.67,1200,-9.0,-9.0,-9.0,-9.0,-9,-9.0,-9,-9.0,-9,-9.0,-9,-9.0,-9,1.3,3.5,6.4,12.8,16.8
20260219,108,1.8,1588,29,4.4,1559,29,8.2,1556,2.1,8.4,1442,-3.3,605,-8.1,2.0,-11.1,49.5,26.0,1721,3.4,3.5,2.5,-9.0,1013.4,1024.2,1026.5,840,1022.1,1747,0.1,10.0,11.0,-9.0,17.46,2.65,1200,-9.0,-9.0,-9.0,-9.0,-9,-9.0,-9,-9.0,-9,-9.0,-9,-9.0,-9,1.3,3.5,6.4,12.7,16.7
20260220,108,2.3,2011,23,5.4,1622,18,8.1,1502,6.3,13.8,1537,-1.0,312,-2.6,2.9,-8.3,53.9,39.0,1410,5.1,3.7,2.6,-9.0,1007.1,1017.7,1022.5,28,1014.8,1720,0.0,9.8,11.0,-9.0,15.3,2.4,1200,-9.0,-9.0,-9.0,-9.0,-9,-9.0,-9,-9.0,-9,-9.0,-9,-9.0,-9,1.3,3.5,6.4,12.7,16.7
20260221,108,2.8,2461,20,8.5,1449,18,15.2,1444,10.7,18.4,1539,3.7,545,-0.9,4.5,-5.3,46.4,25.0,1529,5.7,5.6,3.9,-9.0,1000.9,1011.2,1015.3,30,1008.2,1822,1.9,9.7,11.0,-9.0,15.95,2.46,1300,-9.0,-9.0,-9.0,-9.0,-9,-9.0,-9,-9.0,-9,-9.0,-9,-9.0,-9,1.4,3.5,6.4,12.6,16.7
20260222,108,3.8,3326,23,6.6,1446,20,13.7,1438,8.4,12.5,740,0.9,2347,-2.8,5.7,-4.1,47.9,21.0,1639,5.8,3.7,2.6,-9.0,1000.4,1010.8,1021.7,2332,1005.0,712,4.1,4.5,11.1,-9.0,9.78,1.93,1400,-9.0,-9.0,-9.0,-9.0,-9,-9.0,-9,-9.0,-9,-9.0,-9,-9.0,-9,1.5,3.5,6.3,12.5,16.7
20260223,108,2.9,2523,25,6.2,1349,27,11.1,1305,1.8,5.7,1359,-1.4,333,-13.6,1.9,-10.6,32.4,13.0,1259,2.2,3.9,2.7,-9.0,1014.8,1025.6,1027.5,2355,1021.7,1,5.0,7.5,11.1,-9.0,15.43,2.5,1200,-9.0,-9.0,-9.0,-9.0,-9,-9.0,-9,-9.0,-9,-9.0,-9,-9.0,-9,1.8,3.6,6.3,12.5,16.8
20260224,108,1.8,1518,5,3.5,409,5,5.6,403,2.8,5.9,1508,0.5,2347,-10.4,1.6,-8.6,37.9,28.0,423,2.8,1.7,1.2,-9.0,1014.7,1025.5,1027.6,17,1024.0,1536,6.5,0.6,11.2,-9.0,4.57,0.63,1400,-9.0,-9.0,-9.0,-9.0,-9,-9.0,-9,-9.0,-9,-9.0,-9,-9.0,-9,2.0,3.6,6.3,12.4,16.8
20260225,108,1.7,1472,5,3.6,1104,11,6.3,1031,7.4,16.1,1555,-1.3,720,-7.5,4.0,-9.6,37.4,16.0,1423,3.5,5.6,3.9,-9.0,1012.6,1023.2,1025.0,817,1021.0,1629,0.0,10.3,11.2,-9.0,19.0,2.82,1200,-9.0,-9.0,-9.0,-9.0,-9,-9.0,-9,-9.0,-9,-9.0,-9,-9.0,-9,2.3,3.7,6.4,12.3,16.8
20260226,108,2.0,1756,5,3.3,609,7,5.7,231,8.3,13.7,1330,3.1,654,-1.5,4.8,-5.6,50.9,33.0,1425,5.5,3.5,2.5,-9.0,1009.7,1020.2,1024.1,333,1016.8,1621,4.5,6.6,11.2,-9.0,13.25,2.37,1100,-9.0,-9.0,-9.0,-9.0,-9,-9.0,-9,-9.0,-9,-9.0,-9,-9.0,-9,2.7,3.9,6.4,12.3,16.7
20260227,108,2.7,2316,5,4.7,1040,2,7.6,1100,9.6,14.8,1500,6.1,2342,0.3,8.8,-2.2,53.3,38.0,1524,6.2,3.8,2.7,-9.0,1006.3,1016.7,1019.1,2326,1014.1,1640,3.9,7.9,11.3,-9.0,15.21,2.2,1300,-9.0,-9.0,-9.0,-9.0,-9,-9.0,-9,-9.0,-9,-9.0,-9,-9.0,-9,3.5,4.0,6.4,12.2,16.7
20260228,108,2.0,1697,27,3.7,1905,11,5.6,1409,9.3,17.2,1531,2.2,659,-1.1,6.6,-5.6,51.3,25.0,1652,5.7,5.1,3.5,-9.0,1011.1,1021.6,1023.7,2321,1018.9,8,1.0,10.2,11.3,-9.0,18.03,2.71,1200,-9.0,-9.0,-9.0,-9.0,-9,-9.0,-9,-9.0,-9,-9.0,-9,-9.0,-9,4.2,4.3,6.5,12.2,16.7
20260301,108,3.5,3061,5,5.2,2339,7,10.2,1819,9.1,12.8,1525,5.7,717,0.4,8.4,0.4,55.4,41.0,1513,6.3,3.3,2.3,-9.0,1013.8,1024.3,1026.1,246,1022.9,1539,8.3,2.1,11.4,-9.0,9.1,1.52,1000,0.0,0.7,0.53,-9.0,-9,-9.0,-9,-9.0,-9,-9.0,-9,-9.0,-9,4.9,4.6,6.6,12.1,16.7
20260302,108,5.3,4564,5,7.5,1715,5,13.8,1928,4.9,7.5,1,2.8,2140,1.7,5.1,1.6,81.0,60.0,719,7.0,0.9,0.6,-9.0,1010.8,1021.5,1024.1,150,1018.8,1720,10.0,0.0,11.4,-9.0,2.93,0.56,1300,12.2,12.8,17.25,-9.0,-9,-9.0,-9,-9.0,-9,-9.0,-9,-9.0,-9,5.4,4.9,6.7,12.1,16.6
20260303,108,2.9,2474,5,5.1,1338,5,9.5,1205,5.9,11.8,1547,2.0,421,0.0,7.6,0.9,67.8,44.0,1557,6.1,3.3,2.3,-9.0,1013.0,1023.6,1026.1,2326,1021.5,1,7.6,5.1,11.4,-9.0,14.33,2.82,1300,1.3,-9.0,4.92,-9.0,-9,-9.0,-9,-9.0,-9,-9.0,-9,-9.0,-9,5.3,5.2,6.8,12.0,16.6
20260304,108,2.3,2002,29,5.1,1411,29,8.5,1304,6.0,12.0,1511,0.7,723,-2.0,5.9,-6.4,58.8,29.0,1606,5.3,3.9,2.7,-9.0,1014.6,1025.2,1026.7,914,1022.8,1732,1.4,10.3,11.5,-9.0,18.46,2.8,1300,-9.0,-9.0,-9.0,-9.0,-9,-9.0,-9,-9.0,-9,-9.0,-9,-9.0,-9,5.6,5.4,7.0,12.0,16.5
20260305,108,2.3,1985,25,4.3,1428,32,7.2,1908,6.0,13.2,1341,1.4,2321,-0.4,5.6,-5.6,66.1,37.0,1344,6.0,2.7,1.9,-9.0,1012.1,1022.8,1025.9,1,1020.0,1636,7.1,5.1,11.5,-9.0,12.74,2.35,1200,15.5,15.5,6.5,-9.0,-9,-9.0,-9,-9.0,-9,0.2,2355,0.2,2355,5.8,5.6,7.1,12.0,16.5
20260306,108,2.9,2482,27,5.6,1724,27,9.4,1718,1.9,3.8,1115,-0.4,2353,-2.2,3.4,-5.3,75.4,59.0,2127,5.3,1.3,0.9,-9.0,1011.3,1022.1,1024.9,2309,1020.7,1400,6.6,0.1,11.6,-9.0,5.02,1.06,1000,0.0,0.0,2.73,-9.0,-9,-9.0,-9,-9.0,-9,-9.0,-9,0.2,1,6.0,5.8,7.2,11.9,16.4
20260307,108,2.6,2268,29,5.6,1322,32,9.4,1346,1.0,6.2,1535,-2.9,703,-9.6,4.4,-9.8,47.6,24.0,1608,3.0,3.8,2.7,-9.0,1016.7,1027.6,1029.8,2348,1024.7,1,0.0,10.9,11.6,-9.0,21.1,3.07,1200,-9.0,-9.0,-9.0,-9.0,-9,-9.0,-9,-9.0,-9,-9.0,-9,-9.0,-9,5.5,5.9,7.4,11.9,16.4
20260308,108,2.2,1862,29,4.8,1916,29,7.8,1855,2.0,7.4,1407,-3.4,632,-8.1,3.6,-10.8,50.0,23.0,1424,3.4,3.8,2.6,-9.0,1017.7,1028.5,1030.4,46,1026.4,1640,2.3,10.7,11.6,-9.0,19.07,3.02,1200,-9.0,-9.0,-9.0,-9.0,-9,-9.0,-9,-9.0,-9,-9.0,-9,-9.0,-9,5.2,6.0,7.5,11.9,16.3
20260309,108,2.5,2198,29,5.0,1457,29,8.6,1256,4.5,8.1,1631,2.0,1,-3.5,5.5,-3.4,56.9,39.0,1511,4.7,2.9,2.0,-9.0,1016.5,1027.2,1028.7,112,1025.5,1443,3.3,6.4,11.7,-9.0,14.87,2.26,1100,-9.0,-9.0,-9.0,-9.0,-9,-9.0,-9,-9.0,-9,-9.0,-9,-9.0,-9,5.2,5.9,7.6,11.8,16.3
20260310,108,2.0,1732,27,4.1,1438,25,7.7,1431,3.9,10.0,1323,-0.6,630,-6.3,5.4,-8.8,49.6,28.0,1558,3.8,3.9,2.8,-9.0,1016.1,1026.9,1028.7,845,1025.0,1626,0.8,10.0,11.7,-9.0,19.91,2.91,1200,-9.0,-9.0,-9.0,-9.0,-9,-9.0,-9,-9.0,-9,-9.0,-9,-9.0,-9,5.4,5.9,7.6,11.8,16.3
20260311,108,2.1,1826,32,4.4,2107,32,7.1,1527,4.5,10.0,1502,0.1,225,-3.6,5.2,-8.4,56.9,31.0,1413,4.7,3.0,2.1,-9.0,1015.6,1026.4,1027.6,935,1024.4,1550,3.8,6.9,11.8,-9.0,15.33,2.56,1300,-9.0,-9.0,-9.0,-9.0,-9,-9.0,-9,-9.0,-9,-9.0,-9,-9.0,-9,5.6,6.0,7.7,11.8,16.2
20260312,108,2.3,1957,2,6.2,1833,23,10.3,1828,7.1,13.8,1325,0.7,653,-2.0,6.3,-7.5,56.6,26.0,1601,5.3,4.5,3.1,-9.0,1016.8,1027.5,1030.6,2341,1024.9,1622,1.0,8.4,11.8,-9.0,16.67,2.91,1200,-9.0,-9.0,-9.0,-9.0,-9,-9.0,-9,-9.0,-9,-9.0,-9,-9.0,-9,5.6,6.1,7.7,11.8,16.2
20260313,108,2.7,2292,5,5.5,935,7,9.7,1006,7.6,13.6,1638,2.3,557,-4.7,7.7,-4.8,44.3,22.0,1559,4.3,5.4,3.8,-9.0,1019.5,1030.1,1032.4,834,1027.8,1653,1.3,10.8,11.8,-9.0,20.97,3.05,1200,-9.0,-9.0,-9.0,-9.0,-9,-9.0,-9,-9.0,-9,-9.0,-9,-9.0,-9,6.0,6.1,7.7,11.8,16.1
20260314,108,2.5,2148,23,4.5,1356,25,8.0,1537,8.1,13.4,1341,4.9,457,-2.9,8.6,-1.9,46.4,30.0,1305,5.0,3.6,2.5,-9.0,1018.1,1028.7,1030.4,749,1027.2,1424,8.6,4.0,11.9,-9.0,13.27,2.62,1100,-9.0,-9.0,-9.0,-9.0,-9,-9.0,-9,-9.0,-9,-9.0,-9,-9.0,-9,6.3,6.2,7.8,11.7,16.1
20260315,108,2.0,1743,25,4.2,1642,23,7.7,1559,7.4,11.4,1626,4.2,2352,1.1,9.4,-3.3,64.6,48.0,1626,6.6,2.3,1.6,-9.0,1015.2,1025.8,1027.5,1,1023.4,1649,6.1,2.6,11.9,-9.0,9.38,1.78,1300,0.1,0.1,2.83,-9.0,-9,-9.0,-9,-9.0,-9,-9.0,-9,-9.0,-9,6.8,6.4,7.8,11.7,16.0
20260316,108,1.7,1490,27,3.7,1742,27,5.9,1736,7.4,13.8,1554,1.8,630,-2.0,8.0,-5.8,54.3,33.0,1456,5.3,3.8,2.7,-9.0,1013.0,1023.6,1026.6,56,1021.0,1707,4.4,9.3,12.0,-9.0,17.58,2.85,1200,-9.0,-9.0,-9.0,-9.0,-9,-9.0,-9,-9.0,-9,-9.0,-9,-9.0,-9,6.9,6.6,7.9,11.7,16.0
20260317,108,1.8,1557,20,3.3,1355,18,4.9,1250,8.8,15.7,1539,2.3,631,-3.2,9.6,-6.4,45.6,20.0,1412,4.9,5.2,3.6,-9.0,1010.8,1021.3,1023.9,733,1019.1,1803,1.5,10.8,12.0,-9.0,20.14,2.95,1200,-9.0,2.1,-9.0,-9.0,-9,-9.0,-9,-9.0,-9,-9.0,-9,-9.0,-9,7.1,6.8,8.0,11.7,16.0
20260318,108,2.0,1768,27,4.6,1946,27,7.2,1938,6.8,9.4,1612,4.2,2356,1.7,8.6,-2.6,71.1,44.0,2,7.0,1.7,1.2,-9.0,1005.0,1015.5,1019.3,1,1012.3,1515,8.0,1.3,12.1,-9.0,6.42,1.66,1500,4.8,2.7,9.58,-9.0,-9,-9.0,-9,-9.0,-9,-9.0,-9,-9.0,-9,7.4,6.9,8.1,11.7,15.9
20260319,108,2.5,2184,27,6.4,1643,27,10.1,1613,6.1,12.9,1445,1.4,559,-5.1,7.6,-5.9,47.8,19.0,1346,4.2,5.3,3.7,-9.0,1008.3,1018.9,1020.6,2322,1016.9,1419,1.8,11.4,12.1,-9.0,23.03,3.24,1200,-9.0,-9.0,-9.0,-9.0,-9,-9.0,-9,-9.0,-9,-9.0,-9,-9.0,-9,7.2,7.1,8.2,11.7,15.9
20260320,108,2.3,2027,20,4.6,1405,23,8.7,1602,7.5,13.9,1445,2.5,539,0.1,9.6,-5.1,62.1,36.0,1433,6.2,4.2,3.0,-9.0,1010.3,1020.9,1024.2,2353,1018.9,512,1.3,9.0,12.1,-9.0,19.53,3.0,1300,-9.0,-9.0,-9.0,-9.0,-9,-9.0,-9,-9.0,-9,-9.0,-9,-9.0,-9,7.3,7.2,8.3,11.7,15.8
20260321,108,1.9,1673,27,4.3,1423,18,8.5,1431,8.4,15.7,1527,2.0,657,-5.2,10.3,-6.8,43.4,16.0,1503,4.3,6.2,4.3,-9.0,1013.3,1023.8,1025.8,954,1022.2,1621,1.0,11.2,12.2,-9.0,22.6,3.18,1200,-9.0,-9.0,-9.0,-9.0,-9,-9.0,-9,-9.0,-9,-9.0,-9,-9.0,-9,7.5,7.2,8.4,11.6,15.8
20260322,108,1.9,1653,25,4.8,1704,27,7.7,1656,11.0,18.6,1449,5.5,43,-6.0,11.5,-2.1,31.1,14.0,1404,3.9,6.7,4.7,-9.0,1009.4,1019.8,1023.3,7,1017.2,1507,3.8,10.1,12.2,-9.0,20.2,3.21,1200,-9.0,-9.0,-9.0,-9.0,-9,-9.0,-9,-9.0,-9,-9.0,-9,-9.0,-9,7.7,7.4,8.5,11.6,15.8
20260323,108,1.9,1615,25,3.7,1802,5,6.3,1110,11.9,20.1,1527,4.5,628,-3.4,11.8,-4.1,35.4,20.0,1512,4.9,6.4,4.5,-9.0,1009.4,1019.8,1021.3,848,1017.8,1550,1.4,11.0,12.2,-9.0,20.71,2.87,1200,-9.0,-9.0,-9.0,-9.0,-9,-9.0,-9,-9.0,-9,-9.0,-9,-9.0,-9,8.1,7.5,8.6,11.6,15.8
20260324,108,2.3,1987,20,4.3,1256,18,8.5,1255,12.9,18.7,1324,8.2,644,1.5,14.4,0.1,47.4,28.0,1458,6.9,5.2,3.6,-9.0,1007.6,1017.9,1020.5,9,1015.8,2347,6.1,7.7,12.3,-9.0,19.39,3.16,1200,-9.0,-9.0,-9.0,-9.0,-9,-9.0,-9,-9.0,-9,-9.0,-9,-9.0,-9,8.5,7.7,8.6,11.6,15.7
20260325,108,2.4,2086,27,5.6,1648,25,9.0,1652,12.8,19.7,1431,8.7,703,4.1,16.0,1.5,57.6,29.0,1413,8.2,5.7,4.0,-9.0,1004.4,1014.7,1016.4,2250,1012.3,1523,2.3,10.9,12.3,-9.0,21.87,3.06,1200,-9.0,-9.0,-9.0,-9.0,-9,-9.0,-9,-9.0,-9,-9.0,-9,-9.0,-9,9.1,7.9,8.8,11.6,15.7
20260326,108,2.2,1927,25,4.5,1517,27,7.3,1629,12.1,19.5,1528,6.6,617,4.3,15.1,-0.2,62.4,32.0,1539,8.3,5.2,3.6,-9.0,1005.2,1015.5,1017.1,753,1013.0,1447,0.0,10.4,12.4,-9.0,21.27,3.04,1200,-9.0,-9.0,-9.0,-9.0,-9,-9.0,-9,-9.0,-9,-9.0,-9,-9.0,-9,9.6,8.1,8.9,11.6,15.7
20260327,108,2.7,2374,27,4.4,1731,29,7.2,1712,11.4,18.2,1541,5.9,639,5.3,14.2,-0.2,68.6,43.0,1620,8.9,3.6,2.5,-9.0,1003.6,1013.9,-9.0,-9,-9.0,-9,0.0,7.4,12.4,-9.0,14.68,2.71,1200,-9.0,-9.0,-9.0,-9.0,-9,-9.0,-9,-9.0,-9,-9.0,-9,-9.0,-9,10.0,8.4,9.0,11.6,15.6
20260328,108,2.2,1859,27,4.4,2019,27,7.3,1508,12.2,20.5,1536,6.0,625,3.0,16.7,0.1,59.0,26.0,1435,7.7,-9.0,-9.0,-9.0,1005.4,1015.7,-9.0,-9,-9.0,-9,1.8,10.2,12.5,-9.0,22.53,3.15,1200,-9.0,-9.0,-9.0,-9.0,-9,-9.0,-9,-9.0,-9,-9.0,-9,-9.0,-9,10.2,8.7,9.2,11.6,15.6
20260329,108,2.0,1688,25,4.4,1446,27,7.3,1441,13.6,20.7,1319,7.5,648,-0.6,13.9,0.2,40.3,23.0,1322,5.9,-9.0,-9.0,-9.0,1005.7,1016.0,-9.0,-9,-9.0,-9,5.8,6.9,12.5,-9.0,17.12,2.38,1000,-9.0,-9.0,-9.0,-9.0,-9,-9.0,-9,-9.0,-9,-9.0,-9,-9.0,-9,10.6,8.9,9.3,11.6,15.6
20260330,108,1.8,1526,14,4.2,2130,14,6.5,2129,16.0,21.2,1508,11.0,642,1.6,16.1,5.2,38.0,27.0,1248,7.0,1.5,1.0,-9.0,1003.1,1013.2,-9.0,-9,-9.0,-9,8.9,1.4,12.5,-9.0,9.8,2.11,1200,1.8,10.0,3.92,-9.0,-9,-9.0,-9,-9.0,-9,-9.0,-9,-9.0,-9,10.8,9.2,9.5,11.6,15.6
20260331,108,2.5,2199,5,4.4,659,5,9.8,652,14.2,18.7,1431,10.7,704,7.7,15.4,6.2,66.8,47.0,1448,10.6,4.1,2.9,-9.0,1000.7,1010.9,1013.8,2320,1007.9,259,7.1,4.5,12.6,-9.0,15.01,2.5,1000,8.2,-9.0,7.17,-9.0,-9,-9.0,-9,-9.0,-9,-9.0,-9,-9.0,-9,11.0,9.4,9.7,11.6,15.5
20260401,108,2.4,2094,27,4.8,1643,25,7.8,1456,13.3,18.0,1418,9.3,2352,4.7,14.7,2.1,57.6,32.0,1757,8.7,4.0,2.8,-9.0,1002.8,1013.1,1014.2,837,1011.3,1526,6.3,4.3,12.6,-9.0,13.36,1.73,1000,-9.0,-9.0,-9.0,-9.0,-9,-9.0,-9,-9.0,-9,-9.0,-9,-9.0,-9,11.5,9.6,9.8,11.6,15.5
20260402,108,2.5,2195,25,5.9,1457,18,10.1,1603,11.6,18.1,1356,6.4,629,1.6,15.5,-0.6,53.3,26.0,1625,6.9,6.3,4.4,-9.0,1005.1,1015.4,1018.0,2311,1013.5,3,0.0,11.6,12.6,-9.0,24.02,3.23,1300,-9.0,-9.0,-9.0,-9.0,-9,-9.0,-9,-9.0,-9,-9.0,-9,-9.0,-9,11.5,9.9,10.0,11.7,15.5
20260403,108,2.2,1887,20,4.4,1637,20,8.1,1517,14.7,22.3,1513,7.3,445,4.5,17.0,2.4,53.8,27.0,1517,8.4,5.8,4.0,-9.0,1003.1,1013.2,1018.2,132,1008.5,2331,7.4,9.0,12.7,-9.0,19.27,2.52,1300,-9.0,0.0,-9.0,-9.0,-9,-9.0,-9,-9.0,-9,-9.0,-9,-9.0,-9,11.5,10.1,10.2,11.7,15.4
20260404,108,3.1,2653,27,5.8,1459,20,10.1,1551,14.3,21.2,1407,8.5,2354,7.1,18.3,6.3,63.4,42.0,1409,10.2,5.5,3.9,-9.0,992.3,1002.4,1008.5,1,998.4,1323,6.6,8.1,12.7,-9.0,20.84,3.39,1200,0.0,-9.0,5.92,0.0,-9,0.0,-9,-9.0,-9,-9.0,-9,-9.0,-9,11.9,10.2,10.4,11.7,15.4
20260405,108,2.5,2123,29,5.0,2228,29,8.2,2223,11.5,17.2,1604,7.2,539,3.2,17.8,7.1,59.9,21.0,1638,7.7,5.1,3.6,-9.0,998.8,1009.1,1011.0,2222,1007.1,1736,6.8,7.7,12.8,-9.0,19.92,3.13,1300,2.1,2.2,3.58,1.9,2209,0.8,2223,-9.0,-9,-9.0,-9,-9.0,-9,12.4,10.5,10.5,11.7,15.4
20260406,108,2.1,1847,25,4.8,1817,25,10.7,1831,10.2,14.0,1701,5.4,2353,1.3,11.4,-4.4,59.1,24.0,2022,7.5,2.9,2.0,-9.0,1001.1,1011.4,1014.6,2355,1009.0,1720,5.8,2.6,12.8,-9.0,7.78,1.49,1600,1.2,1.1,6.33,0.9,1017,0.5,1101,-9.0,-9,-9.0,-9,-9.0,-9,12.6,10.7,10.7,11.7,15.4
20260407,108,3.0,2558,29,6.2,1114,18,11.8,1348,8.2,14.0,1440,3.3,602,-4.2,13.9,-5.3,44.0,19.0,1303,4.6,6.6,4.6,-9.0,1006.4,1016.9,1019.9,2311,1014.6,1,0.0,12.2,12.9,-9.0,26.6,3.53,1200,-9.0,-9.0,-9.0,-9.0,-9,-9.0,-9,-9.0,-9,-9.0,-9,-9.0,-9,12.0,10.9,10.8,11.8,15.3
20260408,108,1.9,1641,27,4.1,1544,18,7.7,1325,10.3,16.6,1607,3.5,634,-0.3,15.9,-3.4,51.4,23.0,1730,6.0,6.1,4.3,-9.0,1008.4,1018.8,1021.4,754,1016.1,1944,1.0,12.1,12.9,-9.0,25.77,3.45,1200,-9.0,0.0,-9.0,-9.0,-9,-9.0,-9,-9.0,-9,-9.0,-9,-9.0,-9,11.6,10.9,11.0,11.8,15.3
20260409,108,3.0,2554,5,6.3,1532,5,10.6,1353,10.6,12.3,2322,8.7,27,6.2,10.4,1.0,76.5,45.0,254,9.9,1.1,0.7,-9.0,995.3,1005.5,1016.3,1,997.2,2359,10.0,0.0,12.9,-9.0,3.07,0.49,1000,18.9,23.3,15.75,3.8,1244,1.0,2157,-9.0,-9,-9.0,-9,-9.0,-9,11.7,10.9,11.1,11.8,15.3
20260410,108,3.3,2812,23,4.9,1039,20,9.4,1814,10.3,12.7,54,8.8,2346,8.7,12.0,8.2,89.9,81.0,1600,11.3,1.1,0.8,-9.0,992.5,1002.8,1009.5,2332,996.7,146,9.5,0.0,13.0,-9.0,3.76,0.7,1400,5.1,0.7,11.58,1.1,-2343,0.3,2,-9.0,-9,-9.0,-9,-9.0,-9,11.5,11.0,11.2,11.8,15.3
20260411,108,2.8,2378,25,5.1,1332,27,9.2,1325,10.9,16.1,1530,8.2,502,6.9,14.2,4.1,77.9,52.0,1627,9.9,3.8,2.7,-9.0,1002.5,1012.8,1015.8,2332,1009.3,1,7.1,5.7,13.0,-9.0,16.75,3.11,1300,0.0,-9.0,0.92,0.0,-9,0.0,-9,-9.0,-9,-9.0,-9,-9.0,-9,11.5,11.0,11.3,11.9,15.2
20260412,108,2.0,1754,27,3.5,1446,32,5.4,1513,14.9,23.8,1606,6.1,613,3.6,17.8,-0.5,53.4,17.0,1614,8.0,7.6,5.3,-9.0,1005.4,1015.6,1017.2,715,1012.7,1604,4.1,10.8,13.0,-9.0,25.93,3.53,1200,-9.0,-9.0,-9.0,-9.0,-9,-9.0,-9,-9.0,-9,-9.0,-9,-9.0,-9,11.8,11.0,11.4,11.9,15.2
20260413,108,1.6,1371,29,3.1,2123,32,5.0,1707,18.7,27.4,1616,9.7,549,3.0,20.3,2.5,37.8,18.0,1540,7.6,8.3,5.8,-9.0,1005.0,1015.1,1017.6,713,1012.2,1653,2.4,11.1,13.1,-9.0,24.33,3.4,1200,-9.0,-9.0,-9.0,-9.0,-9,-9.0,-9,-9.0,-9,-9.0,-9,-9.0,-9,12.4,11.1,11.4,11.9,15.2
20260414,108,2.0,1762,25,4.0,1756,25,6.1,1756,20.7,28.0,1624,14.3,626,4.0,21.5,6.4,35.3,20.0,1531,8.1,7.8,5.5,-9.0,1002.2,1012.1,1014.6,1,1008.7,1659,4.9,10.7,13.1,-9.0,22.85,3.08,1300,-9.0,-9.0,-9.0,-9.0,-9,-9.0,-9,-9.0,-9,-9.0,-9,-9.0,-9,13.1,11.3,11.5,12.0,15.1
20260415,108,2.2,1943,27,5.4,1657,29,8.9,1352,19.7,26.4,1603,13.4,642,6.7,22.0,5.2,43.8,32.0,1522,9.9,8.5,5.9,-9.0,1002.3,1012.3,1015.8,2359,1009.8,1549,1.9,11.6,13.2,-9.0,25.09,3.25,1200,-9.0,-9.0,-9.0,-9.0,-9,-9.0,-9,-9.0,-9,-9.0,-9,-9.0,-9,13.7,11.5,11.6,12.0,15.1
20260416,108,2.7,2368,7,5.5,246,5,9.6,8,19.8,27.3,1507,12.8,626,4.9,23.2,5.7,40.0,15.0,1533,8.7,8.7,6.1,-9.0,1007.0,1017.0,1019.6,930,1014.6,1648,3.5,11.5,13.2,-9.0,25.5,3.38,1200,-9.0,-9.0,-9.0,-9.0,-9,-9.0,-9,-9.0,-9,-9.0,-9,-9.0,-9,14.2,11.8,11.7,12.0,15.1
20260417,108,2.5,2117,27,4.9,1809,27,8.5,1806,17.4,22.3,1354,13.3,2342,4.9,20.6,4.7,45.0,26.0,443,8.8,5.2,3.7,-9.0,1004.6,1014.7,1016.7,2322,1012.9,1558,6.3,4.1,13.2,-9.0,16.97,3.24,1300,-9.0,-9.0,-9.0,-9.0,-9,-9.0,-9,-9.0,-9,-9.0,-9,-9.0,-9,14.6,12.1,11.9,12.1,15.1
20260418,108,1.8,1524,25,3.4,2009,20,5.8,1652,19.2,27.3,1550,11.0,606,8.3,23.1,3.1,52.6,24.0,1729,11.0,7.9,5.6,-9.0,1004.9,1015.0,1017.3,801,1012.4,1826,2.4,11.9,13.3,-9.0,25.92,3.38,1200,-9.0,-9.0,-9.0,-9.0,-9,-9.0,-9,-9.0,-9,-9.0,-9,-9.0,-9,14.6,12.4,12.0,12.1,15.1
20260419,108,2.2,1916,25,4.6,1654,27,7.1,1459,21.6,29.4,1341,14.5,632,8.2,24.5,7.1,45.4,20.0,1253,11.0,8.6,6.0,-9.0,1002.4,1012.3,1014.9,27,1009.7,1628,2.6,11.4,13.3,-9.0,25.5,3.56,1200,-9.0,-9.0,-9.0,-9.0,-9,-9.0,-9,-9.0,-9,-9.0,-9,-9.0,-9,15.0,12.6,12.2,12.1,15.0
20260420,108,2.9,2540,23,5.8,1720,20,11.2,1614,13.4,17.8,1,9.1,2349,5.3,13.0,1.8,59.8,28.0,2046,9.4,3.3,2.3,-9.0,1002.2,1012.4,1017.8,2359,1009.8,1518,4.0,2.8,13.4,-9.0,7.46,1.8,1600,0.8,0.8,2.92,0.8,1240,0.5,1326,-9.0,-9,-9.0,-9,-9.0,-9,15.5,12.9,12.4,12.2,15.0
20260421,108,2.6,2238,25,5.8,1659,27,10.3,1520,12.2,17.9,1412,7.1,349,1.6,15.9,-0.9,51.0,26.0,1405,6.9,5.3,3.7,-9.0,1008.1,1018.4,1020.1,749,1016.4,1604,5.1,6.6,13.4,-9.0,20.68,3.04,1100,-9.0,-9.0,-9.0,-9.0,-9,-9.0,-9,-9.0,-9,-9.0,-9,-9.0,-9,14.8,13.2,12.6,12.2,15.0
20260422,108,2.1,1821,27,4.7,1556,29,8.4,1623,14.2,20.1,1532,9.8,608,1.6,18.2,3.7,44.9,22.0,1356,6.9,6.1,4.3,-9.0,1004.6,1014.9,1018.1,1,1011.7,1814,6.4,5.4,13.4,-9.0,17.59,2.86,1400,-9.0,-9.0,-9.0,-9.0,-9,-9.0,-9,-9.0,-9,-9.0,-9,-9.0,-9,14.5,13.2,12.8,12.3,15.0
20260423,108,2.6,2265,5,5.2,1028,2,11.9,1028,17.0,24.6,1513,10.0,554,0.2,21.3,2.9,35.8,16.0,1540,6.3,9.2,6.5,-9.0,1001.3,1011.4,1014.2,2339,1008.9,1525,4.6,9.3,13.5,-9.0,24.99,3.4,1300,-9.0,-9.0,-9.0,-9.0,-9,-9.0,-9,-9.0,-9,-9.0,-9,-9.0,-9,14.4,13.3,12.9,12.3,15.0
20260424,108,2.1,1797,25,4.1,1740,27,6.6,1659,18.0,26.9,1526,9.5,558,-0.9,23.4,-0.2,30.3,10.0,1438,5.8,9.9,6.9,-9.0,1005.8,1015.9,1018.3,2349,1013.7,1607,0.0,12.7,13.5,-9.0,28.61,3.63,1200,-9.0,-9.0,-9.0,-9.0,-9,-9.0,-9,-9.0,-9,-9.0,-9,-9.0,-9,14.7,13.3,13.1,12.3,15.0
20260425,108,2.1,1814,25,4.8,1441,25,8.9,1640,18.2,26.3,1410,11.3,554,1.3,23.4,2.0,35.8,13.0,1627,6.8,9.8,6.9,-9.0,1008.0,1018.1,1020.5,733,1016.3,1729,0.0,12.5,13.5,-9.0,27.73,3.5,1200,-9.0,-9.0,-9.0,-9.0,-9,-9.0,-9,-9.0,-9,-9.0,-9,-9.0,-9,15.0,13.4,13.2,12.4,14.9
20260426,108,2.2,1867,25,5.3,1553,32,8.7,1540,17.8,25.2,1412,11.3,555,-0.4,24.0,1.6,30.8,18.0,1518,5.9,9.8,6.9,-9.0,1003.2,1013.3,1016.4,1,1010.7,1750,1.3,12.5,13.6,-9.0,27.96,3.59,1200,-9.0,-9.0,-9.0,-9.0,-9,-9.0,-9,-9.0,-9,-9.0,-9,-9.0,-9,15.2,13.5,13.3,12.4,14.9
20260427,108,1.9,1674,23,5.3,1252,16,9.2,1744,16.2,23.0,1200,12.6,2244,5.1,19.3,4.2,50.0,25.0,1515,9.0,4.9,3.4,-9.0,1001.4,1011.5,1013.0,732,1009.4,1746,7.4,4.8,13.6,-9.0,16.04,3.11,1100,1.5,1.7,5.5,1.2,2022,0.5,2038,-9.0,-9,-9.0,-9,-9.0,-9,15.5,13.7,13.4,12.5,14.9
20260428,108,2.8,2409,25,5.5,1348,25,9.1,1212,13.3,16.6,1629,11.4,2358,7.0,15.4,3.8,67.0,48.0,1635,10.1,3.3,2.3,-9.0,1003.6,1013.9,1018.2,2234,1009.5,230,7.8,1.3,13.6,-9.0,10.52,2.15,1300,0.2,-9.0,3.33,0.1,-9,0.1,-9,-9.0,-9,-9.0,-9,-9.0,-9,15.5,13.9,13.5,12.5,14.9
20260429,108,2.0,1736,27,4.8,1831,29,7.5,1836,14.9,21.7,1445,8.6,541,3.7,21.3,0.2,50.9,24.0,1403,8.0,7.3,5.1,-9.0,1008.0,1018.3,1019.9,904,1016.1,1650,5.9,11.2,13.7,-9.0,27.16,3.61,1300,-9.0,-9.0,-9.0,-9.0,-9,-9.0,-9,-9.0,-9,-9.0,-9,-9.0,-9,15.2,14.0,13.6,12.6,14.9
20260430,108,2.4,2087,27,5.9,1835,27,10.6,1549,17.4,24.4,1449,10.9,629,2.2,25.9,2.9,38.0,24.0,1318,7.2,9.4,6.5,-9.0,1003.8,1013.9,1018.6,1,1010.4,1809,4.4,12.5,13.7,-9.0,28.44,3.57,1200,-9.0,0.0,-9.0,-9.0,-9,-9.0,-9,-9.0,-9,-9.0,-9,-9.0,-9,15.4,14.0,13.7,12.6,14.9
20260501,108,3.6,3121,29,7.0,1111,29,14.1,1054,17.8,24.3,1517,13.6,559,4.8,25.3,6.9,43.5,30.0,1005,8.6,8.9,6.2,-9.0,998.9,1009.0,1011.8,2324,1006.5,1548,3.4,10.3,13.8,-9.0,26.82,3.5,1200,0.0,-9.0,1.0,0.0,-9,0.0,-9,-9.0,-9,-9.0,-9,-9.0,-9,15.9,14.1,13.8,12.7,14.9
20260502,108,2.1,1784,20,5.6,1852,23,10.2,1850,17.3,22.4,1353,12.8,537,10.4,21.8,5.7,65.1,51.0,1334,12.7,3.5,2.5,-9.0,1000.9,1011.0,1012.5,910,1008.8,1726,8.6,0.9,13.8,-9.0,13.76,1.84,1300,1.4,10.0,3.33,0.5,2257,0.2,-9,-9.0,-9,-9.0,-9,-9.0,-9,16.3,14.3,14.0,12.7,14.9
20260503,108,2.0,1729,27,4.9,1727,29,8.8,1725,13.0,15.5,1,11.7,2356,10.9,15.3,11.0,87.5,76.0,1612,13.0,1.7,1.2,-9.0,993.3,1003.4,1010.0,1,1000.5,1546,9.9,0.0,13.8,-9.0,3.85,0.61,1400,14.8,7.4,21.42,3.4,2254,1.4,2344,-9.0,-9,-9.0,-9,-9.0,-9,16.4,14.5,14.1,12.8,14.9
20260504,108,3.2,2737,29,5.3,1206,29,11.1,108,13.7,19.9,1625,8.1,611,4.0,14.2,2.8,56.1,27.0,1404,8.2,7.6,5.3,-9.0,1002.3,1012.6,1018.2,2338,1003.1,2,1.1,12.8,13.8,-9.0,28.67,3.58,1200,1.8,-9.0,1.25,3.1,-2348,1.0,32,-9.0,-9,-9.0,-9,-9.0,-9,15.9,14.6,14.2,12.8,-99.0
20260505,108,2.4,2040,23,5.3,1400,23,9.8,1450,14.5,21.2,1540,8.4,557,2.9,22.1,3.5,49.8,22.0,1320,7.6,8.5,6.0,-9.0,1007.5,1017.7,1019.8,658,1015.3,1717,0.0,13.0,13.9,-9.0,30.33,3.77,1200,-9.0,-9.0,-9.0,-9.0,-9,-9.0,-9,-9.0,-9,-9.0,-9,-9.0,-9,15.8,14.6,14.3,12.9,-99.0
20260506,108,2.5,2194,23,5.6,1406,29,10.0,1507,16.9,23.8,1501,9.1,515,5.8,24.2,4.1,49.1,34.0,1358,9.3,8.2,5.7,-9.0,1005.8,1015.9,1018.0,636,1013.8,1843,1.6,11.0,13.9,-9.0,27.91,3.56,1200,-9.0,-9.0,-9.0,-9.0,-9,-9.0,-9,-9.0,-9,-9.0,-9,-9.0,-9,16.0,14.7,14.4,13.0,-99.0
20260507,108,2.6,2278,23,5.9,1303,23,12.0,1303,15.4,20.3,1118,13.0,548,9.8,17.5,6.9,70.9,52.0,6,12.3,3.4,2.4,-9.0,1001.8,1011.9,1014.9,5,1009.9,1645,7.8,2.4,13.9,-9.0,11.3,2.66,1000,2.7,2.7,3.67,2.0,1539,0.7,1618,-9.0,-9,-9.0,-9,-9.0,-9,16.4,14.8,14.5,13.0,15.1
20260508,108,3.2,2799,29,7.6,1413,25,16.5,1216,15.2,20.4,1358,9.8,614,3.9,15.7,5.0,50.9,22.0,1402,8.2,9.0,6.3,-9.0,1004.2,1014.3,1018.6,2351,1011.8,154,0.9,12.6,14.0,-9.0,29.43,3.9,1200,-9.0,-9.0,-9.0,-9.0,-9,-9.0,-9,-9.0,-9,-9.0,-9,-9.0,-9,16.3,14.9,14.6,13.1,15.0
20260509,108,2.2,1921,25,4.6,1353,27,8.9,1528,15.9,22.7,1330,9.7,607,1.7,21.9,2.5,40.5,23.0,1155,6.9,8.7,6.1,-9.0,1008.9,1019.1,1020.9,716,1017.5,1616,0.8,11.7,14.0,-9.0,28.55,3.7,1200,-9.0,-9.0,-9.0,-9.0,-9,-9.0,-9,-9.0,-9,-9.0,-9,-9.0,-9,16.3,15.0,14.7,13.1,13.5
20260510,108,2.4,2059,25,4.8,1556,27,8.8,1409,17.1,24.5,1348,10.0,514,2.5,22.3,3.3,40.9,15.0,1411,7.4,8.6,6.0,-9.0,1007.1,1017.2,1019.5,18,1014.8,1812,2.3,11.2,14.0,-9.0,27.64,3.59,1200,-9.0,-9.0,-9.0,-9.0,-9,-9.0,-9,-9.0,-9,-9.0,-9,-9.0,-9,16.5,15.0,14.8,13.2,13.5
20260511,108,2.0,1771,23,4.6,1506,20,9.3,1558,16.8,20.9,1411,12.9,436,11.6,17.3,7.0,71.9,60.0,1228,13.8,2.4,1.7,-9.0,1004.2,1014.3,1016.6,1,1012.1,1712,7.8,0.2,14.1,-9.0,7.7,1.51,1200,0.9,19.0,3.0,0.9,1515,0.5,1520,-9.0,-9,-9.0,-9,-9.0,-9,16.8,15.1,14.8,13.2,13.5
20260512,108,1.8,1591,29,4.1,1435,34,8.3,305,19.1,24.5,1557,15.4,330,13.9,22.1,11.4,74.1,47.0,1623,16.0,5.9,4.1,-9.0,999.6,1009.6,1013.1,2,1006.4,1654,4.8,6.9,14.1,-9.0,21.17,3.19,1200,18.1,-9.0,2.83,16.6,227,6.9,304,-9.0,-9,-9.0,-9,-9.0,-9,16.7,15.3,14.9,13.3,13.5
20260513,108,2.0,1725,25,4.7,1507,25,8.0,1442,19.7,26.2,1440,13.4,533,12.2,22.6,9.7,64.0,41.0,1420,14.2,7.5,5.3,-9.0,999.8,1009.8,1011.5,2352,1008.4,1719,2.0,11.5,14.1,-9.0,28.33,3.63,1200,0.0,0.0,0.27,0.0,-9,0.0,-9,-9.0,-9,-9.0,-9,-9.0,-9,17.3,15.4,15.0,13.3,13.5
20260514,108,1.7,1445,25,3.8,1756,2,7.6,1053,23.5,31.5,1630,15.1,526,12.6,26.7,11.2,54.0,27.0,1536,14.6,8.4,5.9,-9.0,1004.6,1014.4,1018.4,2359,1011.5,1,0.8,12.0,14.2,-9.0,28.12,3.59,1200,-9.0,-9.0,-9.0,-9.0,-9,-9.0,-9,-9.0,-9,-9.0,-9,-9.0,-9,18.0,15.6,15.1,13.4,13.5
20260515,108,1.9,1624,27,5.0,1723,29,8.0,1552,24.2,31.3,1507,18.3,554,13.2,29.1,13.7,52.6,29.0,1502,15.3,9.0,6.3,-9.0,1010.4,1020.3,1021.9,736,1018.2,1513,0.0,12.6,14.2,-9.0,28.34,3.54,1200,-9.0,-9.0,-9.0,-9.0,-9,-9.0,-9,-9.0,-9,-9.0,-9,-9.0,-9,18.8,15.8,15.2,13.4,13.5
20260516,108,2.2,1871,25,4.4,1707,27,8.7,1704,23.1,29.9,1509,17.5,534,11.7,29.1,12.9,51.5,26.0,1330,13.9,9.9,6.9,-9.0,1011.2,1021.1,1022.6,644,1019.2,1757,0.0,13.0,14.2,-9.0,30.02,3.62,1200,-9.0,-9.0,-9.0,-9.0,-9,-9.0,-9,-9.0,-9,-9.0,-9,-9.0,-9,19.5,16.2,15.4,13.5,13.5
20260517,108,1.9,1653,20,3.7,1230,16,7.2,1230,22.6,29.4,1509,16.2,533,10.0,29.0,11.2,46.8,27.0,1345,12.3,9.7,6.8,-9.0,1009.4,1019.3,1021.3,1,1016.5,1731,1.9,12.9,14.2,-9.0,29.69,3.74,1200,-9.0,-9.0,-9.0,-9.0,-9,-9.0,-9,-9.0,-9,-9.0,-9,-9.0,-9,19.9,16.5,15.5,13.5,13.5
20260518,108,2.1,1826,20,4.3,1411,23,8.4,1445,23.0,30.1,1351,15.7,603,8.2,28.7,10.1,41.4,19.0,1409,10.9,9.0,6.3,-9.0,1006.1,1016.0,1018.5,30,1014.0,1651,5.3,11.9,14.3,-9.0,28.31,3.62,1200,-9.0,-9.0,-9.0,-9.0,-9,-9.0,-9,-9.0,-9,-9.0,-9,-9.0,-9,20.1,16.9,15.7,13.6,13.5
20260519,108,1.9,1646,5,4.4,2009,5,10.0,1901,22.1,25.5,1227,19.8,648,11.8,23.6,16.0,52.6,38.0,1133,13.9,4.2,3.0,-9.0,1003.9,1013.8,1015.8,1,1010.6,1902,9.9,0.4,14.3,-9.0,10.02,1.83,1100,0.0,2.9,0.25,0.0,-9,0.0,-9,-9.0,-9,-9.0,-9,-9.0,-9,20.3,17.2,15.9,13.6,13.5
20260520,108,3.6,3113,5,5.6,2045,5,10.7,2041,16.9,21.8,2,14.8,2310,13.8,17.8,14.6,84.3,52.0,455,15.9,1.0,0.7,-9.0,998.8,1008.8,1012.8,1,1004.9,2031,10.0,0.0,14.3,-9.0,2.94,0.44,1000,63.1,73.6,20.5,7.6,1918,1.9,1942,-9.0,-9,-9.0,-9,-9.0,-9,20.1,17.4,16.2,13.7,13.5
20260521,108,3.4,2905,7,4.6,15,7,9.4,1829,17.0,20.2,1644,14.7,55,13.9,17.7,13.4,83.1,62.0,1916,15.9,3.0,2.1,-9.0,996.8,1006.8,1011.3,2315,1003.2,359,8.5,0.0,14.3,-9.0,7.66,1.43,1500,14.0,0.6,12.92,8.7,230,4.1,313,-9.0,-9,-9.0,-9,-9.0,-9,19.0,17.6,16.4,13.8,13.5
20260522,108,2.9,2504,5,4.3,325,5,9.8,1142,20.6,27.0,1611,15.1,226,8.5,20.8,11.9,48.6,28.0,1852,11.2,8.8,6.2,-9.0,1002.0,1011.9,1014.1,1021,1010.2,1801,3.1,12.8,14.4,-9.0,29.5,3.7,1200,-9.0,0.0,-9.0,-9.0,-9,-9.0,-9,-9.0,-9,-9.0,-9,-9.0,-9,18.7,17.6,16.6,13.8,13.5
20260523,108,2.2,1925,25,3.9,1902,9,6.4,418,19.2,24.7,1644,16.0,627,10.2,20.9,13.3,56.9,38.0,1628,12.5,6.3,4.4,-9.0,1002.3,1012.3,1013.7,2212,1010.4,1722,5.0,6.7,14.4,-9.0,20.7,3.57,1300,0.0,0.0,0.83,0.0,-9,0.0,-9,-9.0,-9,-9.0,-9,-9.0,-9,19.2,17.5,16.8,13.9,13.5
20260524,108,1.8,1538,25,3.3,1719,18,5.1,1232,22.1,29.2,1627,14.8,539,13.7,23.0,12.0,61.0,40.0,1510,15.7,8.3,5.8,-9.0,1003.3,1013.2,1015.6,650,1010.8,1744,1.1,12.9,14.4,-9.0,29.51,3.56,1200,-9.0,-9.0,-9.0,-9.0,-9,-9.0,-9,-9.0,-9,-9.0,-9,-9.0,-9,19.3,17.5,16.8,13.9,13.5
20260525,108,1.9,1646,32,4.2,2047,32,8.1,2041,24.4,29.8,1632,17.9,522,16.6,24.0,14.8,63.6,44.0,1656,19.0,6.9,4.8,-9.0,1000.6,1010.4,1012.7,819,1007.9,1759,4.9,10.4,14.4,-9.0,24.64,3.19,1000,-9.0,-9.0,-9.0,-9.0,-9,-9.0,-9,-9.0,-9,-9.0,-9,-9.0,-9,20.0,17.6,16.9,14.0,13.5
20260526,108,1.9,1640,11,3.7,2110,9,6.9,2108,24.9,29.0,1248,21.8,547,18.9,23.9,19.2,70.6,52.0,1214,22.0,3.8,2.7,-9.0,997.0,1006.7,1008.7,1,1004.6,1716,9.3,0.1,14.5,-9.0,11.93,2.03,1100,0.6,1.3,6.75,0.5,2116,0.2,-9,-9.0,-9,-9.0,-9,-9.0,-9,20.6,17.8,17.0,14.1,13.5
20260527,108,2.5,2175,5,5.2,1029,5,9.9,1027,22.3,25.1,1311,20.1,2355,18.2,21.9,19.4,78.4,64.0,1302,20.9,2.5,1.8,-9.0,994.6,1004.5,1006.2,742,1003.2,1404,9.9,0.0,14.5,-9.0,7.89,1.72,1100,2.5,5.2,9.85,1.2,2035,0.4,446,-9.0,-9,-9.0,-9,-9.0,-9,21.0,18.1,17.1,14.1,13.5
20260528,108,2.4,2032,25,4.7,1706,27,8.4,1657,20.9,26.5,1526,17.6,2350,17.3,23.9,16.3,81.4,58.0,1451,19.8,4.8,3.3,-9.0,994.3,1004.1,1006.9,2306,1002.3,1536,6.3,3.8,14.5,-9.0,16.03,2.95,1400,3.5,0.1,7.75,1.2,230,0.4,203,-9.0,-9,-9.0,-9,-9.0,-9,21.0,18.3,17.2,14.2,13.5
20260529,108,2.4,2034,23,5.1,1444,25,9.4,1517,21.5,26.9,1503,16.6,436,13.3,24.2,15.1,62.8,34.0,1658,15.4,8.9,6.3,-9.0,998.9,1008.8,1010.0,2231,1006.6,26,0.4,12.5,14.5,-9.0,30.39,3.73,1200,-9.0,-9.0,-9.0,-9.0,-9,-9.0,-9,-9.0,-9,-9.0,-9,-9.0,-9,21.2,18.5,17.4,14.3,13.5
20260530,108,2.3,1999,20,5.5,1613,27,9.5,1546,22.5,29.0,1453,15.8,525,13.6,25.2,13.5,59.3,38.0,1558,15.6,9.4,6.6,-9.0,1000.5,1010.4,1012.5,2324,1008.8,1611,0.0,13.5,14.6,-9.0,30.84,3.66,1200,-9.0,-9.0,-9.0,-9.0,-9,-9.0,-9,-9.0,-9,-9.0,-9,-9.0,-9,21.4,18.6,17.5,14.3,13.6
20260531,108,1.8,1592,27,4.1,1605,20,7.6,1518,24.3,30.9,1511,17.5,533,9.8,27.0,14.3,44.5,21.0,1425,12.4,10.8,7.5,-9.0,1003.4,1013.2,1014.2,2324,1011.7,1718,0.4,13.5,14.6,-9.0,31.45,3.69,1200,-9.0,-9.0,-9.0,-9.0,-9,-9.0,-9,-9.0,-9,-9.0,-9,-9.0,-9,21.6,18.8,17.7,14.4,13.6
20260601,108,1.9,1682,20,4.5,1202,25,7.7,1347,22.9,28.7,1255,18.3,552,10.2,23.6,14.2,45.4,31.0,1123,12.5,7.0,4.9,-9.0,1003.6,1013.5,1015.1,833,1011.8,1803,6.4,5.5,14.6,-9.0,19.76,3.08,1200,-9.0,-9.0,-9.0,-9.0,-9,-9.0,-9,-9.0,-9,-9.0,-9,-9.0,-9,21.9,19.0,17.8,14.5,13.6
20260602,108,1.7,1497,25,3.7,1949,27,5.7,1945,25.4,31.8,1635,17.7,538,14.9,26.7,14.5,53.0,36.0,1607,17.1,7.2,5.0,-9.0,996.9,1006.6,1012.9,1,1003.1,1800,0.8,9.3,14.6,-9.0,24.2,3.52,1100,-9.0,-9.0,-9.0,-9.0,-9,-9.0,-9,-9.0,-9,-9.0,-9,-9.0,-9,21.7,19.2,18.0,14.6,13.6
20260603,108,2.0,1691,25,3.8,1719,32,6.3,2145,25.5,30.8,1336,20.7,604,16.5,26.7,15.6,59.0,40.0,1211,18.8,7.0,4.9,-9.0,993.9,1003.6,1004.4,732,1002.4,1705,4.9,8.3,14.6,-9.0,23.85,3.59,1100,-9.0,-9.0,-9.0,-9.0,-9,-9.0,-9,-9.0,-9,-9.0,-9,-9.0,-9,22.1,19.3,18.1,14.6,13.6
20260604,108,2.4,2040,23,6.0,1634,23,13.6,1626,23.6,28.4,1246,20.0,2337,18.1,26.2,17.5,72.0,56.0,1110,20.8,4.1,2.9,-9.0,992.1,1001.9,1004.5,37,999.2,1451,7.5,1.7,14.6,-9.0,12.29,1.81,1000,2.9,2.9,3.28,1.8,1335,1.7,1349,-9.0,-9,-9.0,-9,-9.0,-9,22.5,19.5,18.3,14.7,13.6
20260605,108,3.0,2569,29,4.7,1529,27,10.1,1547,20.6,25.2,1558,17.4,645,13.2,26.0,12.2,64.3,38.0,1522,15.3,7.2,5.0,-9.0,997.6,1007.5,1012.0,2259,1002.2,1,1.9,8.9,14.7,-9.0,25.16,3.17,1100,-9.0,-9.0,-9.0,-9.0,-9,-9.0,-9,-9.0,-9,-9.0,-9,-9.0,-9,22.4,19.7,18.4,14.8,13.6
20260606,108,1.9,1644,32,3.8,1928,18,6.7,1220,22.3,27.5,1351,15.6,554,11.1,24.7,8.7,52.8,27.0,1345,13.3,7.8,5.5,-9.0,1002.7,1012.6,1014.7,750,1010.7,2133,5.8,8.1,14.7,-9.0,24.48,3.67,1200,0.0,0.0,1.28,0.0,-9,0.0,-9,-9.0,-9,-9.0,-9,-9.0,-9,22.3,19.8,18.6,14.8,13.6
20260607,108,2.4,2034,5,4.0,1001,7,6.6,5,22.1,24.9,1752,19.7,2354,12.6,23.1,14.2,55.6,46.0,2,14.7,3.5,2.4,-9.0,999.1,1009.0,1011.3,1,1005.8,1636,8.1,2.0,14.7,-9.0,9.17,1.02,1700,0.0,0.0,0.5,0.0,-9,0.0,-9,-9.0,-9,-9.0,-9,-9.0,-9,22.3,19.9,18.7,14.9,13.7
20260608,108,2.6,2247,32,4.4,1343,29,8.5,1450,21.1,26.4,1614,16.9,637,13.4,26.9,14.0,63.0,38.0,1557,15.4,7.5,5.3,-9.0,997.3,1007.2,1008.4,742,1005.3,1707,5.3,7.2,14.7,-9.0,22.95,3.74,1200,-9.0,-9.0,-9.0,-9.0,-9,-9.0,-9,-9.0,-9,-9.0,-9,-9.0,-9,21.9,20.0,18.8,15.0,13.7
20260609,108,2.1,1782,27,4.2,1509,25,7.8,1927,21.6,27.7,1256,16.1,538,11.0,27.3,8.8,53.4,30.0,1224,13.2,7.7,5.4,-9.0,998.1,1008.0,1009.2,719,1006.6,1511,3.8,8.6,14.7,-9.0,25.89,3.57,1200,0.1,0.7,1.5,0.1,-9,0.1,-9,-9.0,-9,-9.0,-9,-9.0,-9,22.0,20.0,18.9,15.1,13.7
20260610,108,2.5,2174,25,5.1,1557,23,9.2,1421,21.6,26.9,1410,17.9,359,13.8,28.1,11.5,63.4,35.0,1545,15.8,7.7,5.4,-9.0,998.8,1008.7,1010.6,2300,1007.1,1616,3.0,9.8,14.7,-9.0,26.06,3.41,1300,0.6,-9.0,1.08,0.6,420,0.3,438,-9.0,-9,-9.0,-9,-9.0,-9,22.1,20.0,19.0,15.1,13.7
20260611,108,2.5,2163,27,5.7,1647,20,10.6,1446,21.0,26.7,1425,16.2,549,13.8,28.6,10.3,65.4,42.0,1619,15.8,7.5,5.2,-9.0,1001.3,1011.2,1013.4,2339,1009.9,1449,2.3,11.0,14.7,-9.0,26.56,3.28,1300,-9.0,-9.0,-9.0,-9.0,-9,-9.0,-9,-9.0,-9,-9.0,-9,-9.0,-9,22.3,20.1,19.1,15.2,13.7
20260612,108,2.4,2054,27,4.6,1457,20,9.2,1306,22.4,27.7,1343,17.0,413,13.3,29.8,12.0,59.5,34.0,1726,15.4,9.1,6.4,-9.0,1003.2,1013.1,1014.4,611,1011.5,1727,0.5,12.5,14.7,-9.0,29.73,3.52,1300,-9.0,-9.0,-9.0,-9.0,-9,-9.0,-9,-9.0,-9,-9.0,-9,-9.0,-9,22.5,20.2,19.2,15.3,13.7
20260613,108,1.8,1585,27,3.7,1658,27,6.6,1713,24.1,31.9,1541,16.7,546,12.5,31.3,10.3,51.4,27.0,1543,14.5,9.5,6.6,-9.0,1001.6,1011.4,1013.7,627,1008.7,1747,1.6,13.3,14.7,-9.0,29.74,3.52,1100,-9.0,-9.0,-9.0,-9.0,-9,-9.0,-9,-9.0,-9,-9.0,-9,-9.0,-9,22.7,20.3,19.3,15.4,13.8
20260614,108,1.7,1463,5,7.6,1454,5,15.9,1446,23.6,31.3,1345,20.6,539,16.0,25.2,15.1,62.9,39.0,1323,18.1,6.2,4.4,-9.0,1001.5,1011.3,1013.0,2138,1009.6,1422,7.1,5.8,14.8,-9.0,20.81,3.42,1200,2.4,2.4,1.42,2.3,1432,1.6,1437,-9.0,-9,-9.0,-9,-9.0,-9,23.1,20.5,19.4,15.4,13.8
20260615,108,1.8,1529,25,3.7,1730,27,5.9,1917,25.4,32.6,1506,19.2,442,15.1,30.7,14.1,55.9,26.0,1525,17.2,8.5,6.0,-9.0,1003.0,1012.8,1014.2,2350,1011.3,1537,3.0,7.7,14.8,-9.0,25.73,3.61,1200,-9.0,-9.0,-9.0,-9.0,-9,-9.0,-9,-9.0,-9,-9.0,-9,-9.0,-9,23.3,20.6,19.5,15.5,13.8
20260616,108,1.7,1483,29,4.2,1701,14,6.9,1236,27.0,33.2,1437,21.1,526,15.9,30.5,15.7,52.5,31.0,1438,18.1,7.9,5.5,-9.0,1003.2,1012.9,1015.1,717,1011.0,1611,3.5,9.6,14.8,-9.0,24.61,3.48,1300,-9.0,-9.0,-9.0,-9.0,-9,-9.0,-9,-9.0,-9,-9.0,-9,-9.0,-9,23.5,20.8,19.6,15.6,13.8
20260617,108,2.2,1899,27,5.9,1555,27,9.6,1555,26.9,32.8,1333,22.0,527,16.3,29.4,16.0,53.1,39.0,1335,18.6,7.1,5.0,-9.0,1000.6,1010.3,1012.4,559,1007.6,1732,5.0,6.5,14.8,-9.0,19.06,3.24,1200,0.0,0.0,0.33,0.0,-9,0.0,-9,-9.0,-9,-9.0,-9,-9.0,-9,23.9,21.0,19.7,15.7,13.8
20260618,108,2.3,1974,25,4.5,1508,25,7.7,1608,27.2,32.3,1337,23.0,501,17.3,31.5,20.6,55.5,42.0,1326,19.8,8.4,5.9,-9.0,998.8,1008.4,1009.8,2,1006.8,1812,4.5,10.7,14.8,-9.0,26.6,3.22,1300,-9.0,-9.0,-9.0,-9.0,-9,-9.0,-9,-9.0,-9,-9.0,-9,-9.0,-9,24.0,21.1,19.9,15.7,13.9
20260619,108,2.1,1802,16,4.1,1629,16,9.7,1612,26.4,34.0,1422,22.6,514,19.5,31.6,17.0,68.5,40.0,1432,22.7,5.2,3.7,-9.0,996.8,1006.5,1009.4,45,1003.7,2359,7.3,6.2,14.8,-9.0,18.32,3.02,1000,8.0,71.3,7.52,4.6,1820,3.4,1822,-9.0,-9,-9.0,-9,-9.0,-9,24.5,21.3,20.0,15.8,13.9
20260620,108,2.9,2545,7,5.5,738,5,10.8,731,21.3,23.0,1,20.5,1020,19.5,21.9,19.2,90.5,77.0,2203,22.8,1.9,1.3,-9.0,989.8,999.7,1005.2,2311,996.2,741,9.5,0.0,14.8,-9.0,5.81,0.75,1300,71.7,8.4,20.33,16.3,443,3.9,514,-9.0,-9,-9.0,-9,-9.0,-9,24.5,21.5,20.1,15.9,13.9
20260621,108,1.7,1469,29,3.6,2201,11,5.4,1001,23.7,28.1,1406,19.7,516,16.6,23.9,18.1,65.4,49.0,1412,18.9,5.5,3.8,-9.0,999.2,1009.0,1010.2,927,1005.0,1,9.0,3.9,14.8,-9.0,18.42,3.33,1100,-9.0,-9.0,-9.0,-9.0,-9,-9.0,-9,-9.0,-9,-9.0,-9,-9.0,-9,23.8,21.8,20.3,16.0,13.9
20260622,108,1.9,1624,27,3.5,1701,16,5.8,1258,24.4,28.3,1413,21.3,533,17.9,24.4,18.4,67.8,52.0,1421,20.5,5.0,3.5,-9.0,999.2,1009.0,1010.7,2301,1007.2,1544,8.6,2.2,14.8,-9.0,14.62,2.19,1100,0.0,0.0,0.33,0.0,-9,0.0,-9,-9.0,-9,-9.0,-9,-9.0,-9,24.0,21.8,20.5,16.0,13.9
20260623,108,2.4,2052,11,4.3,1534,11,9.4,1525,25.8,30.9,1622,20.9,523,15.7,27.4,17.5,56.9,32.0,1510,18.0,10.1,7.1,-9.0,1000.0,1009.8,1010.9,2255,1007.6,1736,1.9,13.0,14.8,-9.0,31.45,3.74,1200,-9.0,-9.0,-9.0,-9.0,-9,-9.0,-9,-9.0,-9,-9.0,-9,-9.0,-9,24.0,21.8,20.6,16.1,14.0
20260624,108,2.3,2030,5,4.4,1451,5,8.8,1316,24.3,28.9,1734,19.2,559,13.7,25.2,14.6,52.5,42.0,1256,15.7,7.4,5.2,-9.0,998.6,1008.3,1010.8,3,1005.9,1917,5.4,10.7,14.8,-9.0,24.25,3.22,1100,-9.0,-9.0,-9.0,-9.0,-9,-9.0,-9,-9.0,-9,-9.0,-9,-9.0,-9,24.4,21.9,20.7,16.2,14.0
20260625,108,2.1,1854,32,4.7,2102,29,8.1,2056,22.3,24.0,1711,19.6,2356,15.7,23.8,15.8,67.1,54.0,835,17.9,3.3,2.3,-9.0,995.7,1005.6,1007.0,22,1003.7,1706,6.6,0.2,14.8,-9.0,8.61,1.07,1400,0.3,0.3,1.92,0.3,2030,0.3,2112,-9.0,-9,-9.0,-9,-9.0,-9,24.3,22.0,20.8,16.3,14.0
20260626,108,1.9,1621,36,4.0,1239,5,6.7,1233,23.5,30.0,1654,17.2,530,15.7,25.0,13.9,63.6,39.0,1611,17.8,7.8,5.4,-9.0,996.0,1005.8,1006.6,941,1004.2,1656,3.5,10.4,14.8,-9.0,26.98,3.46,1300,-9.0,-9.0,-9.0,-9.0,-9,-9.0,-9,-9.0,-9,-9.0,-9,-9.0,-9,23.9,22.0,20.9,16.3,14.0
20260627,108,1.6,1378,27,3.4,1734,29,5.5,1734,26.3,32.3,1532,20.7,528,17.9,27.6,16.3,61.3,39.0,1409,20.5,7.0,4.9,-9.0,995.4,1005.1,1006.6,2359,1003.5,1548,5.5,8.6,14.8,-9.0,22.76,3.31,1200,-9.0,-9.0,-9.0,-9.0,-9,-9.0,-9,-9.0,-9,-9.0,-9,-9.0,-9,24.1,22.0,21.0,16.4,14.1
20260628,108,1.9,1653,32,5.1,1546,23,9.7,1717,26.1,31.3,1231,21.8,558,17.7,27.9,17.4,60.8,45.0,1929,20.3,7.0,4.9,-9.0,999.0,1008.7,1011.2,2347,1006.6,1,2.3,10.7,14.8,-9.0,24.12,3.44,1100,-9.0,-9.0,-9.0,-9.0,-9,-9.0,-9,-9.0,-9,-9.0,-9,-9.0,-9,24.4,22.1,21.0,16.5,14.1
20260629,108,1.9,1677,25,4.7,1817,25,7.1,1812,26.2,32.5,1452,21.6,347,19.0,29.9,16.3,66.4,46.0,1504,22.1,7.7,5.4,-9.0,1001.8,1011.5,1012.5,703,1010.0,1552,3.0,8.8,14.8,-9.0,25.2,3.51,1300,-9.0,-9.0,-9.0,-9.0,-9,-9.0,-9,-9.0,-9,-9.0,-9,-9.0,-9,24.6,22.2,21.1,16.6,14.1
20260630,108,2.2,1894,25,4.2,1700,29,7.4,1540,26.8,31.8,1524,22.8,525,17.2,31.3,19.6,56.5,45.0,1507,19.6,7.4,5.2,-9.0,1001.4,1011.1,1013.3,912,1008.8,1722,7.8,9.1,14.7,-9.0,24.31,3.13,1100,-9.0,-9.0,-9.0,-9.0,-9,-9.0,-9,-9.0,-9,-9.0,-9,-9.0,-9,25.0,22.3,21.2,16.6,14.1
20260701,108,2.0,1688,25,5.5,1820,23,9.9,1757,26.3,31.5,1417,23.7,414,18.9,29.1,21.0,65.0,46.0,1438,21.9,5.2,3.6,-9.0,997.2,1006.9,1009.8,1,1004.1,1544,8.5,3.7,14.7,-9.0,16.59,3.11,1200,0.8,2.1,2.35,0.8,1802,0.8,1831,-9.0,-9,-9.0,-9,-9.0,-9,25.2,22.5,21.2,16.7,14.2
20260702,108,1.8,1560,5,3.2,25,7,5.2,21,24.3,27.5,1513,21.7,544,19.0,25.4,19.6,73.3,58.0,1314,21.9,2.9,2.0,-9.0,1000.4,1010.2,1012.3,2344,1008.1,224,7.8,0.2,14.7,-9.0,8.97,1.2,1300,1.3,2.4,5.87,1.0,8,0.6,52,-9.0,-9,-9.0,-9,-9.0,-9,25.3,22.6,21.4,16.8,14.2
20260703,108,1.9,1654,27,3.8,1957,29,6.3,1857,24.8,28.5,1723,22.3,241,19.7,24.0,18.7,74.4,58.0,1314,23.0,4.1,2.9,-9.0,1001.1,1010.9,1012.3,4,1009.3,1847,7.9,2.6,14.7,-9.0,12.69,2.88,1200,2.4,0.2,2.53,1.3,709,0.6,633,-9.0,-9,-9.0,-9,-9.0,-9,25.0,22.7,21.5,16.9,14.2
20260704,108,2.0,1701,27,3.9,1919,27,5.9,1446,25.8,29.6,1715,23.1,4,20.6,26.7,20.5,74.1,57.0,1726,24.3,4.7,3.3,-9.0,997.4,1007.1,1010.2,10,1005.3,1723,8.5,2.9,14.7,-9.0,14.8,2.03,900,0.2,-9.0,1.0,0.2,-9,0.2,-9,-9.0,-9,-9.0,-9,-9.0,-9,24.9,22.8,21.6,16.9,14.3
20260705,108,2.1,1782,20,4.6,1851,18,8.6,1844,25.6,28.9,1255,23.9,555,21.8,27.7,21.3,80.0,67.0,1308,26.2,3.4,2.4,-9.0,994.6,1004.3,1006.6,1,1002.5,1638,8.0,1.7,14.7,-9.0,11.84,2.53,1200,10.5,10.6,3.58,10.5,1646,7.0,1728,-9.0,-9,-9.0,-9,-9.0,-9,25.1,22.8,21.7,17.0,14.3
20260706,108,2.4,2111,20,6.3,1536,16,11.8,1545,26.0,27.9,1355,24.6,224,22.6,25.1,22.2,82.1,72.0,1933,27.4,2.9,2.0,-9.0,995.1,1004.8,1006.8,2259,1003.3,1536,5.6,1.0,14.7,-9.0,8.99,1.18,1300,4.9,10.5,3.12,3.0,922,1.3,1211,-9.0,-9,-9.0,-9,-9.0,-9,25.2,22.9,21.7,17.1,14.3
20260707,108,2.0,1694,11,3.6,1908,16,7.0,1236,28.2,31.9,1409,23.5,732,22.9,27.2,22.7,74.6,57.0,1411,28.0,5.5,3.8,-9.0,995.9,1005.5,1008.2,751,1003.9,1922,8.3,4.2,14.7,-9.0,17.82,2.99,1000,5.7,24.0,3.25,5.0,541,1.2,545,-9.0,-9,-9.0,-9,-9.0,-9,25.3,22.9,21.8,17.1,14.3
20260708,108,2.5,2170,18,4.9,448,16,10.4,430,25.1,28.6,1,23.4,815,22.1,24.4,22.0,84.4,66.0,341,26.6,2.1,1.4,-9.0,995.5,1005.2,1007.2,2344,1002.2,247,8.4,0.9,14.6,-9.0,6.86,1.36,1600,26.1,3.2,10.0,9.8,435,4.3,443,-9.0,-9,-9.0,-9,-9.0,-9,25.8,23.0,21.9,17.2,14.4
20260709,108,1.5,1312,11,3.8,1016,16,7.5,1031,24.0,25.9,954,22.0,1239,22.4,24.1,21.1,91.0,83.0,1,27.1,1.7,1.2,-9.0,999.1,1008.9,1010.8,1229,1006.4,502,9.8,0.5,14.6,-9.0,5.54,1.17,1600,38.1,37.0,15.58,14.3,1148,4.0,1207,-9.0,-9,-9.0,-9,-9.0,-9,25.6,23.2,22.0,17.3,14.4
20260710,108,2.4,2036,20,5.2,1214,23,9.4,1225,26.0,27.7,1636,23.6,1,23.4,25.3,23.1,85.8,80.0,1209,28.7,2.4,1.7,-9.0,1001.1,1010.8,1012.4,2307,1009.0,127,9.3,0.0,14.6,-9.0,6.83,1.16,1100,4.1,4.1,4.5,2.1,1645,1.9,1649,-9.0,-9,-9.0,-9,-9.0,-9,25.4,23.5,22.3,17.4,14.4
20260711,108,1.5,1317,20,3.5,1354,18,6.3,1346,28.6,32.6,1643,24.7,537,22.9,28.0,22.2,72.8,56.0,1320,28.0,6.8,4.7,-9.0,1001.6,1011.2,1012.3,1,1010.0,1837,6.1,9.4,14.6,-9.0,23.04,3.18,1100,-9.0,-9.0,-9.0,-9.0,-9,-9.0,-9,-9.0,-9,-9.0,-9,-9.0,-9,25.5,23.5,22.5,17.7,14.5
20260712,108,1.8,1580,20,4.1,1417,23,8.0,1113,30.3,35.0,1602,25.2,517,23.1,29.6,22.1,66.6,50.0,1422,28.2,7.5,5.3,-9.0,1000.7,1010.2,1011.7,639,1008.7,1729,2.8,10.0,14.6,-9.0,24.45,3.32,1300,-9.0,-9.0,-9.0,-9.0,-9,-9.0,-9,-9.0,-9,-9.0,-9,-9.0,-9,26.1,23.5,22.5,17.8,14.5
20260713,108,2.5,2180,18,4.8,2339,18,8.9,2333,30.4,33.5,1648,27.6,600,22.8,29.0,23.8,64.6,56.0,1653,27.8,5.8,4.0,-9.0,999.1,1008.6,1010.3,1,1006.1,1749,3.6,4.2,14.6,-9.0,16.28,1.83,1500,0.0,0.0,0.25,0.0,-9,0.0,-9,-9.0,-9,-9.0,-9,-9.0,-9,26.6,23.7,22.6,17.9,14.5
20260714,108,3.4,2947,23,7.6,2343,18,14.9,2335,28.1,31.0,1212,25.2,2331,23.9,26.9,24.2,79.0,63.0,1214,29.7,2.7,1.9,-9.0,993.1,1002.7,1007.8,10,996.9,2247,8.9,0.5,14.5,-9.0,7.02,1.25,1200,74.5,91.4,8.83,26.0,2148,7.9,2154,-9.0,-9,-9.0,-9,-9.0,-9,26.9,23.9,22.6,17.9,14.6
20260715,108,3.3,2883,23,7.2,103,23,13.3,101,24.6,26.3,1841,23.4,1050,22.8,24.3,19.8,90.1,78.0,1753,27.8,2.5,1.7,-9.0,991.1,1000.8,1004.1,2344,997.4,1,7.9,0.9,14.5,-9.0,7.14,2.02,1100,17.6,0.7,11.5,9.2,-2331,1.8,11,-9.0,-9,-9.0,-9,-9.0,-9,27.0,24.7,23.6,19.1,14.6
20260716,108,1.7,1443,27,3.7,1455,25,5.7,1544,26.4,30.3,1334,22.9,245,22.1,26.8,19.3,78.4,64.0,1736,26.6,4.8,3.4,-9.0,993.8,1003.5,1004.6,743,1001.7,1739,6.9,2.6,14.5,-9.0,16.93,2.5,1300,-9.0,-9.0,-9.0,-9.0,-9,-9.0,-9,-9.0,-9,-9.0,-9,-9.0,-9,26.5,24.8,23.9,19.8,14.6
20260717,108,1.5,1313,16,3.4,1525,5,6.5,1353,27.8,31.7,1423,24.1,331,22.6,28.6,20.8,74.6,53.0,1500,27.4,4.4,3.1,-9.0,991.7,1001.3,1003.5,1,999.9,2355,8.5,3.5,14.5,-9.0,17.04,2.53,1000,1.4,120.1,3.33,1.4,2110,0.6,2151,-9.0,-9,-9.0,-9,-9.0,-9,26.6,24.6,23.8,19.4,14.7
20260718,108,2.8,2389,5,5.7,600,5,13.4,434,24.0,28.1,1531,19.8,654,21.4,26.4,18.9,86.5,71.0,1544,25.6,4.1,2.9,-9.0,989.5,999.3,1001.8,2345,996.0,434,8.8,3.1,14.5,-9.0,13.81,3.25,1400,119.7,1.1,12.1,53.2,335,12.7,355,-9.0,-9,-9.0,-9,-9.0,-9,26.8,25.2,24.5,20.0,14.8
20260719,108,1.7,1509,20,3.5,1327,25,6.0,1256,25.9,29.2,1521,23.2,542,21.0,28.0,22.4,75.5,59.0,1524,24.9,5.0,3.5,-9.0,994.4,1004.1,1006.1,2140,1001.5,2,8.5,3.8,14.4,-9.0,19.89,2.52,1000,0.1,6.7,3.0,0.1,-9,0.1,-9,-9.0,-9,-9.0,-9,-9.0,-9,26.0,25.2,24.9,21.7,15.1
20260720,108,1.8,1530,5,3.2,1800,5,6.0,1752,24.3,25.3,2348,23.1,1212,22.5,24.5,22.2,90.0,80.0,10,27.3,1.5,1.0,-9.0,996.8,1006.6,1008.5,1157,1005.2,209,9.9,0.0,14.4,-9.0,4.36,0.73,1400,20.8,38.6,13.17,8.9,1149,3.8,1201,-9.0,-9,-9.0,-9,-9.0,-9,26.4,25.0,24.6,20.7,15.3
20260721,108,2.4,2066,20,6.8,1145,18,12.3,1137,25.1,25.9,923,24.3,1238,23.8,24.3,23.6,92.8,87.0,923,29.5,1.1,0.8,-9.0,996.5,1006.2,1008.3,2332,1004.8,922,8.8,0.0,14.4,-9.0,2.7,0.35,1100,39.1,14.6,12.75,18.8,305,10.0,307,-9.0,-9,-9.0,-9,-9.0,-9,26.3,25.0,24.6,20.3,15.4
20260722,108,1.3,1162,20,3.2,1715,18,5.7,1711,25.7,27.7,1654,23.7,538,24.2,25.6,22.1,91.6,84.0,1702,30.2,1.8,1.2,-9.0,998.2,1007.9,1008.9,654,1006.6,1659,8.8,0.0,14.4,-9.0,6.07,0.72,1400,12.5,14.6,7.78,5.9,1058,3.3,1107,-9.0,-9,-9.0,-9,-9.0,-9,26.1,25.0,24.9,21.4,15.4
20260723,108,2.7,2352,20,6.3,1353,20,10.2,1353,27.1,29.3,1306,25.7,414,24.5,26.8,24.2,86.0,75.0,1319,30.7,3.5,2.4,-9.0,997.8,1007.5,1009.5,2350,1006.2,441,8.6,0.8,14.3,-9.0,10.2,1.93,1400,6.0,3.9,5.5,3.7,1340,3.6,1344,-9.0,-9,-9.0,-9,-9.0,-9,26.3,25.0,24.7,20.9,15.4
20260724,108,2.7,2352,23,5.0,1320,23,9.3,1340,28.5,32.1,1457,26.2,438,23.5,28.5,24.3,75.3,58.0,1424,29.0,5.6,3.9,-9.0,1000.6,1010.2,1011.5,2256,1009.1,158,6.0,5.0,14.3,-9.0,17.87,3.43,1300,-9.0,-9.0,-9.0,-9.0,-9,-9.0,-9,-9.0,-9,-9.0,-9,-9.0,-9,26.6,24.9,24.6,20.8,15.5
20260725,108,2.4,2063,20,5.4,1320,18,10.5,1337,28.7,31.5,1229,26.6,553,23.7,28.5,24.8,74.9,63.0,1239,29.3,5.7,4.0,-9.0,1001.3,1011.0,1011.9,831,1009.7,1846,7.3,4.2,14.3,-9.0,18.25,2.58,1100,0.0,0.0,0.17,0.0,-9,0.0,-9,-9.0,-9,-9.0,-9,-9.0,-9,27.0,25.0,24.5,20.6,15.5
20260726,108,2.5,2176,27,4.7,1602,27,8.4,1600,29.2,32.6,1454,26.8,705,24.2,29.6,25.1,75.3,60.0,1541,30.1,5.9,4.2,-9.0,1000.5,1010.1,1011.1,635,1008.8,1424,5.4,5.4,14.3,-9.0,19.61,2.78,1100,0.0,-9.0,0.47,0.0,-9,0.0,-9,-9.0,-9,-9.0,-9,-9.0,-9,27.4,25.1,24.5,20.4,15.5
20260727,108,2.7,2340,25,4.7,1632,27,9.6,1627,28.9,31.6,1329,27.2,631,23.9,29.2,25.8,75.3,62.0,1342,29.7,5.2,3.7,-9.0,1002.3,1012.0,1013.2,2327,1011.0,455,7.8,2.8,14.2,-9.0,15.77,2.3,1100,0.0,0.0,0.53,0.0,-9,0.0,-9,-9.0,-9,-9.0,-9,-9.0,-9,27.7,25.2,24.5,20.2,15.5
20260728,108,2.6,2258,27,4.1,1458,27,7.1,1413,29.0,32.7,1449,26.7,552,24.4,30.6,25.8,77.1,61.0,1331,30.5,6.5,4.5,-9.0,1003.6,1013.2,1014.1,1001,1012.4,1843,5.5,6.5,14.2,-9.0,22.15,3.09,1100,-9.0,-9.0,-9.0,-9.0,-9,-9.0,-9,-9.0,-9,-9.0,-9,-9.0,-9,27.8,25.3,24.5,20.1,15.5
20260729,108,3.0,2576,29,5.0,1831,29,8.6,1352,28.5,32.6,1438,26.1,608,23.4,31.1,25.3,74.9,57.0,1425,28.8,7.7,5.4,-9.0,1001.6,1011.2,1013.5,2,1009.2,1809,3.3,10.3,14.2,-9.0,26.78,3.54,1300,-9.0,-9.0,-9.0,-9.0,-9,-9.0,-9,-9.0,-9,-9.0,-9,-9.0,-9,28.1,25.5,24.5,20.1,15.5
20260730,108,2.3,2002,29,4.0,4,25,6.6,2051,28.3,32.7,1555,25.3,540,22.8,34.2,23.0,73.1,55.0,1756,27.7,6.7,4.7,-9.0,999.7,1009.4,1010.9,1,1007.9,1758,3.4,7.0,14.2,-9.0,21.79,2.87,1400,-9.0,-9.0,-9.0,-9.0,-9,-9.0,-9,-9.0,-9,-9.0,-9,-9.0,-9,28.3,25.6,24.6,20.0,15.6
20260731,108,2.4,2105,23,4.4,2235,32,7.5,1704,29.1,32.2,1438,25.9,218,24.3,32.1,23.8,75.9,64.0,1327,30.4,4.8,3.4,-9.0,997.8,1007.4,1009.2,658,1005.6,1805,3.4,5.7,14.1,-9.0,16.78,1.9,1100,-9.0,-9.0,-9.0,-9.0,-9,-9.0,-9,-9.0,-9,-9.0,-9,-9.0,-9,28.3,25.7,24.6,20.0,15.6
